feature,dtype,n_missing,missing_rate,n_unique,is_constant,top_value_share,is_quasi_constant,zero_rate,min,max,mean,std,q01,q25,q50,q75,q99,is_integer_valued,top_values,content_hash,duplicate_of
__UNNAMED__0,Float64,0,0.0,9082,false,0.00011,false,0.0,1.0,9082.0,4541.5,2621.7475564973834,91.81,2271.25,4541.5,6811.75,8991.19,true,,7b55c1b5b3ba83987ae69ce46f74d4c37c01a767c2893b2cef0c66b446210bb2,
F1,Float64,6491,0.71471,61,false,0.53956,false,0.183713,0.0,1.0,0.6797221150135083,0.39249747098911125,0.0,0.43,1.0,1.0,1.0,false,,8c452af253cf49daf5e4d233ae5e9516682afa5355c0b8c3981da6db0b4786a6,
F2,Float64,7550,0.831315,57,false,0.510444,false,0.197781,0.0,1.0,0.6561292428198434,0.3982897072083273,0.0,0.33,1.0,1.0,1.0,false,,101bd96c340a2c26f679f3a492895bf6b04b735cd03b17d2a5cb47633d13c204,
F3,Float64,7634,0.840564,26,false,0.652624,false,0.207182,0.0,1.0,0.7247306629834254,0.40872823151401844,0.0,0.5,1.0,1.0,1.0,false,,48368835214f1fd9498134c340b2329861039db252e30fb2753866852861cfc4,
F4,Float64,6491,0.71471,100,false,0.553068,false,0.183713,0.0,1.0,0.691721343110768,0.40102768542931005,0.0,0.38,1.0,1.0,1.0,false,,35c4d485b38373ee3d3d521ef321a963b2f0879e476c78482d5d7d2d47a4e6d1,
F5,Float64,7550,0.831315,88,false,0.513708,false,0.197781,0.0,1.0,0.6594973890339426,0.40411033782469113,0.0,0.32,1.0,1.0,1.0,false,,0a5d7a5c528084255a1c55240b758cd660fb41b771c3d5e8f809f71b4c24d689,
F6,Float64,7634,0.840564,82,false,0.652624,false,0.207182,0.0,1.0,0.7278107734806629,0.4135738660098859,0.0,0.43,1.0,1.0,1.0,false,,185e1e9958f696850ad9deb7c8bf69eb6f0dea6853b2fc4f0b34feb244bba6fe,
F7,Float64,8227,0.905858,71,false,0.291228,false,0.290058,0.0,1.0,0.4871345029239766,0.3996947366350459,0.0,0.0,0.5,1.0,1.0,false,,ae8255b73f5c99bf37c0de2046464c85b52a467f05bcc4b33a111d0001cee708,
F8,Float64,8594,0.946267,42,false,0.411885,false,0.411885,0.0,1.0,0.441844262295082,0.43543538641888907,0.0,0.0,0.33,1.0,1.0,false,,37e748f0ea8384cfd7e0d818fe72cd384e3a39428c3bbb664dc657535c7b33b0,
F9,Float64,8357,0.920172,70,false,0.308966,false,0.271724,0.0,1.0,0.5086758620689655,0.39800282242559487,0.0,0.0,0.5,1.0,1.0,false,,a250123f746dc648e2366fbde00c85547d7512161b22f3496777a553f089f524,
F10,Float64,8227,0.905858,96,false,0.297076,false,0.297076,0.0,1.0,0.4872748538011696,0.4233704230324349,0.0,0.0,0.47,1.0,1.0,false,,0d7446069272a59f83cc17264a6b0d423c7e8d02ab3fc730b787093c51011a54,
F11,Float64,8594,0.946267,74,false,0.415984,false,0.415984,0.0,1.0,0.44465163934426233,0.4482706771096331,0.0,0.0,0.325,1.0,1.0,false,,a9c05bd4458bcf15f32c4cd3354797d7b60b510dfc5df93733ef67ba78cb1647,
F12,Float64,8357,0.920172,93,false,0.310345,false,0.28,0.0,1.0,0.5136275862068965,0.4197229947744696,0.0,0.0,0.53,1.0,1.0,false,,e5b08fe784dc5fea8c3f23491e1e4d39b44ae78ada9c8d5d1cc500005ddf5748,
F13,Float64,85,0.009359,95,false,0.162054,false,0.003001,0.0,1.0,0.6483694564854952,0.20828498848023932,0.23,0.5,0.6,0.78,1.0,false,,a68e6e72c3d43d245743da626c527db9fc334fefed91f269c89ebf2a660119b7,
F14,Float64,392,0.043162,98,false,0.194361,false,0.026467,0.0,1.0,0.6313670886075949,0.2477785210841049,0.0,0.48,0.59,0.82,1.0,false,,aa47bab4abc8b78591ebcea41744917780522e3f16281811484dd29239c603a5,
F15,Float64,334,0.036776,96,false,0.174097,false,0.005373,0.0,1.0,0.6496536351165981,0.2174909535443192,0.18,0.5,0.61,0.8,1.0,false,,154ad99c183db3bbd99934db3bd034078568b2d34cc5aef52e60d2b25c0f5cee,
F16,Float64,85,0.009359,100,false,0.207069,false,0.00389,0.0,1.0,0.7246348782927643,0.23902234219498694,0.12,0.53,0.74,0.98,1.0,false,,603bfbfddc16f15bea6deb717d926dad4f4aad3acd6081b62ae44e73e47db84f,
F17,Float64,392,0.043162,101,false,0.227963,false,0.034522,0.0,1.0,0.6946156501726121,0.2836621773717773,0.0,0.51,0.72,0.99,1.0,false,,4ce7994c45815b1bd260c523e396be9659d3eb88be45cf5a2b675c1acd01fea5,
F18,Float64,334,0.036776,101,false,0.213192,false,0.005944,0.0,1.0,0.7310482395976223,0.23783846184471033,0.08,0.55,0.75,0.98,1.0,false,,cb73349df6b872dfbbf6d553720d9c1c70ce98a59996900d5f24f5975b2cce63,
F19,Float64,404,0.044484,94,false,0.146232,false,0.00726,0.0,1.0,0.6382472920027658,0.20774345997283392,0.16,0.5,0.59,0.76,1.0,false,,832f346ce8381c1f43ab17bf1c125e9b69794668e1c363e4ae422660d56b4f5c,
F20,Float64,1007,0.110879,98,false,0.152693,false,0.034799,0.0,1.0,0.608092879256966,0.24367786438279923,0.0,0.47,0.57,0.75,1.0,false,,4df4b93464f1fced4a67dbeef872cd2962cf3dc43e2d8280b198120734afb295,
F21,Float64,680,0.074873,97,false,0.156153,false,0.007498,0.0,1.0,0.6412187574387052,0.21496685747436767,0.14010000000000006,0.5,0.6,0.78,1.0,false,,1a205bb19bf349997dd8d4b9fb20c57771bcc34793f15923be53368430362b4d,
F22,Float64,404,0.044484,101,false,0.182991,false,0.008066,0.0,1.0,0.7105853883383269,0.24198019853200878,0.04,0.53,0.72,0.96,1.0,false,,7224aa73c3643be45be56b8a26029c5eb3482947e838e9f43549462524279148,
F23,Float64,1007,0.110879,101,false,0.181424,false,0.04322,0.0,1.0,0.6676185758513933,0.28578346069036914,0.0,0.49,0.68,0.95,1.0,false,,93d984b91c14875a37932122b5c05073dd601e40cccb2e56ec9d58d5f4e64e6c,
F24,Float64,680,0.074873,101,false,0.187931,false,0.007974,0.0,1.0,0.718736015234468,0.2388709199768602,0.03,0.54,0.73,0.96,1.0,false,,3167532a8a782d54ab670d84da34d1ebfa48a337907dcd9c36dd062dfda59c55,
F25,Float64,404,0.044484,94,false,0.146232,false,0.00726,0.0,1.0,0.6382472920027658,0.20774345997283392,0.16,0.5,0.59,0.76,1.0,false,,832f346ce8381c1f43ab17bf1c125e9b69794668e1c363e4ae422660d56b4f5c,F19
F26,Float64,1007,0.110879,98,false,0.152693,false,0.034799,0.0,1.0,0.608092879256966,0.24367786438279923,0.0,0.47,0.57,0.75,1.0,false,,4df4b93464f1fced4a67dbeef872cd2962cf3dc43e2d8280b198120734afb295,F20
F27,Float64,680,0.074873,97,false,0.156153,false,0.007498,0.0,1.0,0.6412187574387052,0.21496685747436767,0.14010000000000006,0.5,0.6,0.78,1.0,false,,1a205bb19bf349997dd8d4b9fb20c57771bcc34793f15923be53368430362b4d,F21
F28,Float64,404,0.044484,101,false,0.182991,false,0.008066,0.0,1.0,0.7105853883383269,0.24198019853200878,0.04,0.53,0.72,0.96,1.0,false,,7224aa73c3643be45be56b8a26029c5eb3482947e838e9f43549462524279148,F22
F29,Float64,1007,0.110879,101,false,0.181424,false,0.04322,0.0,1.0,0.6676185758513933,0.28578346069036914,0.0,0.49,0.68,0.95,1.0,false,,93d984b91c14875a37932122b5c05073dd601e40cccb2e56ec9d58d5f4e64e6c,F23
F30,Float64,680,0.074873,101,false,0.187931,false,0.007974,0.0,1.0,0.718736015234468,0.2388709199768602,0.03,0.54,0.73,0.96,1.0,false,,3167532a8a782d54ab670d84da34d1ebfa48a337907dcd9c36dd062dfda59c55,F24
F31,Float64,7726,0.850694,43,false,0.404867,false,0.276549,0.0,1.0,0.573141592920354,0.4164770218691005,0.0,0.0,0.63,1.0,1.0,false,,f54daa82f7e4c3d819e3ed55793eb0b7e7ae008b0aa3e1f39c4c441e715d5ce0,
F32,Float64,7726,0.850694,43,false,0.404867,false,0.276549,0.0,1.0,0.573141592920354,0.4164770218691005,0.0,0.0,0.63,1.0,1.0,false,,f54daa82f7e4c3d819e3ed55793eb0b7e7ae008b0aa3e1f39c4c441e715d5ce0,F31
F33,Float64,7726,0.850694,89,false,0.404867,false,0.276549,0.0,1.0,0.5767699115044249,0.4236829777597337,0.0,0.0,0.67,1.0,1.0,false,,4725be5ce8a1944aa17445962b07afc8da8e61301f78fd75d7a8405be0c347a8,
F34,Float64,7726,0.850694,89,false,0.404867,false,0.276549,0.0,1.0,0.5767699115044249,0.4236829777597337,0.0,0.0,0.67,1.0,1.0,false,,4725be5ce8a1944aa17445962b07afc8da8e61301f78fd75d7a8405be0c347a8,F33
F35,Float64,7718,0.849813,28,false,0.574047,false,0.313783,0.0,1.0,0.6297287390029326,0.4560979788380666,0.0,0.0,1.0,1.0,1.0,false,,b295c3c9d8a396849d7910923119cdd0cab3950d55990be8c68dbe506ff59037,
F36,Float64,9067,0.998348,3,false,0.466667,true,0.4,0.0,1.0,0.5333333333333333,0.4642796092394706,0.0,0.0,0.5,1.0,1.0,false,1.0:7; 0.0:6; 0.5:2,ae04593d40ce88f14af5b7e5d859275a261f717d306bf5529dae3494b3366156,
F37,Float64,7721,0.850143,27,false,0.573843,false,0.314475,0.0,1.0,0.6291917707567966,0.45623343000142896,0.0,0.0,1.0,1.0,1.0,false,,ee350d638956932862d6ab219799f6980f4ec3414cbc4b366df28bc59d45b701,
F38,Float64,7718,0.849813,73,false,0.576979,false,0.315249,0.0,1.0,0.626642228739003,0.4635270726430535,0.0,0.0,1.0,1.0,1.0,false,,2ad3035af9b32a453aa2ae874911464897a790506a6b99e750418a9088798150,
F39,Float64,9067,0.998348,4,false,0.466667,true,0.4,0.0,1.0,0.5413333333333334,0.4855082102521256,0.0,0.0,0.95,1.0,1.0,false,1.0:7; 0.0:6; 0.95:1; 0.17:1,197026e5b21493b1e09cec4a246e7793c4be1125924049f801aa13106c4e0a30,
F40,Float64,7721,0.850143,74,false,0.576782,false,0.315944,0.0,1.0,0.6261866274797943,0.46365945961110583,0.0,0.0,1.0,1.0,1.0,false,,e7dd1d8068965d353f85a8153a268d515e1cd188cba7c5591629bc01fc98fec2,
F41,Float64,7629,0.840013,44,false,0.544391,false,0.231934,0.0,1.0,0.6614865794907089,0.41666901590479744,0.0,0.33,1.0,1.0,1.0,false,,e2825fbe20cada0b22118c6b32543685c68efd4c483b8cdbec6e46fce59f859a,
F42,Float64,9013,0.992403,15,false,0.362319,true,0.275362,0.0,1.0,0.5543478260869565,0.4021084944835831,0.0,0.0,0.57,1.0,1.0,false,1.0:25; 0.0:19; 0.5:5; 0.67:4; 0.33:4,34ba0b58e8c186591ddc105fa371036d3263f5018d1dab62476a8ef0ac658ad3,
F43,Float64,7689,0.84662,43,false,0.552046,false,0.230438,0.0,1.0,0.6659942569992822,0.41682925103493634,0.0,0.33,1.0,1.0,1.0,false,,0cd7020c11dc979366b9bb9b6b3b7ce1e27e69a4e88cf5860cd6f800f36de651,
F44,Float64,7629,0.840013,91,false,0.545767,false,0.234687,0.0,1.0,0.6611699931176875,0.4260814030413525,0.0,0.13,1.0,1.0,1.0,false,,85ec8b17a26ee28530a3f38f540b1c48f3ebdc0bef8b50c9620272ae0cf4a5a7,
F45,Float64,9013,0.992403,19,false,0.362319,true,0.275362,0.0,1.0,0.5597101449275363,0.40724941976273027,0.0,0.0,0.55,1.0,1.0,false,1.0:25; 0.0:19; 0.53:3; 0.83:2; 0.63:2,821b2a65e053ceafdb75c80e3da5d1d6f953dc7ccd9fbc283334a85d53da8f4e,
F46,Float64,7689,0.84662,88,false,0.553482,false,0.233309,0.0,1.0,0.6651040918880115,0.42625517527466983,0.0,0.14,1.0,1.0,1.0,false,,53308adcb51f74f948fff8884a69d1ca0cac0aa67896eb8c13b2cd3927be89f0,
F47,Float64,7928,0.872935,25,false,0.567591,false,0.567591,0.0,1.0,0.3863778162911612,0.46389491436129665,0.0,0.0,0.0,1.0,1.0,false,0.0:655; 1.0:386; 0.5:53; 0.67:11; 0.4:6,d644392fa9a93b0605e03cfb8395a4e8cb77a99948716545b3a58aaf484c0df5,
F48,Float64,9020,0.993173,6,false,0.596774,true,0.274194,0.0,1.0,0.6796774193548387,0.4386488335417454,0.0,0.0,1.0,1.0,1.0,false,1.0:37; 0.0:17; 0.5:3; 0.93:2; 0.67:2,7f3519e331755d5cffac2babef97b4b35e0433650dc4495398ce645d496ff1b3,
F49,Float64,7968,0.87734,23,false,0.586176,false,0.586176,0.0,1.0,0.37195691202872533,0.4624966727346738,0.0,0.0,0.0,1.0,1.0,false,0.0:653; 1.0:365; 0.5:48; 0.67:8; 0.4:6,6d42b3083c48b60ef08f2c085a1ecd2b6898c8b86fb14cabd141b17a788518a9,
F50,Float64,7928,0.872935,66,false,0.570191,false,0.570191,0.0,1.0,0.3864124783362218,0.4728696161548333,0.0,0.0,0.0,1.0,1.0,false,,3349db6ec3e2ec631bee6583dd0b6ff753310a38f21699a32838337a0edb9161,
F51,Float64,9020,0.993173,9,false,0.596774,true,0.274194,0.0,1.0,0.669516129032258,0.4464282170356851,0.0,0.0,1.0,1.0,1.0,false,1.0:37; 0.0:17; 0.9:2; 0.12:1; 0.38:1,7865d3a6c9bfb2691724e4b5d53b95ab88d1a339499abdfd9a55fe015b9b1212,
F52,Float64,7968,0.87734,59,false,0.588869,false,0.588869,0.0,1.0,0.37136445242369837,0.46992925671070046,0.0,0.0,0.0,1.0,1.0,false,,58466dbde8e488e4dd78d584ae796b765e06ef98b773938e8ec39b46f1b01612,
F53,Float64,2467,0.271636,98,false,0.255933,false,0.070144,0.0,1.0,0.630727135298564,0.2921577149115615,0.0,0.47,0.6,1.0,1.0,false,,56e54d8250fb53fac7c1d80446a85e34f29b85f23dbd6164e1cb743e44252cab,
F54,Float64,3186,0.350804,93,false,0.239824,false,0.093792,0.0,1.0,0.6028290366350068,0.302544784485802,0.0,0.44,0.57,0.9,1.0,false,,6aabeb3b6f0def5553e66303a995d270b3b3e91ab857f3e655f38ea264e909ec,
F55,Float64,5693,0.626844,98,false,0.324875,false,0.06167,0.0,1.0,0.6614812629094128,0.3027126128105936,0.0,0.48,0.64,1.0,1.0,false,,7dbfb44dd2e7967ba2033c307696b5fa469d550244c17c37c42ea49ff6699702,
F56,Float64,2467,0.271636,101,false,0.277702,false,0.073772,0.0,1.0,0.661599395313681,0.3174456532480391,0.0,0.46,0.69,1.0,1.0,false,,23a4e425b46e8cb642fdefe13c805dadaad8a1979b3c9f19a2d473c7a0d77c4a,
F57,Float64,3186,0.350804,101,false,0.259498,false,0.098711,0.0,1.0,0.6335871777476255,0.33304443271723977,0.0,0.43,0.66,1.0,1.0,false,,4df881e328d63ccff039ff504ca9dff3f43a499b4ecaab304921db34d0cffca8,
F58,Float64,5693,0.626844,100,false,0.335497,false,0.06226,0.0,1.0,0.6773856594865741,0.31117773640829594,0.0,0.47,0.69,1.0,1.0,false,,184f2a0f330c406144cfe45ec3c3cd1e3b3fb61b0840c84c5b0842ddce5e428e,
F59,Float64,2340,0.257652,97,false,0.103975,false,0.02032,0.0,1.0,0.6106007119549095,0.20941842422318246,0.0,0.49,0.58,0.72,1.0,false,,fb01897834ed0fc7eb85dcae4f953d618a16b35643efb45fcb59773f6b869f2d,
F60,Float64,2940,0.323717,98,false,0.16493,false,0.074569,0.0,1.0,0.5829387821556496,0.2799616940647705,0.0,0.43,0.56,0.78,1.0,false,,e90fa2dcb56fe5d854b3bc0dc44e616e4b5ee22f396e4ca289061fa78a3c120c,
F61,Float64,3323,0.365889,97,false,0.080917,false,0.012155,0.0,1.0,0.6089581524570238,0.19634918845083973,0.0,0.49,0.59,0.71,1.0,false,,ff800e6d542686fdbdb17e8a921e25584452fb0686e02eb2e24380c2d6467ceb,
F62,Float64,2340,0.257652,101,false,0.129487,false,0.020914,0.0,1.0,0.6851364580243251,0.24057222660066466,0.0,0.52,0.68,0.9,1.0,false,,20c38f2db74aa200a2ee54e638775459a43a73b2498a238332a3d4677a17349c,
F63,Float64,2940,0.323717,101,false,0.187724,false,0.082709,0.0,1.0,0.6177645718007164,0.32338157700404674,0.0,0.42,0.64,0.94,1.0,false,,2dd814188268f54bdf469504af6cf892f174fb7f6f91096f7c82e56e85346b82,
F64,Float64,3323,0.365889,101,false,0.107831,false,0.013544,0.0,1.0,0.6966122590727557,0.23396653128716344,0.0,0.54,0.7,0.91,1.0,false,,4014d35b8777e6dfe7d84b06e27c0bf6108d49a6ece3fe120e009b0eab2372b8,
F65,Float64,4003,0.440762,96,false,0.320339,false,0.131719,0.0,1.0,0.609289230163418,0.33961548219621784,0.0,0.42,0.58,1.0,1.0,false,,9b39774b6643674a2ab3019a2b5c7d7fbf25c6d76225dd374bf13c2ef7bfde36,
F66,Float64,4444,0.48932,89,false,0.286977,false,0.145321,0.0,1.0,0.5852069857697283,0.33759471585317186,0.0,0.4,0.55,1.0,1.0,false,,6d53ba592d56d0bb48060640bb3ef40bee3e9a47bfc3a4f036367be6b70b960c,
F67,Float64,7792,0.857961,81,false,0.54186,false,0.17907,0.0,1.0,0.6865503875968992,0.3989849030821175,0.0,0.3525,1.0,1.0,1.0,false,,213c2e78ea758a4d8b27c49fb5730d21e4f25ff1cab66a1ff365bb03564fcd97,
F68,Float64,4003,0.440762,101,false,0.33609,false,0.135066,0.0,1.0,0.633175822012207,0.367506316535688,0.0,0.37,0.69,1.0,1.0,false,,40303be65cc9ef8a62281bb8823d1dc50144e6971d027f8dec39d05e127390c1,
F69,Float64,4444,0.48932,101,false,0.301639,false,0.148987,0.0,1.0,0.6067054764984906,0.36921377828464874,0.0,0.33,0.64,1.0,1.0,false,,3c6ecc2fc49964239c660c9b83bd0c3e422c112ddeb7f4e8f5ffb2ffc1230f39,
F70,Float64,7792,0.857961,97,false,0.548062,false,0.182171,0.0,1.0,0.698108527131783,0.4059207017741746,0.0,0.3525,1.0,1.0,1.0,false,,9343e1a4192f066d20eb6b24539dbdaaa4a87ef7a272f63cdb2bcf5cb2213a3c,
F71,Float64,7569,0.833407,83,false,0.351619,false,0.128883,0.0,1.0,0.6312557832121612,0.34602875346324774,0.0,0.42,0.66,1.0,1.0,false,,c294e8aff8ba92b2ddebbe35973527e25db39fdbe9e9d812e66d2fa3277f80d1,
F72,Float64,8368,0.921383,67,false,0.369748,false,0.197479,0.0,1.0,0.600812324929972,0.38260665903035534,0.0,0.33,0.67,1.0,1.0,false,,c01158949c09a35e135f69c11fe0948fb09ee002b1e65f564d40ddedb14d6b10,
F73,Float64,7904,0.870293,83,false,0.357385,false,0.119694,0.0,1.0,0.6372665534804755,0.34218711099669447,0.0,0.43,0.66,1.0,1.0,false,,c44e2615357ddf777250e4535fe9e920a6e991465946055fb9ffa962b240c209,
F74,Float64,7569,0.833407,97,false,0.361533,false,0.132188,0.0,1.0,0.6508195637805685,0.3595269195893311,0.0,0.42,0.72,1.0,1.0,false,,f159dd8661b2f7fcc93114d92742683fe431213b4d1986341eb1158b411db727,
F75,Float64,8368,0.921383,91,false,0.379552,false,0.203081,0.0,1.0,0.6145378151260504,0.39698671999568125,0.0,0.2625,0.72,1.0,1.0,false,,bab886fadfae939854629ca14b2ed578810367c2f2f4feac83d05146d8e41c26,
F76,Float64,7904,0.870293,93,false,0.368421,false,0.120543,0.0,1.0,0.6594991511035655,0.35364294350847303,0.0,0.43,0.73,1.0,1.0,false,,0cf316f9c7606da2316c2929a6f61fa67e839a6538c2e8e3a41c77c41474fd6f,
F77,Float64,8734,0.961682,27,false,0.474138,false,0.261494,0.0,1.0,0.615632183908046,0.4207852570224086,0.0,0.0,0.75,1.0,1.0,false,,b0ac10765618e2586ae23add6a8916ab6d0df0cf47f73e1e04e0f17a5bbfaf90,
F78,Float64,8734,0.961682,27,false,0.474138,false,0.261494,0.0,1.0,0.6154310344827587,0.4208483336742598,0.0,0.0,0.75,1.0,1.0,false,,df392005b5fe031086c04d47df34abbe620c81bfd258ca8e15f2254a6b3d431f,
F79,Float64,8734,0.961682,60,false,0.477011,false,0.261494,0.0,1.0,0.6218965517241379,0.432437452376635,0.0,0.0,0.92,1.0,1.0,false,,3debffb4e317246873f5fee209e56456939fa74f4748c61a9fbe1d3a0166e746,
F80,Float64,8734,0.961682,60,false,0.477011,false,0.261494,0.0,1.0,0.621551724137931,0.4324919840761569,0.0,0.0,0.92,1.0,1.0,false,,6864534b673ec1069538379ca17153edcbf945e07534be7856c09260102053b5,
F81,Float64,8938,0.984144,5,false,0.493056,false,0.451389,0.0,1.0,0.5208333333333334,0.4862919504897352,0.0,0.0,0.67,1.0,1.0,false,1.0:71; 0.0:65; 0.5:4; 0.67:2; 0.33:2,70b13e161f2cd27878610c4f864feca3549ece81783db46ab6b51b1dbb9ad02a,
F82,Float64,8938,0.984144,5,false,0.493056,false,0.451389,0.0,1.0,0.5208333333333334,0.4862919504897352,0.0,0.0,0.67,1.0,1.0,false,1.0:71; 0.0:65; 0.5:4; 0.33:2; 0.67:2,70b13e161f2cd27878610c4f864feca3549ece81783db46ab6b51b1dbb9ad02a,F81
F83,Float64,8938,0.984144,6,false,0.493056,false,0.458333,0.0,1.0,0.5190277777777779,0.49023565683087056,0.0,0.0,0.8200000000000001,1.0,1.0,false,1.0:71; 0.0:66; 0.5:4; 0.97:1; 0.67:1,96e1a7e5d4ae324630bd163f08d13b363ad1679ef9bc02c2c55499e867e2806c,
F84,Float64,8938,0.984144,6,false,0.493056,false,0.458333,0.0,1.0,0.5190277777777779,0.49023565683087056,0.0,0.0,0.8200000000000001,1.0,1.0,false,1.0:71; 0.0:66; 0.5:4; 0.97:1; 0.67:1,96e1a7e5d4ae324630bd163f08d13b363ad1679ef9bc02c2c55499e867e2806c,F83
F85,Float64,7611,0.838031,71,false,0.508498,false,0.271924,0.0,1.0,0.6241332426920462,0.4338718462671883,0.0,0.0,1.0,1.0,1.0,false,,f4bc490aaf77120bee6986a12c76e4f6ccc16cc381a57a7323468b223565b365,
F86,Float64,8724,0.960581,31,false,0.553073,false,0.217877,0.0,1.0,0.6772625698324023,0.411864941382202,0.0,0.33,1.0,1.0,1.0,false,,82771c0c20384c643f7ef95ab5db6e63f0d609ea136df4ac4e5a98cfeffd1e0e,
F87,Float64,7862,0.865668,61,false,0.509836,false,0.294262,0.0,1.0,0.6119262295081966,0.4432719009417041,0.0,0.0,1.0,1.0,1.0,false,,3728c2e542e1abf450955c392b2cd8c3558b9e737a4587eeabb3859f56791991,
F88,Float64,7611,0.838031,93,false,0.515296,false,0.273963,0.0,1.0,0.6318354860639022,0.4414704464900815,0.0,0.0,1.0,1.0,1.0,false,,1daa1666360792c60353a366a32b8df98e78da185c91d2ca49170d43221f9af4,
F89,Float64,8724,0.960581,54,false,0.555866,false,0.22067,0.0,1.0,0.6844413407821229,0.41623155844583315,0.0,0.3125,1.0,1.0,1.0,false,,0a54bbde887343e1f1ac33f885a5084f47e3a476365d821cbc05f33538e1ba2d,
F90,Float64,7862,0.865668,87,false,0.516393,false,0.295902,0.0,1.0,0.6185081967213115,0.45077554746803744,0.0,0.0,1.0,1.0,1.0,false,,4f754fe09323d3cccaa7429c50e247ed4289ae3139a44c8508d505e5bd10b093,
F91,Float64,7479,0.823497,54,false,0.370555,false,0.370555,0.0,1.0,0.4940112289457268,0.43761098426373096,0.0,0.0,0.5,1.0,1.0,false,,9650bdbd2971d6880c30cff400adb3d95385b804e67ec8aad2fbb1ad63e6d165,
F92,Float64,8617,0.9488,37,false,0.352688,false,0.346237,0.0,1.0,0.49845161290322576,0.4275262305007913,0.0,0.0,0.5,1.0,1.0,false,,7bac873dfcea2fcd8eaea3141736ca0a7bb59ad9d456f237d4c3d8188fdfb2d8,
F93,Float64,7834,0.862585,41,false,0.401442,false,0.401442,0.0,1.0,0.4955448717948717,0.45160365029623156,0.0,0.0,0.5,1.0,1.0,false,,3dd1c31fd6d7e6004052294c8706040ca56935735c27ee5b4fd8f5e730084592,
F94,Float64,7479,0.823497,100,false,0.379913,false,0.379913,0.0,1.0,0.49484092326887086,0.45721568753205616,0.0,0.0,0.5,1.0,1.0,false,,2042bf0fb67773bb6c9d392102d706a402b9fbb763fc455234b3e70de4143ac9,
F95,Float64,8617,0.9488,75,false,0.35914,false,0.350538,0.0,1.0,0.4864301075268817,0.4479330642643817,0.0,0.0,0.46,1.0,1.0,false,,37604780bd7648e0c7cef0ea286cce2f9780792c66e16c97203f0f584401b7e4,
F96,Float64,7834,0.862585,93,false,0.403846,false,0.403846,0.0,1.0,0.4996474358974359,0.46361632850615603,0.0,0.0,0.5,1.0,1.0,false,,f43fa74d33d84b864d64ffda88e3fe6734550844baa3b8054b95f6a8199b45e3,
F97,Float64,5842,0.64325,67,false,0.453395,false,0.200309,0.0,1.0,0.6187746913580247,0.39657898016362486,0.0,0.33,0.67,1.0,1.0,false,,e6b1cd213918f05cc8fb84441a10a1f81c93d50cd3010c72324e4529447f66cc,
F98,Float64,7120,0.783968,62,false,0.440367,false,0.219164,0.0,1.0,0.6001630988786952,0.40294212825151043,0.0,0.3,0.6,1.0,1.0,false,,f6cecc08df59c817bd327c2a5370d7579b026cf144ca3852c46ad93c4eb13ce2,
F99,Float64,7231,0.79619,42,false,0.552674,false,0.21772,0.0,1.0,0.6620583468395462,0.41407532890900106,0.0,0.33,1.0,1.0,1.0,false,,ef953b8a39e68b8be44fd0ec44e3ce7be51498a24cd725faab1419b65a6a3f7d,
F100,Float64,5842,0.64325,101,false,0.459259,false,0.200926,0.0,1.0,0.6342808641975308,0.4068694562739207,0.0,0.27,0.83,1.0,1.0,false,,6677b1baadb400e1078e274b937aca29c15b328d0eebf8ea20e74946e1633517,
F101,Float64,7120,0.783968,99,false,0.442915,false,0.219164,0.0,1.0,0.6132364933741081,0.40976930201037326,0.0,0.24,0.73,1.0,1.0,false,,191c90459b127c7f2ce32ca0e681423a7fc8a5c5fbadaf3942ee18f04f544eca,
F102,Float64,7231,0.79619,97,false,0.553214,false,0.21826,0.0,1.0,0.6679524581307402,0.42014940347521745,0.0,0.245,1.0,1.0,1.0,false,,30eb754daee8d1d46ba8396d2d609d03ed4840d0fa6b9ef4d6006150134b04a7,
F103,Float64,7851,0.864457,84,false,0.305443,false,0.305443,0.0,1.0,0.417051177904143,0.3792735325467479,0.0,0.0,0.37,0.705,1.0,false,,9f178cf52514a0b8614667e7891aa94c3a29c15d81e80362889ac6f3feeef9f4,
F104,Float64,8208,0.903766,62,false,0.441648,false,0.441648,0.0,1.0,0.3844279176201373,0.4202736440459304,0.0,0.0,0.22,1.0,1.0,false,,6d1bda6b30ee68c941381a8ee5b55837dcf54069d226e98e6ff758117c658173,
F105,Float64,8118,0.893856,79,false,0.261411,false,0.247925,0.0,1.0,0.4779668049792531,0.3787717852323904,0.0,0.0775,0.43,1.0,1.0,false,,d6c7ba481fa240fcb77283755b55900d4160a1389d43beb004207b042e508ee1,
F106,Float64,7851,0.864457,100,false,0.311942,false,0.311942,0.0,1.0,0.42154346060113734,0.40255405904143793,0.0,0.0,0.33,0.91,1.0,false,,b189c6b4439e133620b4f22e6ee795753cf1fc9cdd397c2ab605b810abd72bc0,
F107,Float64,8208,0.903766,90,false,0.44508,false,0.44508,0.0,1.0,0.3907437070938215,0.43150104749998014,0.0,0.0,0.18,1.0,1.0,false,,bb899304db8562a5f417f697252d3832f3a24d4851d67f617c1478a5ebf58829,
F108,Float64,8118,0.893856,100,false,0.261411,false,0.25,0.0,1.0,0.48520746887966804,0.40014916630790687,0.0,0.0075,0.45,1.0,1.0,false,,222868945102213dc1f500bc80874281c2ad9acf38b240361e2fe2b0dc2e0d4d,
F109,Float64,52,0.005726,98,false,0.153045,false,0.002879,0.0,1.0,0.6024008859357697,0.2213736309346503,0.21,0.45,0.53,0.73,1.0,false,,4eb482594460e5f418464bb38629004c7227758edaa7a4a4567c1c12c02cd294,
F110,Float64,238,0.026206,97,false,0.168476,false,0.016848,0.0,1.0,0.5939484396200814,0.24147212661924214,0.0,0.43,0.53,0.75,1.0,false,,56cfef31f2c7ca33dbca5c5675eecd84faead5c7e607ba2e168feb11acd1c9eb,
F111,Float64,291,0.032041,99,false,0.155955,false,0.004209,0.0,1.0,0.5967023091798431,0.22630536163290968,0.17,0.44,0.53,0.73,1.0,false,,c650fa28a0d6fef75f33b15a4f75e8660f863bb95238c0d6de197f712ac7e4e7,
F112,Float64,52,0.005726,100,false,0.192359,false,0.003322,0.0,1.0,0.688905869324474,0.24425174230706334,0.15,0.49,0.67,0.95,1.0,false,,989defa53b9d10a77e1bd9a960199c30e62caf270a92d2489d86f06ccfdee254,
F113,Float64,238,0.026206,101,false,0.197422,false,0.020014,0.0,1.0,0.6733808231569426,0.2694215274459988,0.0,0.48,0.67,0.96,1.0,false,,0b618ce0e1d2e145b9669da41cb13e99792a6b1a841d2333284ebb13fa617cb1,
F114,Float64,291,0.032041,100,false,0.189512,false,0.004664,0.0,1.0,0.6808451825730861,0.24799572421317115,0.1,0.48,0.66,0.95,1.0,false,,3358c3e07cf0137900d9aadb0aa8c5cd301c5f3a2d86819d67ddcdc62695aee0,
F115,Float64,358,0.039419,97,false,0.137781,false,0.00447,0.0,1.0,0.591723979825768,0.217493398041386,0.18,0.45,0.53,0.7,1.0,false,,65f6387e62abe5fca4e8e41e8d606b9f14fa9f0cacbde1c8dc4d2c1ed8fc781c,
F116,Float64,781,0.085994,97,false,0.129864,false,0.026623,0.0,1.0,0.5687820744488615,0.2354702397328903,0.0,0.43,0.51,0.69,1.0,false,,75ba3ff69142d7e5b82bbfe22538d2c2c1be8fbb44c559ba434f40acddccd154,
F117,Float64,635,0.069919,98,false,0.142062,false,0.004617,0.0,1.0,0.5885923996685214,0.22165236199687186,0.16,0.44,0.53,0.71,1.0,false,,e51e22b0347c77dcea955adf0a3e18798d4ac7191904fead30f5899253c951df,
F118,Float64,358,0.039419,101,false,0.166896,false,0.005158,0.0,1.0,0.6755421824850986,0.24260359308720528,0.11,0.48,0.65,0.93,1.0,false,,b48e21e5f06167e246a35eb891b16cfdb74f41417e6a36c31f59923636dc0e8e,
F119,Float64,781,0.085994,101,false,0.154319,false,0.029876,0.0,1.0,0.6436911215516202,0.27130006068787466,0.0,0.46,0.63,0.91,1.0,false,,0694b9483c88b959fc1fc31b155abaab52b294bbfd7983a783743088b7d0b047,
F120,Float64,635,0.069919,101,false,0.166213,false,0.004854,0.0,1.0,0.6690245057416834,0.24462232263249925,0.09,0.48,0.64,0.92,1.0,false,,d62f5071c38198d00e831cb3e740932d33488891599b398a41138769794c655f,
F121,Float64,358,0.039419,97,false,0.137781,false,0.00447,0.0,1.0,0.591723979825768,0.217493398041386,0.18,0.45,0.53,0.7,1.0,false,,65f6387e62abe5fca4e8e41e8d606b9f14fa9f0cacbde1c8dc4d2c1ed8fc781c,F115
F122,Float64,781,0.085994,97,false,0.129864,false,0.026623,0.0,1.0,0.5687820744488615,0.2354702397328903,0.0,0.43,0.51,0.69,1.0,false,,75ba3ff69142d7e5b82bbfe22538d2c2c1be8fbb44c559ba434f40acddccd154,F116
F123,Float64,635,0.069919,98,false,0.142062,false,0.004617,0.0,1.0,0.5885923996685214,0.22165236199687186,0.16,0.44,0.53,0.71,1.0,false,,e51e22b0347c77dcea955adf0a3e18798d4ac7191904fead30f5899253c951df,F117
F124,Float64,358,0.039419,101,false,0.166896,false,0.005158,0.0,1.0,0.6755421824850986,0.24260359308720528,0.11,0.48,0.65,0.93,1.0,false,,b48e21e5f06167e246a35eb891b16cfdb74f41417e6a36c31f59923636dc0e8e,F118
F125,Float64,781,0.085994,101,false,0.154319,false,0.029876,0.0,1.0,0.6436911215516202,0.27130006068787466,0.0,0.46,0.63,0.91,1.0,false,,0694b9483c88b959fc1fc31b155abaab52b294bbfd7983a783743088b7d0b047,F119
F126,Float64,635,0.069919,101,false,0.166213,false,0.004854,0.0,1.0,0.6690245057416834,0.24462232263249925,0.09,0.48,0.64,0.92,1.0,false,,d62f5071c38198d00e831cb3e740932d33488891599b398a41138769794c655f,F120
F127,Float64,7273,0.800815,68,false,0.3267,false,0.248756,0.0,1.0,0.5389165284687674,0.39449576411236337,0.0,0.1,0.5,1.0,1.0,false,,6f23d46d96b1dac9ffd2d72e3f8e955272f66623722f74111e4fe35666a57f7a,
F128,Float64,9082,1.0,0,true,1.0,true,,,,,,,,,,,,,a85e5e34b55857d604486871e07d90d2182c96ec5983828468fb8dc535a6c290,
F129,Float64,7273,0.800815,68,false,0.3267,false,0.248756,0.0,1.0,0.5389165284687674,0.39449576411236337,0.0,0.1,0.5,1.0,1.0,false,,6f23d46d96b1dac9ffd2d72e3f8e955272f66623722f74111e4fe35666a57f7a,F127
F130,Float64,7273,0.800815,101,false,0.3267,false,0.248756,0.0,1.0,0.5452791597567718,0.40590070323523236,0.0,0.02,0.55,1.0,1.0,false,,83dc391bc946fbb5a5cec6841b09f1d57024107332db0a545133ad595412aa6d,
F131,Float64,9082,1.0,0,true,1.0,true,,,,,,,,,,,,,a85e5e34b55857d604486871e07d90d2182c96ec5983828468fb8dc535a6c290,F128
F132,Float64,7273,0.800815,101,false,0.3267,false,0.248756,0.0,1.0,0.5452791597567718,0.40590070323523236,0.0,0.02,0.55,1.0,1.0,false,,83dc391bc946fbb5a5cec6841b09f1d57024107332db0a545133ad595412aa6d,F130
F133,Float64,6985,0.769104,42,false,0.465427,false,0.34907,0.0,1.0,0.5544778254649501,0.4525570086462186,0.0,0.0,0.64,1.0,1.0,false,,681286d09e50df69fbed8d213bb15b423f578212596df3c18aebb9cb28a79ff2,
F134,Float64,9059,0.997468,5,false,0.478261,true,0.347826,0.0,1.0,0.5756521739130435,0.4513826689180943,0.0,0.0,0.67,1.0,1.0,false,1.0:11; 0.0:8; 0.67:2; 0.5:1; 0.4:1,6130f78500d25392b98d8eab2a41ded9216eb64b56a858c080c07e7c0f69b2c0,
F135,Float64,6989,0.769544,42,false,0.465839,false,0.349259,0.0,1.0,0.5543860487338749,0.4526543978102529,0.0,0.0,0.64,1.0,1.0,false,,1779bfc48f462f5f029cae6527f10dad0bf3662be5258a9ead6a1fa4f56520db,
F136,Float64,6985,0.769104,94,false,0.469242,false,0.357177,0.0,1.0,0.5569766332856461,0.4642538441261412,0.0,0.0,0.76,1.0,1.0,false,,a779ad4a2a56c794555390efa5be145967da6ba92cc5acb3cf91f1d8bb16d333,
F137,Float64,9059,0.997468,6,false,0.478261,true,0.347826,0.0,1.0,0.5965217391304348,0.45724704288060997,0.0,0.0,0.87,1.0,1.0,false,1.0:11; 0.0:8; 0.87:1; 0.38:1; 0.66:1,9fdd26c254ea358085659e5809113353ca4b081b350aa5a19d8f91c0117ddc07,
F138,Float64,6989,0.769544,94,false,0.469661,false,0.356904,0.0,1.0,0.5570855231724797,0.464421829570727,0.0,0.0,0.76,1.0,1.0,false,,ef9577ef8cbca40fbdc39d57211db87cf2ef4312adeedb059e32e20b7e22fa33,
F139,Float64,7196,0.792336,69,false,0.463415,false,0.229056,0.0,1.0,0.6109862142099681,0.4123069397127541,0.0,0.23,0.67,1.0,1.0,false,,ff214a03d2e44b07dcb190aeb7a764f36cd7a695a7266bcb3dbc5a00b1ee27c6,
F140,Float64,9000,0.990971,18,false,0.426829,true,0.158537,0.0,1.0,0.625,0.3772145989467223,0.0,0.33,0.61,1.0,1.0,false,1.0:35; 0.0:13; 0.5:7; 0.33:6; 0.47:3,08c50392321e7461208a3c84f897e69100672f24ebdf17bbdf1495b87180c726,
F141,Float64,7264,0.799824,67,false,0.466447,false,0.233223,0.0,1.0,0.6106325632563255,0.4144245765838556,0.0,0.2,0.67,1.0,1.0,false,,01d08903cbbd7ae641d3d1967bbcc575d72d1be8574c5aede5ca01b1512e32a4,
F142,Float64,7196,0.792336,100,false,0.468717,false,0.233298,0.0,1.0,0.6174178154825026,0.4231588055812298,0.0,0.0825,0.835,1.0,1.0,false,,7d0870a860c13c8aec162c94a804f1c02594423dc20896ded3f9a9b725e0055d,
F143,Float64,9000,0.990971,25,false,0.426829,true,0.158537,0.0,1.0,0.631951219512195,0.39113792409998355,0.0,0.36,0.71,1.0,1.0,false,1.0:35; 0.0:13; 0.5:3; 0.47:3; 0.44:2,93548e04fc934fbfd8dfecbc1bb1bb215fc8901aa2bebb7e9485d969348feb6a,
F144,Float64,7264,0.799824,100,false,0.469747,false,0.237624,0.0,1.0,0.6154840484048404,0.42491442485213043,0.0,0.06,0.83,1.0,1.0,false,,4f49a61bae91944b81b795f59ecb4a6f6a16897e603d44bd84db8e33cde890dd,
F145,Float64,5686,0.626074,50,false,0.6596,false,0.6596,0.0,1.0,0.28628680800942286,0.4247150630260119,0.0,0.0,0.0,0.605,1.0,false,,4b171c5ac6e6684d610115d1a5798f9fcb93f0ce8626c7e8d4f587334611b2eb,
F146,Float64,8971,0.987778,13,false,0.441441,false,0.441441,0.0,1.0,0.4475675675675675,0.4495287146050224,0.0,0.0,0.33,1.0,1.0,false,0.0:49; 1.0:38; 0.5:7; 0.67:4; 0.33:3,8bc6d5acd09eb26c978ca5796913f4c3b7a89f3c9b6f50e971d0f6c115b5ad89,
F147,Float64,5732,0.631139,41,false,0.666866,false,0.666866,0.0,1.0,0.28323582089552235,0.4250668511782526,0.0,0.0,0.0,0.6,1.0,false,,0b5b2bba8864f2d292752405220f42405659cc01cd6ba19e52c64df13a9f292b,
F148,Float64,5686,0.626074,86,false,0.666667,false,0.666667,0.0,1.0,0.29769434628975266,0.4441293035368686,0.0,0.0,0.0,0.98,1.0,false,,ee477cdac2cc77e55ec1b99947b2c400538ef434cd0cf660da49912869ac7300,
F149,Float64,8971,0.987778,21,false,0.441441,false,0.441441,0.0,1.0,0.4376576576576577,0.45752360241378215,0.0,0.0,0.2,1.0,1.0,false,0.0:49; 1.0:38; 0.73:3; 0.53:2; 0.62:2,14c9ac21bac3a050a1862f8f7799c1cc5735be205f15f22cd29459516fbdac51,
F150,Float64,5732,0.631139,84,false,0.673433,false,0.673433,0.0,1.0,0.29463582089552237,0.44407095900014804,0.0,0.0,0.0,0.98,1.0,false,,2bfe9c2fea2090e662242733d23e16f0afca11dddb36aae972536722053aaf40,
F151,Float64,2066,0.227483,98,false,0.217075,false,0.056585,0.0,1.0,0.5922876282782211,0.28534626176941136,0.0,0.41,0.53,0.85,1.0,false,,5390ffb55fe893d651dc2ceb9fb02c328203b18c1357df6aed185830205d33bf,
F152,Float64,2676,0.294649,98,false,0.194349,false,0.079145,0.0,1.0,0.5657852013737121,0.29082676308251465,0.0,0.4,0.5,0.79,1.0,false,,f7d5099869176378002f995fb65340f245283a2376d998e79adaa5979a93c00a,
F153,Float64,5456,0.600749,97,false,0.296746,false,0.06481,0.0,1.0,0.6179067843353557,0.30968553899857637,0.0,0.41,0.56,1.0,1.0,false,,84cdb91eb2eddd33608b2e1eebc3e161df2818ef853f34aff1e84508cff9e1e8,
F154,Float64,2066,0.227483,101,false,0.237742,false,0.060433,0.0,1.0,0.6375612884834664,0.3095040478746463,0.0,0.43,0.63,0.99,1.0,false,,313623e5ade43fc0003d13d9198efd50ba9df08e7ee0165cdd8cd977c0d753ec,
F155,Float64,2676,0.294649,101,false,0.21433,false,0.083984,0.0,1.0,0.6110334061817048,0.322097248277546,0.0,0.4,0.61,0.96,1.0,false,,ffa83457f0662063d05511bf29843f75321607c058c3b977767a0b9eca1736ff,
F156,Float64,5456,0.600749,101,false,0.305571,false,0.065637,0.0,1.0,0.6392829564258136,0.3179791469843701,0.0,0.42,0.61,1.0,1.0,false,,d9cce8d0f8fe8d8461db66485fd007a984ddc5ab269eb22d6b5a91188e2fd701,
F157,Float64,2153,0.237062,101,false,0.102035,false,0.026555,0.0,1.0,0.5566286621446096,0.2228766797285448,0.0,0.43,0.51,0.65,1.0,false,,1becd696699eaa1ea7168a59ce3ede9d9a83accac30cb75a0072af89375b380d,
F158,Float64,2519,0.277362,100,false,0.133323,false,0.063843,0.0,1.0,0.5430565290263599,0.2678620856170722,0.0,0.4,0.5,0.69,1.0,false,,9c49f76c43cf3b0a60c5b14e38088ec09782b4ac2e02ae5f716621ac4ecdee31,
F159,Float64,3266,0.359612,100,false,0.077029,false,0.009457,0.0,1.0,0.553404401650619,0.19917729380760482,0.031499999999999986,0.43,0.52,0.64,1.0,false,,c6df26a85e2ae74372a5fb0d7f6889bd6e9c191097fe608cbe14e708580f3850,
F160,Float64,2153,0.237062,101,false,0.119786,false,0.028431,0.0,1.0,0.6295713667195844,0.2534125089474304,0.0,0.46,0.61,0.85,1.0,false,,15e617cb4a51d5c1bbda54f58145a61e664e71f5914f32455d56ef41176dfdfa,
F161,Float64,2519,0.277362,101,false,0.152065,false,0.072071,0.0,1.0,0.5798445832698461,0.31182476742882537,0.0,0.38,0.57,0.87,1.0,false,,eaae0efea2664475b6e31d25c0d42664ecedca413b338cf7302aaed134f92805,
F162,Float64,3266,0.359612,101,false,0.094395,false,0.012036,0.0,1.0,0.6397420907840441,0.23757993411100575,0.0,0.47,0.62,0.84,1.0,false,,18322b3a62f7e5f0c1e9763b46c5c1de45088310ee36f6a0395074847327fbf6,
F163,Float64,3381,0.372275,96,false,0.278197,false,0.108577,0.0,1.0,0.5834344851780389,0.32653575801046003,0.0,0.38,0.5,1.0,1.0,false,,fe6d331050de086722aad3269622d5e10e9634034618b073cf16d7cae49b1d8f,
F164,Float64,3793,0.417639,95,false,0.248251,false,0.122518,0.0,1.0,0.5607128001512572,0.32382060908430627,0.0,0.38,0.5,0.94,1.0,false,,5af81e79e84ed364fabe7e9a8226e2ea17fd693433873b7437c36202dce1420a,
F165,Float64,7517,0.827681,90,false,0.463259,false,0.175719,0.0,1.0,0.63629392971246,0.3951303459399701,0.0,0.33,0.75,1.0,1.0,false,,9a7ac474dd81c706ccba17d62c5a9cc6cd3412d9b141a0b675bc9d386dd5335f,
F166,Float64,3381,0.372275,101,false,0.294334,false,0.11384,0.0,1.0,0.6198017891597964,0.3541491544231422,0.0,0.37,0.64,1.0,1.0,false,,20b0aae2759f71b4ec60e52cf91fc0bed28f5227dfbb7202dc4778607d105402,
F167,Float64,3793,0.417639,101,false,0.263755,false,0.127623,0.0,1.0,0.5956532425789375,0.3563678262881312,0.0,0.34,0.6,1.0,1.0,false,,c463802909dc2ba9956c6b8e8935f061fdae7b3030d2f42748c6fafc2dd7b4e1,
F168,Float64,7517,0.827681,101,false,0.46901,false,0.18147,0.0,1.0,0.6558849840255592,0.4038475492080614,0.0,0.3,0.93,1.0,1.0,false,,724c24b8357ae577f0b19d924d6ece835292c9865bef3865d5d3a1a8dc2ccd66,
F169,Float64,7359,0.810284,95,false,0.299478,false,0.12072,0.0,1.0,0.5975972141613464,0.3407361635907496,0.0,0.36,0.57,1.0,1.0,false,,562b873601fed28300b34c6bffc9b1a45b15dbcdc35cfea2371e8df5577add07,
F170,Float64,8195,0.902334,75,false,0.32018,false,0.195039,0.0,1.0,0.5632468996617812,0.3762420976468269,0.0,0.25,0.55,1.0,1.0,false,,c858da903e4816dd1da344a50594fb6237ae52667a14b32fcfa530de5aec1fbd,
F171,Float64,7760,0.854437,92,false,0.301815,false,0.107413,0.0,1.0,0.6030635400907716,0.33658075649828295,0.0,0.36,0.59,1.0,1.0,false,,946c9441db4d924955415a43fe7c86deacba17eea0f1992570f9e37b62d67ffb,
F172,Float64,7359,0.810284,101,false,0.307603,false,0.1213,0.0,1.0,0.6224840394660477,0.3591173550550469,0.0,0.36,0.66,1.0,1.0,false,,b8e5b08b47291f676b85372edfa2aa254d7c86f501728be6afd8b5ba690a7452,
F173,Float64,8195,0.902334,100,false,0.32469,false,0.200676,0.0,1.0,0.5753438556933484,0.3938319108252043,0.0,0.185,0.62,1.0,1.0,false,,647d15b8d9fd250a7216d0291da919c16380829910b9c1d12ebabb6721ec0366,
F174,Float64,7760,0.854437,99,false,0.311649,false,0.108926,0.0,1.0,0.6296671709531014,0.3544331879018211,0.0,0.37,0.67,1.0,1.0,false,,7f4a93feb272cd93a80cf55c6860c8e230c916d1da9818c41e738af6907312e5,
F175,Float64,8602,0.947148,44,false,0.372917,false,0.275,0.0,1.0,0.5449583333333334,0.4151555912312341,0.0,0.0,0.5,1.0,1.0,false,,7768e95a6213cb1c820ef9a578c30b1fb1dfa2017fd73134a64efb347b882b13,
F176,Float64,9076,0.999339,2,false,0.833333,true,0.166667,0.0,1.0,0.8333333333333334,0.372677996249965,0.05,1.0,1.0,1.0,1.0,true,1.0:5; 0.0:1,562205fbb3926259267ca00559129074d694cba1aad65158c769b144747e9bcf,
F177,Float64,8602,0.947148,45,false,0.372917,false,0.275,0.0,1.0,0.5443749999999999,0.41531517274033386,0.0,0.0,0.5,1.0,1.0,false,,0c4d1eaea25c56094a285377123ef8dc8dd7cd5996925ec6003b42078edc4a0c,
F178,Float64,8602,0.947148,81,false,0.372917,false,0.275,0.0,1.0,0.5507708333333333,0.43047651598661246,0.0,0.0,0.61,1.0,1.0,false,,e4b899a6d37cabb09e694772d145f49f78d9ed5ec4bbd022cf77fe777ab38387,
F179,Float64,9076,0.999339,2,false,0.833333,true,0.166667,0.0,1.0,0.8333333333333334,0.372677996249965,0.05,1.0,1.0,1.0,1.0,true,1.0:5; 0.0:1,562205fbb3926259267ca00559129074d694cba1aad65158c769b144747e9bcf,F176
F180,Float64,8602,0.947148,81,false,0.372917,false,0.275,0.0,1.0,0.5505208333333333,0.43058818732748844,0.0,0.0,0.61,1.0,1.0,false,,1bbe9f58b705de118b68d0ea38fd69dcdc571ba7f815e06795e22aa4ca29e381,
F181,Float64,9081,0.99989,1,true,1.0,true,0.0,0.45,0.45,0.45,0.0,0.45,0.45,0.45,0.45,0.45,false,0.45:1,b1ce094c5417c6e41dea9055a3a0464e6c52939a94b089ff85c802ef7adab4ba,
F182,Float64,9082,1.0,0,true,1.0,true,,,,,,,,,,,,,a85e5e34b55857d604486871e07d90d2182c96ec5983828468fb8dc535a6c290,F128
F183,Float64,9081,0.99989,1,true,1.0,true,0.0,0.45,0.45,0.45,0.0,0.45,0.45,0.45,0.45,0.45,false,0.45:1,b1ce094c5417c6e41dea9055a3a0464e6c52939a94b089ff85c802ef7adab4ba,F181
F184,Float64,9081,0.99989,1,true,1.0,true,0.0,0.49,0.49,0.49,0.0,0.49,0.49,0.49,0.49,0.49,false,0.49:1,8f278596b71dddefdfb54b824045408fabb64ef1aa7a74df727db80129691b63,
F185,Float64,9082,1.0,0,true,1.0,true,,,,,,,,,,,,,a85e5e34b55857d604486871e07d90d2182c96ec5983828468fb8dc535a6c290,F128
F186,Float64,9081,0.99989,1,true,1.0,true,0.0,0.49,0.49,0.49,0.0,0.49,0.49,0.49,0.49,0.49,false,0.49:1,8f278596b71dddefdfb54b824045408fabb64ef1aa7a74df727db80129691b63,F184
F187,Float64,8771,0.965756,5,false,0.536977,false,0.536977,0.0,1.0,0.39707395498392284,0.45596312431648256,0.0,0.0,0.0,1.0,1.0,false,0.0:167; 1.0:104; 0.5:33; 0.33:5; 0.67:2,52dd9ef960747bcd2a1cec8e331561e41737f7c3bec23a74a5ed710eafd7ad61,
F188,Float64,8771,0.965756,5,false,0.536977,false,0.536977,0.0,1.0,0.39707395498392284,0.45596312431648256,0.0,0.0,0.0,1.0,1.0,false,0.0:167; 1.0:104; 0.5:33; 0.33:5; 0.67:2,52dd9ef960747bcd2a1cec8e331561e41737f7c3bec23a74a5ed710eafd7ad61,F187
F189,Float64,9082,1.0,0,true,1.0,true,,,,,,,,,,,,,a85e5e34b55857d604486871e07d90d2182c96ec5983828468fb8dc535a6c290,F128
F190,Float64,8771,0.965756,13,false,0.536977,false,0.536977,0.0,1.0,0.39881028938906754,0.4607782449503562,0.0,0.0,0.0,1.0,1.0,false,0.0:167; 1.0:106; 0.5:25; 0.67:3; 0.3:2,d18df70bb5580858b64c3300041454845eca46e0228372e6c3f8a900be8b37c2,
F191,Float64,8771,0.965756,13,false,0.536977,false,0.536977,0.0,1.0,0.39881028938906754,0.4607782449503562,0.0,0.0,0.0,1.0,1.0,false,0.0:167; 1.0:106; 0.5:25; 0.67:3; 0.3:2,d18df70bb5580858b64c3300041454845eca46e0228372e6c3f8a900be8b37c2,F190
F192,Float64,9082,1.0,0,true,1.0,true,,,,,,,,,,,,,a85e5e34b55857d604486871e07d90d2182c96ec5983828468fb8dc535a6c290,F128
F193,Float64,7083,0.779894,76,false,0.474737,false,0.263632,0.0,1.0,0.6076788394197099,0.4283851909711346,0.0,0.0,0.8,1.0,1.0,false,,6c2fcd5d3d86fbaff4ec6e08deadc212247eafbb44469437486abaf5c952fa2c,
F194,Float64,8632,0.950451,39,false,0.564444,false,0.204444,0.0,1.0,0.6854,0.4075590700199856,0.0,0.33,1.0,1.0,1.0,false,,2a09f1263ca14d860d55a04b949506bc0a63ebdae1c526eef1b8a51b8803f4ec,
F195,Float64,7369,0.811385,73,false,0.458844,false,0.287215,0.0,1.0,0.5852539404553415,0.43587711393975687,0.0,0.0,0.71,1.0,1.0,false,,e78297c966cadf191113f2401cb1d264357f6c515bed305b6f9999095ea5ad23,
F196,Float64,7083,0.779894,99,false,0.48074,false,0.267134,0.0,1.0,0.6148424212106053,0.4416641215669215,0.0,0.0,0.96,1.0,1.0,false,,0e4ed7dccdd0f51b23869672d1cc332135cdc7351ef0ebb161b2f3ee22fdf6c1,
F197,Float64,8632,0.950451,64,false,0.568889,false,0.208889,0.0,1.0,0.6987333333333332,0.41202421180206283,0.0,0.3525,1.0,1.0,1.0,false,,50cd3ea3c68e3c51f3eecb49f7aa2cc1f54a28574c652211ea8499989966bb46,
F198,Float64,7369,0.811385,99,false,0.464098,false,0.291886,0.0,1.0,0.5892761237594862,0.44959779807202066,0.0,0.0,0.91,1.0,1.0,false,,45ea2760b01ac6c9b2e757d7a03fdc3ca6b258ee9ac454c41f49f0581c651c88,
F199,Float64,6683,0.735851,66,false,0.331388,false,0.331388,0.0,1.0,0.4805919132972072,0.41248975102308955,0.0,0.0,0.5,1.0,1.0,false,,7a552089c02dba4eaba95acecbb93d4d8cf245b5929fbdd28e8e6b7a18f350cf,
F200,Float64,8346,0.918961,49,false,0.366848,false,0.366848,0.0,1.0,0.42563858695652174,0.4000908522233243,0.0,0.0,0.4,1.0,1.0,false,,8fdf1f83c4d074bea955684231bdae33478798b0d0337e152b0640cac79e9e95,
F201,Float64,7163,0.788703,59,false,0.349661,false,0.349661,0.0,1.0,0.49591974986972387,0.42774464072180024,0.0,0.0,0.5,1.0,1.0,false,,98e25c049102eaa3d9b7b07b776ff64d7c323705564302e2fe2a94e4612db06f,
F202,Float64,6683,0.735851,101,false,0.341809,false,0.341809,0.0,1.0,0.4873905794080867,0.4426667382976958,0.0,0.0,0.49,1.0,1.0,false,,0979826029be6d04e8b328f1cb5094bec9cfab8440d6e9a6317053f59439bb56,
F203,Float64,8346,0.918961,95,false,0.370924,false,0.370924,0.0,1.0,0.42436141304347824,0.4303273840044231,0.0,0.0,0.24,1.0,1.0,false,,7a38941b908745357ffe1ac6e0886a498bfb773e2ef4c21de5769c1099a7d745,
F204,Float64,7163,0.788703,100,false,0.354351,false,0.354351,0.0,1.0,0.5030640958832725,0.44905678644803043,0.0,0.0,0.5,1.0,1.0,false,,837e7a155e7cb136d5852154ec1659242d2164c3b68ef8ae70565edc10f9bbf9,
F205,Float64,5842,0.64325,50,false,0.347222,false,0.347222,0.0,1.0,0.4426728395061728,0.4241430187724639,0.0,0.0,0.33,1.0,1.0,false,,6772d79acd8255ed7986e85b83a03600b0c6073ab12b86b3a5090604c2ab83d0,
F206,Float64,7120,0.783968,50,false,0.373598,false,0.373598,0.0,1.0,0.4137054026503568,0.42616259508897825,0.0,0.0,0.25,1.0,1.0,false,,886c525ffedbe0fbfdd25c1aa665d309ab6f8d1333e5b4af8fcf829c60d65e6c,
F207,Float64,7231,0.79619,37,false,0.426256,false,0.379795,0.0,1.0,0.5025931928687196,0.45626212093561364,0.0,0.0,0.5,1.0,1.0,false,,f7b1d009206e8786c752ce597b4ac72a86a31aea265ec8b93d9b7ed61929df3e,
F208,Float64,5842,0.64325,101,false,0.34784,false,0.34784,0.0,1.0,0.46342592592592585,0.44078380391863553,0.0,0.0,0.32,1.0,1.0,false,,16fb7d2e4fe36c55ff51c2bb52ecbbf7261b2f172e90a0d348ce37df959d5d75,
F209,Float64,7120,0.783968,100,false,0.373598,false,0.373598,0.0,1.0,0.4259683995922528,0.4358683846605214,0.0,0.0,0.25,1.0,1.0,false,,54b91758cf39b35b7f4a20a7e4686d52912e0fb89de76fd4b791c2fd8652d506,
F210,Float64,7231,0.79619,89,false,0.426256,false,0.380875,0.0,1.0,0.5083522420313344,0.4624632064960546,0.0,0.0,0.5,1.0,1.0,false,,189d773445bce99ea2df4d7dcafa90f23e099aba9b345c7f9fc3065efbc85825,
F211,Float64,7851,0.864457,61,false,0.50853,false,0.50853,0.0,1.0,0.21709179528838343,0.3234644266034991,0.0,0.0,0.0,0.3,1.0,false,,0888cfff520ad289b39ab6ddc1b57f8221c2816b034842ac9fbef80eb98f30e7,
F212,Float64,8208,0.903766,45,false,0.672769,false,0.672769,0.0,1.0,0.18900457665903894,0.3396128398425466,0.0,0.0,0.0,0.25,1.0,false,,9b07cfcaf1870e56a628ea3b1cb5e8dc5ef6799e3a1aeb7f997bf4d07ec00c41,
F213,Float64,8118,0.893856,58,false,0.452282,false,0.452282,0.0,1.0,0.25645228215767635,0.3447854989034891,0.0,0.0,0.11,0.33,1.0,false,,5e5cf5e6af145fc067d9e41982e7bcdec248283e0c6d60eb9a91093e6a5a2ff4,
F214,Float64,7851,0.864457,92,false,0.521527,false,0.521527,0.0,1.0,0.22186027619821286,0.3445903629694634,0.0,0.0,0.0,0.32,1.0,false,,0b2a129cb789c02ad51aa6b8bda5ab69b54d4fffb1f910923647b2b0e58b5d16,
F215,Float64,8208,0.903766,78,false,0.675057,false,0.675057,0.0,1.0,0.1933066361556064,0.3514154832972524,0.0,0.0,0.0,0.1875,1.0,false,,ecbf16a1f3e5e1934644f0059cb11472e72dffdd9250acca5f0ce5189df20aa0,
F216,Float64,8118,0.893856,89,false,0.463693,false,0.463693,0.0,1.0,0.2662966804979254,0.36558269175632824,0.0,0.0,0.04,0.44,1.0,false,,ee0470a7643e5169a34b0c65ad609d82da135508ec7b165f038e86c22634a388,
F217,Float64,59,0.006496,101,false,0.116037,false,0.005874,0.0,1.0,0.4143821345450516,0.2680219120927669,0.07,0.24,0.31,0.5,1.0,false,,0dd29a68f208b46821295ee634050ef3e9e168f2dc8600c864cf4875ce42c324,
F218,Float64,245,0.026976,100,false,0.122213,false,0.042775,0.0,1.0,0.396399230508091,0.2811170155877361,0.0,0.21,0.3,0.5,1.0,false,,f4ef3a1f4a0aa2f11e2f0c3ae68ab4edb876ff976b28ce4e56ac803eb543c856,
F219,Float64,297,0.032702,101,false,0.122937,false,0.009562,0.0,1.0,0.41212293682413204,0.2727002994105494,0.02,0.23,0.31,0.5,1.0,false,,b8d75024cbe461c0af3d174fa5f8149c7aba462941591784ca9a507ba3744ebf,
F220,Float64,59,0.006496,101,false,0.145628,false,0.007204,0.0,1.0,0.5239299567771252,0.30258058220212464,0.03,0.27,0.44,0.81,1.0,false,,d6406954dbcdb1fcc5aa0ab0b05e7844f87f59dfdafb49a924e204759edc38fe,
F221,Float64,245,0.026976,101,false,0.144506,false,0.055788,0.0,1.0,0.4921319452302817,0.3265749842544955,0.0,0.24,0.41,0.8,1.0,false,,0a9d4aa644e04923c305a56619a47f45f8f3b8ffeb313321d9f04b1b617456e4,
F222,Float64,297,0.032702,101,false,0.1465,false,0.011383,0.0,1.0,0.5254581673306773,0.30487139228996785,0.0,0.27,0.45,0.82,1.0,false,,8b3cc8b1ab53673e6ef7b22e6e159db034af37994f98e5e9a60bdd7d47cdc8ba,
F223,Float64,365,0.040189,101,false,0.098428,false,0.011701,0.0,1.0,0.397960307445222,0.25706244055520483,0.0,0.23,0.3,0.46,1.0,false,,2119b2e90d3afb9ed8df3a707b00f0de89a8757d8f4a21a08f605421a2d02158,
F224,Float64,788,0.086765,100,false,0.083193,false,0.060405,0.0,1.0,0.3617205208584519,0.2584330618867669,0.0,0.21,0.29,0.44,1.0,false,,c12cfdc370d01b78387ab28501b2c5621b59dfd02654e6ca0c839383838ac2dd,
F225,Float64,641,0.070579,101,false,0.104727,false,0.012084,0.0,1.0,0.3986743276862931,0.26167361291793473,0.0,0.23,0.31,0.47,1.0,false,,a4f60fdf935da196d1b09752ab4c09cb362c215e31206788d2a090b319f1108a,
F226,Float64,365,0.040189,101,false,0.120684,false,0.013193,0.0,1.0,0.5024779167144661,0.29608215272257027,0.0,0.26,0.42,0.75,1.0,false,,77e833d4f5ec0dcc2d39d04986c0d5d25d0cae677e5d961fbe3e67e39061f29d,
F227,Float64,788,0.086765,101,false,0.100193,false,0.074029,0.0,1.0,0.44933687002652517,0.31295101098530365,0.0,0.22,0.37,0.6875,1.0,false,,c191361e5502a45a17eefefcf26f7e0782ab2fe161932cc18f39fcf8af594b6e,
F228,Float64,641,0.070579,101,false,0.12155,false,0.013861,0.0,1.0,0.5065039687240848,0.29728039735965106,0.0,0.26,0.43,0.76,1.0,false,,2aa3a9c67b4c2d7f283f390a61d221b9af4887044db84dd4d8be2df87b3286f1,
F229,Float64,365,0.040189,101,false,0.098428,false,0.011701,0.0,1.0,0.397960307445222,0.25706244055520483,0.0,0.23,0.3,0.46,1.0,false,,2119b2e90d3afb9ed8df3a707b00f0de89a8757d8f4a21a08f605421a2d02158,F223
F230,Float64,788,0.086765,100,false,0.083193,false,0.060405,0.0,1.0,0.3617205208584519,0.2584330618867669,0.0,0.21,0.29,0.44,1.0,false,,c12cfdc370d01b78387ab28501b2c5621b59dfd02654e6ca0c839383838ac2dd,F224
F231,Float64,641,0.070579,101,false,0.104727,false,0.012084,0.0,1.0,0.3986743276862931,0.26167361291793473,0.0,0.23,0.31,0.47,1.0,false,,a4f60fdf935da196d1b09752ab4c09cb362c215e31206788d2a090b319f1108a,F225
F232,Float64,365,0.040189,101,false,0.120684,false,0.013193,0.0,1.0,0.5024779167144661,0.29608215272257027,0.0,0.26,0.42,0.75,1.0,false,,77e833d4f5ec0dcc2d39d04986c0d5d25d0cae677e5d961fbe3e67e39061f29d,F226
F233,Float64,788,0.086765,101,false,0.100193,false,0.074029,0.0,1.0,0.44933687002652517,0.31295101098530365,0.0,0.22,0.37,0.6875,1.0,false,,c191361e5502a45a17eefefcf26f7e0782ab2fe161932cc18f39fcf8af594b6e,F227
F234,Float64,641,0.070579,101,false,0.12155,false,0.013861,0.0,1.0,0.5065039687240848,0.29728039735965106,0.0,0.26,0.43,0.76,1.0,false,,2aa3a9c67b4c2d7f283f390a61d221b9af4887044db84dd4d8be2df87b3286f1,F228
F235,Float64,7276,0.801145,60,false,0.456811,false,0.456811,0.0,1.0,0.31773532668881505,0.37558241040056967,0.0,0.0,0.175,0.5,1.0,false,,b881e3e3e95d4d71b7d174868ebc1ae76107387abac2e92b06b8d82ef6ea1aa6,
F236,Float64,9082,1.0,0,true,1.0,true,,,,,,,,,,,,,a85e5e34b55857d604486871e07d90d2182c96ec5983828468fb8dc535a6c290,F128
F237,Float64,7276,0.801145,60,false,0.456811,false,0.456811,0.0,1.0,0.31773532668881505,0.37558241040056967,0.0,0.0,0.175,0.5,1.0,false,,b881e3e3e95d4d71b7d174868ebc1ae76107387abac2e92b06b8d82ef6ea1aa6,F235
F238,Float64,7276,0.801145,98,false,0.456811,false,0.456811,0.0,1.0,0.3251937984496124,0.3879296511861441,0.0,0.0,0.13,0.6,1.0,false,,5354a78d1317e8d4705c169041f076c69e56e28d1ec5dfa65b7046c1c7d1071e,
F239,Float64,9082,1.0,0,true,1.0,true,,,,,,,,,,,,,a85e5e34b55857d604486871e07d90d2182c96ec5983828468fb8dc535a6c290,F128
F240,Float64,7276,0.801145,98,false,0.456811,false,0.456811,0.0,1.0,0.3251937984496124,0.3879296511861441,0.0,0.0,0.13,0.6,1.0,false,,5354a78d1317e8d4705c169041f076c69e56e28d1ec5dfa65b7046c1c7d1071e,F238
F241,Float64,6986,0.769214,37,false,0.553435,false,0.553435,0.0,1.0,0.3576288167938931,0.4452798005441588,0.0,0.0,0.0,1.0,1.0,false,,417f156987889ad4b2a8cddbc02fe7b0ad5bc6736ccf16f011217b316a6054f6,
F242,Float64,9059,0.997468,6,false,0.608696,true,0.608696,0.0,1.0,0.3,0.41166681335443017,0.0,0.0,0.0,0.585,1.0,false,0.0:14; 1.0:5; 0.5:1; 0.33:1; 0.4:1,78ecfbdb6fc1dfb153522fe83657572f5b7254e3cf6146aac9932e6dfd9619c1,
F243,Float64,6990,0.769654,35,false,0.554015,false,0.554015,0.0,1.0,0.3573183556405354,0.4453230807623032,0.0,0.0,0.0,1.0,1.0,false,,8278e6eee83b426fbc25219754b22af5c70c0b514b4e03c40f8dc83f65f73d8b,
F244,Float64,6986,0.769214,86,false,0.561546,false,0.561546,0.0,1.0,0.358506679389313,0.45363461453575615,0.0,0.0,0.0,1.0,1.0,false,,900d6ac9f08feab4afc20320800b819c5fc0593c543a494329d98ba2b4245056,
F245,Float64,9059,0.997468,6,false,0.608696,true,0.608696,0.0,1.0,0.3060869565217391,0.4244150873279681,0.0,0.0,0.0,0.745,1.0,false,0.0:14; 1.0:5; 0.66:1; 0.38:1; 0.83:1,67f095b590c224416c45994d8ce5a4ef41ac4567c127c6f512fbcb1a7a37bab3,
F246,Float64,6990,0.769654,85,false,0.561663,false,0.561663,0.0,1.0,0.3581261950286807,0.4536997130057577,0.0,0.0,0.0,1.0,1.0,false,,3c77a5f033f49f0a9ca44edd00663f4463f8dadbb54600852447ea765df0c35b,
F247,Float64,7197,0.792447,57,false,0.407958,false,0.407958,0.0,1.0,0.42076923076923084,0.4317716169908935,0.0,0.0,0.27,1.0,1.0,false,,ecd194c2177cd7baed5e6f97fda5b719400abf30b5c04754d2811645781723d7,
F248,Float64,9000,0.990971,19,false,0.390244,true,0.390244,0.0,1.0,0.36743902439024384,0.4016970432734823,0.0,0.0,0.24,0.9175,1.0,false,0.0:32; 1.0:21; 0.33:6; 0.5:3; 0.2:3,8d7fa7e2680649efe50b98feaf925b6ba560a242f952bc17912420a64b67edd0,
F249,Float64,7265,0.799934,55,false,0.410017,false,0.410017,0.0,1.0,0.42245459548706654,0.4331951484043432,0.0,0.0,0.28,1.0,1.0,false,,9f1354c1cc7c27d7a11824771dc5d89dd714a5ee010b0eff8a5c6bc0defa6f87,
F250,Float64,7197,0.792447,96,false,0.414854,false,0.414854,0.0,1.0,0.424106100795756,0.4422878899563468,0.0,0.0,0.25,1.0,1.0,false,,3a5340791fbf263affa75d3e6b97132eb95943c50921ac466a4c4203261d1610,
F251,Float64,9000,0.990971,26,false,0.390244,true,0.390244,0.0,1.0,0.3754878048780488,0.41500265188404667,0.0,0.0,0.225,0.96,1.0,false,,a0e6bd5b8eaec9f893fc562e71a86ee96240ead23e27d13df207789d8ae900e8,
F252,Float64,7265,0.799934,96,false,0.417171,false,0.417171,0.0,1.0,0.4248651623555311,0.443089538356502,0.0,0.0,0.25,1.0,1.0,false,,3dcb56937297213266e8f8de6ed58d2e136e372d2eefc32953a1b21ae45fab3c,
F253,Float64,5689,0.626404,41,false,0.852933,false,0.852933,0.0,1.0,0.10187444739168877,0.27320923975385875,0.0,0.0,0.0,0.0,1.0,false,,a1547de8cca3a25e1c318b55639735b58baa47989280459456d46c58391aacdb,
F254,Float64,8971,0.987778,14,false,0.594595,false,0.594595,0.0,1.0,0.3053153153153153,0.41628952983269224,0.0,0.0,0.0,0.67,1.0,false,0.0:66; 1.0:25; 0.5:5; 0.33:4; 0.67:2,f617a8c18c498ec178c13d402b0f369853fcb659411e541dbcaa559a198838dc,
F255,Float64,5735,0.631469,37,false,0.862265,false,0.862265,0.0,1.0,0.09725724529429339,0.26902474193884457,0.0,0.0,0.0,0.0,1.0,false,,f3bc5dae16f86378a86a8f0bb70aa456372452b303724aa6b3460e80dfba22a0,
F256,Float64,5689,0.626404,81,false,0.857059,false,0.857059,0.0,1.0,0.1097465369879163,0.2973197800066513,0.0,0.0,0.0,0.0,1.0,false,,71bab81e1265ac3e723382855f36e2ef90701da7d3888a01ad5e5aef64251fa7,
F257,Float64,8971,0.987778,21,false,0.594595,false,0.594595,0.0,1.0,0.28927927927927927,0.41856621789131626,0.0,0.0,0.0,0.64,1.0,false,0.0:66; 1.0:25; 0.02:2; 0.11:1; 0.73:1,60e690b574d2e51c8e635be13783c76e9a05dd9c7ecdb5d8f4d60427050c6269,
F258,Float64,5735,0.631469,78,false,0.86585,false,0.86585,0.0,1.0,0.10435613982671049,0.29148911820113677,0.0,0.0,0.0,0.0,1.0,false,,be119ba9b5983ccbaa42e359d376cea3f23e2383f7183754ddf6489045c4ae70,
F259,Float64,2071,0.228033,101,false,0.134788,false,0.122664,0.0,1.0,0.3900698901725859,0.3091716600126655,0.0,0.19,0.3,0.5,1.0,false,,b4f7d4a505fa54346cf77d2e2cacb2411a70d24547d8c0466bab042b984268fb,
F260,Float64,2681,0.295199,96,false,0.165287,false,0.165287,0.0,1.0,0.3514357131698172,0.2957077481240105,0.0,0.17,0.27,0.5,1.0,false,,dc55ebe9a03854b0da1496957b9276c2f7e624e4598c21961eeada128d0ace38,
F261,Float64,5458,0.600969,100,false,0.226269,false,0.122792,0.0,1.0,0.4393818984547461,0.35409377205400466,0.0,0.19,0.31,0.78,1.0,false,,d0bcf68380be695a3e3947d6300e0232d92e8842a5a1f64009ac359685ada1f2,
F262,Float64,2071,0.228033,101,false,0.151048,false,0.12894,0.0,1.0,0.4424261874197689,0.3457477350597648,0.0,0.18,0.34,0.75,1.0,false,,5acabf6d605f9247ebca88516d3745c648b632ebc5266ff50ba0917e77b526d9,
F263,Float64,2681,0.295199,101,false,0.174504,false,0.174504,0.0,1.0,0.40217153569754727,0.34098674454025973,0.0,0.12,0.31,0.66,1.0,false,,a177276c66bc1c0c99f97c10efca7c96f1f66abb441d83f06a5500d9fde136a7,
F264,Float64,5458,0.600969,101,false,0.233996,false,0.124172,0.0,1.0,0.4649834437086092,0.3659444519175617,0.0,0.18,0.33,0.93,1.0,false,,fa6a4333b96f6b2de8cc5f1c6db66538efe55bbae40f4f0d4b4ba40334ed7774,
F265,Float64,2157,0.237503,100,false,0.061805,false,0.046209,0.0,1.0,0.35502671480144404,0.2371697498861282,0.0,0.22,0.29,0.41,1.0,false,,a0e2ba4553c2862163fca7f15222ead31c6d35000922ae9462e90c42ed01c557,
F266,Float64,2522,0.277692,101,false,0.133689,false,0.133689,0.0,1.0,0.33233079268292687,0.27304902796707026,0.0,0.17,0.27,0.43,1.0,false,,471a4cb0b466ce7bcb5d7cb497316edf0f2d8cd4775903be0ff0a91b817f0275,
F267,Float64,3269,0.359943,100,false,0.043179,false,0.021331,0.0,1.0,0.34868398417340446,0.20882327926008862,0.0,0.23,0.29,0.41,1.0,false,,5b0d95455633b8dae6287fe0364816d9f750f7fd5faaa2be67f88b13fa39e875,
F268,Float64,2157,0.237503,101,false,0.073502,false,0.048664,0.0,1.0,0.4505314079422383,0.2809685785890219,0.0,0.25,0.38,0.63,1.0,false,,206f6608919d0824dddf7d78b6c077975677eef149a8ac28f43929b351d73cfe,
F269,Float64,2522,0.277692,101,false,0.15122,false,0.15122,0.0,1.0,0.3801082317073171,0.3241447995738565,0.0,0.12,0.3,0.59,1.0,false,,6e876b2d950d8ce1e3574ed0826ce2bf46b764f0b55665a5e949e7101b82df69,
F270,Float64,3269,0.359943,101,false,0.049544,false,0.025804,0.0,1.0,0.4637261310854981,0.26675000231784657,0.0,0.26,0.41,0.64,1.0,false,,f8d3b8bdd86400bb2300ef5c9652df41dc7fc136903bdee2fe3e5882f7bd72a6,
F271,Float64,3385,0.372715,91,false,0.225908,false,0.225908,0.0,1.0,0.370617869053888,0.3413952479260145,0.0,0.11,0.26,0.5,1.0,false,,1f440826f1afcba460f6f34bf5db8e8d25936e2814854dbb049bc49c1fe62a93,
F272,Float64,3797,0.41808,86,false,0.249953,false,0.249953,0.0,1.0,0.3372582781456953,0.32243596606748964,0.0,0.03,0.25,0.5,1.0,false,,15c8f06d6c465e9b0f9c1cb17d47e85c086600a7e62a03fd104b13ce0e7f9ae4,
F273,Float64,7517,0.827681,77,false,0.346965,false,0.323962,0.0,1.0,0.4630479233226837,0.4321095895532363,0.0,0.0,0.33,1.0,1.0,false,,be65470ca034c0a0ef77ff5b9879ca26cfb1130a7a1bc72d1527fd02fdad6ef6,
F274,Float64,3385,0.372715,101,false,0.233105,false,0.233105,0.0,1.0,0.4111514832367913,0.3798198639653523,0.0,0.03,0.29,0.8,1.0,false,,51babecaa8889b917024a4e749e8bcd0011fdd2985a803c1c3cd1ca24d6ac1c9,
F275,Float64,3797,0.41808,101,false,0.2579,false,0.2579,0.0,1.0,0.3746414380321665,0.3660166943385849,0.0,0.0,0.26,0.67,1.0,false,,a0e4c0a62cf3cbb03912ad3ec9ed8f77f037a9bd06070324a4775aa5ebfeae6c,
F276,Float64,7517,0.827681,101,false,0.35016,false,0.332268,0.0,1.0,0.48754632587859426,0.44540850897428136,0.0,0.0,0.4,1.0,1.0,false,,0a2d0f2046b0d968612d3d049619b4561303a54bfc10e72ecf7b244d072763f6,
F277,Float64,7362,0.810614,86,false,0.233721,false,0.233721,0.0,1.0,0.40031976744186043,0.3607056425112876,0.0,0.08,0.305,0.67,1.0,false,,389eff35aa60332997074997ca5a2acfc65f3932561184cc844ff2e409fcb985,
F278,Float64,8196,0.902444,66,false,0.353273,false,0.353273,0.0,1.0,0.3546162528216705,0.3716038381899684,0.0,0.0,0.25,0.57,1.0,false,,a2dcc9b249db76a0d6c6bf8f984346f37c5f786011876905434f2189e272ed90,
F279,Float64,7762,0.854658,82,false,0.214394,false,0.214394,0.0,1.0,0.4100909090909091,0.3595304061517724,0.0,0.11,0.33,0.67,1.0,false,,4c6926547427724bb4db46424ba1abebcc0a9a2fb1d148df9e50151d743ee874,
F280,Float64,7362,0.810614,101,false,0.237791,false,0.237791,0.0,1.0,0.4315116279069768,0.3854427156843077,0.0,0.04,0.315,0.87,1.0,false,,0d0390700869226a4d5864c06161b066af846e5a7e2c719690eccc7c8e49ecfb,
F281,Float64,8196,0.902444,98,false,0.361174,false,0.361174,0.0,1.0,0.3721331828442438,0.3939950903837872,0.0,0.0,0.25,0.7575000000000001,1.0,false,,dc2e1cb21c33fed620af6e7c9af670e1d0d404b3fd41c82177d9bde0e7ad71b2,
F282,Float64,7762,0.854658,100,false,0.215909,false,0.215909,0.0,1.0,0.4440606060606061,0.3832803341011949,0.0,0.09,0.33,0.9,1.0,false,,da6b7cad138b4a402797fc9dc0e685566f4abaa022193b46b904bfd2fca00940,
F283,Float64,8603,0.947258,37,false,0.463466,false,0.463466,0.0,1.0,0.3545511482254697,0.40959799655589924,0.0,0.0,0.19,0.75,1.0,false,,207a4160eed193d91d43ba4efdd064d2a5a265659d7daa01f14ab9d7c5c5016b,
F284,Float64,9076,0.999339,2,false,0.5,true,0.5,0.0,1.0,0.5,0.5,0.0,0.0,0.5,1.0,1.0,true,1.0:3; 0.0:3,828741f59b2a395bdf2432c057db676a0719f73885def1e137f7cbcca184abda,
F285,Float64,8603,0.947258,37,false,0.463466,false,0.463466,0.0,1.0,0.35446764091858035,0.4096243995956803,0.0,0.0,0.19,0.75,1.0,false,,a1b9db78efcbd06aeabf1017868be293936391a6d4c60e905b16c851bd736244,
F286,Float64,8603,0.947258,77,false,0.463466,false,0.463466,0.0,1.0,0.3621920668058455,0.4248138443586512,0.0,0.0,0.11,0.9550000000000001,1.0,false,,575b5a6db0af22d0fcf8647b2822aaaf17e59fd9eebb417e95bee775978d7f9f,
F287,Float64,8603,0.947258,77,false,0.463466,false,0.463466,0.0,1.0,0.3620041753653444,0.42485973613613287,0.0,0.0,0.11,0.9550000000000001,1.0,false,,7850344a246869aad126afb77a454fc697f6051186ce0a02c33ac807371b80fe,
F288,Float64,8771,0.965756,5,false,0.745981,false,0.745981,0.0,1.0,0.20466237942122187,0.3745665857626666,0.0,0.0,0.0,0.33,1.0,false,0.0:232; 1.0:50; 0.5:20; 0.33:7; 0.67:2,7b4c1746bbedbd00f90edf417c9bf675276dfa4da2d827d28bdf83b563915e6a,
F289,Float64,8771,0.965756,5,false,0.745981,false,0.745981,0.0,1.0,0.20466237942122187,0.3745665857626666,0.0,0.0,0.0,0.33,1.0,false,0.0:232; 1.0:50; 0.5:20; 0.33:7; 0.67:2,7b4c1746bbedbd00f90edf417c9bf675276dfa4da2d827d28bdf83b563915e6a,F288
F290,Float64,9082,1.0,0,true,1.0,true,,,,,,,,,,,,,a85e5e34b55857d604486871e07d90d2182c96ec5983828468fb8dc535a6c290,F128
F291,Float64,8771,0.965756,10,false,0.749196,false,0.749196,0.0,1.0,0.20366559485530547,0.3771087385799913,0.0,0.0,0.0,0.005,1.0,false,0.0:233; 1.0:50; 0.5:19; 0.3:2; 0.67:2,a480add438891ff9b8845f2bd7b88e4394414913ab48351ad067f71e68edfc78,
F292,Float64,8771,0.965756,10,false,0.749196,false,0.749196,0.0,1.0,0.20366559485530547,0.3771087385799913,0.0,0.0,0.0,0.005,1.0,false,0.0:233; 1.0:50; 0.5:19; 0.67:2; 0.3:2,a480add438891ff9b8845f2bd7b88e4394414913ab48351ad067f71e68edfc78,F291
F293,Float64,9082,1.0,0,true,1.0,true,,,,,,,,,,,,,a85e5e34b55857d604486871e07d90d2182c96ec5983828468fb8dc535a6c290,F128
F294,Float64,7085,0.780115,76,false,0.463696,false,0.463696,0.0,1.0,0.3909814722083125,0.4340546547639124,0.0,0.0,0.19,1.0,1.0,false,,868b429e9065a23a8e1930ca41fd16fda63e2bb3706747ea173eee23ead9732f,
F295,Float64,8632,0.950451,41,false,0.377778,false,0.377778,0.0,1.0,0.47979999999999995,0.4457186008134629,0.0,0.0,0.43,1.0,1.0,false,,de5facfbf6c332ec54ad6c11ec4d265a102d17fad8f7b2fc24e97e8a6e2d0f16,
F296,Float64,7371,0.811605,75,false,0.496786,false,0.496786,0.0,1.0,0.3692168322618352,0.4326859762411842,0.0,0.0,0.05,1.0,1.0,false,,37179ed95402166015376a5e589db645c0ccd79f235c36d8ae27ee2eeaf87d68,
F297,Float64,7085,0.780115,98,false,0.467201,false,0.467201,0.0,1.0,0.39954932398597903,0.4477840584928791,0.0,0.0,0.1,1.0,1.0,false,,4e404fc637453a88b913f3b6ac6220835d96e2b3cd9a1aa039e3e50c307b22a6,
F298,Float64,8632,0.950451,63,false,0.384444,false,0.384444,0.0,1.0,0.49400000000000005,0.45640917314766294,0.0,0.0,0.495,1.0,1.0,false,,ccfbd381c56e257ecd34788591962f26015ef80971000bf8f2a37cfa3684d483,
F299,Float64,7371,0.811605,95,false,0.500877,false,0.500877,0.0,1.0,0.3750146113383986,0.44605601663846933,0.0,0.0,0.0,1.0,1.0,false,,446f58f4e5abcf91827f44b858e62c9791caa82d94971b4750c124ecd82b863c,
F300,Float64,6684,0.735961,56,false,0.579233,false,0.579233,0.0,1.0,0.23821100917431193,0.3519281010886252,0.0,0.0,0.0,0.4,1.0,false,,7b82edd230ff025375a08014cb474c1417e9d35ced7d9b5d54ee329d98f88acf,
F301,Float64,8347,0.919071,41,false,0.586395,false,0.586395,0.0,1.0,0.22057142857142858,0.3409609469527834,0.0,0.0,0.0,0.33,1.0,false,,da7dda9a60067501dc99b775966a5d86ded8b483dc531fc6649a0a3cb1bc3906,
F302,Float64,7163,0.788703,48,false,0.610735,false,0.610735,0.0,1.0,0.24124544033350706,0.3636425666906025,0.0,0.0,0.0,0.41500000000000004,1.0,false,,d35394e8a6146716d8a6addc8659eb3a1e078fd8a958df2492db105dce5309de,
F303,Float64,6684,0.735961,101,false,0.594662,false,0.594662,0.0,1.0,0.24542952460383652,0.37769212013274267,0.0,0.0,0.0,0.44,1.0,false,,7a62fd789b440985d061d2eacfc8f9bdfb94a10bbb8b6ac9f66995556aa7703d,
F304,Float64,8347,0.919071,74,false,0.593197,false,0.593197,0.0,1.0,0.2162721088435374,0.3600963317414494,0.0,0.0,0.0,0.27,1.0,false,,bcf837f9f96950bc41bccd840a8b38ed9c5762fa042ccf65a24fe357e43d2344,
F305,Float64,7163,0.788703,98,false,0.616467,false,0.616467,0.0,1.0,0.2502344971339239,0.383856486500352,0.0,0.0,0.0,0.46499999999999997,1.0,false,,e01823dcab40ab824739bc702e1a84a8baaad47f9d1263eb676acf61235ea1ca,
F306,Float64,6491,0.71471,236,false,0.25743,false,0.183713,0.0,6.5,1.0130027016595908,0.6505771089381267,0.0,0.74,1.0,1.37,2.63,false,,409f0e997f681892b1fd5afbf3d00ec05ef0cbf24d2d368c0b1d103ef498da7a,
F307,Float64,7550,0.831315,211,false,0.227807,false,0.197781,0.0,6.5,1.0086227154046998,0.6830984517125274,0.0,0.67,1.0,1.39,2.793800000000001,false,,2a23e6e49d08be7eb12db29ca7bb25b0fcf0faee9b7291a08a8b85fa9a47c80f,
F308,Float64,7634,0.840564,199,false,0.310773,false,0.207182,0.0,6.0,1.028529005524862,0.6836630330836152,0.0,0.79,1.0,1.41,2.765899999999999,false,,0b2a3cd1740bff1f57f03776eef7083b0cffd7ddf494e7d18d5461d6765a3fdc,
F309,Float64,6491,0.71471,263,false,0.246623,false,0.183713,0.0,6.5,1.034600540331918,0.6842424929076251,0.0,0.72,1.0,1.45,2.7839999999999963,false,,9562d6451dba65e415893c30bea991e1ddffa651caaa540e4266725705eb7b1e,
F310,Float64,7550,0.831315,231,false,0.218668,false,0.197781,0.0,6.5,1.013439947780679,0.6959733925258305,0.0,0.6174999999999999,1.0,1.43,2.793800000000001,false,,f0aa0a0eec38f23c2303188822e8fb95fd3c6efef06f4af50dcf433c9955a6f6,
F311,Float64,7634,0.840564,212,false,0.30663,false,0.207182,0.0,6.0,1.035117403314917,0.7011219205975724,0.0,0.7475,1.0,1.46,3.0,false,,3dba1675a8d67331f8ce295382c32e96ff904e574a31cc8924bf4718ba186920,
F312,Float64,8227,0.905858,212,false,0.290058,false,0.290058,0.0,4.71,0.8882456140350877,0.770477006059706,0.0,0.0,0.88,1.43,2.974400000000005,false,,c9299a2dd84c9216981af3b788953964cb146463fc253a44037b8cd704801f9e,
F313,Float64,8594,0.946267,158,false,0.411885,false,0.411885,0.0,4.71,0.8154303278688525,0.8577311255110102,0.0,0.0,0.71,1.4425,3.4042999999999997,false,,d17fb53dfd6484a14fc1cf138516833501eb69135bc8d53590deaa37681574c7,
F314,Float64,8357,0.920172,202,false,0.271724,false,0.271724,0.0,4.35,0.9303586206896551,0.7645131935521707,0.0,0.0,0.92,1.47,2.8975999999999997,false,,9446002dc01d80f66d0bb0a0a39906df451975471e57257893cdbe37606ea2f5,
F315,Float64,8227,0.905858,227,false,0.291228,false,0.291228,0.0,5.36,0.8897543859649123,0.8340035539359765,0.0,0.0,0.89,1.52,3.1884000000000015,false,,70d742d1b3f5d33a5593b60977f1ea50adb4224ea3873efb2c5b62d516dfc8fb,
F316,Float64,8594,0.946267,161,false,0.415984,false,0.415984,0.0,5.39,0.8248975409836066,0.9051079942777153,0.0,0.0,0.635,1.52,3.5052,false,,4f12d53fe898982b089dc29c3e593834f35abbc31ffb0481ea511dd183afd709,
F317,Float64,8357,0.920172,215,false,0.273103,false,0.273103,0.0,5.33,0.9414068965517242,0.8289208314308573,0.0,0.0,1.0,1.56,3.1075999999999975,false,,005206fa6a20b4a8b76ec74e68d41b2ccbdc9ef53c03b9bb8530ed88201d513f,
F318,Float64,85,0.009359,80,false,0.775036,false,0.003001,0.0,2.5,0.9997399133044348,0.07997581564336659,0.83,1.0,1.0,1.0,1.2,false,,4be109aabbe71b478dbc1a0ece45863cb8630b987fbe3df106302d6779168e8b,
F319,Float64,392,0.043162,218,false,0.179977,false,0.026467,0.0,11.0,0.9904637514384349,0.32371360551937695,0.0,0.91,1.0,1.07,1.9111000000000058,false,,bbde65cd8af2ccbb62daf7dbb3bcff550986ad2f0ae805b067af5b9447d69c8d,
F320,Float64,334,0.036776,168,false,0.195816,false,0.005373,0.0,9.0,1.0179721079103794,0.2324506194627292,0.54,0.96,1.0,1.05,1.67,false,,2a201e5768048a46af6762d8393c6d865fa212687d1e19feb7bbd4abe2e5c6fb,
F321,Float64,85,0.009359,308,false,0.168167,false,0.003668,0.0,10.6,1.1522574191397132,0.3976336937266694,0.27,1.0,1.07,1.29,2.4307999999999814,false,,8056863058334a8aa07f2e3c5af4ee30c7466edd22488770a39b6e7f21ab379c,
F322,Float64,392,0.043162,303,false,0.149827,false,0.032796,0.0,12.4,1.1083981588032221,0.4921732064781421,0.0,0.97,1.06,1.3,2.421100000000006,false,,befc730f1708d6970178a0aada611a0cd37ad6b26793f93b9e6f8ef825149683,
F323,Float64,334,0.036776,315,false,0.150206,false,0.005716,0.0,9.0,1.1761328303612253,0.41227710770835413,0.17,1.0,1.1,1.32,2.53,false,,e6547d04161dd1df951e2e38cbd372ab066444238b256137bc8988b5d08b5610,
F324,Float64,404,0.044484,121,false,0.606015,false,0.00726,0.0,4.6,1.0039571329799493,0.1542158988215906,0.6276999999999999,1.0,1.0,1.0,1.4322999999999955,false,,bb43213ea80e7610e1a4128d9c162bbd9b12bf13b1efa38b21e12ae2f8fbcf07,
F325,Float64,1007,0.110879,223,false,0.133498,false,0.034799,0.0,11.0,0.9869560371517028,0.3539371092782359,0.0,0.9,1.0,1.08,1.9926000000000021,false,,d600dd08f077881ec2a056d59adda597905a9e0916b68c9f374301e5cc642b10,
F326,Float64,680,0.074873,184,false,0.163532,false,0.007498,0.0,8.7,1.0254939300166628,0.25237911056100454,0.44,0.96,1.0,1.06,1.9098999999999977,false,,cb11612a46cc4d2288454a9ae28e3aa69aaac66b2113e82aeaf1023f2d5aaff6,
F327,Float64,404,0.044484,301,false,0.142314,false,0.007721,0.0,10.6,1.1468656372436046,0.4034633633491335,0.09,1.0,1.08,1.29,2.45,false,,7295629a10dfe6e7463738b5144b68774a30a4c5bc2b075c66c06bd189a787a4,
F328,Float64,1007,0.110879,299,false,0.104892,false,0.04161,0.0,12.4,1.0968866873065015,0.501830177548455,0.0,0.95,1.07,1.3,2.42,false,,3fc8d4acf5760ba381d533cf01dd9c5ae7c5870f446f4ffad8bebcdd0addc4a6,
F329,Float64,680,0.074873,318,false,0.123066,false,0.007617,0.0,7.45,1.1751344917876696,0.4126957345836312,0.08010000000000005,1.0,1.1,1.33,2.549899999999998,false,,76fe8b2bedd53a3a2afd06a65149822736b1f898f8c09c03287d902e92acc18a,
F330,Float64,404,0.044484,121,false,0.606015,false,0.00726,0.0,4.6,1.0039571329799493,0.1542158988215906,0.6276999999999999,1.0,1.0,1.0,1.4322999999999955,false,,bb43213ea80e7610e1a4128d9c162bbd9b12bf13b1efa38b21e12ae2f8fbcf07,F324
F331,Float64,1007,0.110879,223,false,0.133498,false,0.034799,0.0,11.0,0.9869560371517028,0.3539371092782359,0.0,0.9,1.0,1.08,1.9926000000000021,false,,d600dd08f077881ec2a056d59adda597905a9e0916b68c9f374301e5cc642b10,F325
F332,Float64,680,0.074873,184,false,0.163532,false,0.007498,0.0,8.7,1.0254939300166628,0.25237911056100454,0.44,0.96,1.0,1.06,1.9098999999999977,false,,cb11612a46cc4d2288454a9ae28e3aa69aaac66b2113e82aeaf1023f2d5aaff6,F326
F333,Float64,404,0.044484,301,false,0.142314,false,0.007721,0.0,10.6,1.1468656372436046,0.4034633633491335,0.09,1.0,1.08,1.29,2.45,false,,7295629a10dfe6e7463738b5144b68774a30a4c5bc2b075c66c06bd189a787a4,F327
F334,Float64,1007,0.110879,299,false,0.104892,false,0.04161,0.0,12.4,1.0968866873065015,0.501830177548455,0.0,0.95,1.07,1.3,2.42,false,,3fc8d4acf5760ba381d533cf01dd9c5ae7c5870f446f4ffad8bebcdd0addc4a6,F328
F335,Float64,680,0.074873,318,false,0.123066,false,0.007617,0.0,7.45,1.1751344917876696,0.4126957345836312,0.08010000000000005,1.0,1.1,1.33,2.549899999999998,false,,76fe8b2bedd53a3a2afd06a65149822736b1f898f8c09c03287d902e92acc18a,F329
F336,Float64,7726,0.850694,212,false,0.276549,false,0.276549,0.0,3.56,0.9490855457227139,0.7185825044424466,0.0,0.0,1.0,1.5,2.4345000000000003,false,,bed69705b249f1c0a06e7b716d752a51bf78a72ac015c68ad917be35f188ff61,
F337,Float64,7726,0.850694,212,false,0.276549,false,0.276549,0.0,3.56,0.9490855457227139,0.7185825044424466,0.0,0.0,1.0,1.5,2.4345000000000003,false,,bed69705b249f1c0a06e7b716d752a51bf78a72ac015c68ad917be35f188ff61,F336
F338,Float64,7726,0.850694,221,false,0.276549,false,0.276549,0.0,3.56,0.9543067846607669,0.7316033067916934,0.0,0.0,1.04,1.52,2.4345000000000003,false,,19fe82beb740c5b1bb3f14a325af20a28770522901a46dccdf35e4cf4cfb5fbb,
F339,Float64,7726,0.850694,221,false,0.276549,false,0.276549,0.0,3.56,0.9543067846607669,0.7316033067916934,0.0,0.0,1.04,1.52,2.4345000000000003,false,,19fe82beb740c5b1bb3f14a325af20a28770522901a46dccdf35e4cf4cfb5fbb,F338
F340,Float64,7718,0.849813,207,false,0.313783,false,0.313783,0.0,13.5,0.9659017595307918,0.8444706261573885,0.0,0.0,1.0,1.54,2.76,false,,b485ed19404c286f0d710259bdbec409257f51491905af53ca65d225f68f68b1,
F341,Float64,9067,0.998348,10,false,0.4,true,0.4,0.0,3.25,1.1613333333333336,1.1311402310156873,0.0,0.0,1.06,2.0549999999999997,3.2205999999999997,false,0.0:6; 3.04:1; 1.53:1; 0.97:1; 2.33:1,89fdc9567a25e796fd5e52d122fcf6702c653c89727da711cc04f9a893581d4b,
F342,Float64,7721,0.850143,205,false,0.314475,false,0.314475,0.0,13.5,0.963945628214548,0.843703354538972,0.0,0.0,1.0,1.54,2.7300000000000044,false,,4027b2dbf22b9a52776ce87d945b23d1f68a97e28854f603aef4ed9242832241,
F343,Float64,7718,0.849813,221,false,0.315249,false,0.315249,0.0,13.5,0.9599046920821114,0.8570798337122881,0.0,0.0,1.0,1.57,2.77,false,,28f8370b8e1503a8910dc56fd3daef8f28a2bdc432df959b3ce30d49bc31fea7,
F344,Float64,9067,0.998348,10,false,0.4,true,0.4,0.0,3.25,1.1833333333333333,1.1704680924978499,0.0,0.0,1.13,2.125,3.2205999999999997,false,0.0:6; 2.33:1; 1.88:1; 3.04:1; 1.13:1,1e4f85314bcd5f4f4996b43d5d99c6bfbd9d59da99bde612fa61844c59fad656,
F345,Float64,7721,0.850143,219,false,0.315944,false,0.315944,0.0,13.5,0.957964731814842,0.8563182910901143,0.0,0.0,1.0,1.56,2.77,false,,512f30d133a5767b16a2e6f79f94066c42a708c5245a9de5fbf4ec71f7c663ac,
F346,Float64,7629,0.840013,208,false,0.231934,false,0.231934,0.0,4.65,1.0069373709566414,0.6990572115827881,0.0,0.57,1.0,1.46,2.6048,false,,d1649a857c2235cad77720e4ebc57e05bf4deedcf54db0796e2faf25a732d4f2,
F347,Float64,9013,0.992403,45,false,0.275362,true,0.275362,0.0,2.68,1.010144927536232,0.7815044813424475,0.0,0.0,1.01,1.46,2.5235999999999987,false,,0a183a0fc3f02019ad458af9c6fafeb7b282486f1e18d37d3253cc36fbbf23e2,
F348,Float64,7689,0.84662,203,false,0.230438,false,0.230438,0.0,4.65,1.0060014357501796,0.695322815430118,0.0,0.58,1.0,1.46,2.6007999999999996,false,,e3a419ea6b35aac3372f6f15cdd151a22e8ab9f431e37b3835366c187e604b52,
F349,Float64,7629,0.840013,228,false,0.234687,false,0.234687,0.0,4.65,1.0069098417068134,0.7225954144325076,0.0,0.28,1.0,1.5,2.6244000000000005,false,,bf1b59b8fdac1d8c2ee4e54a8d63ad038fcac21ed853fb58b8545f11a9e840b6,
F350,Float64,9013,0.992403,45,false,0.275362,true,0.275362,0.0,2.68,1.0204347826086957,0.792637195700253,0.0,0.0,1.01,1.52,2.5235999999999987,false,,3ed860cbc83b59b01739c9fd296c1bcc390086487ac3459236cdf1569de7d48e,
F351,Float64,7689,0.84662,223,false,0.233309,false,0.233309,0.0,4.65,1.005305096913137,0.7190253709622809,0.0,0.29,1.0,1.5,2.612399999999998,false,,c1ea240377a3c50f8b5f11e339cf1867279f3d2aa8deefde36bdfc3e042dc635,
F352,Float64,7928,0.872935,192,false,0.567591,false,0.567591,0.0,13.5,0.697209705372617,0.977212290499374,0.0,0.0,0.0,1.41,3.298200000000002,false,,c3235151b3f3eac0a5aae772c2843cfde6c9cb7bfca771d3fbcf93dd72de0521,
F353,Float64,9020,0.993173,40,false,0.274194,true,0.274194,0.0,4.76,1.2888709677419354,1.0485767694428447,0.0,0.0,1.34,1.95,4.6319,false,,ff097112cff1f1cbe5d7de843e148863f6618c822fc7a996dde593bb8140bdcb,
F354,Float64,7968,0.87734,186,false,0.586176,false,0.586176,0.0,13.5,0.6712208258527828,0.9770491699499348,0.0,0.0,0.0,1.3875,3.3221999999999934,false,,7ec0a7067c50ae61838b11664fd9b162259b863631d62b6bc0243817c0353e0d,
F355,Float64,7928,0.872935,202,false,0.568458,false,0.568458,0.0,13.5,0.6948786828422877,0.9913723280052187,0.0,0.0,0.0,1.4575,3.298200000000002,false,,9e17616a6abd127426974787b1f48821f7a1df5c2498941cbe793521343762b2,
F356,Float64,9020,0.993173,39,false,0.274194,true,0.274194,0.0,4.76,1.2645161290322582,1.0576399128359921,0.0,0.0,1.32,1.95,4.6319,false,,3527466731ab8f7ad3caaced3947814c6c0fb9d25128a50cd352a566debdf094,
F357,Float64,7968,0.87734,193,false,0.587074,false,0.587074,0.0,13.5,0.6678276481149013,0.9884041064542829,0.0,0.0,0.0,1.42,3.3221999999999934,false,,4326a3cd960e871f74e7cf968fb6ae6790ac723b01359d351c1cd7dc8c812966,
F358,Float64,2467,0.271636,259,false,0.1161,false,0.070144,0.0,6.33,1.03432350718065,0.4612389486527463,0.0,0.9,1.0,1.19,2.33,false,,59bba8ebbd750a57887d2b1e73845ee1c08776b6400d1a719eccaaf37d836722,
F359,Float64,3186,0.350804,269,false,0.093792,false,0.093792,0.0,4.64,1.0267825644504749,0.5164690461708062,0.0,0.83,1.01,1.25,2.44,false,,955ab3d3054ea43e460aa0bbbcdf15a05511c5dd64238d591e7bd3dafe31ba73,
F360,Float64,5693,0.626844,236,false,0.142225,false,0.06167,0.0,6.33,1.0665978164650338,0.4815352013506568,0.0,0.92,1.01,1.22,2.5,false,,e03124a9998be19118cb7669a052ce26262cc1e212d6be746b5cb5c059c6b6c3,
F361,Float64,2467,0.271636,296,false,0.094482,false,0.072714,0.0,7.45,1.0952078609221467,0.5471051127643431,0.0,0.89,1.07,1.37,2.5,false,,6172175344d8f26a7e860fafe8af41820bed7baa28c88e219397e80fe67f35a6,
F362,Float64,3186,0.350804,306,false,0.096845,false,0.096845,0.0,6.6,1.082245590230665,0.5967168866440755,0.0,0.82,1.09,1.41,2.5910000000000033,false,,8dfd029fc8e11454e699afc3d2792d8dc417bc83f00781963863f85549213bf8,
F363,Float64,5693,0.626844,268,false,0.132487,false,0.06167,0.0,7.45,1.1067187961050458,0.544569887753254,0.0,0.93,1.04,1.33,2.562399999999998,false,,3755f7bb254b9dd6e9e460806ae08ef70230317a03c92e943fd18b297fa2a6c0,
F364,Float64,2340,0.257652,206,false,0.206319,false,0.02032,0.0,4.94,0.9993355087511123,0.2560497969702546,0.0,0.97,1.0,1.03,1.9018000000000028,false,,a30b802d08cde890dfeede196d5e3ab30dd71992f07702124520ab50e9c6daf9,
F365,Float64,2940,0.323717,257,false,0.085965,false,0.074569,0.0,11.0,0.964814392705959,0.46549514231269745,0.0,0.82,1.0,1.12,2.25,false,,12dd3bdd0ee7a86959443b185c21acecd357a3137ccb2cead2f0c7b3a237be83,
F366,Float64,3323,0.365889,196,false,0.093245,false,0.012155,0.0,8.7,1.0090640736238932,0.25370197275646705,0.0,0.95,1.0,1.07,1.7142000000000006,false,,c48c396247d470da4c8366a42bca62913bccc04b404a76c83bf88170d19a74dc,
F367,Float64,2340,0.257652,279,false,0.07965,false,0.020469,0.0,10.6,1.141505487985761,0.41146986368865573,0.0,0.99,1.1,1.3,2.3459000000000017,false,,af9b228e89db09e8e280839f3b4cc5b3bf405ca44ea5f5e57c85e8015053645a,
F368,Float64,2940,0.323717,289,false,0.08043,false,0.08043,0.0,12.4,1.029993487463367,0.5928968449866293,0.0,0.79,1.04,1.31,2.471800000000003,false,,4d6418a3bee88d762e47f180bfd829cdcc053c386ae99b2768c1c8a2210fb9d3,
F369,Float64,3323,0.365889,273,false,0.058691,false,0.013023,0.0,4.8,1.172253863517972,0.3957002678869745,0.0,1.0,1.14,1.35,2.328400000000001,false,,253caa8187befa4d591eba412bcf485901d8f024080823024175c40403d6bdf2,
F370,Float64,4003,0.440762,268,false,0.131719,false,0.131719,0.0,4.8,1.0127485725536522,0.5690855505429817,0.0,0.79,1.0,1.29,2.5,false,,add953a8ad65fde44d6a0eddef22548f08a91274234fccaa93ac040a60145d1a,
F371,Float64,4444,0.48932,267,false,0.145321,false,0.145321,0.0,4.8,1.0121280724450195,0.5961651735643168,0.0,0.76,1.0,1.33,2.55,false,,cfa908d74a39d241d487a5f82b54ba49f4f49654579153183b7dbea19bf8048c,
F372,Float64,7792,0.857961,209,false,0.209302,false,0.178295,0.0,4.83,1.0184108527131783,0.6366618626273126,0.0,0.74,1.0,1.4,2.5,false,,1ea8ac65e09abb2b89496478ee1f4df594535bc3bd71d3c82896c1ae4ce2f573,
F373,Float64,4003,0.440762,300,false,0.1329,false,0.1329,0.0,5.17,1.058302815514865,0.6447911408601289,0.0,0.71,1.07,1.47,2.5922000000000023,false,,4ddcfd4cd596d912b0bd8fb42322bbfb304bd383ff4e1b9c091238d3719352ba,
F374,Float64,4444,0.48932,302,false,0.146399,false,0.146399,0.0,6.6,1.0509271237602416,0.6759805956616254,0.0,0.65,1.08,1.48,2.68,false,,e64ab6d829e2aa09c28a6a31e61a2738cd58366bca4d3e0d4c0bd2fd2f3ab8ee,
F375,Float64,7792,0.857961,223,false,0.202326,false,0.18062,0.0,4.83,1.0497441860465118,0.6796476604176308,0.0,0.6924999999999999,1.0,1.4975,2.6,false,,30dbba28b03d28d99d598f136bafc66c69ec227143a5e20cf1c6f7dd7f3c7a38,
F376,Float64,7569,0.833407,220,false,0.128883,false,0.128883,0.0,6.76,1.0545274289491078,0.6310179603623552,0.0,0.81,1.02,1.33,2.989199999999989,false,,f64cc045d381bb811b9215c4e94b0ac47d47625653d863cf7aaf6e542447f5ac,
F377,Float64,8368,0.921383,189,false,0.197479,false,0.197479,0.0,6.76,1.0446638655462184,0.7288844257227945,0.0,0.615,1.0550000000000002,1.5,2.9883000000000006,false,,79d878b622fe0bbe80530c8ed4a20ced0377a040221fbabed88f9e4ce075f296,
F378,Float64,7904,0.870293,199,false,0.119694,false,0.119694,0.0,6.33,1.047648556876061,0.5987482602932548,0.0,0.82,1.02,1.31,2.8230000000000017,false,,3a9ccd0ca170738a2dbf33d851293971866d882df5ec77e8ac59ed75f3396a4a,
F379,Float64,7569,0.833407,239,false,0.131527,false,0.131527,0.0,6.76,1.0935558493060147,0.6743263116430943,0.0,0.8,1.07,1.45,3.0,false,,3311cbc7578ea19d9d24803b75f97e4bd8b422980bc7c8c9fa5b8007b55dc57c,
F380,Float64,8368,0.921383,204,false,0.203081,false,0.203081,0.0,6.76,1.0692857142857144,0.760829688383603,0.0,0.51,1.0950000000000002,1.5875000000000001,2.8996000000000004,false,,3b1d20a6941ab028d3bd7d81647b8079d7cb291653d9d2b026e0a791477fd708,
F381,Float64,7904,0.870293,221,false,0.120543,false,0.120543,0.0,6.33,1.0930984719864176,0.6441800243067395,0.0,0.83,1.06,1.43,3.0,false,,da115067058523f29208617c30b0424cb1fcd6205c226fc71e627bce96197524,
F382,Float64,8734,0.961682,136,false,0.261494,false,0.261494,0.0,4.57,1.0379310344827586,0.7642649356051091,0.0,0.0,1.11,1.58,2.38,false,,a24bc6ce88a60b72f9dd3e070c055de1c37fca02e9e17d41f026c5a43fe6f2de,
F383,Float64,9077,0.999449,4,false,0.4,true,0.4,0.0,2.18,1.204,0.9886273312022079,0.0,0.0,1.85,1.99,2.1724,false,0.0:2; 1.99:1; 2.18:1; 1.85:1,17993399d5f59331857b83f965165664231ec0349e2deac4850e198baddd7da6,
F384,Float64,8734,0.961682,134,false,0.261494,false,0.261494,0.0,4.57,1.0375287356321838,0.7642791561233423,0.0,0.0,1.11,1.58,2.38,false,,5de3c83c38adfed0f9ed0f7caad198c772cdd802088263d642fbf4e4dede7679,
F385,Float64,8734,0.961682,137,false,0.261494,false,0.261494,0.0,4.57,1.0467816091954023,0.7842633182200073,0.0,0.0,1.17,1.61,2.38,false,,55757b6e1d1a7fb5bdbd35077af22fada644a037154492756d49e6198e529eeb,
F386,Float64,9077,0.999449,4,false,0.4,true,0.4,0.0,2.18,1.204,0.9886273312022079,0.0,0.0,1.85,1.99,2.1724,false,0.0:2; 1.85:1; 2.18:1; 1.99:1,17993399d5f59331857b83f965165664231ec0349e2deac4850e198baddd7da6,F383
F387,Float64,8734,0.961682,137,false,0.261494,false,0.261494,0.0,4.57,1.0460632183908045,0.784202696735132,0.0,0.0,1.17,1.61,2.38,false,,941c61daf2b61ec11205a2bddda0a1e1c2f1a57cb5689256d718e1ff7840a754,
F388,Float64,8938,0.984144,53,false,0.451389,false,0.451389,0.0,4.5,0.8636805555555556,0.9023178075007856,0.0,0.0,0.97,1.59,2.9,false,,c6f4721b784774803de2f48416c53b570097eafbfd4a81b1e1771926b64344bd,
F389,Float64,8938,0.984144,53,false,0.451389,false,0.451389,0.0,4.5,0.8636805555555556,0.9023178075007856,0.0,0.0,0.97,1.59,2.9,false,,c6f4721b784774803de2f48416c53b570097eafbfd4a81b1e1771926b64344bd,F388
F390,Float64,9082,1.0,0,true,1.0,true,,,,,,,,,,,,,a85e5e34b55857d604486871e07d90d2182c96ec5983828468fb8dc535a6c290,F128
F391,Float64,8938,0.984144,52,false,0.458333,false,0.458333,0.0,4.5,0.8609027777777778,0.9082613986764038,0.0,0.0,1.0,1.59,2.9,false,,4a415b8a4f44c8f5f0b204bab9e2ad35964c10b9393fa71ee0c41d4afb8318f7,
F392,Float64,8938,0.984144,52,false,0.458333,false,0.458333,0.0,4.5,0.8609027777777778,0.9082613986764038,0.0,0.0,1.0,1.59,2.9,false,,4a415b8a4f44c8f5f0b204bab9e2ad35964c10b9393fa71ee0c41d4afb8318f7,F391
F393,Float64,9082,1.0,0,true,1.0,true,,,,,,,,,,,,,a85e5e34b55857d604486871e07d90d2182c96ec5983828468fb8dc535a6c290,F128
F394,Float64,7611,0.838031,228,false,0.271924,false,0.271924,0.0,4.65,0.9703806934058462,0.7416132427185035,0.0,0.0,1.0,1.5,2.735999999999999,false,,d11983ce89c26f45eb7963b052d4b0e288ca57bead44c87f4b722f7a2c0556d2,
F395,Float64,8724,0.960581,131,false,0.217877,false,0.217877,0.0,3.35,1.0844692737430168,0.7140181545545958,0.0,0.6900000000000001,1.06,1.6175000000000002,2.5619000000000023,false,,c12e43c9c11fe77663d23ecf5a85562e8d3343ec4f97f2b4417a35be0bb9a468,
F396,Float64,7862,0.865668,211,false,0.294262,false,0.294262,0.0,4.65,0.9447131147540985,0.7564543042498781,0.0,0.0,1.0,1.5,2.7280999999999995,false,,f2996b0f66f66a66b5952334f770c68e0a8c433c5325690cb6ea129de80d5bb4,
F397,Float64,7611,0.838031,230,false,0.273283,false,0.273283,0.0,4.65,0.9848470428280082,0.7612821221243161,0.0,0.0,1.0,1.53,2.735999999999999,false,,a4453b98959bceeb2fe4f93a4e68fb6637a36e6e40535169b9c5f8fc0491bf34,
F398,Float64,8724,0.960581,131,false,0.22067,false,0.22067,0.0,3.35,1.0991061452513966,0.7304320944475997,0.0,0.635,1.105,1.6875,2.5619000000000023,false,,e8731d898922f7225c4223be9bf51f9b9a7bafb8e6aaf434ad938b4e5100d197,
F399,Float64,7862,0.865668,216,false,0.295082,false,0.295082,0.0,4.65,0.9564262295081967,0.7746937090996481,0.0,0.0,1.0,1.53,2.7280999999999995,false,,5bf0f6323da66ba0616c1ee9600567ae314569478d2c40b4f0ff2bf68aa24042,
F400,Float64,7479,0.823497,240,false,0.370555,false,0.370555,0.0,4.5,0.8573112913287586,0.8050482143106138,0.0,0.0,0.87,1.5,2.747800000000002,false,,96285ae4483201b16bf5a69a70ed49c732359ec7f9ebd5a9629923d768bacc87,
F401,Float64,8617,0.9488,167,false,0.346237,false,0.346237,0.0,4.0,0.8849032258064516,0.8120321258610735,0.0,0.0,0.87,1.47,3.0072,false,,a96e92f9ddff1d406bab9415c2297c91b339829737924876a14ca8fb7c95e6e7,
F402,Float64,7834,0.862585,217,false,0.401442,false,0.401442,0.0,4.5,0.8585416666666666,0.8330413971812775,0.0,0.0,0.885,1.56,2.64,false,,0e86278fb9f53ac7ff07fdd1d63f613da39aeba372a8df96d8ea7a69cce60c91,
F403,Float64,7479,0.823497,256,false,0.376794,false,0.376794,0.0,4.72,0.8590580162195882,0.8450029539991597,0.0,0.0,0.87,1.59,2.8284000000000016,false,,8351ad9ef1708c80b875f4bac9cd79ec7f86a4152cd2a3cec3fc176e66469d8e,
F404,Float64,8617,0.9488,167,false,0.350538,false,0.350538,0.0,4.72,0.862752688172043,0.8557442545290271,0.0,0.0,0.82,1.53,3.0236,false,,be46c7e13f822898bb340b6e18c18a8255aa5a6f344af91c100864f162f52679,
F405,Float64,7834,0.862585,231,false,0.403846,false,0.403846,0.0,4.5,0.8643910256410257,0.8540790779886382,0.0,0.0,0.925,1.6125,2.64,false,,09857c21cae099fcf1cb542fb3dad31ec422e0088da61614437731430a2d1371,
F406,Float64,5842,0.64325,282,false,0.210494,false,0.200309,0.0,14.6,1.0225802469135803,0.7752081419293267,0.0,0.6375,1.0,1.35,3.0,false,,e5713550bcdd33008eae9796935fef6ad419446bb2458fb8e6103b0696fe6d58,
F407,Float64,7120,0.783968,258,false,0.219164,false,0.219164,0.0,8.0,1.0017176350662589,0.7652530217806774,0.0,0.56,1.0,1.3175000000000001,3.193899999999999,false,,d8a450b5f6072b92958ca96497ecedcca3036334ce211736d5947b1bf654b891,
F408,Float64,7231,0.79619,250,false,0.249595,false,0.21772,0.0,14.6,1.059184224743382,0.8378925958963324,0.0,0.62,1.0,1.5,3.0,false,,1108f2e36613b81921b7ad72025a9e8a22427f654fa0f684b7a4319689125163,
F409,Float64,5842,0.64325,318,false,0.207407,false,0.200926,0.0,14.6,1.0544783950617285,0.8184164773496586,0.0,0.56,1.0,1.5,3.1822000000000026,false,,0bf0cc1950cf4bb0acd7e40b7c5a5bb991e3d4d27fceea326ac13415ebc0a838,
F410,Float64,7120,0.783968,280,false,0.219164,false,0.219164,0.0,8.0,1.028710499490316,0.7917581429730765,0.0,0.49,1.0,1.47,3.2755999999999945,false,,da6195f10d9055632f94dd05d268ac374785be9263faae55006bd08bef595afd,
F411,Float64,7231,0.79619,274,false,0.246894,false,0.21826,0.0,14.6,1.0711507293354943,0.8585986248337804,0.0,0.53,1.0,1.53,3.04,false,,ba458521abea011c6c316c0f971d105a6ea146e4ce77725e6ead7c967941854b,
F412,Float64,7851,0.864457,245,false,0.305443,false,0.305443,0.0,4.0,0.8255645816409423,0.7617114759247431,0.0,0.0,0.77,1.2850000000000001,2.751000000000006,false,,76e8a0ae6383d75bdfba0352f48c4606adde263360b46d6833c5a38a9595285c,
F413,Float64,8208,0.903766,228,false,0.441648,false,0.441648,0.0,6.8,0.7667505720823798,0.879849797109996,0.0,0.0,0.505,1.39,2.9027,false,,1c8a0cbe31b56e00b33d61b5b66f6b0463859038042b9a57b2be70c2340bc010,
F414,Float64,8118,0.893856,230,false,0.247925,false,0.247925,0.0,4.0,0.966908713692946,0.791431543427712,0.0,0.1625,0.92,1.5,3.0592000000000006,false,,850672acf83535fb1699841e33e54244d998753059ddeb1657b317fdbcccf493,
F415,Float64,7851,0.864457,257,false,0.309504,false,0.309504,0.0,4.19,0.8354752233956133,0.8186008237764612,0.0,0.0,0.74,1.4449999999999998,2.8070000000000004,false,,f75f39c896c92001ace6d93a3f114fc850a37eb6d7e8f802318c42badd408f6a,
F416,Float64,8208,0.903766,231,false,0.442792,false,0.442792,0.0,6.8,0.779233409610984,0.9070374402746556,0.0,0.0,0.36,1.53,2.9027,false,,b2979e5d8cd79f2c8faa49d2f0a4c2cafb62db79ad32889af8b7058c82fc0345,
F417,Float64,8118,0.893856,258,false,0.248963,false,0.248963,0.0,4.19,0.9829771784232365,0.845691518644589,0.0,0.01,0.95,1.64,3.1637,false,,7f5cf9898445482f8abbeeac346d34f4bf82bfa7ce3269e26431977722e32e4f,
F418,Float64,52,0.005726,82,false,0.740975,false,0.002879,0.0,2.5,1.0005658914728681,0.07812759553664868,0.86,1.0,1.0,1.0,1.19,false,,22649318365b01af66a20e042c609319187e7418a98cc1f805624ece35bc10d7,
F419,Float64,238,0.026206,217,false,0.176278,false,0.016848,0.0,9.32,1.0068905472636815,0.300486581511091,0.0,0.93,1.0,1.08,1.83,false,,0ccc51d613679fd2cb16ed3a37d52f254f5de56955f7769f2d943a55b7be12b3,
F420,Float64,291,0.032041,166,false,0.187237,false,0.004209,0.0,6.97,1.008405187123194,0.18676442663120282,0.58,0.96,1.0,1.04,1.6120000000000074,false,,ddbc353553a19c4c8501c94d5a17a8eff784320735d29428df75736640518b36,
F421,Float64,52,0.005726,319,false,0.158804,false,0.003212,0.0,22.04,1.1897751937984495,0.48092671289088085,0.39,1.0,1.08,1.33,2.57,false,,94b308d60a0a66d7efc8310accb33d38e73c0628bf61b3fb266b09f7246f75d3,
F422,Float64,238,0.026206,330,false,0.145183,false,0.018883,0.0,20.17,1.172930800542741,0.5309489505266466,0.0,1.0,1.08,1.35,2.5956999999999972,false,,da3c6ce139be18a6d1dfa4e71268c61a9b6d635a40804479c3e5ef61902358fb,
F423,Float64,291,0.032041,327,false,0.139916,false,0.00455,0.0,23.49,1.1916755772949608,0.5060147632157062,0.28900000000000003,1.0,1.08,1.33,2.71,false,,0418a8a6eae581a6e6838d06e8bd04f78259a91d8c3f7e163d6f315be095737a,
F424,Float64,358,0.039419,129,false,0.494269,false,0.00447,0.0,28.41,1.0082072443833103,0.33211629518655833,0.66,1.0,1.0,1.01,1.33,false,,c4578409acd4211f649a04eced29fe8b0ec5c69cf0d1f508e3218e03d1ead35d,
F425,Float64,781,0.085994,220,false,0.132755,false,0.026623,0.0,27.97,1.0038284544030838,0.4451126033910012,0.0,0.92,1.0,1.08,1.9,false,,0f9e2f6ff2e8104cf19b82b6d8436b43a55fed5d113e92798c3399c0b504af61,
F426,Float64,635,0.069919,183,false,0.157334,false,0.004617,0.0,28.61,1.0226044749615248,0.38051031847826705,0.53,0.96,1.0,1.05,1.8407999999999811,false,,12131697b905012612d5156c59eb3a1243b5afecd8a55b3e20c0a67fdd4cd571,
F427,Float64,358,0.039419,315,false,0.133081,false,0.004929,0.0,18.18,1.1871354883081155,0.4610932968613361,0.35,1.0,1.09,1.33,2.593100000000013,false,,c395a70c4245e44b693fd19a164530e7080010f6316e2a2d4d2af623bde0e3e6,
F428,Float64,781,0.085994,319,false,0.102759,false,0.029153,0.0,20.19,1.157077460546922,0.540843984249157,0.0,0.98,1.09,1.35,2.59,false,,2189dcc49fe54c1d372086f0994625a9ade7c34da8ff2852ab9658bfa8bd0c7a,
F429,Float64,635,0.069919,323,false,0.112348,false,0.004735,0.0,11.56,1.1908997277139814,0.4421614584130459,0.27,1.0,1.09,1.34,2.69,false,,a297d2dac2b8f1fbd5aaac30a333dcf487d0f3874e3a07ef684e55c3bd967314,
F430,Float64,358,0.039419,129,false,0.494269,false,0.00447,0.0,28.41,1.0082072443833103,0.33211629518655833,0.66,1.0,1.0,1.01,1.33,false,,c4578409acd4211f649a04eced29fe8b0ec5c69cf0d1f508e3218e03d1ead35d,F424
F431,Float64,781,0.085994,220,false,0.132755,false,0.026623,0.0,27.97,1.0038284544030838,0.4451126033910012,0.0,0.92,1.0,1.08,1.9,false,,0f9e2f6ff2e8104cf19b82b6d8436b43a55fed5d113e92798c3399c0b504af61,F425
F432,Float64,635,0.069919,183,false,0.157334,false,0.004617,0.0,28.61,1.0226044749615248,0.38051031847826705,0.53,0.96,1.0,1.05,1.8407999999999811,false,,12131697b905012612d5156c59eb3a1243b5afecd8a55b3e20c0a67fdd4cd571,F426
F433,Float64,358,0.039419,315,false,0.133081,false,0.004929,0.0,18.18,1.1871354883081155,0.4610932968613361,0.35,1.0,1.09,1.33,2.593100000000013,false,,c395a70c4245e44b693fd19a164530e7080010f6316e2a2d4d2af623bde0e3e6,F427
F434,Float64,781,0.085994,319,false,0.102759,false,0.029153,0.0,20.19,1.157077460546922,0.540843984249157,0.0,0.98,1.09,1.35,2.59,false,,2189dcc49fe54c1d372086f0994625a9ade7c34da8ff2852ab9658bfa8bd0c7a,F428
F435,Float64,635,0.069919,323,false,0.112348,false,0.004735,0.0,11.56,1.1908997277139814,0.4421614584130459,0.27,1.0,1.09,1.34,2.69,false,,a297d2dac2b8f1fbd5aaac30a333dcf487d0f3874e3a07ef684e55c3bd967314,F429
F436,Float64,7273,0.800815,244,false,0.248756,false,0.248756,0.0,3.55,0.9792426755113323,0.7423316702896412,0.0,0.17,1.0,1.5,2.7184000000000017,false,,e356e5101d88a61ea3fb2446c2863ac29c41a0379da4bb747e448774307163e0,
F437,Float64,9082,1.0,0,true,1.0,true,,,,,,,,,,,,,a85e5e34b55857d604486871e07d90d2182c96ec5983828468fb8dc535a6c290,F128
F438,Float64,7273,0.800815,244,false,0.248756,false,0.248756,0.0,3.55,0.9792426755113323,0.7423316702896412,0.0,0.17,1.0,1.5,2.7184000000000017,false,,e356e5101d88a61ea3fb2446c2863ac29c41a0379da4bb747e448774307163e0,F436
F439,Float64,7273,0.800815,260,false,0.248756,false,0.248756,0.0,3.55,0.989657269209508,0.766495469928673,0.0,0.03,1.01,1.55,2.7492000000000005,false,,8d2af3c5e4d217f07359b430fa898730f86e7759fcca59744d770347b7033b55,
F440,Float64,9082,1.0,0,true,1.0,true,,,,,,,,,,,,,a85e5e34b55857d604486871e07d90d2182c96ec5983828468fb8dc535a6c290,F128
F441,Float64,7273,0.800815,260,false,0.248756,false,0.248756,0.0,3.55,0.989657269209508,0.766495469928673,0.0,0.03,1.01,1.55,2.7492000000000005,false,,8d2af3c5e4d217f07359b430fa898730f86e7759fcca59744d770347b7033b55,F439
F442,Float64,6985,0.769104,265,false,0.34907,false,0.34907,0.0,34.97,1.0123843586075345,1.227582128346005,0.0,0.0,1.0,1.67,3.171199999999999,false,,4b7e11605fe44d510a6749d46c485c8a857aa74fa1c0c1f0d07e5fea1ce2aa74,
F443,Float64,9059,0.997468,16,false,0.347826,true,0.347826,0.0,13.05,1.772608695652174,2.6592467344545136,0.0,0.0,1.41,2.125,11.02820000000001,false,0.0:8; 13.05:1; 1.41:1; 1.26:1; 0.88:1,43114e6345d93717573cadbfac8518434d39aa497ef8cf92b35dd6427c5f56d5,
F444,Float64,6989,0.769544,265,false,0.349259,false,0.349259,0.0,34.97,1.011868131868132,1.2280853372654914,0.0,0.0,1.0,1.67,3.172399999999998,false,,bf25fddcf824ef4b87f05628321116eed9a07d659f518f57e621b93d3c836c5a,
F445,Float64,6985,0.769104,286,false,0.355269,false,0.355269,0.0,34.97,1.0172198378636146,1.2430531220398588,0.0,0.0,1.0,1.78,3.171199999999999,false,,cbd4ea1bafbb1fa80f47da884f25038fdfb7dc5b031d3216da79770d910e906b,
F446,Float64,9059,0.997468,16,false,0.347826,true,0.347826,0.0,13.05,1.8134782608695657,2.6531123785105057,0.0,0.0,1.43,2.125,11.02820000000001,false,0.0:8; 2.2:1; 1.43:1; 1.8:1; 13.05:1,697a2e74bb69ade6ff38e68d28efc2d7c9417f524f5c360b8acdaefa22790eb5,
F447,Float64,6989,0.769544,286,false,0.354993,false,0.354993,0.0,34.97,1.0171810797897756,1.2439830086981296,0.0,0.0,1.0,1.78,3.2039999999999966,false,,2892e5ac66f18c1cfcf1074eee1332178643384c0cf00442e48ffc3a8a1e5850,
F448,Float64,7196,0.792336,259,false,0.229056,false,0.229056,0.0,4.67,1.0620731707317073,0.7774577196097037,0.0,0.5,1.0,1.59,3.003000000000002,false,,8eac3f724e8976a18f9113eec289fd6333e6bd2adcd4ca302d813701da19023b,
F449,Float64,9000,0.990971,58,false,0.158537,true,0.158537,0.0,3.1,1.2354878048780487,0.8203570793600535,0.0,0.78,1.08,1.7975,3.0189999999999997,false,,b2076c8061a92c1252d5ed4768dfded2fe312a7d4ffb1bc83b08508466fa25be,
F450,Float64,7264,0.799824,257,false,0.233223,false,0.233223,0.0,4.67,1.0573817381738175,0.779969230540922,0.0,0.4525,1.0,1.5875000000000001,3.0531999999999972,false,,37d447f54718184e1d7ccfbd6eac752776ad80e53446a23dcf63f33c0f160be2,
F451,Float64,7196,0.792336,285,false,0.231707,false,0.231707,0.0,6.75,1.0804825026511133,0.8258453880376444,0.0,0.1825,1.0,1.67,3.063000000000002,false,,ea1c161c3ca2383da9db59ed84e7040ecff5bd75e2080d2cbb07a12bd2be5c83,
F452,Float64,9000,0.990971,57,false,0.158537,true,0.158537,0.0,3.1,1.2458536585365851,0.8442184309004281,0.0,0.8075,1.15,1.8,3.0189999999999997,false,,893b0a1fbc5f8e2316ddfd71093ccb6a997d42a1554a6f059485260a6531b37c,
F453,Float64,7264,0.799824,281,false,0.235974,false,0.235974,0.0,6.75,1.072057205720572,0.8251692182526611,0.0,0.1325,1.0,1.67,3.0682999999999994,false,,e0b384772f37596f1777e9de2e101da79bc8024554e545c22540d7f04a6faf40,
F454,Float64,5686,0.626074,276,false,0.6596,false,0.6596,0.0,9.96,0.5661012956419318,0.8907681504557746,0.0,0.0,0.0,1.13,2.930500000000002,false,,83fbaf431ceb8b6b91953ff7e2d797917701953520284a6431ea1edb28cf785f,
F455,Float64,8971,0.987778,51,false,0.441441,false,0.441441,0.0,3.7,0.8329729729729729,0.8875176380377455,0.0,0.0,0.75,1.5150000000000001,2.6710000000000007,false,,8e135fd430dccc8558e62e73db7850160a77f6deae35323b89f657925ddbe4f4,
F456,Float64,5732,0.631139,270,false,0.666866,false,0.666866,0.0,9.96,0.563955223880597,0.9010957663226763,0.0,0.0,0.0,1.12,2.9701999999999953,false,,5beb50365ab0b95932a4f9850cb0493d634f04c0aa595a9dccd74af1b11a16d9,
F457,Float64,5686,0.626074,276,false,0.665489,false,0.665489,0.0,9.96,0.5890459363957598,0.9322917336170307,0.0,0.0,0.0,1.37,2.98,false,,a892f12b634ecadd8003f308ce4601a13aaea197506191d44c3204c758534b4d,
F458,Float64,8971,0.987778,48,false,0.441441,false,0.441441,0.0,3.7,0.8145945945945947,0.9094288711507313,0.0,0.0,0.48,1.4849999999999999,2.6710000000000007,false,,16e74d5679a0a5db4e3544b40e647b05221ed903d0a3bbb4975f53545a1ba449,
F459,Float64,5732,0.631139,273,false,0.672537,false,0.672537,0.0,9.96,0.5870955223880597,0.9412395192864131,0.0,0.0,0.0,1.3775,3.0,false,,09cb110efd8ca473d08c6fffeebf7188204b3c2e0ec94b380823429e62f00c01,
F460,Float64,2066,0.227483,289,false,0.102908,false,0.056585,0.0,19.98,1.0680159635119728,0.5457864387187483,0.0,0.9,1.01,1.2,2.5685000000000033,false,,1cf931760a863a1444954279d8241d78b9da2f4aa33bd68a25a20879a7eb2c89,
F461,Float64,2676,0.294649,294,false,0.079145,false,0.079145,0.0,27.97,1.0585326256634406,0.6558779363709673,0.0,0.84,1.01,1.25,2.679499999999998,false,,7fb70b86f2c33e17efd231f775db8a43a04e91692f0c1df6dbf55392fd48e607,
F462,Float64,5456,0.600749,276,false,0.123276,false,0.06481,0.0,14.4,1.0900661886376173,0.590093849546559,0.0,0.92,1.01,1.21,2.81,false,,8cb77903e7236fcb3a2c32d866bb5f211f569ff30d8f83eea7dc1d342f458e54,
F463,Float64,2066,0.227483,330,false,0.086517,false,0.059578,0.0,18.17,1.1660832383124287,0.6426279568342065,0.0,0.92,1.09,1.44,2.81,false,,fc814b06c770c4196fd7503ce4fb881ffa5b26245f24ad8f353165ae29ed3f3e,
F464,Float64,2676,0.294649,331,false,0.082891,false,0.082891,0.0,20.19,1.1500062441461132,0.6873489275448383,0.0,0.85,1.1,1.48,2.83,false,,fc524faf7dae99011f50623e9dd5657532ce9026dbc84124be6b27c7f2e24ff2,
F465,Float64,5456,0.600749,314,false,0.114727,false,0.065361,0.0,14.4,1.143830667402096,0.6591341100010273,0.0,0.91,1.04,1.3475000000000001,3.2875,false,,c70024595b19dd73d9a440d94a596422d3568f8e71073c3ae3796191a7663bf3,
F466,Float64,2153,0.237062,211,false,0.18271,false,0.026555,0.0,13.8,0.9884254582190792,0.29999988496393865,0.0,0.97,1.0,1.03,1.9172000000000025,false,,1677da5143961a028561e4a66802ec4dbf91ec56f0631ee5f84a1773dbcbaef3,
F467,Float64,2519,0.277362,264,false,0.089441,false,0.063843,0.0,9.0,0.9773015389303673,0.4400099576142612,0.0,0.83,1.0,1.13,2.31,false,,0def78c4024e6c859e2c394f0fce4cae9bdf0001aca11a5b6169eadbcc48c0eb,
F468,Float64,3266,0.359612,197,false,0.094911,false,0.009457,0.0,17.15,1.002678817056396,0.30195143174089284,0.07199999999999988,0.94,1.0,1.05,1.67,false,,26e1207dace078d16408f9eadea746d075616d776fedc9e974e2a1827ff36901,
F469,Float64,2153,0.237062,278,false,0.076057,false,0.027998,0.0,6.09,1.1363342473661422,0.4149166445095353,0.0,0.97,1.09,1.31,2.34,false,,289237009797c51ff8cbac50c51bf471ee64e6d4b88e89f776d5cf23ceafbf2b,
F470,Float64,2519,0.277362,294,false,0.06948,false,0.06948,0.0,9.0,1.0482904159683073,0.5611026152336644,0.0,0.81,1.04,1.32,2.49,false,,28baa1131241f1edabda77f240786faf7ed74881b36b9175ab3cc5e7f2a9dec3,
F471,Float64,3266,0.359612,274,false,0.054849,false,0.01152,0.0,8.96,1.177928129298487,0.42055150916800677,0.0,0.99,1.12,1.36,2.3985000000000034,false,,6d705329ab5a037b23f71ce640bc59d7ee23e0b009a876bac6dbe93d944b7b76,
F472,Float64,3381,0.372275,295,false,0.108577,false,0.108577,0.0,19.98,1.072057533766006,0.6731143228461118,0.0,0.81,1.01,1.32,2.77,false,,9abce173f815bed26480a8d6762e60a15a626f262fbaee31d9a7876204b41b94,
F473,Float64,3793,0.417639,298,false,0.122518,false,0.122518,0.0,27.97,1.070209869540556,0.7534458644425913,0.0,0.79,1.02,1.34,2.81,false,,b77f4be3176969181b28b29f6ec5100aba0f49ee6d46b5244f0ef1ff1dfa6bc3,
F474,Float64,7517,0.827681,257,false,0.175719,false,0.175719,0.0,5.69,1.0858722044728433,0.7394004714298817,0.0,0.7,1.0,1.5,2.887999999999995,false,,35b8ff3e731a5371437f4fc38c00d0933c1f1baf72402f2748e279ba42ed68f3,
F475,Float64,3381,0.372275,340,false,0.112261,false,0.112261,0.0,18.17,1.1499158042448694,0.7491185441281278,0.0,0.79,1.09,1.56,3.09,false,,057f6eb1cfbdac4ed320473312367654630b245b47d88fb6d4c509e656df7539,
F476,Float64,3793,0.417639,336,false,0.1263,false,0.1263,0.0,20.19,1.1402268859897902,0.7784807510634368,0.0,0.74,1.1,1.58,3.09,false,,4e33ab39b86cf0fde22d332945a6d2a5dbd004f37eb21cbb8b0a639d58c4cdfa,
F477,Float64,7517,0.827681,275,false,0.179553,false,0.179553,0.0,6.88,1.1386134185303514,0.8130835446341091,0.0,0.6,1.03,1.65,3.2871999999999977,false,,ac102b3ec644699cd7791d73463b3ecfae928c1ad36d8f54190089ff3608d153,
F478,Float64,7359,0.810284,251,false,0.12072,false,0.12072,0.0,10.46,1.0915380150899594,0.6984096120628016,0.0,0.79,1.02,1.38,2.9889999999999985,false,,fe597eb1137ff4bad334588ea13234a6fbe9c5c964fe58c6aa35d26e74d53ff5,
F479,Float64,8195,0.902334,217,false,0.195039,false,0.195039,0.0,5.14,1.0686696730552425,0.7417911761794747,0.0,0.56,1.05,1.56,2.78,false,,3d78472818695bed0206c4834f4f1ed3e1b96d4b8f6d71b04749da8460cd74a0,
F480,Float64,7760,0.854437,233,false,0.107413,false,0.107413,0.0,10.46,1.0824886535552194,0.6873054186639397,0.0,0.8,1.02,1.3375000000000001,3.0,false,,0eea36ebe64510ce6ad4615ae56256013cc42da8ef7eebe73b7ea75a1a215a07,
F481,Float64,7359,0.810284,284,false,0.1213,false,0.1213,0.0,10.46,1.1449332559489263,0.7622093719653423,0.0,0.76,1.07,1.565,3.1178,false,,9da581076fdea79efb9ea4fb8a3a93e96b9a16b0521388c06a4a47b59c8fec2d,
F482,Float64,8195,0.902334,236,false,0.197294,false,0.197294,0.0,5.14,1.094193912063134,0.7898395072280632,0.0,0.415,1.1,1.66,2.8027999999999995,false,,9fc392c336e92a28f43c2e50f05f41bc4f02c2ec9dfa152839eb4c1b7159d720,
F483,Float64,7760,0.854437,273,false,0.108926,false,0.108926,0.0,10.46,1.144069591527988,0.7693783497612707,0.0,0.79,1.06,1.5,3.353699999999999,false,,21e7bb357f2933950138ef8075d78483c9e54046a39585c10b8f3336eaa0d7bb,
F484,Float64,8602,0.947148,181,false,0.275,false,0.275,0.0,3.91,1.0393958333333333,0.8413034589151759,0.0,0.0,1.02,1.7025,2.952999999999994,false,,3721970cac4dda7a9002b22af63a664706db3df190e101a5fe925c4c83951282,
F485,Float64,9076,0.999339,6,false,0.166667,true,0.166667,0.0,2.32,1.7666666666666666,0.8087370126039463,0.08950000000000001,1.8575,2.105,2.2474999999999996,2.318,false,2.15:1; 0.0:1; 1.79:1; 2.32:1; 2.06:1,ce2142b4be51471b252bf0f1b14d9945790fb86fbdace1f66337b4a9990b2afe,
F486,Float64,8602,0.947148,181,false,0.275,false,0.275,0.0,3.91,1.0382291666666668,0.8415065789895161,0.0,0.0,1.0150000000000001,1.7025,2.952999999999994,false,,cc926a513128853d604c11b0e8bbe0cda383de5b06494c150111245f1fca76aa,
F487,Float64,8602,0.947148,188,false,0.275,false,0.275,0.0,3.91,1.0515833333333333,0.8755043744734928,0.0,0.0,1.06,1.79,2.9055999999999926,false,,a7d77849d36e6b00e5113ca6a839d4fe7c518dcf7c6e2a7cbffd0c530024a69a,
F488,Float64,9076,0.999339,6,false,0.166667,true,0.166667,0.0,2.32,1.7666666666666666,0.8087370126039463,0.08950000000000001,1.8575,2.105,2.2474999999999996,2.318,false,2.32:1; 2.06:1; 2.15:1; 1.79:1; 2.28:1,ce2142b4be51471b252bf0f1b14d9945790fb86fbdace1f66337b4a9990b2afe,F485
F489,Float64,8602,0.947148,189,false,0.275,false,0.275,0.0,3.91,1.0510625,0.8756689801291448,0.0,0.0,1.0550000000000002,1.79,2.9055999999999926,false,,d70cf2de5768d65b77ceb692255abfecee3352db3c1a3362336d04e37008843f,
F490,Float64,8771,0.965756,100,false,0.536977,false,0.536977,0.0,3.7,0.6859163987138264,0.8446687621604503,0.0,0.0,0.0,1.3650000000000002,2.7469999999999994,false,,34c9e9c26cf4f90e81cafcb2bfeb27e34e5efe0b92dacdd6c4cbca4eaf3eae02,
F491,Float64,8771,0.965756,100,false,0.536977,false,0.536977,0.0,3.7,0.6859163987138264,0.8446687621604503,0.0,0.0,0.0,1.3650000000000002,2.7469999999999994,false,,34c9e9c26cf4f90e81cafcb2bfeb27e34e5efe0b92dacdd6c4cbca4eaf3eae02,F490
F492,Float64,9082,1.0,0,true,1.0,true,,,,,,,,,,,,,a85e5e34b55857d604486871e07d90d2182c96ec5983828468fb8dc535a6c290,F128
F493,Float64,8771,0.965756,101,false,0.536977,false,0.536977,0.0,3.7,0.6875241157556269,0.8521714151513573,0.0,0.0,0.0,1.375,2.7469999999999994,false,,9528c483b69e07ddbad7efdf29fc7ed562e66f6f75bc688cb553053bb28ed4b7,
F494,Float64,8771,0.965756,101,false,0.536977,false,0.536977,0.0,3.7,0.6875241157556269,0.8521714151513573,0.0,0.0,0.0,1.375,2.7469999999999994,false,,9528c483b69e07ddbad7efdf29fc7ed562e66f6f75bc688cb553053bb28ed4b7,F493
F495,Float64,9082,1.0,0,true,1.0,true,,,,,,,,,,,,,a85e5e34b55857d604486871e07d90d2182c96ec5983828468fb8dc535a6c290,F128
F496,Float64,7083,0.779894,271,false,0.263632,false,0.263632,0.0,10.46,1.075967983991996,0.8808482262991593,0.0,0.0,1.0,1.7,2.9602,false,,37fb9ba2c81ba5bf1f28f2ad3183f31377dd496fec96012260c91d3fd6282501,
F497,Float64,8632,0.950451,167,false,0.204444,false,0.204444,0.0,5.24,1.1949111111111113,0.8056804528463908,0.0,0.72,1.21,1.8075,3.0302,false,,ba9ac065e0facef347eb0460a67e8407618c4512c00f831c4adc4fa9047cb43f,
F498,Float64,7369,0.811385,265,false,0.287215,false,0.287215,0.0,10.46,1.0406596614127264,0.9031032167319374,0.0,0.0,1.0,1.66,2.9963999999999964,false,,25f5a15a5a0ddc169f3992bb4a32e30d6000b896c0fff496862d681d713fba2d,
F499,Float64,7083,0.779894,293,false,0.265133,false,0.265133,0.0,10.46,1.0890095047523762,0.912156584269838,0.0,0.0,1.01,1.8,3.0003999999999995,false,,fcda6813caebfd9463d3b8ee2a6c2e8b6df107c570883f0882f0e42ffe7efad6,
F500,Float64,8632,0.950451,163,false,0.204444,false,0.204444,0.0,5.24,1.2237777777777776,0.829305168034298,0.0,0.7024999999999999,1.25,1.87,3.1062999999999987,false,,19edb5aa3c18c0df0a2de0b401efd36d5d98468c5f04470e6fd400cd298ec81e,
F501,Float64,7369,0.811385,283,false,0.288967,false,0.288967,0.0,10.46,1.046725043782837,0.933646388838045,0.0,0.0,1.0,1.75,3.0,false,,8e91ff94e993ed65970dbec1ed47ef7dc6faa486e53e396aa3703b4ef09a3ae7,
F502,Float64,6683,0.735851,275,false,0.331388,false,0.331388,0.0,4.72,0.9275072947061276,0.844200896503117,0.0,0.0,0.9,1.55,2.8605999999999994,false,,2c073fe0dd0945037cc75da04f99eb601094f4292fcb4cd137c5ea975c4352e4,
F503,Float64,8346,0.918961,204,false,0.366848,false,0.366848,0.0,3.77,0.8302717391304347,0.8272447603636721,0.0,0.0,0.75,1.35,3.1349999999999976,false,,d717a46c898ab5f43c608ca8515773ec1917773a6ed1f0ccc7d73f3c12e7f3e8,
F504,Float64,7163,0.788703,268,false,0.349661,false,0.349661,0.0,4.72,0.9566232412714955,0.8753652163006225,0.0,0.0,0.96,1.69,2.8481999999999994,false,,06264fbd9b6ed180310addc3b0a50dc736622e0dcbef7a05e8fc29dbebe3bdea,
F505,Float64,6683,0.735851,306,false,0.338891,false,0.338891,0.0,4.72,0.9400708628595248,0.9088650256382367,0.0,0.0,0.93,1.71,3.0002,false,,41f566cffcd5b497bab4d7c749fb94f78a14e4890d8b97ceb39e3e051d5d7fea,
F506,Float64,8346,0.918961,231,false,0.369565,false,0.369565,0.0,3.77,0.8253260869565218,0.8891710552005319,0.0,0.0,0.505,1.54,3.155999999999999,false,,cc8227fbbb9ee112c80508b80a3021311b4afa680e420d192673f8b1b55dfe6a,
F507,Float64,7163,0.788703,290,false,0.352267,false,0.352267,0.0,4.72,0.9699166232412715,0.9215183300685215,0.0,0.0,1.0,1.78,2.8763999999999985,false,,f57ffddaa83ad021d0c5f0f2e026c4ea9941e39df41f480a04a11e4256648d61,
F508,Float64,5842,0.64325,413,false,0.347222,false,0.347222,0.0,14.67,1.0648487654320988,1.278399453345194,0.0,0.0,1.0,1.41,5.322200000000002,false,,1a0ca74e62089597dbb943dee1446eae39e333487ed94c89b7068a8f6913b436,
F509,Float64,7120,0.783968,357,false,0.373598,false,0.373598,0.0,16.0,1.053139653414883,1.3778494263376544,0.0,0.0,0.93,1.33,6.194999999999936,false,,bec8599dbc480b287ef1a0d1c22dc674c723868245c917596dee5b788c866701,
F510,Float64,7231,0.79619,323,false,0.379795,false,0.379795,0.0,14.6,1.1090437601296597,1.3281785839514695,0.0,0.0,1.0,1.5,5.449999999999999,false,,bc9e87cf82ec72b024420bcacb97aba631e57c4c6d379ff67bdc5370571087e8,
F511,Float64,5842,0.64325,467,false,0.347531,false,0.347531,0.0,15.43,1.127503086419753,1.3853083068143155,0.0,0.0,1.0,1.5,5.8522000000000025,false,,18f2bff38795c797ccc03bc8fab7f72cdab1c41c805a4daf9f7164b749394aa1,
F512,Float64,7120,0.783968,385,false,0.373598,false,0.373598,0.0,16.0,1.0973547400611623,1.4474090830059951,0.0,0.0,0.95,1.45,6.6094999999999935,false,,731ee271e42eae58fda101cf08ac7a7d3624f0e2552d4c4f25df55d47b375ad5,
F513,Float64,7231,0.79619,360,false,0.380335,false,0.380335,0.0,14.6,1.127590491626148,1.37036214609471,0.0,0.0,1.0,1.56,5.625,false,,785f85275e6245e50616067d7ccb1ffcbbf140659bcbb23ec5db95726f063593,
F514,Float64,7851,0.864457,290,false,0.506905,false,0.506905,0.0,9.12,0.7601299756295695,1.1671125608328692,0.0,0.0,0.0,1.1,5.1370000000000005,false,,f81149cbfb5b6d8a3571728a167b0b5bcc0ea8608739ba78b247505b179fa589,
F515,Float64,8208,0.903766,215,false,0.671625,false,0.671625,0.0,9.47,0.6742219679633867,1.305951138580427,0.0,0.0,0.0,0.86,5.529699999999998,false,,c9fc486ab123ca50bc6d482ec396b1b155764a5d0bbe5233c9ea104d0b6431d1,
F516,Float64,8118,0.893856,278,false,0.452282,false,0.452282,0.0,11.4,0.929688796680498,1.3244180224435338,0.0,0.0,0.455,1.37,5.338500000000001,false,,b7fe93bdb70c0cdf4d2e0cc9558bcefc4124f810aba2608e42fd0b90b5b67717,
F517,Float64,7851,0.864457,307,false,0.511779,false,0.511779,0.0,13.05,0.7877173030056864,1.3287987054826937,0.0,0.0,0.0,1.13,5.440000000000005,false,,d00f7960ae8030a732939e6e11d1a98f27a0d9474256a48337e35fbb15e2dc2b,
F518,Float64,8208,0.903766,220,false,0.673913,false,0.673913,0.0,13.23,0.6935469107551487,1.4045217125179634,0.0,0.0,0.0,0.785,5.529699999999998,false,,af33a7823b1a1f2b19402a57998e118515f6631cf462a86bc86e81eefcde65c6,
F519,Float64,8118,0.893856,287,false,0.457469,false,0.457469,0.0,12.88,0.9797199170124482,1.500525780734525,0.0,0.0,0.195,1.4825,5.534400000000001,false,,b330e18f4ad0d335f78f7365db5bd50ff404719ce35c38d6c8daa886a957741a,
F520,Float64,59,0.006496,108,false,0.691234,false,0.005874,0.0,5.0,1.0004743433447854,0.11532892684214784,0.67,1.0,1.0,1.0,1.31,false,,25b2aea92b9a50b4433b3394ce660082119caa219543de216bc42c7a0be35431,
F521,Float64,245,0.026976,298,false,0.124703,false,0.042662,0.0,12.1,1.0026411678171325,0.4846240013360314,0.0,0.86,1.0,1.12,2.4463999999999944,false,,07c7809f4acae99c4debf412151c18279bba0769b6ac8acbe692bdf23b682104,
F522,Float64,297,0.032702,218,false,0.13136,false,0.009562,0.0,14.31,1.0278099032441663,0.32307561920446787,0.23680000000000007,0.94,1.0,1.08,2.113199999999997,false,,4ae7411f311d95b0255e73c1b1028c8fde92903f15d723a277d44a29420b6b2e,
F523,Float64,59,0.006496,499,false,0.116813,false,0.00665,0.0,50.81,1.4038169123351434,0.9855098096971583,0.13,1.0,1.17,1.61,4.511200000000026,false,,17ff9deac836b703a9097b9d5fcbcfd9449be5e1f4a0556119fca1a031b6d5fa,
F524,Float64,245,0.026976,497,false,0.104221,false,0.050583,0.0,46.5,1.3340387009166008,1.0601308076226252,0.0,0.93,1.13,1.6,4.54,false,,3267dae5f5b02de356702e50620ba23d6121359de8aebfe51707fb7eceb7b844,
F525,Float64,297,0.032702,521,false,0.098008,false,0.010017,0.0,54.15,1.4452418895845192,1.0766747070027447,0.008400000000000034,1.0,1.2,1.67,4.791599999999999,false,,b88b87bc4cd8a219d25f6bf7ff247a474585d892a4b3d3e0a3be6c06fa641b54,
F526,Float64,365,0.040189,156,false,0.423311,false,0.011701,0.0,15.13,1.0100286795916025,0.2626226678929103,0.0,1.0,1.0,1.01,1.57,false,,12f37b0eccc0c82bec10b4ccf26bbf17f05c0ffdca13d7f42b15c9e6dafbfb51,
F527,Float64,788,0.086765,301,false,0.083916,false,0.060285,0.0,48.42,1.0004448999276583,0.7527482369058397,0.0,0.83,1.0,1.13,2.69,false,,4f6828df6f3be0092890b18e7f2a9e7669e95bfacbb879a54c1dc953d5330a1d,
F528,Float64,641,0.070579,247,false,0.102713,false,0.012084,0.0,14.31,1.04573154839474,0.37683285178720205,0.0,0.94,1.0,1.1,2.3660000000000037,false,,20d7dd4f106663d83d55a248d0d08d06a39496fef080ff48ec5f7f3acbcfe7ee,
F529,Float64,365,0.040189,488,false,0.090857,false,0.01239,0.0,41.87,1.3940449695996329,0.9371341509779746,0.0,1.0,1.18,1.62,4.515200000000004,false,,5a2bfbe6c0496d75e276940f7ea3a3ea9f7b35ea869f53de43ac4e42f9a7598a,
F530,Float64,788,0.086765,480,false,0.068966,false,0.068966,0.0,46.54,1.3019881842295633,1.0619586275835164,0.0,0.89,1.13,1.59,4.2906999999999975,false,,e643362c848cb985331dc2fa300ff3a34ec0fde341dfeca607c7e8288b285b67,
F531,Float64,641,0.070579,500,false,0.073333,false,0.012084,0.0,20.96,1.438801089918256,0.9019559277264878,0.0,1.0,1.21,1.68,4.756000000000004,false,,4f7d3b39cf72bb316d3667df87acc1694201a68a5502a8eb1f77a7e40cda4cfd,
F532,Float64,365,0.040189,156,false,0.423311,false,0.011701,0.0,15.13,1.0100286795916025,0.2626226678929103,0.0,1.0,1.0,1.01,1.57,false,,12f37b0eccc0c82bec10b4ccf26bbf17f05c0ffdca13d7f42b15c9e6dafbfb51,F526
F533,Float64,788,0.086765,301,false,0.083916,false,0.060285,0.0,48.42,1.0004448999276583,0.7527482369058397,0.0,0.83,1.0,1.13,2.69,false,,4f6828df6f3be0092890b18e7f2a9e7669e95bfacbb879a54c1dc953d5330a1d,F527
F534,Float64,641,0.070579,247,false,0.102713,false,0.012084,0.0,14.31,1.04573154839474,0.37683285178720205,0.0,0.94,1.0,1.1,2.3660000000000037,false,,20d7dd4f106663d83d55a248d0d08d06a39496fef080ff48ec5f7f3acbcfe7ee,F528
F535,Float64,365,0.040189,488,false,0.090857,false,0.01239,0.0,41.87,1.3940449695996329,0.9371341509779746,0.0,1.0,1.18,1.62,4.515200000000004,false,,5a2bfbe6c0496d75e276940f7ea3a3ea9f7b35ea869f53de43ac4e42f9a7598a,F529
F536,Float64,788,0.086765,480,false,0.068966,false,0.068966,0.0,46.54,1.3019881842295633,1.0619586275835164,0.0,0.89,1.13,1.59,4.2906999999999975,false,,e643362c848cb985331dc2fa300ff3a34ec0fde341dfeca607c7e8288b285b67,F530
F537,Float64,641,0.070579,500,false,0.073333,false,0.012084,0.0,20.96,1.438801089918256,0.9019559277264878,0.0,1.0,1.21,1.68,4.756000000000004,false,,4f7d3b39cf72bb316d3667df87acc1694201a68a5502a8eb1f77a7e40cda4cfd,F531
F538,Float64,7276,0.801145,344,false,0.456811,false,0.456811,0.0,9.46,0.9523145071982282,1.205945111999753,0.0,0.0,0.61,1.55,4.934500000000005,false,,804948bc17aa186b62c2d1ecd7872b1a5fef3ce0cf2f37a4472de726c06eb330,
F539,Float64,9082,1.0,0,true,1.0,true,,,,,,,,,,,,,a85e5e34b55857d604486871e07d90d2182c96ec5983828468fb8dc535a6c290,F128
F540,Float64,7276,0.801145,344,false,0.456811,false,0.456811,0.0,9.46,0.9523145071982282,1.205945111999753,0.0,0.0,0.61,1.55,4.934500000000005,false,,804948bc17aa186b62c2d1ecd7872b1a5fef3ce0cf2f37a4472de726c06eb330,F538
F541,Float64,7276,0.801145,374,false,0.456811,false,0.456811,0.0,9.46,0.9691362126245847,1.2386584597441432,0.0,0.0,0.48,1.6175000000000002,4.825000000000005,false,,e7497d2c9c47ffdb4a1ba003c22c0fc425d02841d518dd1b8500697aded5f384,
F542,Float64,9082,1.0,0,true,1.0,true,,,,,,,,,,,,,a85e5e34b55857d604486871e07d90d2182c96ec5983828468fb8dc535a6c290,F128
F543,Float64,7276,0.801145,374,false,0.456811,false,0.456811,0.0,9.46,0.9691362126245847,1.2386584597441432,0.0,0.0,0.48,1.6175000000000002,4.825000000000005,false,,e7497d2c9c47ffdb4a1ba003c22c0fc425d02841d518dd1b8500697aded5f384,F541
F544,Float64,6986,0.769214,368,false,0.553435,false,0.553435,0.0,19.5,0.9465601145038168,1.5166871256244978,0.0,0.0,0.0,1.33,5.760500000000001,false,,d7582880082fc231670778e8c2858e08d66d709ecc9f322eb19423ef272cb704,
F545,Float64,9059,0.997468,10,false,0.608696,true,0.608696,0.0,6.69,1.2769565217391303,1.9116040038864897,0.0,0.0,0.0,2.12,6.371000000000002,false,0.0:14; 2.31:1; 2.67:1; 6.69:1; 4.47:1,7cb38ec07a1fe0f37c5558bc46071ab875614dd9f86dafa4270a61b17a980a66,
F546,Float64,6990,0.769654,369,false,0.554015,false,0.554015,0.0,19.5,0.9439435946462715,1.514926429462696,0.0,0.0,0.0,1.33,5.760900000000001,false,,40ac2af9ea4eb0011d01442776d95266218d0fab36709385ff31dee5d950d5d6,
F547,Float64,6986,0.769214,389,false,0.557252,false,0.557252,0.0,19.5,0.9475954198473283,1.5502669803490952,0.0,0.0,0.0,1.3025,5.775000000000018,false,,e0897cb7a49eb7f482c461c4975abba4064c2400411f10058112226eea28d1ec,
F548,Float64,9059,0.997468,10,false,0.608696,true,0.608696,0.0,6.69,1.316521739130435,1.9748783313005522,0.0,0.0,0.0,2.465,6.371000000000002,false,0.0:14; 2.62:1; 0.62:1; 6.69:1; 4.47:1,3c358d94fcadeffc1e1cb059fbe910455fdbdb36b70d78faaf1b20e232d5e347,
F549,Float64,6990,0.769654,388,false,0.557361,false,0.557361,0.0,19.5,0.9444455066921607,1.5484260893258837,0.0,0.0,0.0,1.2925,5.779000000000014,false,,8b83a6e9ded7d63e1fe32545f6c963da96543cb68b2f384a4dc07bc5f642865c,
F550,Float64,7197,0.792447,343,false,0.407958,false,0.407958,0.0,9.17,1.0777294429708222,1.2886847039991745,0.0,0.0,1.0,1.57,5.268000000000004,false,,5ff01689f3cdbcc404107206456822e3d071f5a7330449e7fdc916cb8a01f8e3,
F551,Float64,9000,0.990971,46,false,0.390244,true,0.390244,0.0,7.35,1.3604878048780487,1.7118873498661549,0.0,0.0,0.99,1.7675,7.2852,false,,9a0d4fc5642e82c8a2d9815b669a57cdaeee98854ca4938d821bbb3503f20157,
F552,Float64,7265,0.799934,340,false,0.410017,false,0.410017,0.0,9.17,1.0664061640066043,1.2742759136685158,0.0,0.0,1.0,1.56,5.196799999999999,false,,d29c5a2ee8e159a89460b4ee1ed5a56cd7c7ffbe384b5e8575eb2494b4b46ad3,
F553,Float64,7197,0.792447,374,false,0.41061,false,0.41061,0.0,9.17,1.0938355437665783,1.3588571748938567,0.0,0.0,0.89,1.64,5.367200000000014,false,,bdedde93411241d236a203da7047ecabc16db22744e69a7766bc5fe0fda433e1,
F554,Float64,9000,0.990971,49,false,0.390244,true,0.390244,0.0,7.35,1.3859756097560976,1.7571684954370015,0.0,0.0,0.915,1.905,7.2852,false,,c5a99e2fce6b94ec141bdf42569a1cac53706b13c02a58afd6717e049b625ae4,
F555,Float64,7265,0.799934,370,false,0.412768,false,0.412768,0.0,9.17,1.078591084204733,1.3365744897441643,0.0,0.0,0.89,1.62,5.326799999999999,false,,a1dd89fcd0e777bfe8a4f5e39767bb0689a3e6c2f97b75952e6158ce1c2a9874,
F556,Float64,5689,0.626404,290,false,0.852933,false,0.852933,0.0,19.5,0.3513115237253168,1.1007859185986857,0.0,0.0,0.0,0.0,5.003999999999996,false,,170195af7652a20b14d2c5ae1746da2de0918a95ffedb288824c7b9bf53c722c,
F557,Float64,8971,0.987778,40,false,0.594595,false,0.594595,0.0,7.12,1.0015315315315314,1.539964430499601,0.0,0.0,0.0,1.8050000000000002,5.528000000000001,false,,d11a9c53029be8d2ad81e12470f94e4776efb8f9a01da7876c82553deaa2c572,
F558,Float64,5735,0.631469,282,false,0.862265,false,0.862265,0.0,19.5,0.3436838960262922,1.1252987622497783,0.0,0.0,0.0,0.0,5.131599999999999,false,,b7dbd26f927c0d1c7bae1b502ad7cdc5eb4e6b0e57ad454c2c3410a394d9f49c,
F559,Float64,5689,0.626404,319,false,0.85588,false,0.85588,0.0,19.5,0.38091954022988506,1.204996882280397,0.0,0.0,0.0,0.0,5.350799999999999,false,,d6e69ae90831765ad558c65637d6236534b7fcbdecf634a350576054b2f4494a,
F560,Float64,8971,0.987778,44,false,0.594595,false,0.594595,0.0,7.12,0.9184684684684684,1.5158544691124822,0.0,0.0,0.0,1.44,5.528000000000001,false,,fc800ab6e0277daa0d448f6466c005710f1e07528ef1ee6bac6265adccb8a1c7,
F561,Float64,5735,0.631469,303,false,0.864954,false,0.864954,0.0,19.5,0.36843441888258144,1.2061163710167857,0.0,0.0,0.0,0.0,5.3854,false,,f53293c4588cc9cacc3e3ab017e38604009383ff09d290299eb36404ae8ce9d4,
F562,Float64,2071,0.228033,431,false,0.122664,false,0.122664,0.0,34.58,1.1174768221366425,0.9343838199301778,0.0,0.79,1.01,1.3,4.267999999999993,false,,5db3769f93a9cfd8a844311a3fb1e9eece6e35653a5e5400fefddbaaf589d9c8,
F563,Float64,2681,0.295199,438,false,0.165287,false,0.165287,0.0,48.42,1.1027839400093735,1.1162967705563531,0.0,0.65,1.0,1.36,4.41,false,,b6d4734963357f3ddfd5b56c4dc7fb0a44eeb13bc5339bb3b7f435fd9cf92fc9,
F564,Float64,5458,0.600969,385,false,0.122517,false,0.122517,0.0,17.67,1.1890259381898454,1.0170314089271917,0.0,0.81,1.02,1.33,4.8485,false,,f09edf0f87142824c3f601add965fc0a354390a9c7ef1b774a9f2c9f143a9d19,
F565,Float64,2071,0.228033,526,false,0.12623,false,0.12623,0.0,41.89,1.313551561831408,1.2030606837214652,0.0,0.72,1.1,1.68,5.0,false,,7a8dce5d20df683b08e23892550b3ca62ab5b6d52e584a1671101a744ce7141f,
F566,Float64,2681,0.295199,521,false,0.170286,false,0.170286,0.0,46.54,1.2802343383846275,1.292527696792549,0.0,0.5,1.07,1.71,5.09,false,,3db36801aee60b0fe10cecbc78cb20444a126bd317911b9154b417dc73672490,
F567,Float64,5458,0.600969,454,false,0.122517,false,0.122517,0.0,23.08,1.3044701986754965,1.2032429257199495,0.0,0.77,1.06,1.57,5.67,false,,57d841af9f60295d6551023751cfab8bb5d831aae79587d4530c92e010376fb1,
F568,Float64,2157,0.237503,262,false,0.118845,false,0.046209,0.0,15.2,0.9942758122743683,0.4890456473860373,0.0,0.94,1.0,1.04,2.48,false,,afeaa272fa06ba971a3bb6e4001b919b8296b8de29ee4dd50b55ea1eae7817ec,
F569,Float64,2522,0.277692,353,false,0.133537,false,0.133537,0.0,15.2,0.9516509146341463,0.7071867164475696,0.0,0.65,0.97,1.16,3.6,false,,210b0483a07eca72a5ca6e3b7e9dbb051dbcc5d060deb330085369098ab486de,
F570,Float64,3269,0.359943,246,false,0.052985,false,0.021331,0.0,17.15,1.017502150352658,0.4446713639536188,0.0,0.91,1.0,1.1,2.2176000000000022,false,,003ca5c65baa455e23c6ff62adc8672d886077d591753ac19d522a74b9043bfa,
F571,Float64,2157,0.237503,440,false,0.047365,false,0.047365,0.0,11.06,1.325803610108303,0.783293191753187,0.0,0.95,1.18,1.59,4.17,false,,53615e5c3c7e2fdff47edb0407792b6230b5039319f018d09bd1102ff1296e0d,
F572,Float64,2522,0.277692,458,false,0.14253,false,0.14253,0.0,21.19,1.113140243902439,0.996654090782309,0.0,0.44,1.01,1.48,4.19,false,,15ccf10afd83f3fa7f328d7cfd6a0eb3273e00d345b973a01742e3c2e37fe71e,
F573,Float64,3269,0.359943,434,false,0.026664,false,0.023224,0.0,8.96,1.4179012558059523,0.7958521616631772,0.0,0.99,1.27,1.71,4.287600000000002,false,,82126dbeccba6529dbd093c0cae5ffda6bb72f01c263e6665e5b1d55ecaf6777,
F574,Float64,3385,0.372715,441,false,0.225908,false,0.225908,0.0,34.58,1.0995997893628227,1.1257523365482163,0.0,0.44,1.0,1.4,4.53,false,,f6d463938470cb825a631f6affa7514d0048e6f97ae9407f4dffa0bb5ddd1567,
F575,Float64,3797,0.41808,438,false,0.249953,false,0.249953,0.0,48.42,1.0977710501419111,1.2653756826920146,0.0,0.15,0.98,1.42,4.69,false,,c10e4ac0657618f801439220972d5066816c96983ba4000252c058785c9f72c6,
F576,Float64,7517,0.827681,338,false,0.322684,false,0.322684,0.0,10.23,1.1175079872204472,1.193559575722479,0.0,0.0,1.0,1.57,4.910399999999986,false,,04e481d5775844e0cba201b5d3f30c286b3742e3c8247c192d02ebe91f505c3c,
F577,Float64,3385,0.372715,523,false,0.228015,false,0.228015,0.0,41.89,1.2506424433912586,1.370008324797811,0.0,0.11,1.0,1.79,5.14,false,,b7e1ef2974c32307778536fea2b2c952bbff2787be3bc63646d715bbe9619577,
F578,Float64,3797,0.41808,521,false,0.252412,false,0.252412,0.0,46.54,1.231228003784295,1.4303134290258688,0.0,0.0,1.0,1.79,5.34119999999999,false,,1ef112d1fcbea892fe5684fec7916f7a2037da31eb8d97544769f1eedb54bb89,
F579,Float64,7517,0.827681,384,false,0.325879,false,0.325879,0.0,23.08,1.2350862619808305,1.4545696449410015,0.0,0.0,1.0,1.88,5.67,false,,fdd0ad830725df332bda30f95d097ac23ff0ccf8a9988e102e2f1febf0903d78,
F580,Float64,7362,0.810614,354,false,0.233721,false,0.233721,0.0,17.67,1.2125232558139534,1.362466182441376,0.0,0.3675,1.0,1.51,6.479199999999983,false,,5a30b3251f1751ad2cc6faf99fc48d38ed2927c3569b5c9ab6be53025d236c1e,
F581,Float64,8196,0.902444,277,false,0.353273,false,0.353273,0.0,16.71,1.162155756207675,1.4043107539191464,0.0,0.0,0.95,1.6575,6.071499999999995,false,,f7f37c13b80117058731012c8fdfbd31614ad41d4f9af5f93493136dff7ca11d,
F582,Float64,7762,0.854658,299,false,0.214394,false,0.214394,0.0,17.67,1.1948030303030301,1.3352402884386037,0.0,0.46749999999999997,1.01,1.5,5.692899999999995,false,,d0f3107c8a658d2afe39d48b9924063789fc88b298be819154b52640f1f7453e,
F583,Float64,7362,0.810614,417,false,0.236047,false,0.236047,0.0,17.67,1.3387441860465115,1.5883692250306092,0.0,0.14,1.04,1.8,7.196199999999999,false,,dc9256c259ae7f22a63a13740f08ab5e048391acf4cbb08615ff05b918c716f4,
F584,Float64,8196,0.902444,318,false,0.358916,false,0.358916,0.0,16.71,1.227392776523702,1.538045459159098,0.0,0.0,0.95,1.8575000000000002,6.071499999999995,false,,d7e1e9ce434df2d726921398efa9a36cb0e837ea740dfccc20fe96e12b6e7340,
F585,Float64,7762,0.854658,356,false,0.215152,false,0.215152,0.0,17.67,1.334621212121212,1.553542630572007,0.0,0.32,1.05,1.75,7.024899999999985,false,,4ed720cd80059d15189772e383fd40ef1c3d10265e093f4a84751b59d450b878,
F586,Float64,8603,0.947258,188,false,0.463466,false,0.463466,0.0,12.43,1.136179540709812,1.4742994575461508,0.0,0.0,0.67,1.835,4.890799999999996,false,,da068fb9dd653aae38cf846ae515f5e160f929cfebfe55b62f00565f121190f3,
F587,Float64,9076,0.999339,4,false,0.5,true,0.5,0.0,4.61,2.2183333333333333,2.2212940422695557,0.0,0.0,2.11,4.415,4.6035,false,0.0:3; 4.48:1; 4.22:1; 4.61:1,078a96898da82bfe4c1f650cced5f7b6ed4ddcff7f802e4773ed39cb491875a3,
F588,Float64,8603,0.947258,188,false,0.463466,false,0.463466,0.0,12.43,1.1358037578288103,1.4743366687585313,0.0,0.0,0.67,1.835,4.890799999999996,false,,009c7ea538cfd2080682ebc3921073e2ffcbfc8e73abff5609c96e882c31c6cb,
F589,Float64,8603,0.947258,192,false,0.463466,false,0.463466,0.0,12.43,1.1679331941544886,1.5377905237419933,0.0,0.0,0.37,2.12,4.890799999999996,false,,58257b1dd2c214b0bdec84b30caeb623f8a8fc26684a3979e28f65f49a8776da,
F590,Float64,9076,0.999339,4,false,0.5,true,0.5,0.0,4.61,2.2183333333333333,2.2212940422695557,0.0,0.0,2.11,4.415,4.6035,false,0.0:3; 4.61:1; 4.22:1; 4.48:1,078a96898da82bfe4c1f650cced5f7b6ed4ddcff7f802e4773ed39cb491875a3,F587
F591,Float64,8603,0.947258,192,false,0.463466,false,0.463466,0.0,12.43,1.1670772442588726,1.5378072588017342,0.0,0.0,0.37,2.12,4.890799999999996,false,,f88d13ad51af40c032b39a865973d4a29856ff2eda10909ea0c857e2e207baa4,
F592,Float64,8771,0.965756,68,false,0.745981,false,0.745981,0.0,14.83,0.6112540192926046,1.405724414101229,0.0,0.0,0.0,0.59,4.7179999999999875,false,,13bacf80cf024bfc70c9f01e33312282c4b97759c4a2ef306d001a580c067c88,
F593,Float64,8771,0.965756,68,false,0.745981,false,0.745981,0.0,14.83,0.6112540192926046,1.405724414101229,0.0,0.0,0.0,0.59,4.7179999999999875,false,,13bacf80cf024bfc70c9f01e33312282c4b97759c4a2ef306d001a580c067c88,F592
F594,Float64,9082,1.0,0,true,1.0,true,,,,,,,,,,,,,a85e5e34b55857d604486871e07d90d2182c96ec5983828468fb8dc535a6c290,F128
F595,Float64,8771,0.965756,65,false,0.749196,false,0.749196,0.0,14.83,0.6078778135048232,1.412000928373069,0.0,0.0,0.0,0.03,4.7179999999999875,false,,a70199a0fd74a9074880385cb0d1232e4a981e9ec1f5777cae7fc4ed94428bfc,
F596,Float64,8771,0.965756,65,false,0.749196,false,0.749196,0.0,14.83,0.6078778135048232,1.412000928373069,0.0,0.0,0.0,0.03,4.7179999999999875,false,,a70199a0fd74a9074880385cb0d1232e4a981e9ec1f5777cae7fc4ed94428bfc,F595
F597,Float64,9082,1.0,0,true,1.0,true,,,,,,,,,,,,,a85e5e34b55857d604486871e07d90d2182c96ec5983828468fb8dc535a6c290,F128
F598,Float64,7085,0.780115,390,false,0.463696,false,0.463696,0.0,11.0,1.0492338507761643,1.3945371507037319,0.0,0.0,0.68,1.51,5.681199999999999,false,,73073e7c944511fa40c10fc65df822b2f730f0d4a2c928450f052ec0d3ee6638,
F599,Float64,8632,0.950451,173,false,0.377778,false,0.377778,0.0,8.88,1.319,1.4416105576749916,0.0,0.0,1.0,2.1125,5.1754999999999995,false,,6a3da39e5bc5a42709ef407054b07bfa79b5149138e1a0c440ae6dfd71b98e2b,
F600,Float64,7371,0.811605,352,false,0.496786,false,0.496786,0.0,11.0,0.984541203974284,1.3804744724370432,0.0,0.0,0.22,1.38,5.653000000000016,false,,08c5926c9b1ace86c385e4cc16aeec0601c467b88a27aee4fea036eb2883584e,
F601,Float64,7085,0.780115,418,false,0.463696,false,0.463696,0.0,15.37,1.0814121181772658,1.4909574239304524,0.0,0.0,0.43,1.68,6.042399999999998,false,,6e182d6f4e3fc364b01e2cffa64c68423467cceb8263b1d2e8c042f7d6021705,
F602,Float64,8632,0.950451,186,false,0.377778,false,0.377778,0.0,8.88,1.3688888888888888,1.5067661061908157,0.0,0.0,1.0,2.3575,5.562099999999994,false,,c61e8185b68d0896c61f57fa113d7ab479df558b55a528549a0b878069b941fe,
F603,Float64,7371,0.811605,367,false,0.496786,false,0.496786,0.0,15.37,1.0081940385739334,1.484003683072584,0.0,0.0,0.02,1.4449999999999998,6.012000000000025,false,,70de3666586ce8f1f5e5a47c48f2f57476878256a2123078fe65201e5c4027a0,
F604,Float64,6684,0.735961,394,false,0.579233,false,0.579233,0.0,8.91,0.7872060050041702,1.253587958250848,0.0,0.0,0.0,1.23,5.17,false,,4525e479e5792864d6c66c3cdef87249403048e5a8d0a61e40f4271c4c5ac822,
F605,Float64,8347,0.919071,197,false,0.586395,false,0.586395,0.0,8.91,0.7629251700680272,1.3164662092567234,0.0,0.0,0.0,1.105,6.052799999999998,false,,38ff57edbef797e75845f06a3f60419456d28f1202d4716da7b0d7bfd4696c2a,
F606,Float64,7163,0.788703,365,false,0.610735,false,0.610735,0.0,11.5,0.796039603960396,1.2971554040501219,0.0,0.0,0.0,1.28,5.0081999999999995,false,,2a206a3b51ffbaabb85ee26fe5b63d3d68eb7a215acdaca0d529d79028f9a1ac,
F607,Float64,6684,0.735961,418,false,0.587573,false,0.587573,0.0,8.91,0.8097122602168474,1.3463301525534295,0.0,0.0,0.0,1.26,5.170900000000006,false,,86a483f2a915297f7f3b34cc6b26eb313475ae4d1c790e572d13f0eb98c53031,
F608,Float64,8347,0.919071,207,false,0.589116,false,0.589116,0.0,8.91,0.7406802721088435,1.3757743941098632,0.0,0.0,0.0,0.9199999999999999,6.052799999999998,false,,19639a197c28ac733347eceac715a3cea2475d65c76ab1ea0c5a4b5204ae6288,
F609,Float64,7163,0.788703,378,false,0.613861,false,0.613861,0.0,11.5,0.8264669098488796,1.373960518665616,0.0,0.0,0.0,1.31,5.17,false,,1179b5230951c257b53bce81b29f3b8c457a5ec6866ddf283f9aa5ed0aa02713,
F610,Float64,16,0.001762,2,false,0.98897,false,0.98897,0.0,1.0,0.011030222810500772,0.10444403762422957,0.0,0.0,0.0,0.0,1.0,true,0.0:8966; 1.0:100,84fa81f016a488063e428366f4d24530f2e0eff155b81e9f0dcef812bf9feaa2,
F611,Float64,16,0.001762,2,false,0.998125,true,0.998125,0.0,1.0,0.0018751378777851313,0.04326224376664284,0.0,0.0,0.0,0.0,0.0,true,0.0:9049; 1.0:17,c3ccc7ceee2f36f7763f223309d2058523d580c741f7bc856908b567e251939d,
F612,Float64,16,0.001762,2,false,0.994926,true,0.994926,0.0,1.0,0.0050739024928303554,0.07105039061344846,0.0,0.0,0.0,0.0,0.0,true,0.0:9020; 1.0:46,11c6152737cd2c0917313346c2fcb7097bfb60b1ef7a1846e1afbc91453dc525,
F613,Float64,16,0.001762,40,false,0.98897,false,0.98897,0.0,253000.0,492.37083609088904,7335.768422224173,0.0,0.0,0.0,0.0,100.0,true,,12d1ca8bd4594ae81d7dcfa9b1cea8803a0bd7f5a3639bf5c4ff457fbb1a862e,
F614,Float64,16,0.001762,14,false,0.998125,true,0.998125,0.0,250000.0,184.74112067063754,5010.682595510817,0.0,0.0,0.0,0.0,0.0,true,0.0:9049; 150000.0:3; 100000.0:2; 50000.0:2; 54000.0:1,13095960a27b7d52d46f85be2bc85b29fcd6a42459dc2a397e0204ce5190f9fa,
F615,Float64,16,0.001762,22,false,0.994926,true,0.994926,0.0,180000.0,260.2746525479815,4516.363798538057,0.0,0.0,0.0,0.0,0.0,true,0.0:9020; 50000.0:15; 49000.0:7; 45000.0:3; 20000.0:3,80bcc9d6ad6026985500852b9fd9282f8a2b9fc9ae8c0eee00e239dfc2d75302,
F616,Float64,16,0.001762,1,true,1.0,true,1.0,0.0,0.0,0.0,0.0,0.0,0.0,0.0,0.0,0.0,true,0.0:9066,a057504a7edb57157a44f3a88c8242f39b54e60dfbc13e67b6e20a11d95da8b4,
F617,Float64,16,0.001762,1,true,1.0,true,1.0,0.0,0.0,0.0,0.0,0.0,0.0,0.0,0.0,0.0,true,0.0:9066,a057504a7edb57157a44f3a88c8242f39b54e60dfbc13e67b6e20a11d95da8b4,F616
F618,Float64,16,0.001762,1,true,1.0,true,1.0,0.0,0.0,0.0,0.0,0.0,0.0,0.0,0.0,0.0,true,0.0:9066,a057504a7edb57157a44f3a88c8242f39b54e60dfbc13e67b6e20a11d95da8b4,F616
F619,Float64,16,0.001762,1,true,1.0,true,1.0,0.0,0.0,0.0,0.0,0.0,0.0,0.0,0.0,0.0,true,0.0:9066,a057504a7edb57157a44f3a88c8242f39b54e60dfbc13e67b6e20a11d95da8b4,F616
F620,Float64,16,0.001762,1,true,1.0,true,1.0,0.0,0.0,0.0,0.0,0.0,0.0,0.0,0.0,0.0,true,0.0:9066,a057504a7edb57157a44f3a88c8242f39b54e60dfbc13e67b6e20a11d95da8b4,F616
F621,Float64,16,0.001762,1,true,1.0,true,1.0,0.0,0.0,0.0,0.0,0.0,0.0,0.0,0.0,0.0,true,0.0:9066,a057504a7edb57157a44f3a88c8242f39b54e60dfbc13e67b6e20a11d95da8b4,F616
F622,Float64,16,0.001762,2,false,0.72623,false,0.27377,0.0,1.0,0.7262298698433708,0.4458924152647715,0.0,0.0,1.0,1.0,1.0,true,1.0:6584; 0.0:2482,516943ed962dc33595c27edb39f7923cd20ad785c2a4adcbece6d338dce53040,
F623,Float64,16,0.001762,2,false,0.986212,false,0.986212,0.0,1.0,0.013787778513125966,0.11660907201757052,0.0,0.0,0.0,0.0,1.0,true,0.0:8941; 1.0:125,b3f5d9bea32fe436ef66151e461dbd379882d8703ff69502d04d747e4c4418a1,
F624,Float64,16,0.001762,2,false,0.965806,false,0.965806,0.0,1.0,0.03419369071255239,0.18172639386728254,0.0,0.0,0.0,0.0,1.0,true,0.0:8756; 1.0:310,678c6b6dec3729b1dd6d05bd5e0c2b973adbb1710043745c0247579bb75452b5,
F625,Float64,16,0.001762,981,false,0.27377,false,0.27377,0.0,411684475.0,107929.73638980808,4463822.548221276,0.0,0.0,2.0,57.82,933250.0000000346,false,,a7add45a07289c470b7b9825e3d07306a21081e2d5677bfab75c9e32702eaa51,
F626,Float64,16,0.001762,63,false,0.986212,false,0.986212,0.0,5500000.0,9520.94550739025,131237.1050317553,0.0,0.0,0.0,0.0,28156.572000006243,false,,0e72f54e5dd9cbd9ff04527d9499a653ed3753cfb3a915ed1618369f18c05cf8,
F627,Float64,16,0.001762,141,false,0.965806,false,0.965806,0.0,45446587.0,12897.24843812045,505447.357766304,0.0,0.0,0.0,0.0,100000.0,false,,62b6906e0a5ba7b4cfc769b8cb2608bfd3f907df8493e15a7480285c2db90b20,
F628,Float64,16,0.001762,2,false,0.55824,false,0.44176,0.0,1.0,0.5582395764394441,0.49659656838942634,0.0,0.0,1.0,1.0,1.0,true,1.0:5061; 0.0:4005,b0ee5192562cb532605c8dee907078ef551255d0f5bb3c5a8c5d960f79f81c48,
F629,Float64,16,0.001762,2,false,0.988639,false,0.988639,0.0,1.0,0.011361129494815795,0.10598138624974587,0.0,0.0,0.0,0.0,1.0,true,0.0:8963; 1.0:103,925d262393e33e4b4c5fcdcb725f5d816a98e5f77dbd6c58c2fb243fb8aa5fa4,
F630,Float64,16,0.001762,2,false,0.972755,false,0.972755,0.0,1.0,0.027244650341936908,0.1627955139728442,0.0,0.0,0.0,0.0,1.0,true,0.0:8819; 1.0:247,55386a03c438bf6cf62fff75686d1c59c49220a080a107c44fa6bef99111fe40,
F631,Float64,16,0.001762,706,false,0.44176,false,0.44176,0.0,30000000.0,26439.29775645268,414776.60924835247,0.0,0.0,1.0,20.0,500000.0,false,,53c84f5a4a0f61057e976c346c90665767f12495602d4f90a1ccb4ac0b47cb47,
F632,Float64,16,0.001762,48,false,0.988639,false,0.988639,0.0,5500000.0,7955.860495257004,122189.7371139333,0.0,0.0,0.0,0.0,154.50000000002547,false,,8a3184a5b7b623fb6d585adc0ea423e2f567be8c470d3b1ec6d579f35ac85dfe,
F633,Float64,16,0.001762,109,false,0.972755,false,0.972755,0.0,9700000.0,5001.523587028458,133109.23261846486,0.0,0.0,0.0,0.0,10010.325000000012,false,,d8fcede126d3a62d6a46798610ac55b96a04d905f981500fc339e76b684a7b98,
F634,Float64,16,0.001762,2,false,0.55824,false,0.44176,0.0,1.0,0.5582395764394441,0.49659656838942634,0.0,0.0,1.0,1.0,1.0,true,1.0:5061; 0.0:4005,b0ee5192562cb532605c8dee907078ef551255d0f5bb3c5a8c5d960f79f81c48,F628
F635,Float64,16,0.001762,2,false,0.988639,false,0.988639,0.0,1.0,0.011361129494815795,0.10598138624974587,0.0,0.0,0.0,0.0,1.0,true,0.0:8963; 1.0:103,925d262393e33e4b4c5fcdcb725f5d816a98e5f77dbd6c58c2fb243fb8aa5fa4,F629
F636,Float64,16,0.001762,2,false,0.972755,false,0.972755,0.0,1.0,0.027244650341936908,0.1627955139728442,0.0,0.0,0.0,0.0,1.0,true,0.0:8819; 1.0:247,55386a03c438bf6cf62fff75686d1c59c49220a080a107c44fa6bef99111fe40,F630
F637,Float64,16,0.001762,706,false,0.44176,false,0.44176,0.0,30000000.0,26439.29775645268,414776.60924835247,0.0,0.0,1.0,20.0,500000.0,false,,53c84f5a4a0f61057e976c346c90665767f12495602d4f90a1ccb4ac0b47cb47,F631
F638,Float64,16,0.001762,48,false,0.988639,false,0.988639,0.0,5500000.0,7955.860495257004,122189.7371139333,0.0,0.0,0.0,0.0,154.50000000002547,false,,8a3184a5b7b623fb6d585adc0ea423e2f567be8c470d3b1ec6d579f35ac85dfe,F632
F639,Float64,16,0.001762,109,false,0.972755,false,0.972755,0.0,9700000.0,5001.523587028458,133109.23261846486,0.0,0.0,0.0,0.0,10010.325000000012,false,,d8fcede126d3a62d6a46798610ac55b96a04d905f981500fc339e76b684a7b98,F633
F640,Float64,16,0.001762,1,true,1.0,true,1.0,0.0,0.0,0.0,0.0,0.0,0.0,0.0,0.0,0.0,true,0.0:9066,a057504a7edb57157a44f3a88c8242f39b54e60dfbc13e67b6e20a11d95da8b4,F616
F641,Float64,16,0.001762,1,true,1.0,true,1.0,0.0,0.0,0.0,0.0,0.0,0.0,0.0,0.0,0.0,true,0.0:9066,a057504a7edb57157a44f3a88c8242f39b54e60dfbc13e67b6e20a11d95da8b4,F616
F642,Float64,16,0.001762,1,true,1.0,true,1.0,0.0,0.0,0.0,0.0,0.0,0.0,0.0,0.0,0.0,true,0.0:9066,a057504a7edb57157a44f3a88c8242f39b54e60dfbc13e67b6e20a11d95da8b4,F616
F643,Float64,16,0.001762,1,true,1.0,true,1.0,0.0,0.0,0.0,0.0,0.0,0.0,0.0,0.0,0.0,true,0.0:9066,a057504a7edb57157a44f3a88c8242f39b54e60dfbc13e67b6e20a11d95da8b4,F616
F644,Float64,16,0.001762,1,true,1.0,true,1.0,0.0,0.0,0.0,0.0,0.0,0.0,0.0,0.0,0.0,true,0.0:9066,a057504a7edb57157a44f3a88c8242f39b54e60dfbc13e67b6e20a11d95da8b4,F616
F645,Float64,16,0.001762,1,true,1.0,true,1.0,0.0,0.0,0.0,0.0,0.0,0.0,0.0,0.0,0.0,true,0.0:9066,a057504a7edb57157a44f3a88c8242f39b54e60dfbc13e67b6e20a11d95da8b4,F616
F646,Float64,16,0.001762,1,true,1.0,true,1.0,0.0,0.0,0.0,0.0,0.0,0.0,0.0,0.0,0.0,true,0.0:9066,a057504a7edb57157a44f3a88c8242f39b54e60dfbc13e67b6e20a11d95da8b4,F616
F647,Float64,16,0.001762,1,true,1.0,true,1.0,0.0,0.0,0.0,0.0,0.0,0.0,0.0,0.0,0.0,true,0.0:9066,a057504a7edb57157a44f3a88c8242f39b54e60dfbc13e67b6e20a11d95da8b4,F616
F648,Float64,16,0.001762,1,true,1.0,true,1.0,0.0,0.0,0.0,0.0,0.0,0.0,0.0,0.0,0.0,true,0.0:9066,a057504a7edb57157a44f3a88c8242f39b54e60dfbc13e67b6e20a11d95da8b4,F616
F649,Float64,16,0.001762,1,true,1.0,true,1.0,0.0,0.0,0.0,0.0,0.0,0.0,0.0,0.0,0.0,true,0.0:9066,a057504a7edb57157a44f3a88c8242f39b54e60dfbc13e67b6e20a11d95da8b4,F616
F650,Float64,16,0.001762,1,true,1.0,true,1.0,0.0,0.0,0.0,0.0,0.0,0.0,0.0,0.0,0.0,true,0.0:9066,a057504a7edb57157a44f3a88c8242f39b54e60dfbc13e67b6e20a11d95da8b4,F616
F651,Float64,16,0.001762,1,true,1.0,true,1.0,0.0,0.0,0.0,0.0,0.0,0.0,0.0,0.0,0.0,true,0.0:9066,a057504a7edb57157a44f3a88c8242f39b54e60dfbc13e67b6e20a11d95da8b4,F616
F652,Float64,16,0.001762,1,true,1.0,true,1.0,0.0,0.0,0.0,0.0,0.0,0.0,0.0,0.0,0.0,true,0.0:9066,a057504a7edb57157a44f3a88c8242f39b54e60dfbc13e67b6e20a11d95da8b4,F616
F653,Float64,16,0.001762,1,true,1.0,true,1.0,0.0,0.0,0.0,0.0,0.0,0.0,0.0,0.0,0.0,true,0.0:9066,a057504a7edb57157a44f3a88c8242f39b54e60dfbc13e67b6e20a11d95da8b4,F616
F654,Float64,16,0.001762,1,true,1.0,true,1.0,0.0,0.0,0.0,0.0,0.0,0.0,0.0,0.0,0.0,true,0.0:9066,a057504a7edb57157a44f3a88c8242f39b54e60dfbc13e67b6e20a11d95da8b4,F616
F655,Float64,16,0.001762,1,true,1.0,true,1.0,0.0,0.0,0.0,0.0,0.0,0.0,0.0,0.0,0.0,true,0.0:9066,a057504a7edb57157a44f3a88c8242f39b54e60dfbc13e67b6e20a11d95da8b4,F616
F656,Float64,16,0.001762,1,true,1.0,true,1.0,0.0,0.0,0.0,0.0,0.0,0.0,0.0,0.0,0.0,true,0.0:9066,a057504a7edb57157a44f3a88c8242f39b54e60dfbc13e67b6e20a11d95da8b4,F616
F657,Float64,16,0.001762,1,true,1.0,true,1.0,0.0,0.0,0.0,0.0,0.0,0.0,0.0,0.0,0.0,true,0.0:9066,a057504a7edb57157a44f3a88c8242f39b54e60dfbc13e67b6e20a11d95da8b4,F616
F658,Float64,16,0.001762,1,true,1.0,true,1.0,0.0,0.0,0.0,0.0,0.0,0.0,0.0,0.0,0.0,true,0.0:9066,a057504a7edb57157a44f3a88c8242f39b54e60dfbc13e67b6e20a11d95da8b4,F616
F659,Float64,16,0.001762,1,true,1.0,true,1.0,0.0,0.0,0.0,0.0,0.0,0.0,0.0,0.0,0.0,true,0.0:9066,a057504a7edb57157a44f3a88c8242f39b54e60dfbc13e67b6e20a11d95da8b4,F616
F660,Float64,16,0.001762,1,true,1.0,true,1.0,0.0,0.0,0.0,0.0,0.0,0.0,0.0,0.0,0.0,true,0.0:9066,a057504a7edb57157a44f3a88c8242f39b54e60dfbc13e67b6e20a11d95da8b4,F616
F661,Float64,16,0.001762,1,true,1.0,true,1.0,0.0,0.0,0.0,0.0,0.0,0.0,0.0,0.0,0.0,true,0.0:9066,a057504a7edb57157a44f3a88c8242f39b54e60dfbc13e67b6e20a11d95da8b4,F616
F662,Float64,16,0.001762,1,true,1.0,true,1.0,0.0,0.0,0.0,0.0,0.0,0.0,0.0,0.0,0.0,true,0.0:9066,a057504a7edb57157a44f3a88c8242f39b54e60dfbc13e67b6e20a11d95da8b4,F616
F663,Float64,16,0.001762,1,true,1.0,true,1.0,0.0,0.0,0.0,0.0,0.0,0.0,0.0,0.0,0.0,true,0.0:9066,a057504a7edb57157a44f3a88c8242f39b54e60dfbc13e67b6e20a11d95da8b4,F616
F664,Float64,16,0.001762,2,false,0.988418,false,0.988418,0.0,1.0,0.01158173395102581,0.10699344554557287,0.0,0.0,0.0,0.0,1.0,true,0.0:8961; 1.0:105,4773d1af6a7c88408320a3339a2712f74f17e553c39951bc7b6d93582cd6f140,
F665,Float64,16,0.001762,2,false,0.999559,true,0.999559,0.0,1.0,0.00044120891242003087,0.021000339214299182,0.0,0.0,0.0,0.0,0.0,true,0.0:9062; 1.0:4,a2b15df1690a04f97cad6539459ab64d812e2b9b7380cb435e83d5f4766415fc,
F666,Float64,16,0.001762,2,false,0.99636,true,0.99636,0.0,1.0,0.003639973527465255,0.060222289230687724,0.0,0.0,0.0,0.0,0.0,true,0.0:9033; 1.0:33,25e3f68bbbec65d1bac8faeef8905bd626d2681c44cd10559687d92a765e83cc,
F667,Float64,16,0.001762,68,false,0.988418,false,0.988418,0.0,9700000.0,2827.9846382086916,113530.20367164294,0.0,0.0,0.0,0.0,19.50600000000493,false,,0692f5bc386d7a85015fa61403fb5ee691312fd8ec5fc98dc8a819447091fdb5,
F668,Float64,16,0.001762,5,false,0.999559,true,0.999559,0.0,39310.0,4.6822192808294725,413.86162930405646,0.0,0.0,0.0,0.0,0.0,true,0.0:9062; 268.0:1; 39310.0:1; 100.0:1; 2771.0:1,f62bd09cb6ab5a58474b38180988a19eae2d242fe44f11151fb46a7d717d74c9,
F669,Float64,16,0.001762,25,false,0.99636,true,0.99636,0.0,9700000.0,2097.3331502316346,109673.0256254222,0.0,0.0,0.0,0.0,0.0,false,0.0:9033; 500000.0:5; 500.0:3; 5000.0:2; 100000.0:2,b66ddee7d42e9fd38b114289003ce67abf202b9773d50c510cf2d2aab124225c,
F670,Float64,16,0.001762,2,false,0.908449,false,0.908449,0.0,1.0,0.0915508493271564,0.2883908655187135,0.0,0.0,0.0,0.0,1.0,true,0.0:8236; 1.0:830,47cdfe1fbd4ee7dff7644c0c608c9831470705b06f8062843ab04674bd7916b8,
F671,Float64,16,0.001762,2,false,0.998456,true,0.998456,0.0,1.0,0.001544231193470108,0.03926635383494656,0.0,0.0,0.0,0.0,0.0,true,0.0:9052; 1.0:14,ae691184927ae5fcd6560eca173ecc9076a0c52abc7999366a91838393a1d2fa,
F672,Float64,16,0.001762,2,false,0.990183,true,0.990183,0.0,1.0,0.009816898301345687,0.09859273202973291,0.0,0.0,0.0,0.0,0.0,true,0.0:8977; 1.0:89,df82cfc548eb3fbbe1930e9045c7f5d913704c7613e4f93c17fb52469f9c19e0,
F673,Float64,16,0.001762,141,false,0.908449,false,0.908449,0.0,100000.0,283.1129163909111,4729.79447081032,0.0,0.0,0.0,0.0,1000.0,false,,0a947c464a76beaffd930395bc4f00bfecc79ea7860b42784fe3cfbe9557d472,
F674,Float64,16,0.001762,11,false,0.998456,true,0.998456,0.0,10000.0,3.0759982351643504,134.1753960725681,0.0,0.0,0.0,0.0,0.0,true,0.0:9052; 1.0:4; 2350.0:2; 1000.0:1; 4453.0:1,02196d3eeb4de04e8d00fb1143d2510a1d47cbc2d1911c1ef2f4888a98c299ac,
F675,Float64,16,0.001762,36,false,0.990183,true,0.990183,0.0,100000.0,228.60234943745863,4421.268215808373,0.0,0.0,0.0,0.0,0.0,false,,47eb97c0604cd65ed1150cefcc2aba102da49e6623f32bd338984d2832a29ea6,
F676,Float64,16,0.001762,2,false,0.999007,true,0.999007,0.0,1.0,0.0009927200529450694,0.03149181734739281,0.0,0.0,0.0,0.0,0.0,true,0.0:9057; 1.0:9,4110a60b7952305f854298071516b8a9374a7a16860df82a2dc70ebc3c0a237a,
F677,Float64,16,0.001762,2,false,0.999779,true,0.999779,0.0,1.0,0.00022060445621001543,0.014851120829214061,0.0,0.0,0.0,0.0,0.0,true,0.0:9064; 1.0:2,40d24f9f3f4de057fae121b6e7d2c278a4010814ccfb05cb5be05fa2bd414059,
F678,Float64,16,0.001762,2,false,0.999448,true,0.999448,0.0,1.0,0.0005515111405250386,0.023477797511413108,0.0,0.0,0.0,0.0,0.0,true,0.0:9061; 1.0:5,c14a92a0a3fee3d717c3d8eee8a7e8ee8a7e037bfcda92364ae301dc1659b25c,
F679,Float64,16,0.001762,10,false,0.999007,true,0.999007,0.0,9700000.0,1743.067174056916,108947.74558331509,0.0,0.0,0.0,0.0,0.0,true,0.0:9057; 39310.0:1; 6400.0:1; 585666.0:1; 18500.0:1,10d6892b85013a4d9541290931598ce97ebcd0d19809d1025cfbab7f70bdfa24,
F680,Float64,16,0.001762,3,false,0.999779,true,0.999779,0.0,39310.0,4.64162806088683,413.8511825608741,0.0,0.0,0.0,0.0,0.0,true,0.0:9064; 39310.0:1; 2771.0:1,e723d2d32c71ef8d2c4d76db9bb26dff893fe9dbb8137d66458076b6939f45b0,
F681,Float64,16,0.001762,6,false,0.999448,true,0.999448,0.0,9700000.0,1673.1193470108096,108774.26272581561,0.0,0.0,0.0,0.0,0.0,true,0.0:9061; 450000.0:1; 18500.0:1; 9700000.0:1; 3000000.0:1,6cbf40a183442d3b55a66dc42bd2afd559d14c2099b216552c69633d46f47b10,
F682,Float64,16,0.001762,2,false,0.998015,true,0.998015,0.0,1.0,0.001985440105890139,0.04451402176254198,0.0,0.0,0.0,0.0,0.0,true,0.0:9048; 1.0:18,318c4df92c80abda36cc52a845711df6a245bf6f220f25059a69e12058d483fd,
F683,Float64,16,0.001762,2,false,0.99989,true,0.99989,0.0,1.0,0.00011030222810500772,0.010501907518326505,0.0,0.0,0.0,0.0,0.0,true,0.0:9065; 1.0:1,c52792d6277e22f702b2751b382a95a811dfefff785dc9207ee6d51361697928,
F684,Float64,16,0.001762,2,false,0.998787,true,0.998787,0.0,1.0,0.0012133245091550848,0.034811669778833765,0.0,0.0,0.0,0.0,0.0,true,0.0:9055; 1.0:11,2dab5a6e6ede53c4657d5d04c78551627bf07795ddd8c4cae1cc23ce937b606f,
F685,Float64,16,0.001762,17,false,0.998015,true,0.998015,0.0,1200000.0,451.8675270240459,16533.05952676193,0.0,0.0,0.0,0.0,0.0,true,0.0:9048; 500000.0:3; 179000.0:1; 100.0:1; 200000.0:1,1f433f3ba203cd80c7b959fc80c30947d7bc005399379344b95bb2fce63e570d,
F686,Float64,16,0.001762,2,false,0.99989,true,0.99989,0.0,300000.0,33.090668431502316,3150.572255497952,0.0,0.0,0.0,0.0,0.0,true,0.0:9065; 300000.0:1,5515caabbeed4f87932f1147913da97aee2ba4b7a1700f469b843ee6c308e541,
F687,Float64,16,0.001762,10,false,0.998787,true,0.998787,0.0,1200000.0,332.76086476946836,15768.576541792665,0.0,0.0,0.0,0.0,0.0,true,0.0:9055; 500000.0:3; 10000.0:1; 51200.0:1; 500.0:1,753ff946f1ba748e7d898d083a8698fe57cacfe9b2f93637aa8e0bd202b4aebc,
F688,Float64,16,0.001762,1,true,1.0,true,1.0,0.0,0.0,0.0,0.0,0.0,0.0,0.0,0.0,0.0,true,0.0:9066,a057504a7edb57157a44f3a88c8242f39b54e60dfbc13e67b6e20a11d95da8b4,F616
F689,Float64,16,0.001762,1,true,1.0,true,1.0,0.0,0.0,0.0,0.0,0.0,0.0,0.0,0.0,0.0,true,0.0:9066,a057504a7edb57157a44f3a88c8242f39b54e60dfbc13e67b6e20a11d95da8b4,F616
F690,Float64,16,0.001762,1,true,1.0,true,1.0,0.0,0.0,0.0,0.0,0.0,0.0,0.0,0.0,0.0,true,0.0:9066,a057504a7edb57157a44f3a88c8242f39b54e60dfbc13e67b6e20a11d95da8b4,F616
F691,Float64,16,0.001762,1,true,1.0,true,1.0,0.0,0.0,0.0,0.0,0.0,0.0,0.0,0.0,0.0,true,0.0:9066,a057504a7edb57157a44f3a88c8242f39b54e60dfbc13e67b6e20a11d95da8b4,F616
F692,Float64,16,0.001762,1,true,1.0,true,1.0,0.0,0.0,0.0,0.0,0.0,0.0,0.0,0.0,0.0,true,0.0:9066,a057504a7edb57157a44f3a88c8242f39b54e60dfbc13e67b6e20a11d95da8b4,F616
F693,Float64,16,0.001762,1,true,1.0,true,1.0,0.0,0.0,0.0,0.0,0.0,0.0,0.0,0.0,0.0,true,0.0:9066,a057504a7edb57157a44f3a88c8242f39b54e60dfbc13e67b6e20a11d95da8b4,F616
F694,Float64,16,0.001762,1,true,1.0,true,1.0,0.0,0.0,0.0,0.0,0.0,0.0,0.0,0.0,0.0,true,0.0:9066,a057504a7edb57157a44f3a88c8242f39b54e60dfbc13e67b6e20a11d95da8b4,F616
F695,Float64,16,0.001762,1,true,1.0,true,1.0,0.0,0.0,0.0,0.0,0.0,0.0,0.0,0.0,0.0,true,0.0:9066,a057504a7edb57157a44f3a88c8242f39b54e60dfbc13e67b6e20a11d95da8b4,F616
F696,Float64,16,0.001762,1,true,1.0,true,1.0,0.0,0.0,0.0,0.0,0.0,0.0,0.0,0.0,0.0,true,0.0:9066,a057504a7edb57157a44f3a88c8242f39b54e60dfbc13e67b6e20a11d95da8b4,F616
F697,Float64,16,0.001762,1,true,1.0,true,1.0,0.0,0.0,0.0,0.0,0.0,0.0,0.0,0.0,0.0,true,0.0:9066,a057504a7edb57157a44f3a88c8242f39b54e60dfbc13e67b6e20a11d95da8b4,F616
F698,Float64,16,0.001762,1,true,1.0,true,1.0,0.0,0.0,0.0,0.0,0.0,0.0,0.0,0.0,0.0,true,0.0:9066,a057504a7edb57157a44f3a88c8242f39b54e60dfbc13e67b6e20a11d95da8b4,F616
F699,Float64,16,0.001762,1,true,1.0,true,1.0,0.0,0.0,0.0,0.0,0.0,0.0,0.0,0.0,0.0,true,0.0:9066,a057504a7edb57157a44f3a88c8242f39b54e60dfbc13e67b6e20a11d95da8b4,F616
F700,Float64,16,0.001762,1,true,1.0,true,1.0,0.0,0.0,0.0,0.0,0.0,0.0,0.0,0.0,0.0,true,0.0:9066,a057504a7edb57157a44f3a88c8242f39b54e60dfbc13e67b6e20a11d95da8b4,F616
F701,Float64,16,0.001762,1,true,1.0,true,1.0,0.0,0.0,0.0,0.0,0.0,0.0,0.0,0.0,0.0,true,0.0:9066,a057504a7edb57157a44f3a88c8242f39b54e60dfbc13e67b6e20a11d95da8b4,F616
F702,Float64,16,0.001762,1,true,1.0,true,1.0,0.0,0.0,0.0,0.0,0.0,0.0,0.0,0.0,0.0,true,0.0:9066,a057504a7edb57157a44f3a88c8242f39b54e60dfbc13e67b6e20a11d95da8b4,F616
F703,Float64,16,0.001762,1,true,1.0,true,1.0,0.0,0.0,0.0,0.0,0.0,0.0,0.0,0.0,0.0,true,0.0:9066,a057504a7edb57157a44f3a88c8242f39b54e60dfbc13e67b6e20a11d95da8b4,F616
F704,Float64,16,0.001762,1,true,1.0,true,1.0,0.0,0.0,0.0,0.0,0.0,0.0,0.0,0.0,0.0,true,0.0:9066,a057504a7edb57157a44f3a88c8242f39b54e60dfbc13e67b6e20a11d95da8b4,F616
F705,Float64,16,0.001762,1,true,1.0,true,1.0,0.0,0.0,0.0,0.0,0.0,0.0,0.0,0.0,0.0,true,0.0:9066,a057504a7edb57157a44f3a88c8242f39b54e60dfbc13e67b6e20a11d95da8b4,F616
F706,Float64,16,0.001762,2,false,0.995919,true,0.995919,0.0,1.0,0.004081182439885285,0.06375363824737892,0.0,0.0,0.0,0.0,0.0,true,0.0:9029; 1.0:37,a1f0e4c8871c684a74713463cc97bb1414ca2cf9425853fd3e20f5a2c59c77a1,
F707,Float64,16,0.001762,2,false,0.999559,true,0.999559,0.0,1.0,0.00044120891242003087,0.021000339214299186,0.0,0.0,0.0,0.0,0.0,true,0.0:9062; 1.0:4,2c5d94ea32f9cd86eb5a2ac51da8589fda119edf3c6bb39946ea3fe64fe7bea1,
F708,Float64,16,0.001762,2,false,0.996581,true,0.996581,0.0,1.0,0.0034193690712552393,0.0583753114459339,0.0,0.0,0.0,0.0,0.0,true,0.0:9035; 1.0:31,4ccc7f22e0861acaf6b932dcbb71b34acd5b119f96286b411be71349201dfa81,
F709,Float64,16,0.001762,29,false,0.995919,true,0.995919,0.0,2000000.0,1798.276417383631,39664.709974982004,0.0,0.0,0.0,0.0,0.0,true,,0ec55c4e5602a1cb1888bef145c2af12d90523790a9de1f1fe5aa30e83c4c497,
F710,Float64,16,0.001762,5,false,0.999559,true,0.999559,0.0,2000000.0,343.1694242223693,22747.746264722016,0.0,0.0,0.0,0.0,0.0,true,0.0:9062; 800000.0:1; 111174.0:1; 2000000.0:1; 200000.0:1,7440e9bf7e6573ecf8d0d4478393f8cbc3e43727fdf248a4ea0bac472c927855,
F711,Float64,16,0.001762,25,false,0.996581,true,0.996581,0.0,1300000.0,1295.1687624090007,28996.546437733963,0.0,0.0,0.0,0.0,0.0,true,0.0:9035; 200000.0:3; 100000.0:3; 1000000.0:2; 150000.0:2,1f2f27ea2a947574127f1f2590c70d6eb07eb887defbfc2e4b2497ba0672b55e,
F712,Float64,16,0.001762,2,false,0.999669,true,0.999669,0.0,1.0,0.00033090668431502316,0.01818783068651396,0.0,0.0,0.0,0.0,0.0,true,0.0:9063; 1.0:3,1658c4f1c0c5789632f175fce47cd3db084832b51de5e61f1cf41b054e847047,
F713,Float64,16,0.001762,2,false,0.999779,true,0.999779,0.0,1.0,0.00022060445621001543,0.01485112082921406,0.0,0.0,0.0,0.0,0.0,true,0.0:9064; 1.0:2,60e70211df1134765fe2123de3a2aac4ae86c9673c478e7407d5c69d62f931a6,
F714,Float64,16,0.001762,2,false,0.99989,true,0.99989,0.0,1.0,0.00011030222810500772,0.010501907518326505,0.0,0.0,0.0,0.0,0.0,true,0.0:9065; 1.0:1,db7fc9acd91d539d602e4b2923206accd9e203e78a67a44bf26835d0351f6f21,
F715,Float64,16,0.001762,4,false,0.999669,true,0.999669,0.0,15000.0,1.66861350099272,157.53393697715603,0.0,0.0,0.0,0.0,0.0,false,0.0:9063; 2.65:1; 125.0:1; 15000.0:1,bf0ac3e9f2c15a6284b729be0a6ce4a948ce0d6e5fb7a910f8f7b485b79f8d3a,
F716,Float64,16,0.001762,3,false,0.999779,true,0.999779,0.0,125.0,0.014080079417604236,1.3130303358647912,0.0,0.0,0.0,0.0,0.0,false,0.0:9064; 2.65:1; 125.0:1,0250085f805392c7455347e4fff0be8e0783896aa2da2f89996765f5e2a46b5d,
F717,Float64,16,0.001762,2,false,0.99989,true,0.99989,0.0,15000.0,1.6545334215751157,157.5286127748976,0.0,0.0,0.0,0.0,0.0,true,0.0:9065; 15000.0:1,68921693912ffbde1d5696757b3267da3aafe12f6c177a78895a29e56fc841fc,
F718,Float64,10,0.001101,2,false,0.992504,true,0.992504,0.0,1.0,0.007495590828924162,0.08625199677137632,0.0,0.0,0.0,0.0,0.0,true,0.0:9004; 1.0:68,3267b348de1fce706e1ffec1441838047c71114cd9ded0517fc4c8f793a0747b,
F719,Float64,10,0.001101,2,false,0.999008,true,0.999008,0.0,1.0,0.000992063492063492,0.03148141200917149,0.0,0.0,0.0,0.0,0.0,true,0.0:9063; 1.0:9,a8293002fd4d2e2382ef4f1e7e411d65e3f7a474becef2d14836fd0a0bc72853,
F720,Float64,10,0.001101,2,false,0.998016,true,0.998016,0.0,1.0,0.001984126984126984,0.04449932835715438,0.0,0.0,0.0,0.0,0.0,true,0.0:9054; 1.0:18,9d86f65b824887980680930b77b1c2587c33f33d5f4ab979ace02b7001d8d876,
F721,Float64,10,0.001101,24,false,0.992504,true,0.992504,0.0,253000.0,264.65972222222223,5499.7837372160975,0.0,0.0,0.0,0.0,0.0,true,0.0:9004; 100.0:22; 50000.0:9; 500.0:5; 1000.0:4,e109a3e84b130b34eb358ee70b6ae5d28a55cdb0b947304231e489b110c98e2f,
F722,Float64,10,0.001101,8,false,0.999008,true,0.999008,0.0,200000.0,109.22211199294533,3743.817811471908,0.0,0.0,0.0,0.0,0.0,true,0.0:9063; 150000.0:2; 100000.0:2; 80000.0:1; 200000.0:1,3d941aff0722e17587f89d7f538e4c52b0cdda771ba5f4b6c4f6a993dfbb0200,
F723,Float64,10,0.001101,11,false,0.998016,true,0.998016,0.0,150000.0,112.10317460317461,2927.49296586563,0.0,0.0,0.0,0.0,0.0,true,0.0:9054; 50000.0:6; 45000.0:3; 49000.0:2; 20000.0:1,533024234cefcdb9e006f6c5afd1adfa00095007695f86460ae8db9ceb47b7c9,
F724,Float64,10,0.001101,1,true,1.0,true,1.0,0.0,0.0,0.0,0.0,0.0,0.0,0.0,0.0,0.0,true,0.0:9072,6af0b742cd3e43e07ff48b608fed19bf1dc7cfb82661a6ac227604e5cc8b573a,
F725,Float64,10,0.001101,1,true,1.0,true,1.0,0.0,0.0,0.0,0.0,0.0,0.0,0.0,0.0,0.0,true,0.0:9072,6af0b742cd3e43e07ff48b608fed19bf1dc7cfb82661a6ac227604e5cc8b573a,F724
F726,Float64,10,0.001101,1,true,1.0,true,1.0,0.0,0.0,0.0,0.0,0.0,0.0,0.0,0.0,0.0,true,0.0:9072,6af0b742cd3e43e07ff48b608fed19bf1dc7cfb82661a6ac227604e5cc8b573a,F724
F727,Float64,10,0.001101,1,true,1.0,true,1.0,0.0,0.0,0.0,0.0,0.0,0.0,0.0,0.0,0.0,true,0.0:9072,6af0b742cd3e43e07ff48b608fed19bf1dc7cfb82661a6ac227604e5cc8b573a,F724
F728,Float64,10,0.001101,1,true,1.0,true,1.0,0.0,0.0,0.0,0.0,0.0,0.0,0.0,0.0,0.0,true,0.0:9072,6af0b742cd3e43e07ff48b608fed19bf1dc7cfb82661a6ac227604e5cc8b573a,F724
F729,Float64,10,0.001101,1,true,1.0,true,1.0,0.0,0.0,0.0,0.0,0.0,0.0,0.0,0.0,0.0,true,0.0:9072,6af0b742cd3e43e07ff48b608fed19bf1dc7cfb82661a6ac227604e5cc8b573a,F724
F730,Float64,10,0.001101,2,false,0.667769,false,0.332231,0.0,1.0,0.6677689594356261,0.47101335039453734,0.0,0.0,1.0,1.0,1.0,true,1.0:6058; 0.0:3014,4c8f2da3711d421ac35714ab414da0fd4ef99a6abb8f26e2280c671a7277d458,
F731,Float64,10,0.001101,2,false,0.989198,false,0.989198,0.0,1.0,0.010802469135802469,0.10337202617909984,0.0,0.0,0.0,0.0,1.0,true,0.0:8974; 1.0:98,7b1e263976fc94bc061972f639c35f0f7c918e45f84d61acc924c5ebaf82cb0f,
F732,Float64,10,0.001101,2,false,0.984127,false,0.984127,0.0,1.0,0.015873015873015872,0.12498425196844144,0.0,0.0,0.0,0.0,1.0,true,0.0:8928; 1.0:144,35f1132ff21d1934fb3460839df749696c4d6527dba2d1998698252f8d8bee4b,
F733,Float64,10,0.001101,756,false,0.332231,false,0.332231,0.0,411684475.0,86275.41172949737,4417650.383216999,0.0,0.0,1.0,15.0,799970.0,false,,5637d158aaf79f4082bb7b3af96b6c03b6b71b97e2439cacdb0e630ca7d15842,
F734,Float64,10,0.001101,44,false,0.989198,false,0.989198,0.0,5500000.0,8869.51924823633,128816.76688249549,0.0,0.0,0.0,0.0,73.19999999992433,false,,7f64caa796bc8acee12cff5415a5201b6756baa11616b9eba057dcd1b915b82f,
F735,Float64,10,0.001101,85,false,0.984127,false,0.984127,0.0,3000000.0,2948.3701829805996,57778.592959345624,0.0,0.0,0.0,0.0,500.0,false,,081f7331d6fb488689fa16e09406c55b0c968d477032eec97cd1cb9dd278b4b2,
F736,Float64,10,0.001101,2,false,0.573082,false,0.573082,0.0,1.0,0.4269179894179894,0.4946301848141608,0.0,0.0,0.0,1.0,1.0,true,0.0:5199; 1.0:3873,53ed63f0c21ff208c7b0a08b874e2cc2fbebb7f5fd6388443c7520c69fec0870,
F737,Float64,10,0.001101,2,false,0.990741,true,0.990741,0.0,1.0,0.009259259259259259,0.09577852252582036,0.0,0.0,0.0,0.0,0.0,true,0.0:8988; 1.0:84,31bd3ac9f37880da97bfbc85a3e4b036fbb9c3222aed2c5ff0ac7ebb97690891,
F738,Float64,10,0.001101,2,false,0.989859,false,0.989859,0.0,1.0,0.010141093474426807,0.10019107593777873,0.0,0.0,0.0,0.0,1.0,true,0.0:8980; 1.0:92,0e029ad278f5f1f0f8a4e12a2e963fd163862646fe6924e47afa3fe941db2b8e,
F739,Float64,10,0.001101,465,false,0.573082,false,0.573082,0.0,10000000.0,13432.728250661376,186144.67958211314,0.0,0.0,0.0,1.0,405799.9999999811,false,,a45e03d491ec966a9a0b7b85ec6840cc466b90dfb788e81b1d70761d7d40e22d,
F740,Float64,10,0.001101,36,false,0.990741,true,0.990741,0.0,5500000.0,7728.398009259258,121781.06648809744,0.0,0.0,0.0,0.0,0.0,false,,e1a753027fa3410030a0a1550520797748194bd16edc868742cab11f9987117e,
F741,Float64,10,0.001101,54,false,0.989859,false,0.989859,0.0,3000000.0,1163.6164969135802,37304.66438738088,0.0,0.0,0.0,0.0,1.0,false,,39b22d0d0102051f2392d8eff38cf9040947e0175d17bc26667e05394da01535,
F742,Float64,10,0.001101,2,false,0.573082,false,0.573082,0.0,1.0,0.4269179894179894,0.4946301848141608,0.0,0.0,0.0,1.0,1.0,true,0.0:5199; 1.0:3873,53ed63f0c21ff208c7b0a08b874e2cc2fbebb7f5fd6388443c7520c69fec0870,F736
F743,Float64,10,0.001101,2,false,0.990741,true,0.990741,0.0,1.0,0.009259259259259259,0.09577852252582036,0.0,0.0,0.0,0.0,0.0,true,0.0:8988; 1.0:84,31bd3ac9f37880da97bfbc85a3e4b036fbb9c3222aed2c5ff0ac7ebb97690891,F737
F744,Float64,10,0.001101,2,false,0.989859,false,0.989859,0.0,1.0,0.010141093474426807,0.10019107593777873,0.0,0.0,0.0,0.0,1.0,true,0.0:8980; 1.0:92,0e029ad278f5f1f0f8a4e12a2e963fd163862646fe6924e47afa3fe941db2b8e,F738
F745,Float64,10,0.001101,465,false,0.573082,false,0.573082,0.0,10000000.0,13432.728250661376,186144.67958211314,0.0,0.0,0.0,1.0,405799.9999999811,false,,a45e03d491ec966a9a0b7b85ec6840cc466b90dfb788e81b1d70761d7d40e22d,F739
F746,Float64,10,0.001101,36,false,0.990741,true,0.990741,0.0,5500000.0,7728.398009259258,121781.06648809744,0.0,0.0,0.0,0.0,0.0,false,,e1a753027fa3410030a0a1550520797748194bd16edc868742cab11f9987117e,F740
F747,Float64,10,0.001101,54,false,0.989859,false,0.989859,0.0,3000000.0,1163.6164969135802,37304.66438738088,0.0,0.0,0.0,0.0,1.0,false,,39b22d0d0102051f2392d8eff38cf9040947e0175d17bc26667e05394da01535,F741
F748,Float64,10,0.001101,1,true,1.0,true,1.0,0.0,0.0,0.0,0.0,0.0,0.0,0.0,0.0,0.0,true,0.0:9072,6af0b742cd3e43e07ff48b608fed19bf1dc7cfb82661a6ac227604e5cc8b573a,F724
F749,Float64,10,0.001101,1,true,1.0,true,1.0,0.0,0.0,0.0,0.0,0.0,0.0,0.0,0.0,0.0,true,0.0:9072,6af0b742cd3e43e07ff48b608fed19bf1dc7cfb82661a6ac227604e5cc8b573a,F724
F750,Float64,10,0.001101,1,true,1.0,true,1.0,0.0,0.0,0.0,0.0,0.0,0.0,0.0,0.0,0.0,true,0.0:9072,6af0b742cd3e43e07ff48b608fed19bf1dc7cfb82661a6ac227604e5cc8b573a,F724
F751,Float64,10,0.001101,1,true,1.0,true,1.0,0.0,0.0,0.0,0.0,0.0,0.0,0.0,0.0,0.0,true,0.0:9072,6af0b742cd3e43e07ff48b608fed19bf1dc7cfb82661a6ac227604e5cc8b573a,F724
F752,Float64,10,0.001101,1,true,1.0,true,1.0,0.0,0.0,0.0,0.0,0.0,0.0,0.0,0.0,0.0,true,0.0:9072,6af0b742cd3e43e07ff48b608fed19bf1dc7cfb82661a6ac227604e5cc8b573a,F724
F753,Float64,10,0.001101,1,true,1.0,true,1.0,0.0,0.0,0.0,0.0,0.0,0.0,0.0,0.0,0.0,true,0.0:9072,6af0b742cd3e43e07ff48b608fed19bf1dc7cfb82661a6ac227604e5cc8b573a,F724
F754,Float64,10,0.001101,1,true,1.0,true,1.0,0.0,0.0,0.0,0.0,0.0,0.0,0.0,0.0,0.0,true,0.0:9072,6af0b742cd3e43e07ff48b608fed19bf1dc7cfb82661a6ac227604e5cc8b573a,F724
F755,Float64,10,0.001101,1,true,1.0,true,1.0,0.0,0.0,0.0,0.0,0.0,0.0,0.0,0.0,0.0,true,0.0:9072,6af0b742cd3e43e07ff48b608fed19bf1dc7cfb82661a6ac227604e5cc8b573a,F724
F756,Float64,10,0.001101,1,true,1.0,true,1.0,0.0,0.0,0.0,0.0,0.0,0.0,0.0,0.0,0.0,true,0.0:9072,6af0b742cd3e43e07ff48b608fed19bf1dc7cfb82661a6ac227604e5cc8b573a,F724
F757,Float64,10,0.001101,1,true,1.0,true,1.0,0.0,0.0,0.0,0.0,0.0,0.0,0.0,0.0,0.0,true,0.0:9072,6af0b742cd3e43e07ff48b608fed19bf1dc7cfb82661a6ac227604e5cc8b573a,F724
F758,Float64,10,0.001101,1,true,1.0,true,1.0,0.0,0.0,0.0,0.0,0.0,0.0,0.0,0.0,0.0,true,0.0:9072,6af0b742cd3e43e07ff48b608fed19bf1dc7cfb82661a6ac227604e5cc8b573a,F724
F759,Float64,10,0.001101,1,true,1.0,true,1.0,0.0,0.0,0.0,0.0,0.0,0.0,0.0,0.0,0.0,true,0.0:9072,6af0b742cd3e43e07ff48b608fed19bf1dc7cfb82661a6ac227604e5cc8b573a,F724
F760,Float64,10,0.001101,1,true,1.0,true,1.0,0.0,0.0,0.0,0.0,0.0,0.0,0.0,0.0,0.0,true,0.0:9072,6af0b742cd3e43e07ff48b608fed19bf1dc7cfb82661a6ac227604e5cc8b573a,F724
F761,Float64,10,0.001101,1,true,1.0,true,1.0,0.0,0.0,0.0,0.0,0.0,0.0,0.0,0.0,0.0,true,0.0:9072,6af0b742cd3e43e07ff48b608fed19bf1dc7cfb82661a6ac227604e5cc8b573a,F724
F762,Float64,10,0.001101,1,true,1.0,true,1.0,0.0,0.0,0.0,0.0,0.0,0.0,0.0,0.0,0.0,true,0.0:9072,6af0b742cd3e43e07ff48b608fed19bf1dc7cfb82661a6ac227604e5cc8b573a,F724
F763,Float64,10,0.001101,1,true,1.0,true,1.0,0.0,0.0,0.0,0.0,0.0,0.0,0.0,0.0,0.0,true,0.0:9072,6af0b742cd3e43e07ff48b608fed19bf1dc7cfb82661a6ac227604e5cc8b573a,F724
F764,Float64,10,0.001101,1,true,1.0,true,1.0,0.0,0.0,0.0,0.0,0.0,0.0,0.0,0.0,0.0,true,0.0:9072,6af0b742cd3e43e07ff48b608fed19bf1dc7cfb82661a6ac227604e5cc8b573a,F724
F765,Float64,10,0.001101,1,true,1.0,true,1.0,0.0,0.0,0.0,0.0,0.0,0.0,0.0,0.0,0.0,true,0.0:9072,6af0b742cd3e43e07ff48b608fed19bf1dc7cfb82661a6ac227604e5cc8b573a,F724
F766,Float64,10,0.001101,1,true,1.0,true,1.0,0.0,0.0,0.0,0.0,0.0,0.0,0.0,0.0,0.0,true,0.0:9072,6af0b742cd3e43e07ff48b608fed19bf1dc7cfb82661a6ac227604e5cc8b573a,F724
F767,Float64,10,0.001101,1,true,1.0,true,1.0,0.0,0.0,0.0,0.0,0.0,0.0,0.0,0.0,0.0,true,0.0:9072,6af0b742cd3e43e07ff48b608fed19bf1dc7cfb82661a6ac227604e5cc8b573a,F724
F768,Float64,10,0.001101,1,true,1.0,true,1.0,0.0,0.0,0.0,0.0,0.0,0.0,0.0,0.0,0.0,true,0.0:9072,6af0b742cd3e43e07ff48b608fed19bf1dc7cfb82661a6ac227604e5cc8b573a,F724
F769,Float64,10,0.001101,1,true,1.0,true,1.0,0.0,0.0,0.0,0.0,0.0,0.0,0.0,0.0,0.0,true,0.0:9072,6af0b742cd3e43e07ff48b608fed19bf1dc7cfb82661a6ac227604e5cc8b573a,F724
F770,Float64,10,0.001101,1,true,1.0,true,1.0,0.0,0.0,0.0,0.0,0.0,0.0,0.0,0.0,0.0,true,0.0:9072,6af0b742cd3e43e07ff48b608fed19bf1dc7cfb82661a6ac227604e5cc8b573a,F724
F771,Float64,10,0.001101,1,true,1.0,true,1.0,0.0,0.0,0.0,0.0,0.0,0.0,0.0,0.0,0.0,true,0.0:9072,6af0b742cd3e43e07ff48b608fed19bf1dc7cfb82661a6ac227604e5cc8b573a,F724
F772,Float64,10,0.001101,2,false,0.994158,true,0.994158,0.0,1.0,0.0058421516754850085,0.07621037291134086,0.0,0.0,0.0,0.0,0.0,true,0.0:9019; 1.0:53,f8423b7c540a4b5d082ebdc5cb54443b9a9b53390ea3de41ad29b236e7493ec7,
F773,Float64,10,0.001101,2,false,0.99978,true,0.99978,0.0,1.0,0.0002204585537918871,0.014846210015284945,0.0,0.0,0.0,0.0,0.0,true,0.0:9070; 1.0:2,34d8302f8017161a1b5144b13a31741d68cc6779186b7274c2b3aa6f17dbf41a,
F774,Float64,10,0.001101,2,false,0.998347,true,0.998347,0.0,1.0,0.0016534391534391533,0.0406288726450172,0.0,0.0,0.0,0.0,0.0,true,0.0:9057; 1.0:15,9d8f7b99938b72db1f7ed601aa100363107da96decc4622c318e1e10685616d9,
F775,Float64,10,0.001101,38,false,0.994158,true,0.994158,0.0,3000000.0,585.6689528218695,32773.15802167201,0.0,0.0,0.0,0.0,0.0,false,,a1f9098bd5e3defbc1719c24b46ff8df91273abf5f318b469d074a34e3682e48,
F776,Float64,10,0.001101,3,false,0.99978,true,0.99978,0.0,39310.0,4.362654320987654,412.70273982909674,0.0,0.0,0.0,0.0,0.0,true,0.0:9070; 39310.0:1; 268.0:1,44e4ac7e4f56ec69790de03f61407ae89f8a8432262bc4fe1504c8c0f3753eec,
F777,Float64,10,0.001101,15,false,0.998347,true,0.998347,0.0,3000000.0,509.08332120811286,32651.333065121617,0.0,0.0,0.0,0.0,0.0,false,0.0:9057; 500000.0:2; 5.32:1; 30000.0:1; 14075.0:1,a333b1eb700c082a514a842029e3163c8f5f1ffa7563a15ed9558b4ef16c694d,
F778,Float64,10,0.001101,2,false,0.945767,false,0.945767,0.0,1.0,0.05423280423280423,0.22647650469276182,0.0,0.0,0.0,0.0,1.0,true,0.0:8580; 1.0:492,b81ddbb059a5cd61ffbd7dc530b40c177cf042752b2305db2f36f36da986dbf9,
F779,Float64,10,0.001101,2,false,0.999008,true,0.999008,0.0,1.0,0.000992063492063492,0.03148141200917149,0.0,0.0,0.0,0.0,0.0,true,0.0:9063; 1.0:9,73d5dd6d43aa3aaf63f72a49ef6606df6ce33997c94437e8888248029ec7f04a,
F780,Float64,10,0.001101,2,false,0.997354,true,0.997354,0.0,1.0,0.0026455026455026454,0.051366369944305816,0.0,0.0,0.0,0.0,0.0,true,0.0:9048; 1.0:24,6e0cd8d6afb007a7ae8efe46d6fdba2638cfde2877a81015133c82388adb4c08,
F781,Float64,10,0.001101,77,false,0.945767,false,0.945767,0.0,100000.0,107.10975749559083,2959.008166610774,0.0,0.0,0.0,0.0,50.0,false,,90c2377891b186add8af7c51c1f6fa08f4baadba50610ab7fb5089eb26207e32,
F782,Float64,10,0.001101,7,false,0.999008,true,0.999008,0.0,2350.0,0.5834435626102292,35.05069211544198,0.0,0.0,0.0,0.0,0.0,true,0.0:9063; 1.0:3; 2350.0:2; 210.0:1; 200.0:1,f98e1b8e5c63f3bbb9304d95babcff80e13ef5f732f46325ee46277a6c10ce33,
F783,Float64,10,0.001101,13,false,0.997354,true,0.997354,0.0,100000.0,59.27997134038801,2222.155998926719,0.0,0.0,0.0,0.0,0.0,false,0.0:9048; 1.0:7; 10.0:3; 100000.0:3; 20000.0:2,2f354c1ed25960cc1647bd239cb14d009b60b06522e245bf1331c6c28f9fadb4,
F784,Float64,10,0.001101,2,false,0.999559,true,0.999559,0.0,1.0,0.0004409171075837742,0.020993396573399322,0.0,0.0,0.0,0.0,0.0,true,0.0:9068; 1.0:4,4393529ae8adff74cc31a5148b5de4ac6838ab632b9b08504b42d59c020fbf68,
F785,Float64,10,0.001101,2,false,0.99989,true,0.99989,0.0,1.0,0.00011022927689594356,0.010498434473885073,0.0,0.0,0.0,0.0,0.0,true,0.0:9071; 1.0:1,1e8a2a4e20cacd0fe26d838f0a571f911d82cc31dcfa04a5c4ee40c7084f3706,
F786,Float64,10,0.001101,2,false,0.99978,true,0.99978,0.0,1.0,0.0002204585537918871,0.014846210015284944,0.0,0.0,0.0,0.0,0.0,true,0.0:9070; 1.0:2,8759c4104d0bab4afa84c9fd340b240016212a4f7f9840768b50796890b9247b,
F787,Float64,10,0.001101,5,false,0.999559,true,0.999559,0.0,3000000.0,337.2778880070547,31498.355868010553,0.0,0.0,0.0,0.0,0.0,true,0.0:9068; 3000000.0:1; 6400.0:1; 14075.0:1; 39310.0:1,7f5044f47df5153aa153c5b5dc4b4cd599b74ada08267aec5cc6eb26293b7b28,
F788,Float64,10,0.001101,2,false,0.99989,true,0.99989,0.0,39310.0,4.333112874779541,412.6934591684222,0.0,0.0,0.0,0.0,0.0,true,0.0:9071; 39310.0:1,919a0a64b3c1129c907ffbbd9af3ddb5194b6440210eeebb51bcf6bd43bce82b,
F789,Float64,10,0.001101,3,false,0.99978,true,0.99978,0.0,3000000.0,332.2393077601411,31495.63376320063,0.0,0.0,0.0,0.0,0.0,true,0.0:9070; 14075.0:1; 3000000.0:1,df88098665b4b320b8bc207e7127d951046d2f59d05b437de609404de24dc755,
F790,Float64,10,0.001101,2,false,0.999118,true,0.999118,0.0,1.0,0.0008818342151675485,0.029682597318706937,0.0,0.0,0.0,0.0,0.0,true,0.0:9064; 1.0:8,4c3d775e430eced92f005e97227f5ecd60dc82443a2d2342df848d7d0f4b00fe,
F791,Float64,10,0.001101,1,true,1.0,true,1.0,0.0,0.0,0.0,0.0,0.0,0.0,0.0,0.0,0.0,true,0.0:9072,6af0b742cd3e43e07ff48b608fed19bf1dc7cfb82661a6ac227604e5cc8b573a,F724
F792,Float64,10,0.001101,2,false,0.999339,true,0.999339,0.0,1.0,0.0006613756613756613,0.02570871921372594,0.0,0.0,0.0,0.0,0.0,true,0.0:9066; 1.0:6,2c6f4aead9f1aaf5c724925ef40440946d30738665e0d596187180856ec44b79,
F793,Float64,10,0.001101,9,false,0.999118,true,0.999118,0.0,1200000.0,258.5758377425044,14143.114302971939,0.0,0.0,0.0,0.0,0.0,true,0.0:9064; 1200000.0:1; 51200.0:1; 150000.0:1; 500000.0:1,09259344ff25a3566a3f7b58e4ddfb1b58aebfeae85765e66de7655032fdfbfc,
F794,Float64,10,0.001101,1,true,1.0,true,1.0,0.0,0.0,0.0,0.0,0.0,0.0,0.0,0.0,0.0,true,0.0:9072,6af0b742cd3e43e07ff48b608fed19bf1dc7cfb82661a6ac227604e5cc8b573a,F724
F795,Float64,10,0.001101,7,false,0.999339,true,0.999339,0.0,1200000.0,220.65696649029982,13907.447873658148,0.0,0.0,0.0,0.0,0.0,true,0.0:9066; 51200.0:1; 500.0:1; 1200000.0:1; 250000.0:1,88502d53117c6b8018e38b888254597af86d731c9dc024c6733056cb133f42bb,
F796,Float64,10,0.001101,1,true,1.0,true,1.0,0.0,0.0,0.0,0.0,0.0,0.0,0.0,0.0,0.0,true,0.0:9072,6af0b742cd3e43e07ff48b608fed19bf1dc7cfb82661a6ac227604e5cc8b573a,F724
F797,Float64,10,0.001101,1,true,1.0,true,1.0,0.0,0.0,0.0,0.0,0.0,0.0,0.0,0.0,0.0,true,0.0:9072,6af0b742cd3e43e07ff48b608fed19bf1dc7cfb82661a6ac227604e5cc8b573a,F724
F798,Float64,10,0.001101,1,true,1.0,true,1.0,0.0,0.0,0.0,0.0,0.0,0.0,0.0,0.0,0.0,true,0.0:9072,6af0b742cd3e43e07ff48b608fed19bf1dc7cfb82661a6ac227604e5cc8b573a,F724
F799,Float64,10,0.001101,1,true,1.0,true,1.0,0.0,0.0,0.0,0.0,0.0,0.0,0.0,0.0,0.0,true,0.0:9072,6af0b742cd3e43e07ff48b608fed19bf1dc7cfb82661a6ac227604e5cc8b573a,F724
F800,Float64,10,0.001101,1,true,1.0,true,1.0,0.0,0.0,0.0,0.0,0.0,0.0,0.0,0.0,0.0,true,0.0:9072,6af0b742cd3e43e07ff48b608fed19bf1dc7cfb82661a6ac227604e5cc8b573a,F724
F801,Float64,10,0.001101,1,true,1.0,true,1.0,0.0,0.0,0.0,0.0,0.0,0.0,0.0,0.0,0.0,true,0.0:9072,6af0b742cd3e43e07ff48b608fed19bf1dc7cfb82661a6ac227604e5cc8b573a,F724
F802,Float64,10,0.001101,1,true,1.0,true,1.0,0.0,0.0,0.0,0.0,0.0,0.0,0.0,0.0,0.0,true,0.0:9072,6af0b742cd3e43e07ff48b608fed19bf1dc7cfb82661a6ac227604e5cc8b573a,F724
F803,Float64,10,0.001101,1,true,1.0,true,1.0,0.0,0.0,0.0,0.0,0.0,0.0,0.0,0.0,0.0,true,0.0:9072,6af0b742cd3e43e07ff48b608fed19bf1dc7cfb82661a6ac227604e5cc8b573a,F724
F804,Float64,10,0.001101,1,true,1.0,true,1.0,0.0,0.0,0.0,0.0,0.0,0.0,0.0,0.0,0.0,true,0.0:9072,6af0b742cd3e43e07ff48b608fed19bf1dc7cfb82661a6ac227604e5cc8b573a,F724
F805,Float64,10,0.001101,1,true,1.0,true,1.0,0.0,0.0,0.0,0.0,0.0,0.0,0.0,0.0,0.0,true,0.0:9072,6af0b742cd3e43e07ff48b608fed19bf1dc7cfb82661a6ac227604e5cc8b573a,F724
F806,Float64,10,0.001101,1,true,1.0,true,1.0,0.0,0.0,0.0,0.0,0.0,0.0,0.0,0.0,0.0,true,0.0:9072,6af0b742cd3e43e07ff48b608fed19bf1dc7cfb82661a6ac227604e5cc8b573a,F724
F807,Float64,10,0.001101,1,true,1.0,true,1.0,0.0,0.0,0.0,0.0,0.0,0.0,0.0,0.0,0.0,true,0.0:9072,6af0b742cd3e43e07ff48b608fed19bf1dc7cfb82661a6ac227604e5cc8b573a,F724
F808,Float64,10,0.001101,2,false,0.99989,true,0.99989,0.0,1.0,0.00011022927689594356,0.010498434473885073,0.0,0.0,0.0,0.0,0.0,true,0.0:9071; 1.0:1,6e97e23fe3c16fb79af290b2102f049ca05ad2db08ce40bf7b8997bd8e1a4c74,
F809,Float64,10,0.001101,2,false,0.99989,true,0.99989,0.0,1.0,0.00011022927689594356,0.010498434473885073,0.0,0.0,0.0,0.0,0.0,true,0.0:9071; 1.0:1,6e97e23fe3c16fb79af290b2102f049ca05ad2db08ce40bf7b8997bd8e1a4c74,F808
F810,Float64,10,0.001101,1,true,1.0,true,1.0,0.0,0.0,0.0,0.0,0.0,0.0,0.0,0.0,0.0,true,0.0:9072,6af0b742cd3e43e07ff48b608fed19bf1dc7cfb82661a6ac227604e5cc8b573a,F724
F811,Float64,10,0.001101,2,false,0.99989,true,0.99989,0.0,19.74,0.0021759259259259258,0.20723909651449138,0.0,0.0,0.0,0.0,0.0,false,0.0:9071; 19.74:1,23dccd665f296f06a7d72d4354b7d67259aadb36dfa64128437996baed612459,
F812,Float64,10,0.001101,2,false,0.99989,true,0.99989,0.0,19.74,0.0021759259259259258,0.20723909651449138,0.0,0.0,0.0,0.0,0.0,false,0.0:9071; 19.74:1,23dccd665f296f06a7d72d4354b7d67259aadb36dfa64128437996baed612459,F811
F813,Float64,10,0.001101,1,true,1.0,true,1.0,0.0,0.0,0.0,0.0,0.0,0.0,0.0,0.0,0.0,true,0.0:9072,6af0b742cd3e43e07ff48b608fed19bf1dc7cfb82661a6ac227604e5cc8b573a,F724
F814,Float64,10,0.001101,2,false,0.996252,true,0.996252,0.0,1.0,0.003747795414462081,0.0611044142758395,0.0,0.0,0.0,0.0,0.0,true,0.0:9038; 1.0:34,4ed2210159def7517fcec02892875fe01effc5350fc4eb07807ef14bf7a79b2f,
F815,Float64,10,0.001101,2,false,0.99978,true,0.99978,0.0,1.0,0.0002204585537918871,0.014846210015284945,0.0,0.0,0.0,0.0,0.0,true,0.0:9070; 1.0:2,8808ad0eedc3ace4db5e309551fa2561de79beabe35a707bcd921e40c4a0a305,
F816,Float64,10,0.001101,2,false,0.996693,true,0.996693,0.0,1.0,0.0033068783068783067,0.05741030275779606,0.0,0.0,0.0,0.0,0.0,true,0.0:9042; 1.0:30,223f44aaeec1eb3ae16873ef0efdf8050e7053a55a1a2f4347d0b2814b778814,
F817,Float64,10,0.001101,27,false,0.996252,true,0.996252,0.0,1400000.0,1553.3509700176367,33610.79656505466,0.0,0.0,0.0,0.0,0.0,true,,d4af52876683cf2e7bdd0a41e3466e636e99a35119c066b5247be0f9ea291be9,
F818,Float64,10,0.001101,3,false,0.99978,true,0.99978,0.0,800000.0,110.22927689594356,8657.006283684716,0.0,0.0,0.0,0.0,0.0,true,0.0:9070; 800000.0:1; 200000.0:1,0888163428fccbc270a5b98dc3e15ab1875a585d251c2ce24059cf33b25b8c10,
F819,Float64,10,0.001101,25,false,0.996693,true,0.996693,0.0,1300000.0,1283.289241622575,28968.445755655408,0.0,0.0,0.0,0.0,0.0,true,0.0:9042; 200000.0:3; 150000.0:2; 100000.0:2; 300000.0:2,3048d332578024c5250b9084cfc36278a258591b8c753e401a975bc2b233bf5b,
F820,Float64,10,0.001101,1,true,1.0,true,1.0,0.0,0.0,0.0,0.0,0.0,0.0,0.0,0.0,0.0,true,0.0:9072,6af0b742cd3e43e07ff48b608fed19bf1dc7cfb82661a6ac227604e5cc8b573a,F724
F821,Float64,10,0.001101,1,true,1.0,true,1.0,0.0,0.0,0.0,0.0,0.0,0.0,0.0,0.0,0.0,true,0.0:9072,6af0b742cd3e43e07ff48b608fed19bf1dc7cfb82661a6ac227604e5cc8b573a,F724
F822,Float64,10,0.001101,1,true,1.0,true,1.0,0.0,0.0,0.0,0.0,0.0,0.0,0.0,0.0,0.0,true,0.0:9072,6af0b742cd3e43e07ff48b608fed19bf1dc7cfb82661a6ac227604e5cc8b573a,F724
F823,Float64,10,0.001101,1,true,1.0,true,1.0,0.0,0.0,0.0,0.0,0.0,0.0,0.0,0.0,0.0,true,0.0:9072,6af0b742cd3e43e07ff48b608fed19bf1dc7cfb82661a6ac227604e5cc8b573a,F724
F824,Float64,10,0.001101,1,true,1.0,true,1.0,0.0,0.0,0.0,0.0,0.0,0.0,0.0,0.0,0.0,true,0.0:9072,6af0b742cd3e43e07ff48b608fed19bf1dc7cfb82661a6ac227604e5cc8b573a,F724
F825,Float64,10,0.001101,1,true,1.0,true,1.0,0.0,0.0,0.0,0.0,0.0,0.0,0.0,0.0,0.0,true,0.0:9072,6af0b742cd3e43e07ff48b608fed19bf1dc7cfb82661a6ac227604e5cc8b573a,F724
F826,Float64,2,0.00022,2,false,0.995705,true,0.995705,0.0,1.0,0.004295154185022026,0.0653965277025387,0.0,0.0,0.0,0.0,0.0,true,0.0:9041; 1.0:39,ace7187921da63f082cb3be4ccb56b50f22ae38a3226334616368bb450390e65,
F827,Float64,2,0.00022,2,false,0.99967,true,0.99967,0.0,1.0,0.0003303964757709251,0.018173808459971273,0.0,0.0,0.0,0.0,0.0,true,0.0:9077; 1.0:3,080788b28415ec697425824229d01375e0eede7820a0daa08c57ff0831184623,
F828,Float64,2,0.00022,2,false,0.99967,true,0.99967,0.0,1.0,0.0003303964757709251,0.01817380845997127,0.0,0.0,0.0,0.0,0.0,true,0.0:9077; 1.0:3,16c690d51d3c0fe6baa91c30ff0ca2eb70f6c02012e215de24f40d9075d655c3,
F829,Float64,2,0.00022,15,false,0.995705,true,0.995705,0.0,253000.0,114.16629955947137,4350.072310514584,0.0,0.0,0.0,0.0,0.0,true,0.0:9041; 100.0:19; 1000.0:3; 500.0:3; 150000.0:2,d4db72a54c352eaed626da07704684193d4f662aab222d5c50c6527a269c9b79,
F830,Float64,2,0.00022,4,false,0.99967,true,0.99967,0.0,200000.0,49.559471365638764,2825.265537360217,0.0,0.0,0.0,0.0,0.0,true,0.0:9077; 100000.0:1; 200000.0:1; 150000.0:1,7c4d55101ebe2286571e7779480d4c07052004b05249a95aef1e7b183e90ce27,
F831,Float64,2,0.00022,4,false,0.99967,true,0.99967,0.0,150000.0,32.48898678414097,1949.6813178230277,0.0,0.0,0.0,0.0,0.0,true,0.0:9077; 100000.0:1; 45000.0:1; 150000.0:1,b974da2294b53f5f0bfb5e6c9e787dbc3db3a7b0f2a383289ff78cac33de9d60,
F832,Float64,2,0.00022,2,false,0.99989,true,0.99989,0.0,1.0,0.00011013215859030837,0.01049380910336912,0.0,0.0,0.0,0.0,0.0,true,0.0:9079; 1.0:1,b62a96c51f33aba027979d713ee39bd9020a8534f3d0aaa1f5137d2ab5586850,
F833,Float64,2,0.00022,1,true,1.0,true,1.0,0.0,0.0,0.0,0.0,0.0,0.0,0.0,0.0,0.0,true,0.0:9080,86b24a5ef085d43bc14d42eb92c38033caa4ee7a348a43d7d6e184a74811852a,
F834,Float64,2,0.00022,1,true,1.0,true,1.0,0.0,0.0,0.0,0.0,0.0,0.0,0.0,0.0,0.0,true,0.0:9080,86b24a5ef085d43bc14d42eb92c38033caa4ee7a348a43d7d6e184a74811852a,F833
F835,Float64,2,0.00022,2,false,0.99989,true,0.99989,0.0,150000.0,16.519823788546255,1574.0713655053682,0.0,0.0,0.0,0.0,0.0,true,0.0:9079; 150000.0:1,e8ce854b3fd9c43e62e98468332b8fd857af3652609a3a6d234c27848b6c77ec,
F836,Float64,2,0.00022,1,true,1.0,true,1.0,0.0,0.0,0.0,0.0,0.0,0.0,0.0,0.0,0.0,true,0.0:9080,86b24a5ef085d43bc14d42eb92c38033caa4ee7a348a43d7d6e184a74811852a,F833
F837,Float64,2,0.00022,1,true,1.0,true,1.0,0.0,0.0,0.0,0.0,0.0,0.0,0.0,0.0,0.0,true,0.0:9080,86b24a5ef085d43bc14d42eb92c38033caa4ee7a348a43d7d6e184a74811852a,F833
F838,Float64,2,0.00022,2,false,0.58359,false,0.41641,0.0,1.0,0.583590308370044,0.4929631429900221,0.0,0.0,1.0,1.0,1.0,true,1.0:5299; 0.0:3781,99c442b97c03c944d3d959d7332a24f8f52ae9b386be601ebe2a53b3c6c869fc,
F839,Float64,2,0.00022,2,false,0.990749,true,0.990749,0.0,1.0,0.009251101321585903,0.09573671420058062,0.0,0.0,0.0,0.0,0.0,true,0.0:8996; 1.0:84,a502862b7bc1139091ba46f180221bf6936088ac6f507e03e7be2322e0d987e6,
F840,Float64,2,0.00022,2,false,0.992291,true,0.992291,0.0,1.0,0.007709251101321586,0.08746324112893576,0.0,0.0,0.0,0.0,0.0,true,0.0:9010; 1.0:70,cdd1df29ba5e3ab380b8fc81b71c1d5fe71f5f41cda6e32dcd0a696c771c02f3,
F841,Float64,2,0.00022,522,false,0.41641,false,0.41641,0.0,28296032.44,23369.589931718063,418602.34931172314,0.0,0.0,1.0,2.0,799000.0,false,,1bc61ba4e8d72e1928a7818ccde0f377989aa348ee68026eb575eb121e167531,
F842,Float64,2,0.00022,36,false,0.990749,true,0.990749,0.0,5500000.0,8445.495982378854,126131.87705626487,0.0,0.0,0.0,0.0,0.0,false,,7aa65e78f1ce20d99fcb6942130d61e5206183213b5b8d42f77afb0fabd1d006,
F843,Float64,2,0.00022,49,false,0.992291,true,0.992291,0.0,3000000.0,2071.971381057269,45284.721877413635,0.0,0.0,0.0,0.0,0.0,false,,f1456fc002492332f503e394e4298cf19bcd14df6ccc6ec0ef033f42ba0fec93,
F844,Float64,2,0.00022,2,false,0.779956,false,0.779956,0.0,1.0,0.22004405286343612,0.41427607662387345,0.0,0.0,0.0,0.0,1.0,true,0.0:7082; 1.0:1998,b4732f7211a1be3dba49c382b8c959382ed9596a095df46409f6ad1ef882131e,
F845,Float64,2,0.00022,2,false,0.99174,true,0.99174,0.0,1.0,0.008259911894273128,0.09050793197157901,0.0,0.0,0.0,0.0,0.0,true,0.0:9005; 1.0:75,22e2ec1504c6cd1dfc047b9e729b5cf261102c122f63ea997d0b5add67a0227c,
F846,Float64,2,0.00022,2,false,0.996916,true,0.996916,0.0,1.0,0.0030837004405286344,0.05544538963810894,0.0,0.0,0.0,0.0,0.0,true,0.0:9052; 1.0:28,98523aba99ab79c192f27b03030dd158e7aa68e77888504fbceb177140361e88,
F847,Float64,2,0.00022,264,false,0.779956,false,0.779956,0.0,5500000.0,9970.056057268723,138883.80057990414,0.0,0.0,0.0,0.0,143442.99999999275,false,,539bb83a07beefcc72458ab373af38457bf24add3e7c9c572691b91db1df3429,
F848,Float64,2,0.00022,30,false,0.99174,true,0.99174,0.0,5500000.0,7664.781568281938,121588.7607995968,0.0,0.0,0.0,0.0,0.0,false,,2e9885d921c08db3b35397a93f1bf383b57b1ddd37328a429a45698c4da9b387,
F849,Float64,2,0.00022,20,false,0.996916,true,0.996916,0.0,600000.0,346.8797444933921,11524.61765176567,0.0,0.0,0.0,0.0,0.0,false,0.0:9052; 1.0:4; 100000.0:3; 10000.0:2; 90000.0:2,977e5fad7c0808f82768e0e780b15fbf9a65346a920578f57a7328e9515ace17,
F850,Float64,2,0.00022,2,false,0.779956,false,0.779956,0.0,1.0,0.22004405286343612,0.41427607662387345,0.0,0.0,0.0,0.0,1.0,true,0.0:7082; 1.0:1998,b4732f7211a1be3dba49c382b8c959382ed9596a095df46409f6ad1ef882131e,F844
F851,Float64,2,0.00022,2,false,0.99174,true,0.99174,0.0,1.0,0.008259911894273128,0.09050793197157901,0.0,0.0,0.0,0.0,0.0,true,0.0:9005; 1.0:75,22e2ec1504c6cd1dfc047b9e729b5cf261102c122f63ea997d0b5add67a0227c,F845
F852,Float64,2,0.00022,2,false,0.996916,true,0.996916,0.0,1.0,0.0030837004405286344,0.05544538963810894,0.0,0.0,0.0,0.0,0.0,true,0.0:9052; 1.0:28,98523aba99ab79c192f27b03030dd158e7aa68e77888504fbceb177140361e88,F846
F853,Float64,2,0.00022,264,false,0.779956,false,0.779956,0.0,5500000.0,9970.056057268723,138883.80057990414,0.0,0.0,0.0,0.0,143442.99999999275,false,,539bb83a07beefcc72458ab373af38457bf24add3e7c9c572691b91db1df3429,F847
F854,Float64,2,0.00022,30,false,0.99174,true,0.99174,0.0,5500000.0,7664.781568281938,121588.7607995968,0.0,0.0,0.0,0.0,0.0,false,,2e9885d921c08db3b35397a93f1bf383b57b1ddd37328a429a45698c4da9b387,F848
F855,Float64,2,0.00022,20,false,0.996916,true,0.996916,0.0,600000.0,346.8797444933921,11524.61765176567,0.0,0.0,0.0,0.0,0.0,false,0.0:9052; 1.0:4; 100000.0:3; 10000.0:2; 500000.0:2,977e5fad7c0808f82768e0e780b15fbf9a65346a920578f57a7328e9515ace17,F849
F856,Float64,2,0.00022,1,true,1.0,true,1.0,0.0,0.0,0.0,0.0,0.0,0.0,0.0,0.0,0.0,true,0.0:9080,86b24a5ef085d43bc14d42eb92c38033caa4ee7a348a43d7d6e184a74811852a,F833
F857,Float64,2,0.00022,1,true,1.0,true,1.0,0.0,0.0,0.0,0.0,0.0,0.0,0.0,0.0,0.0,true,0.0:9080,86b24a5ef085d43bc14d42eb92c38033caa4ee7a348a43d7d6e184a74811852a,F833
F858,Float64,2,0.00022,1,true,1.0,true,1.0,0.0,0.0,0.0,0.0,0.0,0.0,0.0,0.0,0.0,true,0.0:9080,86b24a5ef085d43bc14d42eb92c38033caa4ee7a348a43d7d6e184a74811852a,F833
F859,Float64,2,0.00022,1,true,1.0,true,1.0,0.0,0.0,0.0,0.0,0.0,0.0,0.0,0.0,0.0,true,0.0:9080,86b24a5ef085d43bc14d42eb92c38033caa4ee7a348a43d7d6e184a74811852a,F833
F860,Float64,2,0.00022,1,true,1.0,true,1.0,0.0,0.0,0.0,0.0,0.0,0.0,0.0,0.0,0.0,true,0.0:9080,86b24a5ef085d43bc14d42eb92c38033caa4ee7a348a43d7d6e184a74811852a,F833
F861,Float64,2,0.00022,1,true,1.0,true,1.0,0.0,0.0,0.0,0.0,0.0,0.0,0.0,0.0,0.0,true,0.0:9080,86b24a5ef085d43bc14d42eb92c38033caa4ee7a348a43d7d6e184a74811852a,F833
F862,Float64,2,0.00022,2,false,0.99989,true,0.99989,0.0,1.0,0.00011013215859030837,0.01049380910336912,0.0,0.0,0.0,0.0,0.0,true,0.0:9079; 1.0:1,946372c1aecae390e622caac04a6741eef5bd878188b0ff613dfc30dcb6c8a08,
F863,Float64,2,0.00022,1,true,1.0,true,1.0,0.0,0.0,0.0,0.0,0.0,0.0,0.0,0.0,0.0,true,0.0:9080,86b24a5ef085d43bc14d42eb92c38033caa4ee7a348a43d7d6e184a74811852a,F833
F864,Float64,2,0.00022,2,false,0.99989,true,0.99989,0.0,1.0,0.00011013215859030837,0.01049380910336912,0.0,0.0,0.0,0.0,0.0,true,0.0:9079; 1.0:1,946372c1aecae390e622caac04a6741eef5bd878188b0ff613dfc30dcb6c8a08,F862
F865,Float64,2,0.00022,2,false,0.99989,true,0.99989,0.0,236.0,0.025991189427312777,2.476538948395113,0.0,0.0,0.0,0.0,0.0,true,0.0:9079; 236.0:1,3668b7b9a58a121ad9159bfc500a1098ac6fd5aed72337e8a1b2f56f0e2dff3c,
F866,Float64,2,0.00022,1,true,1.0,true,1.0,0.0,0.0,0.0,0.0,0.0,0.0,0.0,0.0,0.0,true,0.0:9080,86b24a5ef085d43bc14d42eb92c38033caa4ee7a348a43d7d6e184a74811852a,F833
F867,Float64,2,0.00022,2,false,0.99989,true,0.99989,0.0,236.0,0.025991189427312777,2.476538948395113,0.0,0.0,0.0,0.0,0.0,true,0.0:9079; 236.0:1,3668b7b9a58a121ad9159bfc500a1098ac6fd5aed72337e8a1b2f56f0e2dff3c,F865
F868,Float64,2,0.00022,1,true,1.0,true,1.0,0.0,0.0,0.0,0.0,0.0,0.0,0.0,0.0,0.0,true,0.0:9080,86b24a5ef085d43bc14d42eb92c38033caa4ee7a348a43d7d6e184a74811852a,F833
F869,Float64,2,0.00022,1,true,1.0,true,1.0,0.0,0.0,0.0,0.0,0.0,0.0,0.0,0.0,0.0,true,0.0:9080,86b24a5ef085d43bc14d42eb92c38033caa4ee7a348a43d7d6e184a74811852a,F833
F870,Float64,2,0.00022,1,true,1.0,true,1.0,0.0,0.0,0.0,0.0,0.0,0.0,0.0,0.0,0.0,true,0.0:9080,86b24a5ef085d43bc14d42eb92c38033caa4ee7a348a43d7d6e184a74811852a,F833
F871,Float64,2,0.00022,1,true,1.0,true,1.0,0.0,0.0,0.0,0.0,0.0,0.0,0.0,0.0,0.0,true,0.0:9080,86b24a5ef085d43bc14d42eb92c38033caa4ee7a348a43d7d6e184a74811852a,F833
F872,Float64,2,0.00022,1,true,1.0,true,1.0,0.0,0.0,0.0,0.0,0.0,0.0,0.0,0.0,0.0,true,0.0:9080,86b24a5ef085d43bc14d42eb92c38033caa4ee7a348a43d7d6e184a74811852a,F833
F873,Float64,2,0.00022,1,true,1.0,true,1.0,0.0,0.0,0.0,0.0,0.0,0.0,0.0,0.0,0.0,true,0.0:9080,86b24a5ef085d43bc14d42eb92c38033caa4ee7a348a43d7d6e184a74811852a,F833
F874,Float64,2,0.00022,1,true,1.0,true,1.0,0.0,0.0,0.0,0.0,0.0,0.0,0.0,0.0,0.0,true,0.0:9080,86b24a5ef085d43bc14d42eb92c38033caa4ee7a348a43d7d6e184a74811852a,F833
F875,Float64,2,0.00022,1,true,1.0,true,1.0,0.0,0.0,0.0,0.0,0.0,0.0,0.0,0.0,0.0,true,0.0:9080,86b24a5ef085d43bc14d42eb92c38033caa4ee7a348a43d7d6e184a74811852a,F833
F876,Float64,2,0.00022,1,true,1.0,true,1.0,0.0,0.0,0.0,0.0,0.0,0.0,0.0,0.0,0.0,true,0.0:9080,86b24a5ef085d43bc14d42eb92c38033caa4ee7a348a43d7d6e184a74811852a,F833
F877,Float64,2,0.00022,1,true,1.0,true,1.0,0.0,0.0,0.0,0.0,0.0,0.0,0.0,0.0,0.0,true,0.0:9080,86b24a5ef085d43bc14d42eb92c38033caa4ee7a348a43d7d6e184a74811852a,F833
F878,Float64,2,0.00022,1,true,1.0,true,1.0,0.0,0.0,0.0,0.0,0.0,0.0,0.0,0.0,0.0,true,0.0:9080,86b24a5ef085d43bc14d42eb92c38033caa4ee7a348a43d7d6e184a74811852a,F833
F879,Float64,2,0.00022,1,true,1.0,true,1.0,0.0,0.0,0.0,0.0,0.0,0.0,0.0,0.0,0.0,true,0.0:9080,86b24a5ef085d43bc14d42eb92c38033caa4ee7a348a43d7d6e184a74811852a,F833
F880,Float64,2,0.00022,2,false,0.997687,true,0.997687,0.0,1.0,0.002312775330396476,0.048035678413733116,0.0,0.0,0.0,0.0,0.0,true,0.0:9059; 1.0:21,a893fbf4faf2126bed4b1d1718555778c14eb68aee3d8944ed9b8c9c29e749a7,
F881,Float64,2,0.00022,2,false,0.99967,true,0.99967,0.0,1.0,0.0003303964757709251,0.01817380845997127,0.0,0.0,0.0,0.0,0.0,true,0.0:9077; 1.0:3,d36ac9f6deaaa32e6f0d5ce647d2c691136609c445054ba10306a83ab3f34408,
F882,Float64,2,0.00022,2,false,0.99978,true,0.99978,0.0,1.0,0.00022026431718061675,0.014839669834979275,0.0,0.0,0.0,0.0,0.0,true,0.0:9078; 1.0:2,811eadf8149c81cfa6fa1f535c33f3b8ea75c5dfc7f5cc749514eb13446dbf1c,
F883,Float64,2,0.00022,16,false,0.997687,true,0.997687,0.0,65508.0,21.445525330396475,1054.3540823802423,0.0,0.0,0.0,0.0,0.0,false,0.0:9059; 100.0:3; 1.0:3; 14.76:2; 2.67:2,ce5b9fbe8d985f5d78fce469dd3063767d10a2b79daa6fa0550581f56315616c,
F884,Float64,2,0.00022,4,false,0.99967,true,0.99967,0.0,58370.0,10.787224669603525,738.4461180506696,0.0,0.0,0.0,0.0,0.0,true,0.0:9077; 39310.0:1; 268.0:1; 58370.0:1,dfbe73c6229820a213562ba488da5d56689943883a90949d769ae064d41b76cd,
F885,Float64,2,0.00022,3,false,0.99978,true,0.99978,0.0,28.32,0.004744493392070484,0.3351105424864104,0.0,0.0,0.0,0.0,0.0,false,0.0:9078; 28.32:1; 14.76:1,956cc8918c2f2847050e46a299981bb38917df0417dac7206068f2b178ade353,
F886,Float64,2,0.00022,2,false,0.979295,false,0.979295,0.0,1.0,0.020704845814977973,0.1423943649684072,0.0,0.0,0.0,0.0,1.0,true,0.0:8892; 1.0:188,34684bde534839441c1283ddd0c4bdd6aa2c5b68115face5879f0552db15c118,
F887,Float64,2,0.00022,2,false,0.99989,true,0.99989,0.0,1.0,0.00011013215859030837,0.01049380910336912,0.0,0.0,0.0,0.0,0.0,true,0.0:9079; 1.0:1,fb2abd99a79c697188e089b236f402ed2637fa6770f796f99d572c3b4049c301,
F888,Float64,2,0.00022,2,false,0.999119,true,0.999119,0.0,1.0,0.000881057268722467,0.029669529939176625,0.0,0.0,0.0,0.0,0.0,true,0.0:9072; 1.0:8,5d6dd06ce481e3a596be5808b03e93536b40f02f33d6a6eb5c80c141f38c96dc,
F889,Float64,2,0.00022,38,false,0.979295,false,0.979295,0.0,100000.0,36.978438325991185,1823.3604426272277,0.0,0.0,0.0,0.0,1.0,false,,2a91f056ca5b4b92d0033f4d1b2754721b88f49812366d4c950b00a380021761,
F890,Float64,2,0.00022,2,false,0.99989,true,0.99989,0.0,200.0,0.022026431718061675,2.0987618206738237,0.0,0.0,0.0,0.0,0.0,true,0.0:9079; 200.0:1,7a47179445d2697cbf67a02a746319bf55a773afa501bcff10131e9f144e9cc0,
F891,Float64,2,0.00022,6,false,0.999119,true,0.999119,0.0,100000.0,33.59592511013216,1817.643401878676,0.0,0.0,0.0,0.0,0.0,true,0.0:9072; 100000.0:3; 2000.0:2; 1.0:1; 50.0:1,b87aef96685c3c62962827e0dc3bd786b85fa1235d49f82b45fb8ff6ddc93e5d,
F892,Float64,2,0.00022,2,false,0.99978,true,0.99978,0.0,1.0,0.00022026431718061675,0.014839669834979273,0.0,0.0,0.0,0.0,0.0,true,0.0:9078; 1.0:2,975cc6b93d6be6689d7601c9aa1a24dbe9d94176a46ec710898792a90da73b06,
F893,Float64,2,0.00022,2,false,0.99978,true,0.99978,0.0,1.0,0.00022026431718061675,0.014839669834979273,0.0,0.0,0.0,0.0,0.0,true,0.0:9078; 1.0:2,975cc6b93d6be6689d7601c9aa1a24dbe9d94176a46ec710898792a90da73b06,F892
F894,Float64,2,0.00022,1,true,1.0,true,1.0,0.0,0.0,0.0,0.0,0.0,0.0,0.0,0.0,0.0,true,0.0:9080,86b24a5ef085d43bc14d42eb92c38033caa4ee7a348a43d7d6e184a74811852a,F833
F895,Float64,2,0.00022,3,false,0.99978,true,0.99978,0.0,58370.0,10.757709251101321,738.4411926752776,0.0,0.0,0.0,0.0,0.0,true,0.0:9078; 58370.0:1; 39310.0:1,bb2529b40fbc6a80b0c611a05f76a93abb58c24c7819fbac676c7e0676c9e92b,
F896,Float64,2,0.00022,3,false,0.99978,true,0.99978,0.0,58370.0,10.757709251101321,738.4411926752776,0.0,0.0,0.0,0.0,0.0,true,0.0:9078; 58370.0:1; 39310.0:1,bb2529b40fbc6a80b0c611a05f76a93abb58c24c7819fbac676c7e0676c9e92b,F895
F897,Float64,2,0.00022,1,true,1.0,true,1.0,0.0,0.0,0.0,0.0,0.0,0.0,0.0,0.0,0.0,true,0.0:9080,86b24a5ef085d43bc14d42eb92c38033caa4ee7a348a43d7d6e184a74811852a,F833
F898,Float64,2,0.00022,2,false,0.99989,true,0.99989,0.0,1.0,0.00011013215859030837,0.010493809103369122,0.0,0.0,0.0,0.0,0.0,true,0.0:9079; 1.0:1,0835393b81376056bde52afbcef97e1ad20501db831b1a00b9c74b91e94ad37c,
F899,Float64,2,0.00022,1,true,1.0,true,1.0,0.0,0.0,0.0,0.0,0.0,0.0,0.0,0.0,0.0,true,0.0:9080,86b24a5ef085d43bc14d42eb92c38033caa4ee7a348a43d7d6e184a74811852a,F833
F900,Float64,2,0.00022,1,true,1.0,true,1.0,0.0,0.0,0.0,0.0,0.0,0.0,0.0,0.0,0.0,true,0.0:9080,86b24a5ef085d43bc14d42eb92c38033caa4ee7a348a43d7d6e184a74811852a,F833
F901,Float64,2,0.00022,2,false,0.99989,true,0.99989,0.0,150000.0,16.519823788546255,1574.0713655053682,0.0,0.0,0.0,0.0,0.0,true,0.0:9079; 150000.0:1,f2a67bbaba689108a32825fa94448975936c74800765b520b157afdb3172650d,
F902,Float64,2,0.00022,1,true,1.0,true,1.0,0.0,0.0,0.0,0.0,0.0,0.0,0.0,0.0,0.0,true,0.0:9080,86b24a5ef085d43bc14d42eb92c38033caa4ee7a348a43d7d6e184a74811852a,F833
F903,Float64,2,0.00022,1,true,1.0,true,1.0,0.0,0.0,0.0,0.0,0.0,0.0,0.0,0.0,0.0,true,0.0:9080,86b24a5ef085d43bc14d42eb92c38033caa4ee7a348a43d7d6e184a74811852a,F833
F904,Float64,2,0.00022,1,true,1.0,true,1.0,0.0,0.0,0.0,0.0,0.0,0.0,0.0,0.0,0.0,true,0.0:9080,86b24a5ef085d43bc14d42eb92c38033caa4ee7a348a43d7d6e184a74811852a,F833
F905,Float64,2,0.00022,1,true,1.0,true,1.0,0.0,0.0,0.0,0.0,0.0,0.0,0.0,0.0,0.0,true,0.0:9080,86b24a5ef085d43bc14d42eb92c38033caa4ee7a348a43d7d6e184a74811852a,F833
F906,Float64,2,0.00022,1,true,1.0,true,1.0,0.0,0.0,0.0,0.0,0.0,0.0,0.0,0.0,0.0,true,0.0:9080,86b24a5ef085d43bc14d42eb92c38033caa4ee7a348a43d7d6e184a74811852a,F833
F907,Float64,2,0.00022,1,true,1.0,true,1.0,0.0,0.0,0.0,0.0,0.0,0.0,0.0,0.0,0.0,true,0.0:9080,86b24a5ef085d43bc14d42eb92c38033caa4ee7a348a43d7d6e184a74811852a,F833
F908,Float64,2,0.00022,1,true,1.0,true,1.0,0.0,0.0,0.0,0.0,0.0,0.0,0.0,0.0,0.0,true,0.0:9080,86b24a5ef085d43bc14d42eb92c38033caa4ee7a348a43d7d6e184a74811852a,F833
F909,Float64,2,0.00022,1,true,1.0,true,1.0,0.0,0.0,0.0,0.0,0.0,0.0,0.0,0.0,0.0,true,0.0:9080,86b24a5ef085d43bc14d42eb92c38033caa4ee7a348a43d7d6e184a74811852a,F833
F910,Float64,2,0.00022,1,true,1.0,true,1.0,0.0,0.0,0.0,0.0,0.0,0.0,0.0,0.0,0.0,true,0.0:9080,86b24a5ef085d43bc14d42eb92c38033caa4ee7a348a43d7d6e184a74811852a,F833
F911,Float64,2,0.00022,1,true,1.0,true,1.0,0.0,0.0,0.0,0.0,0.0,0.0,0.0,0.0,0.0,true,0.0:9080,86b24a5ef085d43bc14d42eb92c38033caa4ee7a348a43d7d6e184a74811852a,F833
F912,Float64,2,0.00022,1,true,1.0,true,1.0,0.0,0.0,0.0,0.0,0.0,0.0,0.0,0.0,0.0,true,0.0:9080,86b24a5ef085d43bc14d42eb92c38033caa4ee7a348a43d7d6e184a74811852a,F833
F913,Float64,2,0.00022,1,true,1.0,true,1.0,0.0,0.0,0.0,0.0,0.0,0.0,0.0,0.0,0.0,true,0.0:9080,86b24a5ef085d43bc14d42eb92c38033caa4ee7a348a43d7d6e184a74811852a,F833
F914,Float64,2,0.00022,1,true,1.0,true,1.0,0.0,0.0,0.0,0.0,0.0,0.0,0.0,0.0,0.0,true,0.0:9080,86b24a5ef085d43bc14d42eb92c38033caa4ee7a348a43d7d6e184a74811852a,F833
F915,Float64,2,0.00022,1,true,1.0,true,1.0,0.0,0.0,0.0,0.0,0.0,0.0,0.0,0.0,0.0,true,0.0:9080,86b24a5ef085d43bc14d42eb92c38033caa4ee7a348a43d7d6e184a74811852a,F833
F916,Float64,2,0.00022,2,false,0.99989,true,0.99989,0.0,1.0,0.00011013215859030837,0.01049380910336912,0.0,0.0,0.0,0.0,0.0,true,0.0:9079; 1.0:1,ed9d53b5f12ec66b2b09eae158ade5821403116f13e030f1880fc910645618c5,
F917,Float64,2,0.00022,2,false,0.99989,true,0.99989,0.0,1.0,0.00011013215859030837,0.01049380910336912,0.0,0.0,0.0,0.0,0.0,true,0.0:9079; 1.0:1,ed9d53b5f12ec66b2b09eae158ade5821403116f13e030f1880fc910645618c5,F916
F918,Float64,2,0.00022,1,true,1.0,true,1.0,0.0,0.0,0.0,0.0,0.0,0.0,0.0,0.0,0.0,true,0.0:9080,86b24a5ef085d43bc14d42eb92c38033caa4ee7a348a43d7d6e184a74811852a,F833
F919,Float64,2,0.00022,2,false,0.99989,true,0.99989,0.0,19.74,0.002174008810572687,0.20714779170050643,0.0,0.0,0.0,0.0,0.0,false,0.0:9079; 19.74:1,771ef08feb4aa1c91c4186d1ee1a7e35c5b619e569e7ed567150caadf8b63e8c,
F920,Float64,2,0.00022,2,false,0.99989,true,0.99989,0.0,19.74,0.002174008810572687,0.20714779170050643,0.0,0.0,0.0,0.0,0.0,false,0.0:9079; 19.74:1,771ef08feb4aa1c91c4186d1ee1a7e35c5b619e569e7ed567150caadf8b63e8c,F919
F921,Float64,2,0.00022,1,true,1.0,true,1.0,0.0,0.0,0.0,0.0,0.0,0.0,0.0,0.0,0.0,true,0.0:9080,86b24a5ef085d43bc14d42eb92c38033caa4ee7a348a43d7d6e184a74811852a,F833
F922,Float64,2,0.00022,2,false,0.996476,true,0.996476,0.0,1.0,0.003524229074889868,0.05926051707771009,0.0,0.0,0.0,0.0,0.0,true,0.0:9048; 1.0:32,05b808757f3338c3aa417a375370adb0e03173c720dc33e287aa28fabe106b53,
F923,Float64,2,0.00022,1,true,1.0,true,1.0,0.0,0.0,0.0,0.0,0.0,0.0,0.0,0.0,0.0,true,0.0:9080,86b24a5ef085d43bc14d42eb92c38033caa4ee7a348a43d7d6e184a74811852a,F833
F924,Float64,2,0.00022,2,false,0.996696,true,0.996696,0.0,1.0,0.003303964757709251,0.057385090176709376,0.0,0.0,0.0,0.0,0.0,true,0.0:9050; 1.0:30,1c612cdcb5de7251cbad49175238ddebec83c131a1e9cb153de44a80a11902f0,
F925,Float64,2,0.00022,27,false,0.996476,true,0.996476,0.0,1400000.0,1441.8502202643172,32467.403675417285,0.0,0.0,0.0,0.0,0.0,true,,963f76c29db9f41bbf3f83f2a5cf53abd2cba9c05eefa9b1e16aa3ff3fe93ec1,
F926,Float64,2,0.00022,1,true,1.0,true,1.0,0.0,0.0,0.0,0.0,0.0,0.0,0.0,0.0,0.0,true,0.0:9080,86b24a5ef085d43bc14d42eb92c38033caa4ee7a348a43d7d6e184a74811852a,F833
F927,Float64,2,0.00022,25,false,0.996696,true,0.996696,0.0,1300000.0,1282.15859030837,28955.70654630956,0.0,0.0,0.0,0.0,0.0,true,0.0:9050; 200000.0:3; 1000000.0:2; 150000.0:2; 300000.0:2,d3fab74d4df3da303a02bcca2c96d90bcb011bd7fc5a5be6512c28732d80225f,
F928,Float64,2,0.00022,1,true,1.0,true,1.0,0.0,0.0,0.0,0.0,0.0,0.0,0.0,0.0,0.0,true,0.0:9080,86b24a5ef085d43bc14d42eb92c38033caa4ee7a348a43d7d6e184a74811852a,F833
F929,Float64,2,0.00022,1,true,1.0,true,1.0,0.0,0.0,0.0,0.0,0.0,0.0,0.0,0.0,0.0,true,0.0:9080,86b24a5ef085d43bc14d42eb92c38033caa4ee7a348a43d7d6e184a74811852a,F833
F930,Float64,2,0.00022,1,true,1.0,true,1.0,0.0,0.0,0.0,0.0,0.0,0.0,0.0,0.0,0.0,true,0.0:9080,86b24a5ef085d43bc14d42eb92c38033caa4ee7a348a43d7d6e184a74811852a,F833
F931,Float64,2,0.00022,1,true,1.0,true,1.0,0.0,0.0,0.0,0.0,0.0,0.0,0.0,0.0,0.0,true,0.0:9080,86b24a5ef085d43bc14d42eb92c38033caa4ee7a348a43d7d6e184a74811852a,F833
F932,Float64,2,0.00022,1,true,1.0,true,1.0,0.0,0.0,0.0,0.0,0.0,0.0,0.0,0.0,0.0,true,0.0:9080,86b24a5ef085d43bc14d42eb92c38033caa4ee7a348a43d7d6e184a74811852a,F833
F933,Float64,2,0.00022,1,true,1.0,true,1.0,0.0,0.0,0.0,0.0,0.0,0.0,0.0,0.0,0.0,true,0.0:9080,86b24a5ef085d43bc14d42eb92c38033caa4ee7a348a43d7d6e184a74811852a,F833
F934,Float64,16,0.001762,2,false,0.763181,false,0.763181,0.0,1.0,0.23681888374145157,0.42513021539865226,0.0,0.0,0.0,0.0,1.0,true,0.0:6919; 1.0:2147,9d020f7762ddfd244dea62978cce86bf22478192caff1e37ee2193a95a432650,
F935,Float64,16,0.001762,2,false,0.860909,false,0.860909,0.0,1.0,0.13909110964041474,0.3460415767785901,0.0,0.0,0.0,0.0,1.0,true,0.0:7805; 1.0:1261,e016567625bc844d381052fb7827723874c058b87865072b8dc31e19002fe04e,
F936,Float64,16,0.001762,2,false,0.870395,false,0.870395,0.0,1.0,0.12960511802338406,0.33586847337243303,0.0,0.0,0.0,0.0,1.0,true,0.0:7891; 1.0:1175,5cf5c57324771f98e3cc373d39cde1317b9ecc18610e9e1e2522f55c7caadfd5,
F937,Float64,16,0.001762,622,false,0.763181,false,0.763181,0.0,9800000.0,67984.21365541584,332929.4082225138,0.0,0.0,0.0,0.0,1069935.0,true,,680f93eb2b98920e063fa6d28cf31e9dd1e13893a4e247e5e5911b3a8ef603cd,
F938,Float64,16,0.001762,420,false,0.860909,false,0.860909,0.0,9000000.0,34246.715861460405,254297.71262073275,0.0,0.0,0.0,0.0,732515.0000000098,true,,c87d4618628ac1db11eb30ad7115bddd03a142f18e759878086223d21b67a76a,
F939,Float64,16,0.001762,359,false,0.870395,false,0.870395,0.0,9800000.0,36361.63214206927,223301.74330487644,0.0,0.0,0.0,0.0,800000.0,true,,f20d4f01b8f6a8e46f01f331b20d2a8099c2d2ac35602bc20b6d5f57217cfc4d,
F940,Float64,16,0.001762,2,false,0.940326,false,0.940326,0.0,1.0,0.059673505404809174,0.23688093666969362,0.0,0.0,0.0,0.0,1.0,true,0.0:8525; 1.0:541,d0ea4efb2aae5ec15a6a634dd50ee6d2a5c48cade65f4ec0859727891ad1de01,
F941,Float64,16,0.001762,2,false,0.973638,false,0.973638,0.0,1.0,0.026362232517096844,0.16021006589416087,0.0,0.0,0.0,0.0,1.0,true,0.0:8827; 1.0:239,7e94c0e6c19d17f2850779d410ae356bfe6d882548ef898703f761c3c0611490,
F942,Float64,16,0.001762,2,false,0.947386,false,0.947386,0.0,1.0,0.05261416280608868,0.22326198216065152,0.0,0.0,0.0,0.0,1.0,true,0.0:8589; 1.0:477,7337f7c5600c63f6f7144701f60c9626ec96afa139cc8d1daa08db81a58ec14a,
F943,Float64,16,0.001762,411,false,0.940326,false,0.940326,0.0,29891914.0,26921.04780608868,445654.23106822703,0.0,0.0,0.0,0.0,450000.0,false,,2b5da4293515445fd6b1c3bb2ecbe5a8adf4bf974ef5b5d6285baf35ecd15075,
F944,Float64,16,0.001762,185,false,0.973638,false,0.973638,0.0,29891914.0,15395.438717185087,387108.8639581168,0.0,0.0,0.0,0.0,290849.95000000513,false,,138046b1521c112800fa8744fe6b9cabbd28ce15b79d394d6eebfe2311c6cd9d,
F945,Float64,16,0.001762,369,false,0.947386,false,0.947386,0.0,11200000.0,18529.039781601587,238266.83700221023,0.0,0.0,0.0,0.0,318132.55000000104,false,,61cc6f816ea113993c202bd36825cb9122ed40e841b285c4c7967d50b7170bfd,
F946,Float64,16,0.001762,2,false,0.988859,false,0.011141,0.0,1.0,0.9888594749613943,0.10495910508607617,0.0,1.0,1.0,1.0,1.0,true,1.0:8965; 0.0:101,db71435f7307875fd6d11fb66a877890ae47368dcaff78470f4ab69d5b5d5aba,
F947,Float64,16,0.001762,2,false,0.932936,false,0.067064,0.0,1.0,0.9329362453121554,0.2501323799411289,0.0,1.0,1.0,1.0,1.0,true,1.0:8458; 0.0:608,6090fe803ccb292983a5400a8f68466f143e310e5bb39fa099eeb729eb1f162c,
F948,Float64,16,0.001762,2,false,0.95996,false,0.04004,0.0,1.0,0.9599602911978822,0.19605236678285579,0.0,1.0,1.0,1.0,1.0,true,1.0:8703; 0.0:363,17f3a4a3919e118d4ba6bd0e6bcb5c418461bda5fcac729c6310c393c8f6d0f3,
F949,Float64,16,0.001762,3555,false,0.070263,false,0.011141,0.0,7211345015.0,5563024.426010367,112105437.61041039,0.0,52701.25,150000.0,600000.0,60000000.0,false,,07913c56549ac331f16ecb32b6608f7302b5b082b20a280530cecc36f1937b34,
F950,Float64,16,0.001762,3620,false,0.067064,false,0.067064,0.0,7211345015.0,4776807.257417824,107710977.57287052,0.0,39812.5,100000.0,500000.0,45700000.00000073,false,,5ad54d2310c9d87cdb0bd45b41574ec30d0fa41c69162c26fffa50414c6844e3,
F951,Float64,16,0.001762,2614,false,0.07302,false,0.04004,0.0,4689276821.0,3798252.019607324,71705760.66953304,0.0,24397.0,90000.0,315856.0,50000000.0,false,,8f632a82e664b7d51d82184655e683f8b681dde3a01507089304dace8d9c6b78,
F952,Float64,16,0.001762,2,false,0.951357,false,0.048643,0.0,1.0,0.9513567174056916,0.2151211604021293,0.0,1.0,1.0,1.0,1.0,true,1.0:8625; 0.0:441,f8a7fbb05d92ddcfd09983a1414affc51ae8456c2c60a90001e93acfdc645d44,
F953,Float64,16,0.001762,2,false,0.862674,false,0.137326,0.0,1.0,0.8626737260092654,0.3441914706417873,0.0,1.0,1.0,1.0,1.0,true,1.0:7821; 0.0:1245,f510b7c7d1323df0b7fba0454c95addc1b727955c357bb940976fb9ccecc8fbb,
F954,Float64,16,0.001762,2,false,0.921685,false,0.078315,0.0,1.0,0.9216854180454446,0.2686659788805399,0.0,1.0,1.0,1.0,1.0,true,1.0:8356; 0.0:710,f666b1df75d7954bf533cf5efbd37de88495b6e9e26c1830bda2a0819764468b,
F955,Float64,16,0.001762,3161,false,0.072579,false,0.048643,0.0,7211345015.0,4907893.530932054,108279309.8449317,0.0,49995.0,100000.0,500000.0,50000000.0,false,,de18732472925fb0897993af80993e6a3ca1c1b132e7a970ae59775c5ca8367d,
F956,Float64,16,0.001762,3123,false,0.137326,false,0.137326,0.0,7211345015.0,4382623.747468565,107133496.04718111,0.0,20000.0,70000.0,300000.0,33576436.82500005,false,,46b35c93c55be93d466d3196ab1f9f0b95397177d5fb5bb814dad29dac6bea12,
F957,Float64,16,0.001762,2396,false,0.078315,false,0.078315,0.0,4689276821.0,2852864.8419942637,59894269.874161474,0.0,20000.0,75000.0,254425.0,31471531.500000272,false,,862a2b7d44d9465fb81008fa4a161fba5ae1e31bc30dc5fe6ed27ee4abfe91a4,
F958,Float64,16,0.001762,2,false,0.951357,false,0.048643,0.0,1.0,0.9513567174056916,0.2151211604021293,0.0,1.0,1.0,1.0,1.0,true,1.0:8625; 0.0:441,f8a7fbb05d92ddcfd09983a1414affc51ae8456c2c60a90001e93acfdc645d44,F952
F959,Float64,16,0.001762,2,false,0.862674,false,0.137326,0.0,1.0,0.8626737260092654,0.3441914706417873,0.0,1.0,1.0,1.0,1.0,true,1.0:7821; 0.0:1245,f510b7c7d1323df0b7fba0454c95addc1b727955c357bb940976fb9ccecc8fbb,F953
F960,Float64,16,0.001762,2,false,0.921685,false,0.078315,0.0,1.0,0.9216854180454446,0.2686659788805399,0.0,1.0,1.0,1.0,1.0,true,1.0:8356; 0.0:710,f666b1df75d7954bf533cf5efbd37de88495b6e9e26c1830bda2a0819764468b,F954
F961,Float64,16,0.001762,3161,false,0.072579,false,0.048643,0.0,7211345015.0,4907893.530932054,108279309.8449317,0.0,49995.0,100000.0,500000.0,50000000.0,false,,de18732472925fb0897993af80993e6a3ca1c1b132e7a970ae59775c5ca8367d,F955
F962,Float64,16,0.001762,3123,false,0.137326,false,0.137326,0.0,7211345015.0,4382623.747468565,107133496.04718111,0.0,20000.0,70000.0,300000.0,33576436.82500005,false,,46b35c93c55be93d466d3196ab1f9f0b95397177d5fb5bb814dad29dac6bea12,F956
F963,Float64,16,0.001762,2396,false,0.078315,false,0.078315,0.0,4689276821.0,2852864.8419942637,59894269.874161474,0.0,20000.0,75000.0,254425.0,31471531.500000272,false,,862a2b7d44d9465fb81008fa4a161fba5ae1e31bc30dc5fe6ed27ee4abfe91a4,F957
F964,Float64,16,0.001762,2,false,0.896426,false,0.896426,0.0,1.0,0.10357379219060225,0.3047068456104329,0.0,0.0,0.0,0.0,1.0,true,0.0:8127; 1.0:939,787493dc8529fb76e44bffb13d8ccdfd0f0639036dde958c506fd1aea3d14b13,
F965,Float64,16,0.001762,1,true,1.0,true,1.0,0.0,0.0,0.0,0.0,0.0,0.0,0.0,0.0,0.0,true,0.0:9066,a057504a7edb57157a44f3a88c8242f39b54e60dfbc13e67b6e20a11d95da8b4,F616
F966,Float64,16,0.001762,2,false,0.896426,false,0.896426,0.0,1.0,0.10357379219060225,0.3047068456104329,0.0,0.0,0.0,0.0,1.0,true,0.0:8127; 1.0:939,787493dc8529fb76e44bffb13d8ccdfd0f0639036dde958c506fd1aea3d14b13,F964
F967,Float64,16,0.001762,70,false,0.896426,false,0.896426,0.0,20011.8,883.7463798808735,2962.7841727143455,0.0,0.0,0.0,0.0,15000.0,false,,87ef0d02fb643b1a4eb485efc0b6f0414d542d0eadec800d5f52973e99934374,
F968,Float64,16,0.001762,1,true,1.0,true,1.0,0.0,0.0,0.0,0.0,0.0,0.0,0.0,0.0,0.0,true,0.0:9066,a057504a7edb57157a44f3a88c8242f39b54e60dfbc13e67b6e20a11d95da8b4,F616
F969,Float64,16,0.001762,70,false,0.896426,false,0.896426,0.0,20011.8,883.7463798808735,2962.7841727143455,0.0,0.0,0.0,0.0,15000.0,false,,87ef0d02fb643b1a4eb485efc0b6f0414d542d0eadec800d5f52973e99934374,F967
F970,Float64,16,0.001762,2,false,0.904919,false,0.904919,0.0,1.0,0.09508052062651666,0.29332612434610594,0.0,0.0,0.0,0.0,1.0,true,0.0:8204; 1.0:862,867bbb0ef1b41fd65e9525f28a7a5b3fd5899af2028f7994db458d79bfb82fd3,
F971,Float64,16,0.001762,2,false,0.999228,true,0.999228,0.0,1.0,0.000772115596735054,0.02777623866257511,0.0,0.0,0.0,0.0,0.0,true,0.0:9059; 1.0:7,3ebf2a76dcad8815b73883261a6b833e6afdc3aee31367c6da1c54e9e8b84d0c,
F972,Float64,16,0.001762,2,false,0.905361,false,0.905361,0.0,1.0,0.09463931171409662,0.2927160952055399,0.0,0.0,0.0,0.0,1.0,true,0.0:8208; 1.0:858,e4b1b6af7b0c43f4fb7a6a6eb9de59c4774f4b71cdf56ab3a027a13fe8aa0f56,
F973,Float64,16,0.001762,233,false,0.904919,false,0.904919,0.0,713367.0,730.4852305316568,16484.974822442673,0.0,0.0,0.0,0.0,2100.0,false,,469a48925c0a64d6264dbd506177d576bf7b9f41ba8d08869b0117c3210df8d5,
F974,Float64,16,0.001762,7,false,0.999228,true,0.999228,0.0,713367.0,164.83770350761085,10604.089492412633,0.0,0.0,0.0,0.0,0.0,false,0.0:9059; 713367.0:2; 2456.47:1; 36000.0:1; 4838.27:1,662b6c1e54c8c1e52f4db50dc7323ef0b3c79857e6b9880ec04a4ee187cb8a93,
F975,Float64,16,0.001762,229,false,0.905361,false,0.905361,0.0,708507.4,568.4939730862563,12631.50452270826,0.0,0.0,0.0,0.0,1780.500000000011,false,,a25af3d82f0ff81d82be5f5c6d7e5be26d0b2a6dc183169377057f522075add5,
F976,Float64,16,0.001762,2,false,0.873483,false,0.873483,0.0,1.0,0.12651665563644385,0.3324307318570492,0.0,0.0,0.0,0.0,1.0,true,0.0:7919; 1.0:1147,4f4a4b40503a515812719bab32a6a4e51d1c6495db7e9c81532ff72c50580ded,
F977,Float64,16,0.001762,2,false,0.995588,true,0.995588,0.0,1.0,0.004412089124200309,0.06627686318588429,0.0,0.0,0.0,0.0,0.0,true,0.0:9026; 1.0:40,9604af72cc1aedcb5ad606875418720ea33fcd0bba31d68d2632173408519890,
F978,Float64,16,0.001762,2,false,0.877234,false,0.877234,0.0,1.0,0.12276637988087359,0.32816885265335377,0.0,0.0,0.0,0.0,1.0,true,0.0:7953; 1.0:1113,bee2d9ea66da5094476b46b54839e2bbb92596b75ae5259a3cd87461a9638610,
F979,Float64,16,0.001762,140,false,0.873483,false,0.873483,0.0,2500000.0,925.1014736377674,30542.422869063466,0.0,0.0,0.0,0.0,3540.0,false,,2c7c3dcd84a00609992ba09b9b2c44d3a8e307c22b0f927c33b4326fd1ac67f3,
F980,Float64,16,0.001762,35,false,0.995588,true,0.995588,0.0,2500000.0,628.0406265166557,27809.037358581616,0.0,0.0,0.0,0.0,0.0,false,,34172fe61782d26c4607a69afa75a9bb61d47f6ef888442e6c2a881201f580c8,
F981,Float64,16,0.001762,117,false,0.877234,false,0.877234,0.0,1000000.0,330.4352283256122,13029.853773239,0.0,0.0,0.0,0.0,1587.7800000000068,false,,88df84dd1776e26add2e580b782e53914b42593cb4a175c485b165625daf6a35,
F982,Float64,16,0.001762,2,false,0.947827,false,0.947827,0.0,1.0,0.052172953893668654,0.22237566588023472,0.0,0.0,0.0,0.0,1.0,true,0.0:8593; 1.0:473,fb283857afc6e5dbfae7985a22a5f6b9ccfc996e4fcb426adf41a124e7f0980a,
F983,Float64,16,0.001762,2,false,0.994926,true,0.994926,0.0,1.0,0.0050739024928303554,0.07105039061344845,0.0,0.0,0.0,0.0,0.0,true,0.0:9020; 1.0:46,8bd5eb3f8db8d4875a804f7840f6a957326aee64a392ee3c6415be92dff090fb,
F984,Float64,16,0.001762,2,false,0.951798,false,0.951798,0.0,1.0,0.04820207368188838,0.21419298255231,0.0,0.0,0.0,0.0,1.0,true,0.0:8629; 1.0:437,c0bef23a2ffcb7b69f9489065d74b44ace7d13d587a83aa1e0aafccdf25e3fee,
F985,Float64,16,0.001762,290,false,0.947827,false,0.947827,0.0,47588317.0,33236.57605448929,810449.7448308116,0.0,0.0,0.0,0.0,250081.90000000008,false,,5195c9d09e9a23aef66ab2ab2b0e2cae947a5aba8939c0c9da8f59869df5b262,
F986,Float64,16,0.001762,40,false,0.994926,true,0.994926,0.0,3495808.0,2311.8031105228324,62580.631243879034,0.0,0.0,0.0,0.0,0.0,true,,859b560c2f62c0ec96a958b92116e009a9d80b2154dd533529d929c492d65289,
F987,Float64,16,0.001762,266,false,0.951798,false,0.951798,0.0,47588317.0,31102.207975954112,808155.3141247769,0.0,0.0,0.0,0.0,129864.50000000179,false,,4b96b5862af87d487f33c96b638a5c4f692731aa9bd37d2754446dbb35aba87e,
F988,Float64,16,0.001762,2,false,0.679021,false,0.320979,0.0,1.0,0.6790205162144275,0.46685292627798736,0.0,0.0,1.0,1.0,1.0,true,1.0:6156; 0.0:2910,ff7e4891e4ddb65536b01c3d9bbec6aefe32bb7c7ef11268239b14635d6c2389,
F989,Float64,16,0.001762,2,false,0.590779,false,0.409221,0.0,1.0,0.5907787337304213,0.491690168197719,0.0,0.0,1.0,1.0,1.0,true,1.0:5356; 0.0:3710,a427390af02ebab32dd815bc295be0b4084bd51e7bc6b57bd915732da19b1a4e,
F990,Float64,16,0.001762,2,false,0.654754,false,0.654754,0.0,1.0,0.3452459739686742,0.47544841089974815,0.0,0.0,0.0,1.0,1.0,true,0.0:5936; 1.0:3130,3c5daba8d33aaa747588a7697abbb00d0c53ebba7e02c4d440e224d45f43f258,
F991,Float64,16,0.001762,3053,false,0.320979,false,0.320979,0.0,7211345015.0,3693746.0292267813,88963328.23093973,0.0,0.0,50000.0,340000.0,33992780.84,false,,3ed855db027d39ca227c49af5fd26350e4228f97ef4581a82fce281b987d2243,
F992,Float64,16,0.001762,2922,false,0.409221,false,0.409221,0.0,7211345015.0,2937685.5428215307,86946268.25355121,0.0,0.0,19394.0,188078.0,20000000.0,false,,eeb97650730e7e57f67c468549b780f9877c3109d94c1b4bb996f04947b201f7,
F993,Float64,16,0.001762,1286,false,0.654754,false,0.654754,0.0,2420000000.0,1898036.7690447827,34560987.97619274,0.0,0.0,0.0,102875.0,19870000.000000075,false,,bb7d451992ef39c6ac504dd7b69cfb726d0c1d14a8c8d00bc83d046381c532ff,
F994,Float64,16,0.001762,2,false,0.733289,false,0.266711,0.0,1.0,0.7332892124420913,0.44223991606157487,0.0,0.0,1.0,1.0,1.0,true,1.0:6648; 0.0:2418,ac9080a4b051b15e406b457656a90128ae9c34452545c0a41edb73af6c411e6a,
F995,Float64,16,0.001762,2,false,0.629274,false,0.370726,0.0,1.0,0.629274211339069,0.48299914936018434,0.0,0.0,1.0,1.0,1.0,true,1.0:5705; 0.0:3361,c2067c1d7ab9b2f38c36ab629b1e5b09ac0dd0b86a5d86c9dd95c6afc276b9c1,
F996,Float64,16,0.001762,2,false,0.638429,false,0.361571,0.0,1.0,0.6384292962717847,0.4804553360445677,0.0,0.0,1.0,1.0,1.0,true,1.0:5788; 0.0:3278,bb69c26426f4bbcfe46cf2e22b66fc9d03f7655722185afffffcb3bdc31ae0d8,
F997,Float64,16,0.001762,1412,false,0.266711,false,0.266711,0.0,2400227.0,43326.91682881094,56379.189638576216,0.0,0.0,30000.0,65585.5,200000.0,false,,f71c9a17ceee21a2dfb9bf6bc08d11b6880795bb3231c2edc34d0ca9eb938caf,
F998,Float64,16,0.001762,1200,false,0.370726,false,0.370726,0.0,2400227.0,22840.309383410546,40200.80446774254,0.0,0.0,7150.0,40000.0,100000.0,false,,8ebf1b5a0890d71886cd5a8c3a4ae53b83aaae4b518cc0f5cd1b8ab5c48bba1b,
F999,Float64,16,0.001762,1319,false,0.361571,false,0.361571,0.0,564234.0,34157.4841981028,49529.0321258951,0.0,0.0,16000.0,50000.0,200000.0,false,,3b29140e01700d0f320662160f4575ebe0dd6937593d55853324c24fdfce6c5f,
F1000,Float64,16,0.001762,2,false,0.506177,false,0.506177,0.0,1.0,0.49382307522611957,0.49996184414446854,0.0,0.0,0.0,1.0,1.0,true,0.0:4589; 1.0:4477,9ed7b5d086fe095f58f77fd9130b1f4f1bdcc646867880127f3f2f66566ba71b,
F1001,Float64,16,0.001762,2,false,0.556585,false,0.556585,0.0,1.0,0.443414956982131,0.4967878147727316,0.0,0.0,0.0,1.0,1.0,true,0.0:5046; 1.0:4020,da3c3e3dd6ddef179554178a4009d263540c36bbf564af4f8256a1cadaf550cf,
F1002,Float64,16,0.001762,2,false,0.885175,false,0.885175,0.0,1.0,0.11482461945731304,0.3188101727106528,0.0,0.0,0.0,0.0,1.0,true,0.0:8025; 1.0:1041,b10ce9a8223006b0a8aaae18c34de8ca3810cf187c17613cd0bea0f45fc529b1,
F1003,Float64,16,0.001762,2682,false,0.506177,false,0.506177,0.0,7211345015.0,3370067.3161647916,88673842.90839842,0.0,0.0,0.0,200000.0,30000000.0,false,,15087db6af9988b2e5e76b2bb4effde4f1fefa6a84f21b8499f5a6e5b5774e9f,
F1004,Float64,16,0.001762,2529,false,0.556585,false,0.556585,0.0,7211345015.0,2920209.87594529,86946826.06848726,0.0,0.0,0.0,112427.0,20000000.0,false,,c378cc31c20a47ef3358bbe517e790da81377cfef566789a0148ec56ec5cb6bd,
F1005,Float64,16,0.001762,613,false,0.885175,false,0.885175,0.0,2420000000.0,1007578.2048830797,29762582.44374728,0.0,0.0,0.0,0.0,7735000.000000036,false,,e15adbf7cd197e4a424930d0589eb1dbb81d3c039897a2a3bf1fc2a9a303a0f8,
F1006,Float64,16,0.001762,2,false,0.855945,false,0.855945,0.0,1.0,0.14405470990514008,0.35114519854226395,0.0,0.0,0.0,0.0,1.0,true,0.0:7760; 1.0:1306,b8737c3e79b0606a0abd4562824d6a5a7d3307429c02eb81285af4e7b7a0e8b3,
F1007,Float64,16,0.001762,2,false,0.936687,false,0.936687,0.0,1.0,0.06331347893227443,0.2435259376694131,0.0,0.0,0.0,0.0,1.0,true,0.0:8492; 1.0:574,ae7d3699c4ae1884b3d67906d92a07f3fb7585373379c0f429967255db485655,
F1008,Float64,16,0.001762,2,false,0.885396,false,0.885396,0.0,1.0,0.11460401500110302,0.3185434581760077,0.0,0.0,0.0,0.0,1.0,true,0.0:8027; 1.0:1039,9daad6e1aaa164e68e95cf285e3ed6f5798a56d96747923e01f77b860fcc643b,
F1009,Float64,16,0.001762,541,false,0.855945,false,0.855945,0.0,10000000.0,39060.57078866093,218365.81464726655,0.0,0.0,0.0,0.0,1000000.0,false,,fab18284897d5a040e512cb0d3018bf977e4854d24e78fb3f1a6cf7500b83c51,
F1010,Float64,16,0.001762,271,false,0.936687,false,0.936687,0.0,10000000.0,12148.572482903153,154886.95705154646,0.0,0.0,0.0,0.0,293500.0000000036,false,,b90736362a217ee85b153c84e676d74c776a3a0b47445ebbf42174292ed1a735,
F1011,Float64,16,0.001762,463,false,0.885396,false,0.885396,0.0,6500000.0,31946.827585484225,177186.3762893432,0.0,0.0,0.0,0.0,952553.4500000022,false,,f8a152dd988277e8a699c2b10a16018d9ea92d53b8719980c70283396e9f2b09,
F1012,Float64,16,0.001762,2,false,0.974741,false,0.974741,0.0,1.0,0.02525921023604677,0.15691138433618498,0.0,0.0,0.0,0.0,1.0,true,0.0:8837; 1.0:229,6aded7ff3bb7f86e952a47f9a2945cf911c31447bb88bb1e3c27dde91beaf749,
F1013,Float64,16,0.001762,2,false,0.999779,true,0.999779,0.0,1.0,0.00022060445621001543,0.01485112082921406,0.0,0.0,0.0,0.0,0.0,true,0.0:9064; 1.0:2,37478cc52c41cb5834b28df6a092f80c048c354ce77e830c2b1155b060ce6f78,
F1014,Float64,16,0.001762,2,false,0.974741,false,0.974741,0.0,1.0,0.02525921023604677,0.15691138433618498,0.0,0.0,0.0,0.0,1.0,true,0.0:8837; 1.0:229,6aded7ff3bb7f86e952a47f9a2945cf911c31447bb88bb1e3c27dde91beaf749,F1012
F1015,Float64,16,0.001762,172,false,0.974741,false,0.974741,0.0,50000.0,262.75789322744316,2751.5914363329916,0.0,0.0,0.0,0.0,6830.0,false,,7b24ea9987e291b4416c78e946a01067add8456e1a345b5128f15e919f30fe36,
F1016,Float64,16,0.001762,3,false,0.999779,true,0.999779,0.0,24875.76,2.964456210015442,262.08360997025704,0.0,0.0,0.0,0.0,0.0,false,0.0:9064; 24875.76:1; 2000.0:1,4f05c400c2345703110a495567d642f3308a74a42362cbf8a0f8b42a5e68401c,
F1017,Float64,16,0.001762,172,false,0.974741,false,0.974741,0.0,50000.0,262.75789322744316,2751.5914363329916,0.0,0.0,0.0,0.0,6830.0,false,,7b24ea9987e291b4416c78e946a01067add8456e1a345b5128f15e919f30fe36,F1015
F1018,Float64,16,0.001762,1,true,1.0,true,1.0,0.0,0.0,0.0,0.0,0.0,0.0,0.0,0.0,0.0,true,0.0:9066,a057504a7edb57157a44f3a88c8242f39b54e60dfbc13e67b6e20a11d95da8b4,F616
F1019,Float64,16,0.001762,1,true,1.0,true,1.0,0.0,0.0,0.0,0.0,0.0,0.0,0.0,0.0,0.0,true,0.0:9066,a057504a7edb57157a44f3a88c8242f39b54e60dfbc13e67b6e20a11d95da8b4,F616
F1020,Float64,16,0.001762,1,true,1.0,true,1.0,0.0,0.0,0.0,0.0,0.0,0.0,0.0,0.0,0.0,true,0.0:9066,a057504a7edb57157a44f3a88c8242f39b54e60dfbc13e67b6e20a11d95da8b4,F616
F1021,Float64,16,0.001762,1,true,1.0,true,1.0,0.0,0.0,0.0,0.0,0.0,0.0,0.0,0.0,0.0,true,0.0:9066,a057504a7edb57157a44f3a88c8242f39b54e60dfbc13e67b6e20a11d95da8b4,F616
F1022,Float64,16,0.001762,1,true,1.0,true,1.0,0.0,0.0,0.0,0.0,0.0,0.0,0.0,0.0,0.0,true,0.0:9066,a057504a7edb57157a44f3a88c8242f39b54e60dfbc13e67b6e20a11d95da8b4,F616
F1023,Float64,16,0.001762,1,true,1.0,true,1.0,0.0,0.0,0.0,0.0,0.0,0.0,0.0,0.0,0.0,true,0.0:9066,a057504a7edb57157a44f3a88c8242f39b54e60dfbc13e67b6e20a11d95da8b4,F616
F1024,Float64,16,0.001762,2,false,0.991838,true,0.991838,0.0,1.0,0.00816236487977057,0.0899763339958906,0.0,0.0,0.0,0.0,0.0,true,0.0:8992; 1.0:74,bb9ff55b17c99abbdd57a212eb45a9ff920a85cd337b5b6e9e0aec054eb503f3,
F1025,Float64,16,0.001762,2,false,0.991948,true,0.991948,0.0,1.0,0.008052062651665564,0.08937128699263101,0.0,0.0,0.0,0.0,0.0,true,0.0:8993; 1.0:73,d26febf9dc9ba801cbb43ec92544b2bc1e82f6739ba63155abdaf8f1a548fe0e,
F1026,Float64,16,0.001762,2,false,0.99989,true,0.99989,0.0,1.0,0.00011030222810500772,0.010501907518326505,0.0,0.0,0.0,0.0,0.0,true,0.0:9065; 1.0:1,3b170abc4461db08185746e11ac94b6363c59d9c3016e4547778ede0216ba8fa,
F1027,Float64,16,0.001762,52,false,0.991838,true,0.991838,0.0,75000.0,41.64299360247077,1475.5440176218824,0.0,0.0,0.0,0.0,0.0,false,,bc8236c4fa20407dc13179606005ec2c77fe358713f8611d5bb291a989b98bfc,
F1028,Float64,16,0.001762,51,false,0.991948,true,0.991948,0.0,75000.0,41.532770791969995,1475.5098008336527,0.0,0.0,0.0,0.0,0.0,false,,2d0971554e6c7c59c214e534f4e5f6c8939f019aebb6012f68b913ceea1ce762,
F1029,Float64,16,0.001762,2,false,0.99989,true,0.99989,0.0,999.28,0.11022281050077211,10.49434614491331,0.0,0.0,0.0,0.0,0.0,false,0.0:9065; 999.28:1,9e6ab07e4f1f152a9b56307fc07b84bcfb434dd330563f76f91ac9d98adb56f4,
F1030,Float64,16,0.001762,2,false,0.884183,false,0.884183,0.0,1.0,0.1158173395102581,0.32000575522797037,0.0,0.0,0.0,0.0,1.0,true,0.0:8016; 1.0:1050,3067a9324022b9d032cc2551beb3d6e192c5024deac3c842e5c3c5e77b8fd6ec,
F1031,Float64,16,0.001762,2,false,0.968564,false,0.968564,0.0,1.0,0.0314361350099272,0.17449327902691503,0.0,0.0,0.0,0.0,1.0,true,0.0:8781; 1.0:285,5f66feb8fc09fe79aeb58a55fc84d6045f4f28fd1c5e9b1cbaa7e52b2eb9274c,
F1032,Float64,16,0.001762,2,false,0.907126,false,0.907126,0.0,1.0,0.0928744760644165,0.2902564517115453,0.0,0.0,0.0,0.0,1.0,true,0.0:8224; 1.0:842,081aedbf7b48ce1074f1d8a1c661e033a41f716ed33917ee02a7461183858635,
F1033,Float64,16,0.001762,694,false,0.884183,false,0.884183,0.0,250000000.0,76684.7002768586,3028299.199307064,0.0,0.0,0.0,0.0,729475.2500000015,false,,eed50bcf93035d5d9c8467db4cc26fc507a2903f108b02b308fb6138808fb96b,
F1034,Float64,16,0.001762,174,false,0.968564,false,0.968564,0.0,3000000.0,6078.642723362012,84393.6249795623,0.0,0.0,0.0,0.0,60349.35000000036,false,,724d431e8ad26f2ced1e8ed78f232b79a71cd39c29f11b8dfa95129376815890,
F1035,Float64,16,0.001762,604,false,0.907126,false,0.907126,0.0,250000000.0,71675.50797264505,3027387.6658390067,0.0,0.0,0.0,0.0,542525.0000000042,false,,b1f7f721fe42529169a0329475f3e0fa11cb225c68725eed805897028f0dfec3,
F1036,Float64,16,0.001762,2,false,0.885617,false,0.885617,0.0,1.0,0.11438341054489301,0.31827636722982033,0.0,0.0,0.0,0.0,1.0,true,0.0:8029; 1.0:1037,060d2f1f3f39cef164bf660802fd0451d0740d3fe999f604c53afab57ef1c94a,
F1037,Float64,16,0.001762,2,false,0.966578,false,0.966578,0.0,1.0,0.03342157511581734,0.17973473073559024,0.0,0.0,0.0,0.0,1.0,true,0.0:8763; 1.0:303,db7d97eca17249671c373ebdc7d815adf2ac1de0f452f1d01455afb7af8db76c,
F1038,Float64,16,0.001762,2,false,0.912972,false,0.912972,0.0,1.0,0.08702845797485109,0.28187675583022215,0.0,0.0,0.0,0.0,1.0,true,0.0:8277; 1.0:789,fc4fa6a56d8c520ad94cbb4bf6634835b009c93a3e6c83df49916181b8f55d20,
F1039,Float64,16,0.001762,671,false,0.885617,false,0.885617,0.0,55857568.78,40854.983684094426,908150.7664697075,0.0,0.0,0.0,0.0,178067.70000000042,false,,f9a0dd3eb977cda3c61b61e5d9542393f51107e61ed1b53e499ba6a6552d8440,
F1040,Float64,16,0.001762,237,false,0.966578,false,0.966578,0.0,55857568.78,33253.44494153982,891933.1237890116,0.0,0.0,0.0,0.0,4686.250000000064,false,,bea51fc6cc7e62943fa6f753dc5ccce22efdb52b98fc85109ca0c41a751a1bb7,
F1041,Float64,16,0.001762,483,false,0.912972,false,0.912972,0.0,10000000.0,9846.382722258988,226353.5529115969,0.0,0.0,0.0,0.0,81060.20000000007,false,,0d6928d0382de4b37f6cd75770581b65753c0f4423796f54a617f29f62e1db65,
F1042,Float64,10,0.001101,2,false,0.714286,false,0.714286,0.0,1.0,0.2857142857142857,0.45175395145262565,0.0,0.0,0.0,1.0,1.0,true,0.0:6480; 1.0:2592,4a87ec498278d9420df97f68c86596f8b1f5c325346b109d50ddcab3d3f88d32,
F1043,Float64,10,0.001101,2,false,0.829365,false,0.829365,0.0,1.0,0.17063492063492064,0.3761896390051631,0.0,0.0,0.0,0.0,1.0,true,0.0:7524; 1.0:1548,a1b166410b9a3db1ca12fd8dd621277c42fe524e116b737c649c7a5428fe212f,
F1044,Float64,10,0.001101,2,false,0.837743,false,0.837743,0.0,1.0,0.16225749559082892,0.3686868599711971,0.0,0.0,0.0,0.0,1.0,true,0.0:7600; 1.0:1472,d1f1b2da2a7032003223894be5a4735ae804442ed9cf258269d653575da5910d,
F1045,Float64,10,0.001101,672,false,0.714286,false,0.714286,0.0,15000000.0,82261.77336860671,380484.7731105318,0.0,0.0,0.0,19806.5,1242189.9999999895,true,,26db6d4c7b0c8f7ba0d56647c7af2f2a87307612c945df83b5c881f0ecb323c0,
F1046,Float64,10,0.001101,471,false,0.829365,false,0.829365,0.0,15000000.0,42823.25947971781,308659.92506853817,0.0,0.0,0.0,0.0,900000.0,true,,de817173ed4a7e475444e7a665369f8b8a5b492980c9920ff06aec2e2aed7c5a,
F1047,Float64,10,0.001101,391,false,0.837743,false,0.837743,0.0,9800000.0,42990.00749559083,233169.52453718422,0.0,0.0,0.0,0.0,852257.0699999926,true,,4594d07c6c504ff95cb5a4e7d6d9a3c474e3a812afaf92abfb8e1084bb17808c,
F1048,Float64,10,0.001101,2,false,0.911045,false,0.911045,0.0,1.0,0.08895502645502645,0.28467881853663085,0.0,0.0,0.0,0.0,1.0,true,0.0:8265; 1.0:807,7bbaafce2b2375a0263f304906f7d6cedc98145cd1a17eb5be25ade99320f3a5,
F1049,Float64,10,0.001101,2,false,0.95172,false,0.95172,0.0,1.0,0.04828042328042328,0.2143581675800725,0.0,0.0,0.0,0.0,1.0,true,0.0:8634; 1.0:438,b8bafcca30cdad60d49c2fdaf0d01ec9d5763476acdc0c393062fe1e2baaec24,
F1050,Float64,10,0.001101,2,false,0.924603,false,0.924603,0.0,1.0,0.07539682539682539,0.2640305742085678,0.0,0.0,0.0,0.0,1.0,true,0.0:8388; 1.0:684,a7cc9c264ec36745cdd5d27b5328f5fd1be161b8e615ddf54f26ddf79e76f944,
F1051,Float64,10,0.001101,605,false,0.911045,false,0.911045,0.0,101475000.0,51584.739883156966,1171045.048137295,0.0,0.0,0.0,0.0,793682.0099999943,false,,19dec4c66c69918bfca2a7ae6b0380cd849c83c5387a4f9a0f32188cbecd7e49,
F1052,Float64,10,0.001101,327,false,0.95172,false,0.95172,0.0,101475000.0,38070.439645061735,1150164.8450684699,0.0,0.0,0.0,0.0,551501.6199999951,false,,26dee0976ccd247656645f0e8abcab2ebcc909fdb93664d6501f415145d65655,
F1053,Float64,10,0.001101,516,false,0.924603,false,0.924603,0.0,101475000.0,39109.009725529104,1105915.9036858848,0.0,0.0,0.0,0.0,551501.6199999951,false,,6437d31eb27cf4da1ab4210d3f8619ce5214d2d5175e7b84b7fae664793f067e,
F1054,Float64,10,0.001101,2,false,0.992504,true,0.007496,0.0,1.0,0.9925044091710759,0.08625199677137632,1.0,1.0,1.0,1.0,1.0,true,1.0:9004; 0.0:68,a9fbcb27eae102e3c30274afdeac46354b13b2cec4e8c5a301570ecb9e7506fb,
F1055,Float64,10,0.001101,2,false,0.959215,false,0.040785,0.0,1.0,0.9592151675485009,0.1977913797247045,0.0,1.0,1.0,1.0,1.0,true,1.0:8702; 0.0:370,3c9cde540713e68a06834ce324dad75e9c965f42690349de5fb2a1d8f4dc8dc2,
F1056,Float64,10,0.001101,2,false,0.965388,false,0.034612,0.0,1.0,0.9653880070546738,0.18279497501211286,0.0,1.0,1.0,1.0,1.0,true,1.0:8758; 0.0:314,b3a316f56ac626899c2f506746c736460dfe01c420dcc57d62606a25ac26e94a,
F1057,Float64,10,0.001101,3673,false,0.064374,false,0.007496,0.0,7211345015.0,7078828.430733024,143699475.41301438,500.0,64975.0,199000.0,738641.135,74289999.99999906,false,,664ce34be748cd635b57241cae8e3fa10bfcb755aca33e3344d3ec4b0f2193df,
F1058,Float64,10,0.001101,3754,false,0.050926,false,0.040785,0.0,7211345015.0,6078163.135669092,128131807.8880686,0.0,50000.0,123468.89,590106.7325,55608999.99999801,false,,2fc40058a01172c9ddfcec79f9b53721309b6e82688f4e0347b892235c65d373,
F1059,Float64,10,0.001101,2640,false,0.074405,false,0.034612,0.0,7000000000.0,5339778.083395061,117045471.97172025,0.0,30000.0,99000.0,400000.0,55754953.55569798,false,,8259b795328b4e4a25c6afc755fcabad32f7fed1455de375e13b0f30988b309f,
F1060,Float64,10,0.001101,2,false,0.958884,false,0.041116,0.0,1.0,0.9588844797178131,0.19855738282449242,0.0,1.0,1.0,1.0,1.0,true,1.0:8699; 0.0:373,647e252fe736b75286177c682b2a2292397145c385a1e603ff4ea7a4723a759b,
F1061,Float64,10,0.001101,2,false,0.893849,false,0.106151,0.0,1.0,0.8938492063492064,0.3080305222832638,0.0,1.0,1.0,1.0,1.0,true,1.0:8109; 0.0:963,8f8cb1c0ef09676f09fb8f0aebf378ba8ad8c7aee6c33125a476df46e0020eb8,
F1062,Float64,10,0.001101,2,false,0.92769,false,0.07231,0.0,1.0,0.927689594356261,0.2590011793011316,0.0,1.0,1.0,1.0,1.0,true,1.0:8416; 0.0:656,e482e903de7cb0cb072f592c8c5bc3de08ca6677a5199d03b021654974563da5,
F1063,Float64,10,0.001101,3273,false,0.068122,false,0.041116,0.0,7211345015.0,6409724.015520282,140134034.14039072,0.0,50000.0,129900.94,580500.0,60000000.0,false,,3fdd3f2dff7f50385639b0102f656333223ba05b75008b61b629e1b0c6f3871e,
F1064,Float64,10,0.001101,3251,false,0.106151,false,0.106151,0.0,7211345015.0,5615602.314884259,127762536.22696258,0.0,30000.0,92986.5,450000.0,45579999.99999811,false,,e4a1f4c2a7563bf19ee83a202b4f5d33079acba4419c7a205756cbb4fa235dae,
F1065,Float64,10,0.001101,2399,false,0.075287,false,0.07231,0.0,7000000000.0,4049771.3985879635,98623596.05103834,0.0,25000.0,90000.0,306631.25,40000000.0,false,,2109f81f998fab95493df7eb4fc143f0485a252afa937b610c2caea6d0121605,
F1066,Float64,10,0.001101,2,false,0.958884,false,0.041116,0.0,1.0,0.9588844797178131,0.19855738282449242,0.0,1.0,1.0,1.0,1.0,true,1.0:8699; 0.0:373,647e252fe736b75286177c682b2a2292397145c385a1e603ff4ea7a4723a759b,F1060
F1067,Float64,10,0.001101,2,false,0.893849,false,0.106151,0.0,1.0,0.8938492063492064,0.3080305222832638,0.0,1.0,1.0,1.0,1.0,true,1.0:8109; 0.0:963,8f8cb1c0ef09676f09fb8f0aebf378ba8ad8c7aee6c33125a476df46e0020eb8,F1061
F1068,Float64,10,0.001101,2,false,0.92769,false,0.07231,0.0,1.0,0.927689594356261,0.2590011793011316,0.0,1.0,1.0,1.0,1.0,true,1.0:8416; 0.0:656,e482e903de7cb0cb072f592c8c5bc3de08ca6677a5199d03b021654974563da5,F1062
F1069,Float64,10,0.001101,3273,false,0.068122,false,0.041116,0.0,7211345015.0,6409724.015520282,140134034.14039072,0.0,50000.0,129900.94,580500.0,60000000.0,false,,3fdd3f2dff7f50385639b0102f656333223ba05b75008b61b629e1b0c6f3871e,F1063
F1070,Float64,10,0.001101,3251,false,0.106151,false,0.106151,0.0,7211345015.0,5615602.314884259,127762536.22696258,0.0,30000.0,92986.5,450000.0,45579999.99999811,false,,e4a1f4c2a7563bf19ee83a202b4f5d33079acba4419c7a205756cbb4fa235dae,F1064
F1071,Float64,10,0.001101,2399,false,0.075287,false,0.07231,0.0,7000000000.0,4049771.3985879635,98623596.05103834,0.0,25000.0,90000.0,306631.25,40000000.0,false,,2109f81f998fab95493df7eb4fc143f0485a252afa937b610c2caea6d0121605,F1065
F1072,Float64,10,0.001101,2,false,0.859568,false,0.859568,0.0,1.0,0.1404320987654321,0.3474347771910118,0.0,0.0,0.0,0.0,1.0,true,0.0:7798; 1.0:1274,9b093ab3cf6a63b070bf5ca08b921216aa13360111b2e6a4cb351dcff2ea19b2,
F1073,Float64,10,0.001101,1,true,1.0,true,1.0,0.0,0.0,0.0,0.0,0.0,0.0,0.0,0.0,0.0,true,0.0:9072,6af0b742cd3e43e07ff48b608fed19bf1dc7cfb82661a6ac227604e5cc8b573a,F724
F1074,Float64,10,0.001101,2,false,0.859568,false,0.859568,0.0,1.0,0.1404320987654321,0.3474347771910118,0.0,0.0,0.0,0.0,1.0,true,0.0:7798; 1.0:1274,9b093ab3cf6a63b070bf5ca08b921216aa13360111b2e6a4cb351dcff2ea19b2,F1072
F1075,Float64,10,0.001101,82,false,0.859568,false,0.859568,0.0,20011.8,1228.3443672839508,3457.878929493526,0.0,0.0,0.0,0.0,15000.0,false,,0e186f07ece5cde14a71a104056a419d2a90c0a51f72869c54c34a1f8c13119c,
F1076,Float64,10,0.001101,1,true,1.0,true,1.0,0.0,0.0,0.0,0.0,0.0,0.0,0.0,0.0,0.0,true,0.0:9072,6af0b742cd3e43e07ff48b608fed19bf1dc7cfb82661a6ac227604e5cc8b573a,F724
F1077,Float64,10,0.001101,82,false,0.859568,false,0.859568,0.0,20011.8,1228.3443672839508,3457.878929493526,0.0,0.0,0.0,0.0,15000.0,false,,0e186f07ece5cde14a71a104056a419d2a90c0a51f72869c54c34a1f8c13119c,F1075
F1078,Float64,10,0.001101,2,false,0.858466,false,0.858466,0.0,1.0,0.14153439153439154,0.3485719546196755,0.0,0.0,0.0,0.0,1.0,true,0.0:7788; 1.0:1284,d356f1a210c62b08152edad11862d75c6a23726588e05983e567d23f91c67940,
F1079,Float64,10,0.001101,2,false,0.998898,true,0.998898,0.0,1.0,0.0011022927689594356,0.03318249116041373,0.0,0.0,0.0,0.0,0.0,true,0.0:9062; 1.0:10,91610d95dfeefe42f11fe2e2c273b063bbf4cb8473b2f090d5554ae90c8676d6,
F1080,Float64,10,0.001101,2,false,0.858686,false,0.858686,0.0,1.0,0.14131393298059966,0.34834509516592055,0.0,0.0,0.0,0.0,1.0,true,0.0:7790; 1.0:1282,dce1be8aef09383a1cf56465a63c455978725a89b579b96c9ba493e3fcd385ea,
F1081,Float64,10,0.001101,312,false,0.858466,false,0.858466,0.0,2256750.0,1673.7980709876542,34471.88859063328,0.0,0.0,0.0,0.0,5254.099999999915,false,,a312687d4661cf3340e1a378fbcf64d1577ba8b045b1159fa6206fc493612eec,
F1082,Float64,10,0.001101,10,false,0.998898,true,0.998898,0.0,713367.0,169.31146604938272,10605.917281596112,0.0,0.0,0.0,0.0,0.0,false,0.0:9062; 713367.0:2; 24035.88:1; 31250.0:1; 7425.0:1,dc595eb48c6c70c65c1be713c58810c7107c7d9ebe81bf01328256c3b3a8cec8,
F1083,Float64,10,0.001101,308,false,0.858686,false,0.858686,0.0,2256750.0,1511.9073357583775,32809.922597570796,0.0,0.0,0.0,0.0,5000.0,false,,d3f906a295f95e4c5fd4d024327f4334f5529ae02cf866c3d4058a72ac9f34d4,
F1084,Float64,10,0.001101,2,false,0.839616,false,0.839616,0.0,1.0,0.16038359788359788,0.366961441317082,0.0,0.0,0.0,0.0,1.0,true,0.0:7617; 1.0:1455,964910ebf461e1d4ff991b471e6cd7d9cdde8188d13a45445dc6e607e347efae,
F1085,Float64,10,0.001101,2,false,0.994268,true,0.994268,0.0,1.0,0.005731922398589065,0.0754921682309206,0.0,0.0,0.0,0.0,0.0,true,0.0:9020; 1.0:52,5159c2f40c1ce8010aaa669b9b8c3d1a6a0e8a564fb41544e23863b866a1164c,
F1086,Float64,10,0.001101,2,false,0.844356,false,0.844356,0.0,1.0,0.15564373897707232,0.36251726233975295,0.0,0.0,0.0,0.0,1.0,true,0.0:7660; 1.0:1412,d1071c5bde426f4512b655a34b014c0a59d99537bcc122557c2dfbf3334a839d,
F1087,Float64,10,0.001101,183,false,0.839616,false,0.839616,0.0,2500000.0,1440.3650870811289,37440.63583963009,0.0,0.0,0.0,0.0,5816.219999999888,false,,a79bd1aa08e717e95c61db3cfc44bc0497ca08f1efdb3ae2f04cb8211c361e8c,
F1088,Float64,10,0.001101,45,false,0.994268,true,0.994268,0.0,2500000.0,934.4421450617284,33493.403158047324,0.0,0.0,0.0,0.0,0.0,false,,f8d9d4db123912b707a035bb8d3df3b8563d491d9bdd320e7d20e8ba6f52e7be,
F1089,Float64,10,0.001101,151,false,0.844356,false,0.844356,0.0,1033591.0,551.6002193562609,17278.39823278873,0.0,0.0,0.0,0.0,3557.109999999944,false,,1d0283dbcdb5f936ba11f2309487420a89703c1939489294d82f77c45d808c23,
F1090,Float64,10,0.001101,2,false,0.872465,false,0.872465,0.0,1.0,0.1275352733686067,0.3335716226170947,0.0,0.0,0.0,0.0,1.0,true,0.0:7915; 1.0:1157,2e2868aac472f8e65ca59fef76c9252ac913641098440a5afe1e64a2a9bc8b31,
F1091,Float64,10,0.001101,2,false,0.992504,true,0.992504,0.0,1.0,0.007495590828924162,0.08625199677137632,0.0,0.0,0.0,0.0,0.0,true,0.0:9004; 1.0:68,aceb00b34d4fd9b3151b1d6eaa24e5d312ea8664649a410089a849d8a1c9a6f1,
F1092,Float64,10,0.001101,2,false,0.877646,false,0.877646,0.0,1.0,0.12235449735449735,0.3276947883803245,0.0,0.0,0.0,0.0,1.0,true,0.0:7962; 1.0:1110,63ea301a8f269949460781d8af7af830efc725bb0a4b5c790aeace307e558554,
F1093,Float64,10,0.001101,442,false,0.872465,false,0.872465,0.0,47588317.0,54895.69926146385,999263.7461322773,0.0,0.0,0.0,0.0,714130.2999999974,false,,c0b01abe5b708a4fe1fc94ddb3622510ee679890c3461cd678cb49d23ed7ac3e,
F1094,Float64,10,0.001101,58,false,0.992504,true,0.992504,0.0,43742056.0,10547.947641093475,482603.6618751951,0.0,0.0,0.0,0.0,0.0,true,,5fe92926e111d54673364eb0c3371d6abf2d51f74fb34b4d13d7be04183ce721,
F1095,Float64,10,0.001101,412,false,0.877646,false,0.877646,0.0,47588317.0,44642.62531305115,875578.4796065295,0.0,0.0,0.0,0.0,430277.09999998205,false,,d6a627049e21432eaa74ab766e55f29510f6f177a02e5bb23ea13a8bc6d45055,
F1096,Float64,10,0.001101,2,false,0.727844,false,0.272156,0.0,1.0,0.7278439153439153,0.44506982625286423,0.0,0.0,1.0,1.0,1.0,true,1.0:6603; 0.0:2469,26b0287678fa2b7212f91031c51005a6a7b725a6a127d707c83a49fd8ac9663f,
F1097,Float64,10,0.001101,2,false,0.650573,false,0.349427,0.0,1.0,0.6505731922398589,0.47678896146901145,0.0,0.0,1.0,1.0,1.0,true,1.0:5902; 0.0:3170,5148690813440b7732a58aac6a6fab08e497d06f4e714fea9b1ba576ef9b117a,
F1098,Float64,10,0.001101,2,false,0.631393,false,0.631393,0.0,1.0,0.36860670194003525,0.48242699056429805,0.0,0.0,0.0,1.0,1.0,true,0.0:5728; 1.0:3344,f372d844c4c1ba372fa6cbbbc3a8aac01a8722ae9b54e669c8c2ddf350de465a,
F1099,Float64,10,0.001101,3263,false,0.272156,false,0.272156,0.0,7211345015.0,5299754.954432318,127684171.98640384,0.0,0.0,74318.975,450000.0,45579999.99999811,false,,78b143807e89096ba362e58d5ad3d87af3e0321fba5674eef5e47fd91904c7dc,
F1100,Float64,10,0.001101,3194,false,0.349427,false,0.349427,0.0,7211345015.0,3838719.1463679452,102977767.47809424,0.0,0.0,37000.0,250000.0,29795581.0,false,,7b4729cff1b19a7e772e612457a38f0c36d49f0ab5ea6c9ce640bcd21f7b5f8c,
F1101,Float64,10,0.001101,1336,false,0.631393,false,0.631393,0.0,7000000000.0,3025278.7825341714,85625645.80383842,0.0,0.0,0.0,153885.25,21187466.0,false,,30991dac68927ec23032917f784ede1a4729bc299ac74b06f0b7c916bdc03738,
F1102,Float64,10,0.001101,2,false,0.747906,false,0.252094,0.0,1.0,0.747905643738977,0.43421514460272265,0.0,0.0,1.0,1.0,1.0,true,1.0:6785; 0.0:2287,0a7b58b36dd11af769ca0b6046be433dee124ffef9e397532ae24d304b3f9f44,
F1103,Float64,10,0.001101,2,false,0.681878,false,0.318122,0.0,1.0,0.6818783068783069,0.4657470144693151,0.0,0.0,1.0,1.0,1.0,true,1.0:6186; 0.0:2886,19067c9b875f272b118e5a41782e66c920937c0de6074b58d0040f00cd17f93c,
F1104,Float64,10,0.001101,2,false,0.645944,false,0.354056,0.0,1.0,0.6459435626102292,0.47822638627812464,0.0,0.0,1.0,1.0,1.0,true,1.0:5860; 0.0:3212,cce7e8cf5a44becea57c59f118de7b73ce6891cfc82855ec14fa9f79ac9f7165,
F1105,Float64,10,0.001101,1388,false,0.252094,false,0.252094,0.0,10000000.0,48582.42293981481,122011.47742780558,0.0,0.0,36362.0,76728.5,200000.0,false,,625bb0ca8a8d2532f9d4b079f654ad62c4a80adc9fc1d1e8d2f37f27c027336f,
F1106,Float64,10,0.001101,1209,false,0.318122,false,0.318122,0.0,10000000.0,28588.65946869489,114976.9689189301,0.0,0.0,13000.0,50000.0,100000.0,false,,4f7df0a3c0703430b06f27d434e5d6d4d9bff8e2b760ccc34510738a65be2083,
F1107,Float64,10,0.001101,1326,false,0.354056,false,0.354056,0.0,1254456.0,37237.673908730154,52526.130105376265,0.0,0.0,20000.0,50000.0,200000.0,false,,6e0b0adc66f0004f6eb80c95f7a57733b3716dd46d696ad175e26f87a7fdf654,
F1108,Float64,10,0.001101,2,false,0.563382,false,0.436618,0.0,1.0,0.5633818342151675,0.49596647375757263,0.0,0.0,1.0,1.0,1.0,true,1.0:5111; 0.0:3961,3a9711d4e0fddf6e17fda396c16853d219b4865a9b9342bf33d0c1949e015b02,
F1109,Float64,10,0.001101,2,false,0.515542,false,0.484458,0.0,1.0,0.515542328042328,0.49975837765766834,0.0,0.0,1.0,1.0,1.0,true,1.0:4677; 0.0:4395,0e88d4561779298a5f270b18a4e79d36636c6192282137192d18d294d849c31b,
F1110,Float64,10,0.001101,2,false,0.862765,false,0.862765,0.0,1.0,0.13723544973544974,0.34409574404714544,0.0,0.0,0.0,0.0,1.0,true,0.0:7827; 1.0:1245,69438ce2a2125521e7f14991fd8c41466208c0a47c60d90af5226497dfec5e33,
F1111,Float64,10,0.001101,3025,false,0.436618,false,0.436618,0.0,7211345015.0,4969543.8303461205,127474080.77114339,0.0,0.0,9694.0,300547.1925,40000000.0,false,,a8f4c9c8104c5c0f7887fdb2d1d52e7459a544e6564b82ff33e6bebbd11515c1,
F1112,Float64,10,0.001101,2903,false,0.484458,false,0.484458,0.0,7211345015.0,3820695.806013007,102978412.79246584,0.0,0.0,908.5,200000.0,29795581.0,false,,039e82dca1b65159be545d409471856641f6b06e3d3fe1bf18109fa85d3a397d,
F1113,Float64,10,0.001101,703,false,0.862765,false,0.862765,0.0,7000000000.0,2154201.6264153435,84276891.9565672,0.0,0.0,0.0,0.0,9949788.799999934,false,,c612e375b15dbbc2d7b674d4cef9d6b6d845213467b95b604592325389852c70,
F1114,Float64,10,0.001101,2,false,0.835869,false,0.835869,0.0,1.0,0.16413139329805995,0.3703947610753931,0.0,0.0,0.0,0.0,1.0,true,0.0:7583; 1.0:1489,49a8ffa24dcc842bd1f6aaeb35874038ca31838418d73e8316ba1ae82a4abb09,
F1115,Float64,10,0.001101,2,false,0.922178,false,0.922178,0.0,1.0,0.07782186948853616,0.26789107136641455,0.0,0.0,0.0,0.0,1.0,true,0.0:8366; 1.0:706,e53a7b0d2de1f0f303a139852816c1226775c3f24aa2d70e4d26cb122d6fc38d,
F1116,Float64,10,0.001101,2,false,0.870591,false,0.870591,0.0,1.0,0.12940917107583774,0.3356522568333219,0.0,0.0,0.0,0.0,1.0,true,0.0:7898; 1.0:1174,09f61c90e393d543651ba3aca478363e193d1efbf928b779a0230dfdaa4e2cef,
F1117,Float64,10,0.001101,565,false,0.835869,false,0.835869,0.0,10000000.0,46365.27238536155,235474.22593130314,0.0,0.0,0.0,0.0,1000000.0,false,,dd64b62679e3e36af017d63badfca0369cf9924bcd1acef1a6ef7df64a592ab0,
F1118,Float64,10,0.001101,301,false,0.922178,false,0.922178,0.0,10000000.0,14711.890144400353,158677.18197681854,0.0,0.0,0.0,0.0,400000.0,false,,6a6c385b3184699167d7c8b4e73d180a870dc6b0f0360902ff0af9fadaf40f24,
F1119,Float64,10,0.001101,480,false,0.870591,false,0.870591,0.0,6500000.0,37852.31540233686,196830.76855188137,0.0,0.0,0.0,0.0,1000000.0,false,,6734a01d8934c2d3b3d85754386d09a75291d2a46c296491fce9df3581f77705,
F1120,Float64,10,0.001101,2,false,0.965829,false,0.965829,0.0,1.0,0.0341710758377425,0.1816684161152779,0.0,0.0,0.0,0.0,1.0,true,0.0:8762; 1.0:310,1c540ab0ab98331bf39776cf28507a1f65fbaee3593704d864f879c88a1e4411,
F1121,Float64,10,0.001101,2,false,0.999559,true,0.999559,0.0,1.0,0.0004409171075837742,0.02099339657339932,0.0,0.0,0.0,0.0,0.0,true,0.0:9068; 1.0:4,7f80f0702521c6219a6e3dabca729a67a7f26d0c20d196e75abdbfc114c76958,
F1122,Float64,10,0.001101,2,false,0.965829,false,0.965829,0.0,1.0,0.0341710758377425,0.1816684161152779,0.0,0.0,0.0,0.0,1.0,true,0.0:8762; 1.0:310,1c540ab0ab98331bf39776cf28507a1f65fbaee3593704d864f879c88a1e4411,F1120
F1123,Float64,10,0.001101,219,false,0.965829,false,0.965829,0.0,50000.0,334.60860449735446,3035.6347848744454,0.0,0.0,0.0,0.0,9762.876299999849,false,,b867bf447d5c53764de1e6bbb584f1abaffad1200262993cc8f99a7c7d77c3cb,
F1124,Float64,10,0.001101,4,false,0.999559,true,0.999559,0.0,24875.76,5.747869268077602,369.9262458861888,0.0,0.0,0.0,0.0,0.0,false,0.0:9068; 24875.76:2; 2000.0:1; 393.15:1,7ac29c15fc9d3059f519b14f33a37efaf96b4b6d41ae6961ddf5dbdcbea26627,
F1125,Float64,10,0.001101,219,false,0.965829,false,0.965829,0.0,50000.0,334.60860449735446,3035.6347848744454,0.0,0.0,0.0,0.0,9762.876299999849,false,,b867bf447d5c53764de1e6bbb584f1abaffad1200262993cc8f99a7c7d77c3cb,F1123
F1126,Float64,10,0.001101,1,true,1.0,true,1.0,0.0,0.0,0.0,0.0,0.0,0.0,0.0,0.0,0.0,true,0.0:9072,6af0b742cd3e43e07ff48b608fed19bf1dc7cfb82661a6ac227604e5cc8b573a,F724
F1127,Float64,10,0.001101,1,true,1.0,true,1.0,0.0,0.0,0.0,0.0,0.0,0.0,0.0,0.0,0.0,true,0.0:9072,6af0b742cd3e43e07ff48b608fed19bf1dc7cfb82661a6ac227604e5cc8b573a,F724
F1128,Float64,10,0.001101,1,true,1.0,true,1.0,0.0,0.0,0.0,0.0,0.0,0.0,0.0,0.0,0.0,true,0.0:9072,6af0b742cd3e43e07ff48b608fed19bf1dc7cfb82661a6ac227604e5cc8b573a,F724
F1129,Float64,10,0.001101,1,true,1.0,true,1.0,0.0,0.0,0.0,0.0,0.0,0.0,0.0,0.0,0.0,true,0.0:9072,6af0b742cd3e43e07ff48b608fed19bf1dc7cfb82661a6ac227604e5cc8b573a,F724
F1130,Float64,10,0.001101,1,true,1.0,true,1.0,0.0,0.0,0.0,0.0,0.0,0.0,0.0,0.0,0.0,true,0.0:9072,6af0b742cd3e43e07ff48b608fed19bf1dc7cfb82661a6ac227604e5cc8b573a,F724
F1131,Float64,10,0.001101,1,true,1.0,true,1.0,0.0,0.0,0.0,0.0,0.0,0.0,0.0,0.0,0.0,true,0.0:9072,6af0b742cd3e43e07ff48b608fed19bf1dc7cfb82661a6ac227604e5cc8b573a,F724
F1132,Float64,10,0.001101,2,false,0.984017,false,0.984017,0.0,1.0,0.015983245149911816,0.12541045022002606,0.0,0.0,0.0,0.0,1.0,true,0.0:8927; 1.0:145,40badde997e6bfaa21bda230489a3c3eff33a0282884757478a443f9e20bc1a6,
F1133,Float64,10,0.001101,2,false,0.984127,false,0.984127,0.0,1.0,0.015873015873015872,0.12498425196844144,0.0,0.0,0.0,0.0,1.0,true,0.0:8928; 1.0:144,8f12f7c1920e1d7430c3a777d392048400b7ac9bebc31d2304f5f5fd9e803484,
F1134,Float64,10,0.001101,2,false,0.99989,true,0.99989,0.0,1.0,0.00011022927689594356,0.010498434473885074,0.0,0.0,0.0,0.0,0.0,true,0.0:9071; 1.0:1,0ef7137ae1ab0c7d0178815b10c2ee7e78c052a84e337757de8da3a3bcf634fd,
F1135,Float64,10,0.001101,85,false,0.984017,false,0.984017,0.0,75000.0,76.8948368606702,1916.7756184400819,0.0,0.0,0.0,0.0,40.39049999999958,false,,96a0e6b62c68b7b6b2595119e41d2cf30f47d8ea5c731c23c73be8311b87eb30,
F1136,Float64,10,0.001101,84,false,0.984127,false,0.984127,0.0,75000.0,76.7846869488536,1916.7513215408183,0.0,0.0,0.0,0.0,40.13929999999984,false,,73bdca074f9da3cd24817370477f5a9059154a9d3a82593ed470096c557337c6,
F1137,Float64,10,0.001101,2,false,0.99989,true,0.99989,0.0,999.28,0.11014991181657847,10.490875601063877,0.0,0.0,0.0,0.0,0.0,false,0.0:9071; 999.28:1,4edba91b344ead149590cbd5734ae9988e609b0c575700a055535a14c7204345,
F1138,Float64,10,0.001101,2,false,0.845789,false,0.845789,0.0,1.0,0.15421075837742504,0.3611506616054918,0.0,0.0,0.0,0.0,1.0,true,0.0:7673; 1.0:1399,d955cbb6b86fd51567d116502f442b4c7d371de0e46fe11f85b00040ff579b71,
F1139,Float64,10,0.001101,2,false,0.959215,false,0.959215,0.0,1.0,0.040784832451499116,0.19779137972470454,0.0,0.0,0.0,0.0,1.0,true,0.0:8702; 1.0:370,0fc2c9b81dc2f415e01fc7ca94c05f6e2c2c978c1cf3e9d1a5a2758f24351a00,
F1140,Float64,10,0.001101,2,false,0.873457,false,0.873457,0.0,1.0,0.12654320987654322,0.3324605629404551,0.0,0.0,0.0,0.0,1.0,true,0.0:7924; 1.0:1148,3d769edc94e3b69c1315cb47ffdd112c14512ca8dfa2274f42b72d74a7f8ec6c,
F1141,Float64,10,0.001101,928,false,0.845789,false,0.845789,0.0,250000000.0,104107.43533068785,3322623.2602262674,0.0,0.0,0.0,0.0,1000000.0,false,,f2267d66e57ca0b9c7ba2034de72cd5e59aeca0a29524a30db0187ec804edff5,
F1142,Float64,10,0.001101,215,false,0.959215,false,0.959215,0.0,3000000.0,8566.513440255732,104166.0227538344,0.0,0.0,0.0,0.0,153000.0,false,,560383192d3390a60e559c7d629a1cc4a4b3201460405eccdbef6b0c5cb08f05,
F1143,Float64,10,0.001101,830,false,0.873457,false,0.873457,0.0,250000000.0,96825.45596230158,3321339.363499078,0.0,0.0,0.0,0.0,733567.8499999956,false,,7aff2fb536d9604742fb78a11b107f8e977bb8529623ee21568fb79f59722a71,
F1144,Float64,10,0.001101,2,false,0.819996,false,0.819996,0.0,1.0,0.18000440917107582,0.3841911267195635,0.0,0.0,0.0,0.0,1.0,true,0.0:7439; 1.0:1633,37809dacee984ef6baf4190d273754719a9e3595cdc2f88c3a22a0c7f205b802,
F1145,Float64,10,0.001101,2,false,0.945106,false,0.945106,0.0,1.0,0.05489417989417989,0.22777359133122807,0.0,0.0,0.0,0.0,1.0,true,0.0:8574; 1.0:498,c457e474b8de504e0e0b7d8524a57886fe50fbcccb2fc8344a9f707bd18b68d3,
F1146,Float64,10,0.001101,2,false,0.86078,false,0.86078,0.0,1.0,0.13921957671957672,0.3461755135442116,0.0,0.0,0.0,0.0,1.0,true,0.0:7809; 1.0:1263,42a6a388b50662d7acfc866cdf90498eb0bf22622e45cf0236d81571bff807c1,
F1147,Float64,10,0.001101,1057,false,0.819996,false,0.819996,0.0,55857568.78,57250.863062169316,1088735.0339774922,0.0,0.0,0.0,0.0,462549.25999999006,false,,59fef1aca1468d849aeaa7646d20610fb2e22a02c9cad565e0a4d741fab5081e,
F1148,Float64,10,0.001101,380,false,0.945106,false,0.945106,0.0,55857568.78,43934.62977182539,1059846.0280501463,0.0,0.0,0.0,0.0,46905.758899995984,false,,06329afe7a2cd53bf806afa20aeec26de7e560b3b59cad7faaa74e46c5422cae,
F1149,Float64,10,0.001101,775,false,0.86078,false,0.86078,0.0,15928078.0,15682.551696428573,291331.64964242454,0.0,0.0,0.0,0.0,141609.20999999475,false,,808e2f9a4b63f6004d521c81af079e8ed2e30d0f7dcd1afa6331cb68d4b5eaa6,
F1150,Float64,2,0.00022,2,false,0.642731,false,0.642731,0.0,1.0,0.35726872246696034,0.4791949315401681,0.0,0.0,0.0,1.0,1.0,true,0.0:5836; 1.0:3244,4b77db3bf45fe6ead0c9cb8686a5fefb1db6c875954163ac7582018e645c851c,
F1151,Float64,2,0.00022,2,false,0.781498,false,0.781498,0.0,1.0,0.2185022026431718,0.41322994819259423,0.0,0.0,0.0,0.0,1.0,true,0.0:7096; 1.0:1984,6c8edbbdce3138e1ff96adbc5c86f2f34749586f51114e6e7e3a550f9f697beb,
F1152,Float64,2,0.00022,2,false,0.791189,false,0.791189,0.0,1.0,0.20881057268722467,0.40645875242299545,0.0,0.0,0.0,0.0,1.0,true,0.0:7184; 1.0:1896,ea8a61c0e36b2c194a77193d2f023bc4a42d119ac1c6cdf207bbb5349af01d29,
F1153,Float64,2,0.00022,722,false,0.642731,false,0.642731,0.0,41800000.0,102223.08348017621,589006.9355655612,0.0,0.0,0.0,50000.0,1382226.3999999915,true,,d3a816a7cd0b8a013192266f890bce1f1f1813183a54d6da31061856bd520d48,
F1154,Float64,2,0.00022,527,false,0.781498,false,0.781498,0.0,41800000.0,55556.86651982379,541661.05125865,0.0,0.0,0.0,0.0,1000000.0,true,,41cd8dde5964a0d33ad96ada0554d3141bff8c379e36d8e7be936783b821c9e3,
F1155,Float64,2,0.00022,439,false,0.791189,false,0.791189,0.0,9800000.0,52576.965088105724,247912.02655692046,0.0,0.0,0.0,0.0,920419.9999999983,true,,0b99270029e85b60a6b7a1c139f27f366b202ce3ad4688cfac641b85bca8164f,
F1156,Float64,2,0.00022,2,false,0.862996,false,0.862996,0.0,1.0,0.1370044052863436,0.34385200045728814,0.0,0.0,0.0,0.0,1.0,true,0.0:7836; 1.0:1244,0e754224d87e2dd22dc7a7137edbdb7e9c7bad41afb723184a651253a1491d5c,
F1157,Float64,2,0.00022,2,false,0.904515,false,0.904515,0.0,1.0,0.09548458149779736,0.29388309953787384,0.0,0.0,0.0,0.0,1.0,true,0.0:8213; 1.0:867,5da52e867a91d3308dc1284feb47af1df0a7152904cbaf092ab72fa37ad98db7,
F1158,Float64,2,0.00022,2,false,0.891189,false,0.891189,0.0,1.0,0.10881057268722467,0.31140140005899597,0.0,0.0,0.0,0.0,1.0,true,0.0:8092; 1.0:988,d910c69b9f0a64b5fd26982bea4d98934f7b9aa5e35a735fc169e519a3caddac,
F1159,Float64,2,0.00022,837,false,0.862996,false,0.862996,0.0,101475000.0,89854.53567731277,1280508.7199748177,0.0,0.0,0.0,0.0,1574162.6199999494,false,,d8c7cc73f74e6c27d2750b459cca921faead492515db912a17f479967accc1d0,
F1160,Float64,2,0.00022,566,false,0.904515,false,0.904515,0.0,101475000.0,69070.18519493392,1234616.5593732535,0.0,0.0,0.0,0.0,1100000.0,false,,4f6b93d1aa33e457513fdeab381b05176f048a8dc55b55ca7ba452317ac1a53e,
F1161,Float64,2,0.00022,693,false,0.891189,false,0.891189,0.0,101475000.0,55676.64741409692,1143242.5565039085,0.0,0.0,0.0,0.0,896306.7499999959,false,,a952a7fa1964ce0b87a947c85533fd37f0de6f618c2f8900e372b3a7b0599bb8,
F1162,Float64,2,0.00022,2,false,0.995595,true,0.004405,0.0,1.0,0.9955947136563876,0.06622597523512294,1.0,1.0,1.0,1.0,1.0,true,1.0:9040; 0.0:40,d584b54fe050d48c8e8896cbf6873e1a48de41d66eb16a9b00e68a2b3ceb3f3c,
F1163,Float64,2,0.00022,2,false,0.975551,false,0.024449,0.0,1.0,0.9755506607929515,0.15443953191908844,0.0,1.0,1.0,1.0,1.0,true,1.0:8858; 0.0:222,1af33b9e9f916e2e0a3184714d7e1d06386f567e5a877d7e440804ce13495adc,
F1164,Float64,2,0.00022,2,false,0.968833,false,0.031167,0.0,1.0,0.9688325991189427,0.1737699456274782,0.0,1.0,1.0,1.0,1.0,true,1.0:8797; 0.0:283,d53e8bab3274f8c1a13dc67445ff207e41a355b64ef92e1728d3ba6e3dcaae56,
F1165,Float64,2,0.00022,3803,false,0.060022,false,0.004405,0.0,7687900000.0,8803110.511823786,166863286.4921152,7858.000000000001,77814.75,205251.5,828267.37,100000000.0,false,,7e61a941b43815f6fbc499d8f14b42e2526f1178eb7e3c19c1cd2073c2760748,
F1166,Float64,2,0.00022,3866,false,0.051982,false,0.024449,0.0,7211345015.0,7284548.724768722,134272358.06875908,0.0,55000.0,170000.0,700000.0,85065695.17979945,false,,fb954eb5c92f9c6465305772b8e79b51e6ecaca2d04dd36e5b6a1891c5702eea,
F1167,Float64,2,0.00022,2660,false,0.072467,false,0.031167,0.0,7687900000.0,6840533.480180616,147586184.69130912,0.0,38379.25,100000.0,491100.0,90209999.99999912,false,,d36314b9a2415b944850ba6f282ff07090defc4a714dd45e1a029fb0174cb2cc,
F1168,Float64,2,0.00022,2,false,0.964097,false,0.035903,0.0,1.0,0.9640969162995595,0.18604852130893082,0.0,1.0,1.0,1.0,1.0,true,1.0:8754; 0.0:326,e6354cf5ee41f372d7847bdf0c3a5d20e5f5ba03a221725d786f9934266f80ed,
F1169,Float64,2,0.00022,2,false,0.916079,false,0.083921,0.0,1.0,0.9160792951541851,0.27726885895101266,0.0,1.0,1.0,1.0,1.0,true,1.0:8318; 0.0:762,7caf1ae8bb24ab69c41cf5b2357c2c5667ba559e5470a6ef1447ec6d481aeda8,
F1170,Float64,2,0.00022,2,false,0.932048,false,0.067952,0.0,1.0,0.9320484581497798,0.25166273027684893,0.0,1.0,1.0,1.0,1.0,true,1.0:8463; 0.0:617,ecb1bd356a1ddf82d6b63b4e175bd3a80ea79281637bcbc3aa21548f040ec925,
F1171,Float64,2,0.00022,3396,false,0.064868,false,0.035903,0.0,7687900000.0,8098182.653112334,163154528.05008426,0.0,56000.0,155500.125,687775.0,91419999.99999826,false,,af34f1f63be41f7ec582d5837a0c2735b666ccd121b17e4ea7aa3af95d635415,
F1172,Float64,2,0.00022,3384,false,0.083921,false,0.083921,0.0,7211345015.0,6742954.929143171,133353336.70520699,0.0,40000.0,100000.0,500000.0,62523158.00999935,false,,2c9626ee15c2edda0463c280ec21a3d974894ad6c820130b8fea047498f9c01a,
F1173,Float64,2,0.00022,2397,false,0.073899,false,0.067952,0.0,7687900000.0,5597150.727356829,132826836.41358732,0.0,30000.0,98860.0,400000.0,60000000.0,false,,f131eea811f16baa678c2b63b7cb8ec26267b1912404aa47a5ca40a83617a519,
F1174,Float64,2,0.00022,2,false,0.964097,false,0.035903,0.0,1.0,0.9640969162995595,0.18604852130893082,0.0,1.0,1.0,1.0,1.0,true,1.0:8754; 0.0:326,e6354cf5ee41f372d7847bdf0c3a5d20e5f5ba03a221725d786f9934266f80ed,F1168
F1175,Float64,2,0.00022,2,false,0.916079,false,0.083921,0.0,1.0,0.9160792951541851,0.27726885895101266,0.0,1.0,1.0,1.0,1.0,true,1.0:8318; 0.0:762,7caf1ae8bb24ab69c41cf5b2357c2c5667ba559e5470a6ef1447ec6d481aeda8,F1169
F1176,Float64,2,0.00022,2,false,0.932048,false,0.067952,0.0,1.0,0.9320484581497798,0.25166273027684893,0.0,1.0,1.0,1.0,1.0,true,1.0:8463; 0.0:617,ecb1bd356a1ddf82d6b63b4e175bd3a80ea79281637bcbc3aa21548f040ec925,F1170
F1177,Float64,2,0.00022,3396,false,0.064868,false,0.035903,0.0,7687900000.0,8098182.653112334,163154528.05008426,0.0,56000.0,155500.125,687775.0,91419999.99999826,false,,af34f1f63be41f7ec582d5837a0c2735b666ccd121b17e4ea7aa3af95d635415,F1171
F1178,Float64,2,0.00022,3384,false,0.083921,false,0.083921,0.0,7211345015.0,6742954.929143171,133353336.70520699,0.0,40000.0,100000.0,500000.0,62523158.00999935,false,,2c9626ee15c2edda0463c280ec21a3d974894ad6c820130b8fea047498f9c01a,F1172
F1179,Float64,2,0.00022,2397,false,0.073899,false,0.067952,0.0,7687900000.0,5597150.727356829,132826836.41358732,0.0,30000.0,98860.0,400000.0,60000000.0,false,,f131eea811f16baa678c2b63b7cb8ec26267b1912404aa47a5ca40a83617a519,F1173
F1180,Float64,2,0.00022,2,false,0.80793,false,0.80793,0.0,1.0,0.1920704845814978,0.3939281832188786,0.0,0.0,0.0,0.0,1.0,true,0.0:7336; 1.0:1744,1d330cbb948541a61ea360772df6b4f9bad197ddc3933369a347ebd0daccae82,
F1181,Float64,2,0.00022,1,true,1.0,true,1.0,0.0,0.0,0.0,0.0,0.0,0.0,0.0,0.0,0.0,true,0.0:9080,86b24a5ef085d43bc14d42eb92c38033caa4ee7a348a43d7d6e184a74811852a,F833
F1182,Float64,2,0.00022,2,false,0.80793,false,0.80793,0.0,1.0,0.1920704845814978,0.3939281832188786,0.0,0.0,0.0,0.0,1.0,true,0.0:7336; 1.0:1744,1d330cbb948541a61ea360772df6b4f9bad197ddc3933369a347ebd0daccae82,F1180
F1183,Float64,2,0.00022,94,false,0.80793,false,0.80793,0.0,20011.8,1689.4135286343612,3971.52124174943,0.0,0.0,0.0,0.0,16002.47799999999,false,,f03ddb6f78361cff22ce6c7e5308cd536f501204713765f21c8c9d9babc6260f,
F1184,Float64,2,0.00022,1,true,1.0,true,1.0,0.0,0.0,0.0,0.0,0.0,0.0,0.0,0.0,0.0,true,0.0:9080,86b24a5ef085d43bc14d42eb92c38033caa4ee7a348a43d7d6e184a74811852a,F833
F1185,Float64,2,0.00022,94,false,0.80793,false,0.80793,0.0,20011.8,1689.4135286343612,3971.52124174943,0.0,0.0,0.0,0.0,16002.47799999999,false,,f03ddb6f78361cff22ce6c7e5308cd536f501204713765f21c8c9d9babc6260f,F1183
F1186,Float64,2,0.00022,2,false,0.777313,false,0.777313,0.0,1.0,0.22268722466960353,0.41605002660563917,0.0,0.0,0.0,0.0,1.0,true,0.0:7058; 1.0:2022,3cab4076cd53dde36e84505b9f7f05135f76e2e0d6cbfa1923a935a625303a9c,
F1187,Float64,2,0.00022,2,false,0.997577,true,0.997577,0.0,1.0,0.002422907488986784,0.04916337059525716,0.0,0.0,0.0,0.0,0.0,true,0.0:9058; 1.0:22,289543b8bd868abb3ca6695bf8cb211c876b16d1478f827814d4c55eeb97efe9,
F1188,Float64,2,0.00022,2,false,0.777863,false,0.777863,0.0,1.0,0.22213656387665198,0.41568246398630543,0.0,0.0,0.0,0.0,1.0,true,0.0:7063; 1.0:2017,f676541d6b1d31d0f5c6a995a4d5eccf5eafd8a06bfe54fe13789089901b32e9,
F1189,Float64,2,0.00022,437,false,0.777313,false,0.777313,0.0,2256750.0,3845.779137665198,51457.63421729254,0.0,0.0,0.0,0.0,42913.6499999982,false,,e30e9dc4010794fae7920e48711b176a047248f4f021dbc862188e0c227b48e5,
F1190,Float64,2,0.00022,21,false,0.997577,true,0.997577,0.0,713367.0,185.6999207048458,10684.242845718407,0.0,0.0,0.0,0.0,0.0,false,0.0:9058; 713367.0:2; 236.0:2; 2033.74:1; 126562.5:1,757a2d3f55e55f1c319c08f64b7bdd71f94e2be343b3c290bc268724d3ca8c96,
F1191,Float64,2,0.00022,429,false,0.777863,false,0.777863,0.0,2256750.0,3669.6492709251097,50350.87283471393,0.0,0.0,0.0,0.0,36032.75099999737,false,,c5992c7fb791f2de3837df20e3a0bb8ea06977da24894ce3924fefce11aacb9b,
F1192,Float64,2,0.00022,2,false,0.795044,false,0.795044,0.0,1.0,0.20495594713656387,0.40366942771272374,0.0,0.0,0.0,0.0,1.0,true,0.0:7219; 1.0:1861,ddebea7c3703eee9a6c5300f0ff4ceb917f2277ad106f44eb1fed64ddf8cb47d,
F1193,Float64,2,0.00022,2,false,0.992291,true,0.992291,0.0,1.0,0.007709251101321586,0.08746324112893576,0.0,0.0,0.0,0.0,0.0,true,0.0:9010; 1.0:70,3200a01e8a01f0a4b3d866882628eacfc084471d2544a14590002f947f075449,
F1194,Float64,2,0.00022,2,false,0.800881,false,0.800881,0.0,1.0,0.19911894273127753,0.39933768840025075,0.0,0.0,0.0,0.0,1.0,true,0.0:7272; 1.0:1808,ee1167ab39afee9efe2d0194c4336a34232581b0a1ce1939e22d349efd57b422,
F1195,Float64,2,0.00022,240,false,0.795044,false,0.795044,0.0,2500000.0,1973.1636233480178,41588.001312395005,0.0,0.0,0.0,0.0,12017.309999999467,false,,8163d5b53d0960c24b5b29c3bbecc78feb47ad98a4c5e43c4ea1f9ad287ad668,
F1196,Float64,2,0.00022,58,false,0.992291,true,0.992291,0.0,2500000.0,1259.406629955947,37630.162339633964,0.0,0.0,0.0,0.0,0.0,false,,bb10fbfa0d2f8f067b5448eaa3eacad5d6138ec7f813737da3082f1690c2f490,
F1197,Float64,2,0.00022,208,false,0.800881,false,0.800881,0.0,1033591.0,774.297,18264.24529747472,0.0,0.0,0.0,0.0,6674.722799999897,false,,d707d05fa67e8e6f871670f140113cda485b9658a2c46d82bb4b19c8daa1f687,
F1198,Float64,2,0.00022,2,false,0.623018,false,0.623018,0.0,1.0,0.37698237885462554,0.4846304415611272,0.0,0.0,0.0,1.0,1.0,true,0.0:5657; 1.0:3423,6b3db6459b1d3bac2c9f905bb8d5e21091eaa361c3d4c6d8d20574f43b1fb356,
F1199,Float64,2,0.00022,2,false,0.987115,false,0.987115,0.0,1.0,0.012885462555066078,0.1127804389502367,0.0,0.0,0.0,0.0,1.0,true,0.0:8963; 1.0:117,ca1922a16948700dff0e83fd67d1c3e1cb6b09b502a99feafe18a7d4e7fa11e8,
F1200,Float64,2,0.00022,2,false,0.627423,false,0.627423,0.0,1.0,0.37257709251101323,0.4834908506342732,0.0,0.0,0.0,1.0,1.0,true,0.0:5697; 1.0:3383,37befd9e65d82e435aaeba76ff90776903516fc683531c3e99fb1888c2dd7ca6,
F1201,Float64,2,0.00022,758,false,0.623018,false,0.623018,0.0,47588317.0,98648.5015209251,1268844.9509204677,0.0,0.0,0.0,23.6,2134431.37999998,false,,bbd9114ae16d015af5e2b4133e02398ea35d710877cf7c935bcaf59ca07bb3f7,
F1202,Float64,2,0.00022,88,false,0.987115,false,0.987115,0.0,43742056.0,19226.49465859031,675054.0335364208,0.0,0.0,0.0,0.0,4446.999999999389,false,,31fcba04859ff6b1a18264087f332b8fb7d0e9ff817113063241b88ea0b6b3de,
F1203,Float64,2,0.00022,736,false,0.627423,false,0.627423,0.0,47588317.0,80944.91494162995,1076601.6645432066,0.0,0.0,0.0,23.6,1670495.7199999841,false,,811fd7a0599d866a64bf71c599f95d1f2134605443bcfbb541f127d0650daf00,
F1204,Float64,2,0.00022,2,false,0.773678,false,0.226322,0.0,1.0,0.7736784140969163,0.41844966920454935,0.0,1.0,1.0,1.0,1.0,true,1.0:7025; 0.0:2055,09c00895c4a965efcb36b1999a3b62445b450f5c47917ed401d3843886744738,
F1205,Float64,2,0.00022,2,false,0.709471,false,0.290529,0.0,1.0,0.7094713656387666,0.4540063292261796,0.0,0.0,1.0,1.0,1.0,true,1.0:6442; 0.0:2638,a2aa64bf3345a775231daad658221ad0c28520b8049fda677a5c60ba2a1c08bf,
F1206,Float64,2,0.00022,2,false,0.604185,false,0.604185,0.0,1.0,0.3958149779735683,0.48902503124620517,0.0,0.0,0.0,1.0,1.0,true,0.0:5486; 1.0:3594,50ccf0f54af3f65e0898831cdbd7487adcfc8160767701607c515c3a30794c1d,
F1207,Float64,2,0.00022,3498,false,0.226322,false,0.226322,0.0,7687900000.0,6735954.452486784,155191927.07465148,0.0,2399.25,100000.0,500000.0,60000000.0,false,,00d8c8f6fc8291cc52797c5f26305d2612a3ec6645fd637ed7c5f18919220d88,
F1208,Float64,2,0.00022,3466,false,0.290529,false,0.290529,0.0,7211345015.0,4547507.527220265,106874953.65019779,0.0,0.0,50000.0,350000.0,34127725.943999425,false,,6dfc282c52fabf824a7676e15e6d613b1fd09682a299af148f0138a5dd7d958c,
F1209,Float64,2,0.00022,1410,false,0.604185,false,0.604185,0.0,7687900000.0,4440515.061944935,123464219.64183827,0.0,0.0,0.0,200000.0,35000000.0,false,,119d57f440bc0ebfc5b48d0086646dd32752119156b648fad1b5477932119e7d,
F1210,Float64,2,0.00022,2,false,0.765859,false,0.234141,0.0,1.0,0.7658590308370044,0.42346071331636986,0.0,1.0,1.0,1.0,1.0,true,1.0:6954; 0.0:2126,2cfd12f70b2f702e2343b192ee59f07318cc236cb93edb7e1f391cb83f742405,
F1211,Float64,2,0.00022,2,false,0.726101,false,0.273899,0.0,1.0,0.7261013215859031,0.44595761275832935,0.0,0.0,1.0,1.0,1.0,true,1.0:6593; 0.0:2487,f1bebbc0f03ea03f66ed274005d3d712953492d6e0cc0441bcb99f0c64db3fa8,
F1212,Float64,2,0.00022,2,false,0.651542,false,0.348458,0.0,1.0,0.6515418502202643,0.4764819698916413,0.0,0.0,1.0,1.0,1.0,true,1.0:5916; 0.0:3164,3adc4a435f45b03fc32d8aec14b0dae4ad147ca5235ab7619dea0046e230fc74,
F1213,Float64,2,0.00022,1383,false,0.234141,false,0.234141,0.0,10000000.0,55047.16653083701,165169.25473255978,0.0,1000.0,48500.0,90000.0,200000.0,false,,d7ef19e3bbd03ffd4263055c5864d8f4beb2366b0172cdfc3cd84c702622ee58,
F1214,Float64,2,0.00022,1231,false,0.273899,false,0.273899,0.0,10000000.0,35814.006966960354,160411.40082148885,0.0,0.0,20000.0,50000.0,100000.0,false,,0dde416135f4ab23ecc7dba912ba51a58d287a2bb43ca13d97c52e04c3b87bb9,
F1215,Float64,2,0.00022,1321,false,0.348458,false,0.348458,0.0,1270766.0,41294.003813876654,56850.439467893215,0.0,0.0,25000.0,60000.0,200000.0,false,,769b631b549f1aa00e2042768839317879283f820c2c68a7ea39b7287127a1cc,
F1216,Float64,2,0.00022,2,false,0.635903,false,0.364097,0.0,1.0,0.6359030837004406,0.4811760092115058,0.0,0.0,1.0,1.0,1.0,true,1.0:5774; 0.0:3306,ee1c427f2e6d4b1d798fc18e52cbc8175e33f3754634d27a504bf4c970832c85,
F1217,Float64,2,0.00022,2,false,0.592511,false,0.407489,0.0,1.0,0.5925110132158591,0.4913671869730163,0.0,0.0,1.0,1.0,1.0,true,1.0:5380; 0.0:3700,3b25220c26ac3549b449a9881846fc2bad6d4c5f923bd69e926e8ca00a3ab6bb,
F1218,Float64,2,0.00022,2,false,0.831938,false,0.831938,0.0,1.0,0.16806167400881059,0.3739210447917673,0.0,0.0,0.0,0.0,1.0,true,0.0:7554; 1.0:1526,23762ea8fd69938ccf083f49066a70df551b63d0c41a1cc8df408261479acdda,
F1219,Float64,2,0.00022,3341,false,0.364097,false,0.364097,0.0,7687900000.0,6427531.497812775,155006729.44042566,0.0,0.0,29472.0,428000.0,50000000.0,false,,754e37955a41d240ac8311c273d5226d51346c0cc5be32a9ea27a4d7ffe29c6f,
F1220,Float64,2,0.00022,3269,false,0.407489,false,0.407489,0.0,7211345015.0,4528700.465309472,106875726.10540202,0.0,0.0,13676.0,300000.0,34127725.943999425,false,,d5689f72f2f3186c15332efdabde1f6ca093581f99527eb54d5b49faef1f21c5,
F1221,Float64,2,0.00022,828,false,0.831938,false,0.831938,0.0,7687900000.0,3619379.370685022,122869513.27395695,0.0,0.0,0.0,0.0,15000000.0,false,,fbc8157d0fee22c884c2d872859cdfdae53a93d4e5a595de952d114c4ce44900,
F1222,Float64,2,0.00022,2,false,0.809912,false,0.809912,0.0,1.0,0.19008810572687224,0.39237051085427116,0.0,0.0,0.0,0.0,1.0,true,0.0:7354; 1.0:1726,4250bc28e124a4d69220e9c8d536e0c0ba6418aa858dc342897d4a84e0aa9694,
F1223,Float64,2,0.00022,2,false,0.902974,false,0.902974,0.0,1.0,0.09702643171806168,0.2959937554512291,0.0,0.0,0.0,0.0,1.0,true,0.0:8199; 1.0:881,7c7336bd524bc640cfee3edc61f56ea0769adc54f795d57f42fb53d29d4fb20d,
F1224,Float64,2,0.00022,2,false,0.852313,false,0.852313,0.0,1.0,0.14768722466960352,0.3547896677455441,0.0,0.0,0.0,0.0,1.0,true,0.0:7739; 1.0:1341,e478cea2caeacfaae0f713b84b73b906b5520ac4fa62f8416be2c7e8d68c5507,
F1225,Float64,2,0.00022,624,false,0.809912,false,0.809912,0.0,10000000.0,55524.082655286344,254137.78501131997,0.0,0.0,0.0,0.0,1000000.0,false,,e904bfec6f2bf753910d3946b357cf24215eb09d1dabcb186c878313619a3dc9,
F1226,Float64,2,0.00022,334,false,0.902974,false,0.902974,0.0,10000000.0,18932.144693832597,166746.50203425973,0.0,0.0,0.0,0.0,500000.0,false,,4f4b1958a6cd304a4bc4ee1395c448d5546c6c21e4ccdb89d7944b8cc5977e2b,
F1227,Float64,2,0.00022,525,false,0.852313,false,0.852313,0.0,6500000.0,45017.60446035242,215732.88397066662,0.0,0.0,0.0,0.0,1000000.0,false,,0fe9b83a4b1bbbf2ca580ffdd8523eaf58d362849b634e1ea213bab0e66a1726,
F1228,Float64,2,0.00022,2,false,0.94989,false,0.94989,0.0,1.0,0.05011013215859031,0.2181721953266248,0.0,0.0,0.0,0.0,1.0,true,0.0:8625; 1.0:455,23bd25ffc9ddefaa4aa517e32438a4f013ea3d61fdbe656591867f30f35f108c,
F1229,Float64,2,0.00022,2,false,0.999229,true,0.999229,0.0,1.0,0.0007709251101321586,0.02775483353592175,0.0,0.0,0.0,0.0,0.0,true,0.0:9073; 1.0:7,eab8c86a83c7fa05498811ca23bef1c0d9b36ae7cc9290356cebcde4c71c970a,
F1230,Float64,2,0.00022,2,false,0.94989,false,0.94989,0.0,1.0,0.05011013215859031,0.2181721953266248,0.0,0.0,0.0,0.0,1.0,true,0.0:8625; 1.0:455,23bd25ffc9ddefaa4aa517e32438a4f013ea3d61fdbe656591867f30f35f108c,F1228
F1231,Float64,2,0.00022,306,false,0.94989,false,0.94989,0.0,100000.0,500.248524229075,3928.6247830374846,0.0,0.0,0.0,0.0,14327.472099999311,false,,60b8510be63d6e5ff5320b7c8ddb574590c761ba88eea30d5c25c3e8e289ab98,
F1232,Float64,2,0.00022,7,false,0.999229,true,0.999229,0.0,24875.76,6.870214757709251,376.16179430416355,0.0,0.0,0.0,0.0,0.0,false,0.0:9073; 24875.76:2; 2388.88:1; 5790.0:1; 393.15:1,a2b7367d691ffe193850b7e8ab05c0041815be5af46fa7c7a579de74230443c4,
F1233,Float64,2,0.00022,306,false,0.94989,false,0.94989,0.0,100000.0,500.248524229075,3928.6247830374846,0.0,0.0,0.0,0.0,14327.472099999311,false,,60b8510be63d6e5ff5320b7c8ddb574590c761ba88eea30d5c25c3e8e289ab98,F1231
F1234,Float64,2,0.00022,1,true,1.0,true,1.0,0.0,0.0,0.0,0.0,0.0,0.0,0.0,0.0,0.0,true,0.0:9080,86b24a5ef085d43bc14d42eb92c38033caa4ee7a348a43d7d6e184a74811852a,F833
F1235,Float64,2,0.00022,1,true,1.0,true,1.0,0.0,0.0,0.0,0.0,0.0,0.0,0.0,0.0,0.0,true,0.0:9080,86b24a5ef085d43bc14d42eb92c38033caa4ee7a348a43d7d6e184a74811852a,F833
F1236,Float64,2,0.00022,1,true,1.0,true,1.0,0.0,0.0,0.0,0.0,0.0,0.0,0.0,0.0,0.0,true,0.0:9080,86b24a5ef085d43bc14d42eb92c38033caa4ee7a348a43d7d6e184a74811852a,F833
F1237,Float64,2,0.00022,1,true,1.0,true,1.0,0.0,0.0,0.0,0.0,0.0,0.0,0.0,0.0,0.0,true,0.0:9080,86b24a5ef085d43bc14d42eb92c38033caa4ee7a348a43d7d6e184a74811852a,F833
F1238,Float64,2,0.00022,1,true,1.0,true,1.0,0.0,0.0,0.0,0.0,0.0,0.0,0.0,0.0,0.0,true,0.0:9080,86b24a5ef085d43bc14d42eb92c38033caa4ee7a348a43d7d6e184a74811852a,F833
F1239,Float64,2,0.00022,1,true,1.0,true,1.0,0.0,0.0,0.0,0.0,0.0,0.0,0.0,0.0,0.0,true,0.0:9080,86b24a5ef085d43bc14d42eb92c38033caa4ee7a348a43d7d6e184a74811852a,F833
F1240,Float64,2,0.00022,2,false,0.965749,false,0.965749,0.0,1.0,0.0342511013215859,0.18187348179392276,0.0,0.0,0.0,0.0,1.0,true,0.0:8769; 1.0:311,f4aa62e03af815f379abf4b38a77f5770b2013e378c95bf24779535f7551ebd2,
F1241,Float64,2,0.00022,2,false,0.965859,false,0.965859,0.0,1.0,0.034140969162995596,0.18159119854113795,0.0,0.0,0.0,0.0,1.0,true,0.0:8770; 1.0:310,436f989cbc816d633f04095e380f5cfec8da9e2110d5c6526b06f1d1652aa4fc,
F1242,Float64,2,0.00022,2,false,0.99989,true,0.99989,0.0,1.0,0.00011013215859030837,0.010493809103369122,0.0,0.0,0.0,0.0,0.0,true,0.0:9079; 1.0:1,2aceefb38d4cc7260ea4b9727b58933aebb9fd3f5593f0368cd4d9ca5fcbf6fc,
F1243,Float64,2,0.00022,136,false,0.965749,false,0.965749,0.0,86819.0,129.88504295154186,2392.5686934837654,0.0,0.0,0.0,0.0,1500.0,false,,3bc940f657350acd3fcffc2bba237cbe563a1ab1c4e35400d90d311a9b39a254,
F1244,Float64,2,0.00022,135,false,0.965859,false,0.965859,0.0,86819.0,129.77499008810574,2392.551682982709,0.0,0.0,0.0,0.0,1500.0,false,,a1027428b0865670f233d75c67cadb1480dac0323f7df2dec6b2cfe4bc4554fd,
F1245,Float64,2,0.00022,2,false,0.99989,true,0.99989,0.0,999.28,0.11005286343612335,10.486253560814694,0.0,0.0,0.0,0.0,0.0,false,0.0:9079; 999.28:1,647a0e6e4bd45b1b9aca87aa1bb10a52b8c0cd5e367c5e63a3f49bc1b626457f,
F1246,Float64,2,0.00022,2,false,0.785132,false,0.785132,0.0,1.0,0.21486784140969162,0.4107306320907064,0.0,0.0,0.0,0.0,1.0,true,0.0:7129; 1.0:1951,2dd65accaf940bb84307abedf95d302e54e00a5ba7e7a903dc7db9d2146d53f2,
F1247,Float64,2,0.00022,2,false,0.950441,false,0.950441,0.0,1.0,0.04955947136563876,0.21703301629843597,0.0,0.0,0.0,0.0,1.0,true,0.0:8630; 1.0:450,3e0d2e78645cf20abda71d04e4e4e09a45259bca5cf3c100a2a49df845ae34be,
F1248,Float64,2,0.00022,2,false,0.816079,false,0.816079,0.0,1.0,0.183920704845815,0.38741951315703443,0.0,0.0,0.0,0.0,1.0,true,0.0:7410; 1.0:1670,4bf1452fb1ed234f0fc87acb39278b72719ec6a38eeda7cbee27cdfac5a20b8f,
F1249,Float64,2,0.00022,1320,false,0.785132,false,0.785132,0.0,250000000.0,124220.68594823786,3368357.215647576,0.0,0.0,0.0,0.0,1144394.3902999961,false,,8b66f49642de9311139825662d9312d95f6b86107627bd165a604153b0d62ce5,
F1250,Float64,2,0.00022,252,false,0.950441,false,0.950441,0.0,50000000.0,15252.936698237885,535402.9654706833,0.0,0.0,0.0,0.0,200000.0,false,,09545caed11ae9e1d03a6541b568360811cf43f1199d42399cb28901ea9c506c,
F1251,Float64,2,0.00022,1215,false,0.816079,false,0.816079,0.0,250000000.0,111095.12454405286,3326230.3455821862,0.0,0.0,0.0,0.0,1004385.4799999968,false,,1f75b3f8815e63ad8f4d5dccb6e32d031fb3696cd557eaad1b140b80d9d2ed06,
F1252,Float64,2,0.00022,2,false,0.729075,false,0.729075,0.0,1.0,0.2709251101321586,0.44443750385406977,0.0,0.0,0.0,1.0,1.0,true,0.0:6620; 1.0:2460,0262898c5dd56b3dd145d29d9173c3807e4274c0a0326a1c226c47eab75cbc2e,
F1253,Float64,2,0.00022,2,false,0.918062,false,0.918062,0.0,1.0,0.08193832599118943,0.27427073618042264,0.0,0.0,0.0,0.0,1.0,true,0.0:8336; 1.0:744,0e8d638226647403c10f0013b365d309ee346e3d78f8756224eb487b8cbb80ce,
F1254,Float64,2,0.00022,2,false,0.780947,false,0.780947,0.0,1.0,0.21905286343612335,0.41360452905711576,0.0,0.0,0.0,0.0,1.0,true,0.0:7091; 1.0:1989,7411ec8cbe4e00561e8ad7882abc043be865f362e64036243c94902e5a159a70,
F1255,Float64,2,0.00022,1576,false,0.729075,false,0.729075,0.0,192200393.0,89873.07340969166,2329550.0269212024,0.0,0.0,0.0,295.0,705724.4799999578,false,,b9699e24856985f1fda3badcc46bdd85ca44f8e8983512fcf20cf8c7c482da25,
F1256,Float64,2,0.00022,530,false,0.918062,false,0.918062,0.0,192200393.0,72662.41725440529,2315318.4673605924,0.0,0.0,0.0,0.0,188509.07249999844,false,,d233a49103898c49a29b97d5b45cf6739533aa040fdb7daf96a205367b2fbe25,
F1257,Float64,2,0.00022,1246,false,0.780947,false,0.780947,0.0,15928078.0,20039.932387665198,301055.7553756776,0.0,0.0,0.0,0.0,250000.0,false,,a66d68f03e3d172c373a4fa6408c97555af9fb7b5c5b1fcb618a777d578b26c6,
F1258,Float64,16,0.001762,2,false,0.774211,false,0.774211,0.0,1.0,0.22578866093095082,0.41810063564405037,0.0,0.0,0.0,0.0,1.0,true,0.0:7019; 1.0:2047,f6c761adfa7f833806924342e6a04f4fe598dbff591aeed63df280fc74545cff,
F1259,Float64,16,0.001762,2,false,0.862784,false,0.862784,0.0,1.0,0.13721597176262962,0.34407520813895737,0.0,0.0,0.0,0.0,1.0,true,0.0:7822; 1.0:1244,052c6ff28f1250a46e490136792cb4502a6a8b92fd9cd62c76bb6e7a56fd21bb,
F1260,Float64,16,0.001762,2,false,0.875469,false,0.875469,0.0,1.0,0.12453121553055371,0.33018660161950325,0.0,0.0,0.0,0.0,1.0,true,0.0:7937; 1.0:1129,6d34e50f54eff2998206e7b1bfca956870d12c941101eac2909cfcec7fddb4fc,
F1261,Float64,16,0.001762,628,false,0.769027,false,0.769027,0.0,9800000.0,67491.84281932496,332935.43926265376,0.0,0.0,0.0,0.0,1069935.0,true,,db0315c9973831c72b61d11d458d933b943967ec61f47871610dd6a98aa7a1d6,
F1262,Float64,16,0.001762,419,false,0.862784,false,0.862784,0.0,9000000.0,34061.97474078977,254273.09137782466,0.0,0.0,0.0,0.0,732515.0000000098,true,,08823db028d04310d80ebb92a39cf9dfdc5a7cfdb6481c2bb18810fcc467d5e5,
F1263,Float64,16,0.001762,360,false,0.874145,false,0.874145,0.0,9800000.0,36101.35748952129,223295.87440123028,0.0,0.0,0.0,0.0,800000.0,true,,54dcd58332f9c2c0cbc97ba673b96c892a67646d94ff90bac2df27d13ef0a185,
F1264,Float64,16,0.001762,2,false,0.940326,false,0.940326,0.0,1.0,0.059673505404809174,0.23688093666969362,0.0,0.0,0.0,0.0,1.0,true,0.0:8525; 1.0:541,d0ea4efb2aae5ec15a6a634dd50ee6d2a5c48cade65f4ec0859727891ad1de01,F940
F1265,Float64,16,0.001762,2,false,0.973638,false,0.973638,0.0,1.0,0.026362232517096844,0.16021006589416087,0.0,0.0,0.0,0.0,1.0,true,0.0:8827; 1.0:239,7e94c0e6c19d17f2850779d410ae356bfe6d882548ef898703f761c3c0611490,F941
F1266,Float64,16,0.001762,2,false,0.947386,false,0.947386,0.0,1.0,0.05261416280608868,0.22326198216065152,0.0,0.0,0.0,0.0,1.0,true,0.0:8589; 1.0:477,7337f7c5600c63f6f7144701f60c9626ec96afa139cc8d1daa08db81a58ec14a,F942
F1267,Float64,16,0.001762,411,false,0.940326,false,0.940326,0.0,29891914.0,26921.04780608868,445654.23106822703,0.0,0.0,0.0,0.0,450000.0,false,,2b5da4293515445fd6b1c3bb2ecbe5a8adf4bf974ef5b5d6285baf35ecd15075,F943
F1268,Float64,16,0.001762,185,false,0.973638,false,0.973638,0.0,29891914.0,15395.438717185087,387108.8639581168,0.0,0.0,0.0,0.0,290849.95000000513,false,,138046b1521c112800fa8744fe6b9cabbd28ce15b79d394d6eebfe2311c6cd9d,F944
F1269,Float64,16,0.001762,369,false,0.947386,false,0.947386,0.0,11200000.0,18529.039781601587,238266.83700221023,0.0,0.0,0.0,0.0,318132.55000000104,false,,61cc6f816ea113993c202bd36825cb9122ed40e841b285c4c7967d50b7170bfd,F945
F1270,Float64,16,0.001762,2,false,0.73737,false,0.73737,0.0,1.0,0.26262960511802336,0.44006283146111586,0.0,0.0,0.0,1.0,1.0,true,0.0:6685; 1.0:2381,3faf5a9ae236450d3b2bf24913c9d496f6d410b413df5872aa8f72322d8b040e,
F1271,Float64,16,0.001762,2,false,0.919148,false,0.080852,0.0,1.0,0.9191484667990294,0.2726069749291515,0.0,1.0,1.0,1.0,1.0,true,1.0:8333; 0.0:733,4b535ac0aa988357b81daf1e4858c3dd4f752f1dd148b6a7a00f367c575cc64c,
F1272,Float64,16,0.001762,2,false,0.925767,false,0.074233,0.0,1.0,0.9257666004853298,0.2621503421915859,0.0,1.0,1.0,1.0,1.0,true,1.0:8393; 0.0:673,62247cae68b2f5b959fef717a722fe986dd57f983a642648c9720d05435c3871,
F1273,Float64,16,0.001762,5376,false,0.039157,false,0.039157,0.0,7211344041.0,5455094.689731966,112012975.72187354,0.0,49997.0,123000.0,521886.75,56231733.177000985,false,,578c17fb17762dbf212884bdc0b24821f2b4288b3dad1bff79e5ab5b19c065f8,
F1274,Float64,16,0.001762,3609,false,0.077542,false,0.077542,0.0,7211345015.0,4767286.311910435,107711318.83242275,0.0,36000.0,100000.0,495000.0,45700000.00000073,false,,1774009f120d7ffff3537844f30d1633343ef9ffb1f0533bb175e8f786f90942,
F1275,Float64,16,0.001762,2693,false,0.066402,false,0.052614,0.0,4689276821.0,3785354.7711692033,71704637.9300045,0.0,21964.0,85633.0,300000.0,50000000.0,false,,7ca177c1929bd8cd19e0086007cd5818ca620e5761a725acc2df404e4d3b2737,
F1276,Float64,16,0.001762,2,false,0.606883,false,0.606883,0.0,1.0,0.3931171409662475,0.48844247813306635,0.0,0.0,0.0,1.0,1.0,true,0.0:5502; 1.0:3564,de2d025286b5b25fb5e29536a581a65a96f2bc268a2d8290c8321e77e01351b5,
F1277,Float64,16,0.001762,2,false,0.851313,false,0.148687,0.0,1.0,0.8513125965144496,0.3557800718565832,0.0,1.0,1.0,1.0,1.0,true,1.0:7718; 0.0:1348,c15a4b80f449798f3662f5778e15a4ab4f909512773cab5dce524a52e274cefe,
F1278,Float64,16,0.001762,2,false,0.894441,false,0.105559,0.0,1.0,0.8944407677035076,0.3072726489186234,0.0,1.0,1.0,1.0,1.0,true,1.0:8109; 0.0:957,47cb93cfee790e4b91aa39b87bfab9020b0841f109d7ea8def5540e6e44f34a8,
F1279,Float64,16,0.001762,4612,false,0.068056,false,0.068056,0.0,7211344041.0,4881454.233175601,108278829.64831428,0.0,44950.0,99999.0,499609.5,50000000.0,false,,0b0d393ca6c83ea57c24dcee36dd179fb3d2ddd1f56349ac574e80e0b6f3f6e9,
F1280,Float64,16,0.001762,3121,false,0.14615,false,0.14615,0.0,7211345015.0,4374667.8869733075,107133751.17083631,0.0,18230.0,68970.5,299997.5,33576436.82500005,false,,ef01d674f6594ad89488b52ac33032f41048041e12d54d30fa7126584c83735f,
F1281,Float64,16,0.001762,2471,false,0.086698,false,0.086698,0.0,4689276821.0,2847863.3184072357,59894350.422419064,0.0,20000.0,70103.5,250000.0,31471531.500000272,false,,1c13ac8ebb1caf8958e053edd26a18e34c47d1e6710a6a5fb0e0c0a18093b74b,
F1282,Float64,16,0.001762,2,false,0.606883,false,0.606883,0.0,1.0,0.3931171409662475,0.48844247813306635,0.0,0.0,0.0,1.0,1.0,true,0.0:5502; 1.0:3564,de2d025286b5b25fb5e29536a581a65a96f2bc268a2d8290c8321e77e01351b5,F1276
F1283,Float64,16,0.001762,2,false,0.851313,false,0.148687,0.0,1.0,0.8513125965144496,0.3557800718565832,0.0,1.0,1.0,1.0,1.0,true,1.0:7718; 0.0:1348,c15a4b80f449798f3662f5778e15a4ab4f909512773cab5dce524a52e274cefe,F1277
F1284,Float64,16,0.001762,2,false,0.894441,false,0.105559,0.0,1.0,0.8944407677035076,0.3072726489186234,0.0,1.0,1.0,1.0,1.0,true,1.0:8109; 0.0:957,47cb93cfee790e4b91aa39b87bfab9020b0841f109d7ea8def5540e6e44f34a8,F1278
F1285,Float64,16,0.001762,4612,false,0.068056,false,0.068056,0.0,7211344041.0,4881454.233175601,108278829.64831428,0.0,44950.0,99999.0,499609.5,50000000.0,false,,0b0d393ca6c83ea57c24dcee36dd179fb3d2ddd1f56349ac574e80e0b6f3f6e9,F1279
F1286,Float64,16,0.001762,3121,false,0.14615,false,0.14615,0.0,7211345015.0,4374667.8869733075,107133751.17083631,0.0,18230.0,68970.5,299997.5,33576436.82500005,false,,ef01d674f6594ad89488b52ac33032f41048041e12d54d30fa7126584c83735f,F1280
F1287,Float64,16,0.001762,2471,false,0.086698,false,0.086698,0.0,4689276821.0,2847863.3184072357,59894350.422419064,0.0,20000.0,70103.5,250000.0,31471531.500000272,false,,1c13ac8ebb1caf8958e053edd26a18e34c47d1e6710a6a5fb0e0c0a18093b74b,F1281
F1288,Float64,16,0.001762,2,false,0.896426,false,0.896426,0.0,1.0,0.10357379219060225,0.3047068456104329,0.0,0.0,0.0,0.0,1.0,true,0.0:8127; 1.0:939,787493dc8529fb76e44bffb13d8ccdfd0f0639036dde958c506fd1aea3d14b13,F964
F1289,Float64,16,0.001762,1,true,1.0,true,1.0,0.0,0.0,0.0,0.0,0.0,0.0,0.0,0.0,0.0,true,0.0:9066,a057504a7edb57157a44f3a88c8242f39b54e60dfbc13e67b6e20a11d95da8b4,F616
F1290,Float64,16,0.001762,2,false,0.896426,false,0.896426,0.0,1.0,0.10357379219060225,0.3047068456104329,0.0,0.0,0.0,0.0,1.0,true,0.0:8127; 1.0:939,787493dc8529fb76e44bffb13d8ccdfd0f0639036dde958c506fd1aea3d14b13,F964
F1291,Float64,16,0.001762,70,false,0.896426,false,0.896426,0.0,20011.8,883.7463798808735,2962.7841727143455,0.0,0.0,0.0,0.0,15000.0,false,,87ef0d02fb643b1a4eb485efc0b6f0414d542d0eadec800d5f52973e99934374,F967
F1292,Float64,16,0.001762,1,true,1.0,true,1.0,0.0,0.0,0.0,0.0,0.0,0.0,0.0,0.0,0.0,true,0.0:9066,a057504a7edb57157a44f3a88c8242f39b54e60dfbc13e67b6e20a11d95da8b4,F616
F1293,Float64,16,0.001762,70,false,0.896426,false,0.896426,0.0,20011.8,883.7463798808735,2962.7841727143455,0.0,0.0,0.0,0.0,15000.0,false,,87ef0d02fb643b1a4eb485efc0b6f0414d542d0eadec800d5f52973e99934374,F967
F1294,Float64,16,0.001762,2,false,0.904919,false,0.904919,0.0,1.0,0.09508052062651666,0.29332612434610594,0.0,0.0,0.0,0.0,1.0,true,0.0:8204; 1.0:862,867bbb0ef1b41fd65e9525f28a7a5b3fd5899af2028f7994db458d79bfb82fd3,F970
F1295,Float64,16,0.001762,2,false,0.999228,true,0.999228,0.0,1.0,0.000772115596735054,0.02777623866257511,0.0,0.0,0.0,0.0,0.0,true,0.0:9059; 1.0:7,3ebf2a76dcad8815b73883261a6b833e6afdc3aee31367c6da1c54e9e8b84d0c,F971
F1296,Float64,16,0.001762,2,false,0.905361,false,0.905361,0.0,1.0,0.09463931171409662,0.2927160952055399,0.0,0.0,0.0,0.0,1.0,true,0.0:8208; 1.0:858,e4b1b6af7b0c43f4fb7a6a6eb9de59c4774f4b71cdf56ab3a027a13fe8aa0f56,F972
F1297,Float64,16,0.001762,233,false,0.904919,false,0.904919,0.0,713367.0,730.4852305316568,16484.974822442673,0.0,0.0,0.0,0.0,2100.0,false,,469a48925c0a64d6264dbd506177d576bf7b9f41ba8d08869b0117c3210df8d5,F973
F1298,Float64,16,0.001762,7,false,0.999228,true,0.999228,0.0,713367.0,164.83770350761085,10604.089492412633,0.0,0.0,0.0,0.0,0.0,false,0.0:9059; 713367.0:2; 36000.0:1; 4838.27:1; 354.0:1,662b6c1e54c8c1e52f4db50dc7323ef0b3c79857e6b9880ec04a4ee187cb8a93,F974
F1299,Float64,16,0.001762,229,false,0.905361,false,0.905361,0.0,708507.4,568.4939730862563,12631.50452270826,0.0,0.0,0.0,0.0,1780.500000000011,false,,a25af3d82f0ff81d82be5f5c6d7e5be26d0b2a6dc183169377057f522075add5,F975
F1300,Float64,16,0.001762,2,false,0.873483,false,0.873483,0.0,1.0,0.12651665563644385,0.3324307318570492,0.0,0.0,0.0,0.0,1.0,true,0.0:7919; 1.0:1147,4f4a4b40503a515812719bab32a6a4e51d1c6495db7e9c81532ff72c50580ded,F976
F1301,Float64,16,0.001762,2,false,0.995588,true,0.995588,0.0,1.0,0.004412089124200309,0.06627686318588429,0.0,0.0,0.0,0.0,0.0,true,0.0:9026; 1.0:40,9604af72cc1aedcb5ad606875418720ea33fcd0bba31d68d2632173408519890,F977
F1302,Float64,16,0.001762,2,false,0.877234,false,0.877234,0.0,1.0,0.12276637988087359,0.32816885265335377,0.0,0.0,0.0,0.0,1.0,true,0.0:7953; 1.0:1113,bee2d9ea66da5094476b46b54839e2bbb92596b75ae5259a3cd87461a9638610,F978
F1303,Float64,16,0.001762,140,false,0.873483,false,0.873483,0.0,2500000.0,925.1014736377674,30542.422869063466,0.0,0.0,0.0,0.0,3540.0,false,,2c7c3dcd84a00609992ba09b9b2c44d3a8e307c22b0f927c33b4326fd1ac67f3,F979
F1304,Float64,16,0.001762,35,false,0.995588,true,0.995588,0.0,2500000.0,628.0406265166557,27809.037358581616,0.0,0.0,0.0,0.0,0.0,false,,34172fe61782d26c4607a69afa75a9bb61d47f6ef888442e6c2a881201f580c8,F980
F1305,Float64,16,0.001762,117,false,0.877234,false,0.877234,0.0,1000000.0,330.4352283256122,13029.853773239,0.0,0.0,0.0,0.0,1587.7800000000068,false,,88df84dd1776e26add2e580b782e53914b42593cb4a175c485b165625daf6a35,F981
F1306,Float64,16,0.001762,2,false,0.947827,false,0.947827,0.0,1.0,0.052172953893668654,0.22237566588023472,0.0,0.0,0.0,0.0,1.0,true,0.0:8593; 1.0:473,fb283857afc6e5dbfae7985a22a5f6b9ccfc996e4fcb426adf41a124e7f0980a,F982
F1307,Float64,16,0.001762,2,false,0.994926,true,0.994926,0.0,1.0,0.0050739024928303554,0.07105039061344845,0.0,0.0,0.0,0.0,0.0,true,0.0:9020; 1.0:46,8bd5eb3f8db8d4875a804f7840f6a957326aee64a392ee3c6415be92dff090fb,F983
F1308,Float64,16,0.001762,2,false,0.951798,false,0.951798,0.0,1.0,0.04820207368188838,0.21419298255231,0.0,0.0,0.0,0.0,1.0,true,0.0:8629; 1.0:437,c0bef23a2ffcb7b69f9489065d74b44ace7d13d587a83aa1e0aafccdf25e3fee,F984
F1309,Float64,16,0.001762,290,false,0.947827,false,0.947827,0.0,47588317.0,33236.57605448929,810449.7448308116,0.0,0.0,0.0,0.0,250081.90000000008,false,,5195c9d09e9a23aef66ab2ab2b0e2cae947a5aba8939c0c9da8f59869df5b262,F985
F1310,Float64,16,0.001762,40,false,0.994926,true,0.994926,0.0,3495808.0,2311.8031105228324,62580.631243879034,0.0,0.0,0.0,0.0,0.0,true,,859b560c2f62c0ec96a958b92116e009a9d80b2154dd533529d929c492d65289,F986
F1311,Float64,16,0.001762,266,false,0.951798,false,0.951798,0.0,47588317.0,31102.207975954112,808155.3141247769,0.0,0.0,0.0,0.0,129864.50000000179,false,,4b96b5862af87d487f33c96b638a5c4f692731aa9bd37d2754446dbb35aba87e,F987
F1312,Float64,16,0.001762,2,false,0.667439,false,0.332561,0.0,1.0,0.6674387822634017,0.47113082492461594,0.0,0.0,1.0,1.0,1.0,true,1.0:6051; 0.0:3015,41bc0929c4991896b729f3a597f474223bcf17e7d0527f4571d22713d76253a3,
F1313,Float64,16,0.001762,2,false,0.590338,false,0.409662,0.0,1.0,0.5903375248180013,0.49177142211575997,0.0,0.0,1.0,1.0,1.0,true,1.0:5352; 0.0:3714,b00af3f6afa4ca288fd5dd75cac4fbebdf71c3fc15c39fcc95cc08068ae198ee,
F1314,Float64,16,0.001762,2,false,0.658394,false,0.658394,0.0,1.0,0.3416060004412089,0.4742481849240645,0.0,0.0,0.0,1.0,1.0,true,0.0:5969; 1.0:3097,25507c4bff02fc0129fe5c399d0953bfe572dfb47b68dd53e7f89ee62d82d9c0,
F1315,Float64,16,0.001762,3080,false,0.322855,false,0.322855,0.0,7211345015.0,3690918.044590778,88963311.2185997,0.0,0.0,50000.0,332751.295,33992780.84,false,,7ed8e296aad656ebd1d4bde06160644bf4c6a7421f51049a91f33769aff2d045,
F1316,Float64,16,0.001762,2920,false,0.409552,false,0.409552,0.0,7211345015.0,2937680.86060225,86946268.41073091,0.0,0.0,19394.0,188078.0,20000000.0,false,,0bca2f83757931fca6de71c0c2a978a825160e7f2e0e1beed894a96bfb6c4a70,
F1317,Float64,16,0.001762,1291,false,0.656188,false,0.656188,0.0,2420000000.0,1895939.435894551,34560927.00003924,0.0,0.0,0.0,100008.5,19870000.000000075,false,,0382e3f4c55efa56a59371f255168df3a9fe7bfa06bf2a6046899262eed8bd4a,
F1318,Float64,16,0.001762,2,false,0.641738,false,0.358262,0.0,1.0,0.6417383631149349,0.47948955819861067,0.0,0.0,1.0,1.0,1.0,true,1.0:5818; 0.0:3248,f1dd4d661d2fb7ebff827787fe4789122b856fd5bc10215655002297de34d992,
F1319,Float64,16,0.001762,2,false,0.62773,false,0.37227,0.0,1.0,0.6277299801455989,0.48340981803435157,0.0,0.0,1.0,1.0,1.0,true,1.0:5691; 0.0:3375,c8e63f60ebffa6cfa72e87922e1f69d787dc8b6e832020461a2efed3223ec1ff,
F1320,Float64,16,0.001762,2,false,0.628612,false,0.371388,0.0,1.0,0.628612397970439,0.48317579729151733,0.0,0.0,1.0,1.0,1.0,true,1.0:5699; 0.0:3367,9aa5fb2ba81d6017e32e0170a472090f742131bcec9b92bbbe067ddf72a99647,
F1321,Float64,16,0.001762,1757,false,0.269358,false,0.269358,0.0,2400227.0,43043.80391242003,56287.24010191289,0.0,0.0,29999.0,64998.5,200000.0,false,,a82050c125f22711038228c2ed3d6129c2eaf5fa7fcc588f3de37002454a6294,
F1322,Float64,16,0.001762,1205,false,0.370836,false,0.370836,0.0,2400227.0,22837.233385175383,40199.7345714907,0.0,0.0,7100.0,40000.0,100000.0,false,,f5b6f3e5a389ea6ee5a19c5cf1e5babf165d8bdb72af05b2b08e4593130f9074,
F1323,Float64,16,0.001762,1347,false,0.363887,false,0.363887,0.0,564234.0,33928.88184866535,49416.295721494236,0.0,0.0,15500.0,50000.0,200000.0,false,,39c0c5af024d1586c6605e0b85a8e278bff433b06481dc5ae8f43e19d448e842,
F1324,Float64,16,0.001762,2,false,0.50717,false,0.50717,0.0,1.0,0.4928303551731745,0.4999485935504341,0.0,0.0,0.0,1.0,1.0,true,0.0:4598; 1.0:4468,bbd7a5b832bdf5d7a718a8050d17cffc0eca8ff8b6c20a1fc772758ad818e4f7,
F1325,Float64,16,0.001762,2,false,0.556806,false,0.556806,0.0,1.0,0.44319435252592104,0.4967626379016951,0.0,0.0,0.0,1.0,1.0,true,0.0:5048; 1.0:4018,27369ae539dabf792453f6f4879f7bb4559dfd77729968ad353816ec0a3a923b,
F1326,Float64,16,0.001762,2,false,0.885727,false,0.885727,0.0,1.0,0.114273108316788,0.3181426803061916,0.0,0.0,0.0,0.0,1.0,true,0.0:8030; 1.0:1036,df755edf7ea146466197d0128f878e9d8907b0b0917c113ab4e6ed6b3a18f009,
F1327,Float64,16,0.001762,2680,false,0.506728,false,0.506728,0.0,7211345015.0,3368324.2489907346,88673832.58229205,0.0,0.0,0.0,200000.0,30000000.0,false,,cd2fba5826f3eefcb93db881309a2b4d00019cc67b10843bf033367e3cdc658d,
F1328,Float64,16,0.001762,2528,false,0.556695,false,0.556695,0.0,7211345015.0,2920205.234317229,86946826.22336161,0.0,0.0,0.0,112427.0,20000000.0,false,,7b7cdeff0ce3c7644dbe1e6f2d0bfe2ba8b78b1b7fbe27eeaebd7233c3bf3a61,
F1329,Float64,16,0.001762,612,false,0.885617,false,0.885617,0.0,2420000000.0,1005905.085536069,29762439.81562771,0.0,0.0,0.0,0.0,7677710.200000012,false,,b1ff286934c18312a4e4d777ca5a58d2a6cb25f1351befc3f0cd78f0f69cda68,
F1330,Float64,16,0.001762,2,false,0.857931,false,0.857931,0.0,1.0,0.14206926979924994,0.34912117148342336,0.0,0.0,0.0,0.0,1.0,true,0.0:7778; 1.0:1288,e5a8ce3207737ed6ae3c0dad9445cd93d33ceed3a3e83949cd2ff98a9ce5754c,
F1331,Float64,16,0.001762,2,false,0.936797,false,0.936797,0.0,1.0,0.06320317670416943,0.24332804022280488,0.0,0.0,0.0,0.0,1.0,true,0.0:8493; 1.0:573,16c9fdfccb9fac7d04611afd9957218267122853c2b89b0aa8dfd83066ec0125,
F1332,Float64,16,0.001762,2,false,0.886609,false,0.886609,0.0,1.0,0.11339069049194794,0.317069774342663,0.0,0.0,0.0,0.0,1.0,true,0.0:8038; 1.0:1028,d2331e8c3fcd53c362bb8b5002358422f817d6aa9dedfa5423cd21cea2b26db7,
F1333,Float64,16,0.001762,544,false,0.856497,false,0.856497,0.0,10000000.0,38608.70326163688,217022.86690102282,0.0,0.0,0.0,0.0,1000000.0,false,,64f0f2eaf3d760998aee4e2c1939e72720d8889cdc0bff78cbc54f402cac0231,
F1334,Float64,16,0.001762,271,false,0.936687,false,0.936687,0.0,10000000.0,12115.481814471652,154814.75675968715,0.0,0.0,0.0,0.0,288813.1000000007,false,,145bb1abbf239b7167f12c29d185a355b0b087d0edeefab8a74fa3306c91de42,
F1335,Float64,16,0.001762,466,false,0.885837,false,0.885837,0.0,6500000.0,31614.066720714756,176426.6867912366,0.0,0.0,0.0,0.0,949220.0000000005,false,,44e96fcae0bb1db0e9196da05202c195c5e3fb80ab81b483f507d66cc78c0a2a,
F1336,Float64,16,0.001762,2,false,0.974741,false,0.974741,0.0,1.0,0.02525921023604677,0.15691138433618498,0.0,0.0,0.0,0.0,1.0,true,0.0:8837; 1.0:229,6aded7ff3bb7f86e952a47f9a2945cf911c31447bb88bb1e3c27dde91beaf749,F1012
F1337,Float64,16,0.001762,2,false,0.999779,true,0.999779,0.0,1.0,0.00022060445621001543,0.01485112082921406,0.0,0.0,0.0,0.0,0.0,true,0.0:9064; 1.0:2,37478cc52c41cb5834b28df6a092f80c048c354ce77e830c2b1155b060ce6f78,F1013
F1338,Float64,16,0.001762,2,false,0.974741,false,0.974741,0.0,1.0,0.02525921023604677,0.15691138433618498,0.0,0.0,0.0,0.0,1.0,true,0.0:8837; 1.0:229,6aded7ff3bb7f86e952a47f9a2945cf911c31447bb88bb1e3c27dde91beaf749,F1012
F1339,Float64,16,0.001762,172,false,0.974741,false,0.974741,0.0,50000.0,262.75789322744316,2751.5914363329916,0.0,0.0,0.0,0.0,6830.0,false,,7b24ea9987e291b4416c78e946a01067add8456e1a345b5128f15e919f30fe36,F1015
F1340,Float64,16,0.001762,3,false,0.999779,true,0.999779,0.0,24875.76,2.964456210015442,262.08360997025704,0.0,0.0,0.0,0.0,0.0,false,0.0:9064; 2000.0:1; 24875.76:1,4f05c400c2345703110a495567d642f3308a74a42362cbf8a0f8b42a5e68401c,F1016
F1341,Float64,16,0.001762,172,false,0.974741,false,0.974741,0.0,50000.0,262.75789322744316,2751.5914363329916,0.0,0.0,0.0,0.0,6830.0,false,,7b24ea9987e291b4416c78e946a01067add8456e1a345b5128f15e919f30fe36,F1015
F1342,Float64,16,0.001762,1,true,1.0,true,1.0,0.0,0.0,0.0,0.0,0.0,0.0,0.0,0.0,0.0,true,0.0:9066,a057504a7edb57157a44f3a88c8242f39b54e60dfbc13e67b6e20a11d95da8b4,F616
F1343,Float64,16,0.001762,1,true,1.0,true,1.0,0.0,0.0,0.0,0.0,0.0,0.0,0.0,0.0,0.0,true,0.0:9066,a057504a7edb57157a44f3a88c8242f39b54e60dfbc13e67b6e20a11d95da8b4,F616
F1344,Float64,16,0.001762,1,true,1.0,true,1.0,0.0,0.0,0.0,0.0,0.0,0.0,0.0,0.0,0.0,true,0.0:9066,a057504a7edb57157a44f3a88c8242f39b54e60dfbc13e67b6e20a11d95da8b4,F616
F1345,Float64,16,0.001762,1,true,1.0,true,1.0,0.0,0.0,0.0,0.0,0.0,0.0,0.0,0.0,0.0,true,0.0:9066,a057504a7edb57157a44f3a88c8242f39b54e60dfbc13e67b6e20a11d95da8b4,F616
F1346,Float64,16,0.001762,1,true,1.0,true,1.0,0.0,0.0,0.0,0.0,0.0,0.0,0.0,0.0,0.0,true,0.0:9066,a057504a7edb57157a44f3a88c8242f39b54e60dfbc13e67b6e20a11d95da8b4,F616
F1347,Float64,16,0.001762,1,true,1.0,true,1.0,0.0,0.0,0.0,0.0,0.0,0.0,0.0,0.0,0.0,true,0.0:9066,a057504a7edb57157a44f3a88c8242f39b54e60dfbc13e67b6e20a11d95da8b4,F616
F1348,Float64,16,0.001762,2,false,0.991838,true,0.991838,0.0,1.0,0.00816236487977057,0.0899763339958906,0.0,0.0,0.0,0.0,0.0,true,0.0:8992; 1.0:74,bb9ff55b17c99abbdd57a212eb45a9ff920a85cd337b5b6e9e0aec054eb503f3,F1024
F1349,Float64,16,0.001762,2,false,0.991948,true,0.991948,0.0,1.0,0.008052062651665564,0.08937128699263101,0.0,0.0,0.0,0.0,0.0,true,0.0:8993; 1.0:73,d26febf9dc9ba801cbb43ec92544b2bc1e82f6739ba63155abdaf8f1a548fe0e,F1025
F1350,Float64,16,0.001762,2,false,0.99989,true,0.99989,0.0,1.0,0.00011030222810500772,0.010501907518326505,0.0,0.0,0.0,0.0,0.0,true,0.0:9065; 1.0:1,3b170abc4461db08185746e11ac94b6363c59d9c3016e4547778ede0216ba8fa,F1026
F1351,Float64,16,0.001762,52,false,0.991838,true,0.991838,0.0,75000.0,41.64299360247077,1475.5440176218824,0.0,0.0,0.0,0.0,0.0,false,,bc8236c4fa20407dc13179606005ec2c77fe358713f8611d5bb291a989b98bfc,F1027
F1352,Float64,16,0.001762,51,false,0.991948,true,0.991948,0.0,75000.0,41.532770791969995,1475.5098008336527,0.0,0.0,0.0,0.0,0.0,false,,2d0971554e6c7c59c214e534f4e5f6c8939f019aebb6012f68b913ceea1ce762,F1028
F1353,Float64,16,0.001762,2,false,0.99989,true,0.99989,0.0,999.28,0.11022281050077211,10.49434614491331,0.0,0.0,0.0,0.0,0.0,false,0.0:9065; 999.28:1,9e6ab07e4f1f152a9b56307fc07b84bcfb434dd330563f76f91ac9d98adb56f4,F1029
F1354,Float64,16,0.001762,2,false,0.888264,false,0.888264,0.0,1.0,0.11173615707037282,0.3150415659456984,0.0,0.0,0.0,0.0,1.0,true,0.0:8053; 1.0:1013,4b81c5455965038b3fb80878fb0844f40a4ab2b4b94eebf13021188e6d4e6cb7,
F1355,Float64,16,0.001762,2,false,0.969005,false,0.969005,0.0,1.0,0.030994926097507168,0.17330389682207736,0.0,0.0,0.0,0.0,1.0,true,0.0:8785; 1.0:281,4983dd9b4fd394738231740d5f895adf53135aadff65955184906c2b4d0c75dc,
F1356,Float64,16,0.001762,2,false,0.910545,false,0.910545,0.0,1.0,0.08945510699316127,0.28539952842638566,0.0,0.0,0.0,0.0,1.0,true,0.0:8255; 1.0:811,891511ecf639107d764bebff0a2bf75e6782ea4254823b6b9abe181c3e162203,
F1357,Float64,16,0.001762,678,false,0.888264,false,0.888264,0.0,250000000.0,74886.42385947495,3028083.896507232,0.0,0.0,0.0,0.0,672139.9000000007,false,,2cceba3c1687efb87e837402f7cace64c122f0ac7b038b7c5939c540d6768695,
F1358,Float64,16,0.001762,171,false,0.969005,false,0.969005,0.0,3000000.0,5735.473299139642,81294.28304134458,0.0,0.0,0.0,0.0,55100.450000000106,false,,da3f2c6cc246d89d46594b31006b4d2268e9343756b914550e0e7096032c190f,
F1359,Float64,16,0.001762,590,false,0.910545,false,0.910545,0.0,250000000.0,70380.33921023604,3027278.9082610966,0.0,0.0,0.0,0.0,500000.0,false,,d34a6b460d4efe3c9d0d4bdfd19c64add3783b2034533167af88e252c0a93b6e,
F1360,Float64,16,0.001762,2,false,0.885947,false,0.885947,0.0,1.0,0.11405250386057798,0.3178750229629733,0.0,0.0,0.0,0.0,1.0,true,0.0:8032; 1.0:1034,02311e07b5786bab6e61756b4b611a9b224ae42d15a092ef5fcf7c5bcaf8bff5,
F1361,Float64,16,0.001762,2,false,0.966799,false,0.966799,0.0,1.0,0.03320097065960732,0.17916100637936597,0.0,0.0,0.0,0.0,1.0,true,0.0:8765; 1.0:301,ffcad3b6a47e76047d9b80f985cea5a8a1439ff23af052cb253e987cffd81a7c,
F1362,Float64,16,0.001762,2,false,0.913082,false,0.913082,0.0,1.0,0.08691815574674608,0.28171508647626675,0.0,0.0,0.0,0.0,1.0,true,0.0:8278; 1.0:788,c91eab78bf93aeb360f2fbf9e90acb163ece8ef2022b98e13251a197ab9fa003,
F1363,Float64,16,0.001762,669,false,0.885947,false,0.885947,0.0,55857568.78,40853.315070593424,908150.8278691167,0.0,0.0,0.0,0.0,178067.70000000042,false,,c073b82c5f424c03b1a2935b0079ccdac5c412ab88e90c1f62d92b9296d3b188,
F1364,Float64,16,0.001762,235,false,0.966799,false,0.966799,0.0,55857568.78,33253.4308614604,891933.1243129845,0.0,0.0,0.0,0.0,4686.250000000064,false,,ead0c63dc885e1699148e8a19815b3e6a84a8933099c7d9f7488cf3bd33cba5f,
F1365,Float64,16,0.001762,483,false,0.913082,false,0.913082,0.0,10000000.0,9844.728188837413,226353.57005645585,0.0,0.0,0.0,0.0,81060.20000000007,false,,b8c8dc6750331e90035abb7c772f7dae05f6afa23f6399533429cb319a1b805b,
F1366,Float64,10,0.001101,2,false,0.721781,false,0.721781,0.0,1.0,0.27821869488536155,0.4481216940761155,0.0,0.0,0.0,1.0,1.0,true,0.0:6548; 1.0:2524,6bb0e70803db6eb43aad3555990028db2887ccc705c5299910455aca7057d2c8,
F1367,Float64,10,0.001101,2,false,0.830357,false,0.830357,0.0,1.0,0.16964285714285715,0.37531874208899463,0.0,0.0,0.0,0.0,1.0,true,0.0:7533; 1.0:1539,0236bbec4fbad4cea8880341a45f7f2baa7adec0f0a4e17651abb8044602bccb,
F1368,Float64,10,0.001101,2,false,0.839727,false,0.839727,0.0,1.0,0.16027336860670194,0.3668593953031082,0.0,0.0,0.0,0.0,1.0,true,0.0:7618; 1.0:1454,a5324437cb8f869bae488930aaa5e0b70c06cc6bb5474b43226f93cfa1c50453,
F1369,Float64,10,0.001101,681,false,0.717152,false,0.717152,0.0,15000000.0,81997.11364638447,380496.3597714341,0.0,0.0,0.0,15292.5,1242189.9999999895,true,,ed76482f27ee645d538968f7fea5b7c56db7f9574818777da3c064188fc12abf,
F1370,Float64,10,0.001101,470,false,0.830357,false,0.830357,0.0,15000000.0,42714.037367724864,308652.33484659763,0.0,0.0,0.0,0.0,900000.0,true,,00e67ef09cec6ace6899ea163dd7b625b1a82be8c0d08388c0b9aecd5e61cfc5,
F1371,Float64,10,0.001101,389,false,0.839506,false,0.839506,0.0,9800000.0,42877.904320987655,233171.47782449558,0.0,0.0,0.0,0.0,852257.0699999926,true,,ff9479fa16969df90e91bd7bc06fbfb6a2633bdd5983eb3e51ca9e664595fb73,
F1372,Float64,10,0.001101,2,false,0.911045,false,0.911045,0.0,1.0,0.08895502645502645,0.28467881853663085,0.0,0.0,0.0,0.0,1.0,true,0.0:8265; 1.0:807,7bbaafce2b2375a0263f304906f7d6cedc98145cd1a17eb5be25ade99320f3a5,F1048
F1373,Float64,10,0.001101,2,false,0.95172,false,0.95172,0.0,1.0,0.04828042328042328,0.2143581675800725,0.0,0.0,0.0,0.0,1.0,true,0.0:8634; 1.0:438,b8bafcca30cdad60d49c2fdaf0d01ec9d5763476acdc0c393062fe1e2baaec24,F1049
F1374,Float64,10,0.001101,2,false,0.924603,false,0.924603,0.0,1.0,0.07539682539682539,0.2640305742085678,0.0,0.0,0.0,0.0,1.0,true,0.0:8388; 1.0:684,a7cc9c264ec36745cdd5d27b5328f5fd1be161b8e615ddf54f26ddf79e76f944,F1050
F1375,Float64,10,0.001101,605,false,0.911045,false,0.911045,0.0,101475000.0,51584.739883156966,1171045.048137295,0.0,0.0,0.0,0.0,793682.0099999943,false,,19dec4c66c69918bfca2a7ae6b0380cd849c83c5387a4f9a0f32188cbecd7e49,F1051
F1376,Float64,10,0.001101,327,false,0.95172,false,0.95172,0.0,101475000.0,38070.439645061735,1150164.8450684699,0.0,0.0,0.0,0.0,551501.6199999951,false,,26dee0976ccd247656645f0e8abcab2ebcc909fdb93664d6501f415145d65655,F1052
F1377,Float64,10,0.001101,516,false,0.924603,false,0.924603,0.0,101475000.0,39109.009725529104,1105915.9036858848,0.0,0.0,0.0,0.0,551501.6199999951,false,,6437d31eb27cf4da1ab4210d3f8619ce5214d2d5175e7b84b7fae664793f067e,F1053
F1378,Float64,10,0.001101,2,false,0.675265,false,0.675265,0.0,1.0,0.3247354497354497,0.46827592018014863,0.0,0.0,0.0,1.0,1.0,true,0.0:6126; 1.0:2946,0ba740a027110d7c5163e2048a058b4944530b183a032e03e3b75c37a3126318,
F1379,Float64,10,0.001101,2,false,0.948413,false,0.051587,0.0,1.0,0.9484126984126984,0.22119234141859972,0.0,1.0,1.0,1.0,1.0,true,1.0:8604; 0.0:468,90a9c78d800517528cd0fc66e13e9e2d9e7f890a089a4c9b86baf89ce53e7194,
F1380,Float64,10,0.001101,2,false,0.949515,false,0.050485,0.0,1.0,0.9495149911816578,0.2189435377053958,0.0,1.0,1.0,1.0,1.0,true,1.0:8614; 0.0:458,798262e0d9c0945df357f0e3736ecced96088e80ddb1ba1588c74e47d048183b,
F1381,Float64,10,0.001101,5191,false,0.027447,false,0.027447,0.0,7211344930.0,6992553.019113756,143629371.56738394,0.0,55419.25,166109.5,684762.025,71159998.39629622,false,,a3a92e7cb5d34e1c1c27d58e2c47ea1f7bd4ab2ace62f6f2ab0d21ed2e3b6633,
F1382,Float64,10,0.001101,3742,false,0.050816,false,0.049934,0.0,7211345015.0,6069293.616420856,128132163.1911972,0.0,50000.0,114406.0,554249.25,55608999.99999801,false,,b3e3d192160db55822129a4b0b3f2b1221e980c9ef898cf9146c84928765d2d2,
F1383,Float64,10,0.001101,2671,false,0.07231,false,0.041336,0.0,7000000000.0,5336829.71321208,117045587.10781135,0.0,28882.5,98000.0,400000.0,55754953.55569798,false,,0adb81478e135fb90153811d95a5964dde2dd2c46fc53edb346a1e33f1f68b7c,
F1384,Float64,10,0.001101,2,false,0.531966,false,0.468034,0.0,1.0,0.5319664902998237,0.49897709716770694,0.0,0.0,1.0,1.0,1.0,true,1.0:4826; 0.0:4246,9c86f72bf9b0eafdbdc82f52fab2e46dfd7e17b50ac3bbb45ab33de96c9f1c93,
F1385,Float64,10,0.001101,2,false,0.88459,false,0.11541,0.0,1.0,0.8845899470899471,0.31951615389108534,0.0,1.0,1.0,1.0,1.0,true,1.0:8025; 0.0:1047,7fe001a9285aca0683a8130f41eeeca2ae1dfa330c1b34bc25e39a003f777478,
F1386,Float64,10,0.001101,2,false,0.917549,false,0.082451,0.0,1.0,0.9175485008818343,0.27505135777038603,0.0,1.0,1.0,1.0,1.0,true,1.0:8324; 0.0:748,f7fcfc1733232ffbb495e621755797766f7465f5356de820ba81ece1487fc0d7,
F1387,Float64,10,0.001101,4326,false,0.054012,false,0.054012,0.0,7211345015.0,6396291.287271826,140134409.79977638,0.0,49999.0,116026.0,547350.475,60000000.0,false,,0a5d51b3f92479e1d22d6748f5ab72a96c16adcab210cd444578ba6034c6615b,
F1388,Float64,10,0.001101,3245,false,0.114308,false,0.114308,0.0,7211345015.0,5607873.916874999,127762817.40882058,0.0,28085.47,90000.0,401511.93,45579999.99999811,false,,c53d06df48ad29491c32935c570ba1d187f470195ec83c007c8d2d48942f6be2,
F1389,Float64,10,0.001101,2424,false,0.075397,false,0.075397,0.0,7000000000.0,4048607.782091049,98623636.05122294,0.0,25000.0,86979.28,300000.0,40000000.0,false,,71501314add026b3be09a9264634a1ca7d13fdab36bdf8c7f311d43351b47452,
F1390,Float64,10,0.001101,2,false,0.531966,false,0.468034,0.0,1.0,0.5319664902998237,0.49897709716770694,0.0,0.0,1.0,1.0,1.0,true,1.0:4826; 0.0:4246,9c86f72bf9b0eafdbdc82f52fab2e46dfd7e17b50ac3bbb45ab33de96c9f1c93,F1384
F1391,Float64,10,0.001101,2,false,0.88459,false,0.11541,0.0,1.0,0.8845899470899471,0.31951615389108534,0.0,1.0,1.0,1.0,1.0,true,1.0:8025; 0.0:1047,7fe001a9285aca0683a8130f41eeeca2ae1dfa330c1b34bc25e39a003f777478,F1385
F1392,Float64,10,0.001101,2,false,0.917549,false,0.082451,0.0,1.0,0.9175485008818343,0.27505135777038603,0.0,1.0,1.0,1.0,1.0,true,1.0:8324; 0.0:748,f7fcfc1733232ffbb495e621755797766f7465f5356de820ba81ece1487fc0d7,F1386
F1393,Float64,10,0.001101,4326,false,0.054012,false,0.054012,0.0,7211345015.0,6396291.287271826,140134409.79977638,0.0,49999.0,116026.0,547350.475,60000000.0,false,,0a5d51b3f92479e1d22d6748f5ab72a96c16adcab210cd444578ba6034c6615b,F1387
F1394,Float64,10,0.001101,3245,false,0.114308,false,0.114308,0.0,7211345015.0,5607873.916874999,127762817.40882058,0.0,28085.47,90000.0,401511.93,45579999.99999811,false,,c53d06df48ad29491c32935c570ba1d187f470195ec83c007c8d2d48942f6be2,F1388
F1395,Float64,10,0.001101,2424,false,0.075397,false,0.075397,0.0,7000000000.0,4048607.782091049,98623636.05122294,0.0,25000.0,86979.28,300000.0,40000000.0,false,,71501314add026b3be09a9264634a1ca7d13fdab36bdf8c7f311d43351b47452,F1389
F1396,Float64,10,0.001101,2,false,0.859568,false,0.859568,0.0,1.0,0.1404320987654321,0.3474347771910118,0.0,0.0,0.0,0.0,1.0,true,0.0:7798; 1.0:1274,9b093ab3cf6a63b070bf5ca08b921216aa13360111b2e6a4cb351dcff2ea19b2,F1072
F1397,Float64,10,0.001101,1,true,1.0,true,1.0,0.0,0.0,0.0,0.0,0.0,0.0,0.0,0.0,0.0,true,0.0:9072,6af0b742cd3e43e07ff48b608fed19bf1dc7cfb82661a6ac227604e5cc8b573a,F724
F1398,Float64,10,0.001101,2,false,0.859568,false,0.859568,0.0,1.0,0.1404320987654321,0.3474347771910118,0.0,0.0,0.0,0.0,1.0,true,0.0:7798; 1.0:1274,9b093ab3cf6a63b070bf5ca08b921216aa13360111b2e6a4cb351dcff2ea19b2,F1072
F1399,Float64,10,0.001101,82,false,0.859568,false,0.859568,0.0,20011.8,1228.3443672839508,3457.878929493526,0.0,0.0,0.0,0.0,15000.0,false,,0e186f07ece5cde14a71a104056a419d2a90c0a51f72869c54c34a1f8c13119c,F1075
F1400,Float64,10,0.001101,1,true,1.0,true,1.0,0.0,0.0,0.0,0.0,0.0,0.0,0.0,0.0,0.0,true,0.0:9072,6af0b742cd3e43e07ff48b608fed19bf1dc7cfb82661a6ac227604e5cc8b573a,F724
F1401,Float64,10,0.001101,82,false,0.859568,false,0.859568,0.0,20011.8,1228.3443672839508,3457.878929493526,0.0,0.0,0.0,0.0,15000.0,false,,0e186f07ece5cde14a71a104056a419d2a90c0a51f72869c54c34a1f8c13119c,F1075
F1402,Float64,10,0.001101,2,false,0.858466,false,0.858466,0.0,1.0,0.14153439153439154,0.3485719546196755,0.0,0.0,0.0,0.0,1.0,true,0.0:7788; 1.0:1284,d356f1a210c62b08152edad11862d75c6a23726588e05983e567d23f91c67940,F1078
F1403,Float64,10,0.001101,2,false,0.998898,true,0.998898,0.0,1.0,0.0011022927689594356,0.03318249116041373,0.0,0.0,0.0,0.0,0.0,true,0.0:9062; 1.0:10,91610d95dfeefe42f11fe2e2c273b063bbf4cb8473b2f090d5554ae90c8676d6,F1079
F1404,Float64,10,0.001101,2,false,0.858686,false,0.858686,0.0,1.0,0.14131393298059966,0.34834509516592055,0.0,0.0,0.0,0.0,1.0,true,0.0:7790; 1.0:1282,dce1be8aef09383a1cf56465a63c455978725a89b579b96c9ba493e3fcd385ea,F1080
F1405,Float64,10,0.001101,312,false,0.858466,false,0.858466,0.0,2256750.0,1673.7980709876542,34471.88859063328,0.0,0.0,0.0,0.0,5254.099999999915,false,,a312687d4661cf3340e1a378fbcf64d1577ba8b045b1159fa6206fc493612eec,F1081
F1406,Float64,10,0.001101,10,false,0.998898,true,0.998898,0.0,713367.0,169.31146604938272,10605.917281596112,0.0,0.0,0.0,0.0,0.0,false,0.0:9062; 713367.0:2; 31250.0:1; 354.0:1; 2456.47:1,dc595eb48c6c70c65c1be713c58810c7107c7d9ebe81bf01328256c3b3a8cec8,F1082
F1407,Float64,10,0.001101,308,false,0.858686,false,0.858686,0.0,2256750.0,1511.9073357583775,32809.922597570796,0.0,0.0,0.0,0.0,5000.0,false,,d3f906a295f95e4c5fd4d024327f4334f5529ae02cf866c3d4058a72ac9f34d4,F1083
F1408,Float64,10,0.001101,2,false,0.839616,false,0.839616,0.0,1.0,0.16038359788359788,0.366961441317082,0.0,0.0,0.0,0.0,1.0,true,0.0:7617; 1.0:1455,964910ebf461e1d4ff991b471e6cd7d9cdde8188d13a45445dc6e607e347efae,F1084
F1409,Float64,10,0.001101,2,false,0.994268,true,0.994268,0.0,1.0,0.005731922398589065,0.0754921682309206,0.0,0.0,0.0,0.0,0.0,true,0.0:9020; 1.0:52,5159c2f40c1ce8010aaa669b9b8c3d1a6a0e8a564fb41544e23863b866a1164c,F1085
F1410,Float64,10,0.001101,2,false,0.844356,false,0.844356,0.0,1.0,0.15564373897707232,0.36251726233975295,0.0,0.0,0.0,0.0,1.0,true,0.0:7660; 1.0:1412,d1071c5bde426f4512b655a34b014c0a59d99537bcc122557c2dfbf3334a839d,F1086
F1411,Float64,10,0.001101,183,false,0.839616,false,0.839616,0.0,2500000.0,1440.3650870811289,37440.63583963009,0.0,0.0,0.0,0.0,5816.219999999888,false,,a79bd1aa08e717e95c61db3cfc44bc0497ca08f1efdb3ae2f04cb8211c361e8c,F1087
F1412,Float64,10,0.001101,45,false,0.994268,true,0.994268,0.0,2500000.0,934.4421450617284,33493.403158047324,0.0,0.0,0.0,0.0,0.0,false,,f8d9d4db123912b707a035bb8d3df3b8563d491d9bdd320e7d20e8ba6f52e7be,F1088
F1413,Float64,10,0.001101,151,false,0.844356,false,0.844356,0.0,1033591.0,551.6002193562609,17278.39823278873,0.0,0.0,0.0,0.0,3557.109999999944,false,,1d0283dbcdb5f936ba11f2309487420a89703c1939489294d82f77c45d808c23,F1089
F1414,Float64,10,0.001101,2,false,0.872465,false,0.872465,0.0,1.0,0.1275352733686067,0.3335716226170947,0.0,0.0,0.0,0.0,1.0,true,0.0:7915; 1.0:1157,2e2868aac472f8e65ca59fef76c9252ac913641098440a5afe1e64a2a9bc8b31,F1090
F1415,Float64,10,0.001101,2,false,0.992504,true,0.992504,0.0,1.0,0.007495590828924162,0.08625199677137632,0.0,0.0,0.0,0.0,0.0,true,0.0:9004; 1.0:68,aceb00b34d4fd9b3151b1d6eaa24e5d312ea8664649a410089a849d8a1c9a6f1,F1091
F1416,Float64,10,0.001101,2,false,0.877646,false,0.877646,0.0,1.0,0.12235449735449735,0.3276947883803245,0.0,0.0,0.0,0.0,1.0,true,0.0:7962; 1.0:1110,63ea301a8f269949460781d8af7af830efc725bb0a4b5c790aeace307e558554,F1092
F1417,Float64,10,0.001101,442,false,0.872465,false,0.872465,0.0,47588317.0,54895.69926146385,999263.7461322773,0.0,0.0,0.0,0.0,714130.2999999974,false,,c0b01abe5b708a4fe1fc94ddb3622510ee679890c3461cd678cb49d23ed7ac3e,F1093
F1418,Float64,10,0.001101,58,false,0.992504,true,0.992504,0.0,43742056.0,10547.947641093475,482603.6618751951,0.0,0.0,0.0,0.0,0.0,true,,5fe92926e111d54673364eb0c3371d6abf2d51f74fb34b4d13d7be04183ce721,F1094
F1419,Float64,10,0.001101,412,false,0.877646,false,0.877646,0.0,47588317.0,44642.62531305115,875578.4796065295,0.0,0.0,0.0,0.0,430277.09999998205,false,,d6a627049e21432eaa74ab766e55f29510f6f177a02e5bb23ea13a8bc6d45055,F1095
F1420,Float64,10,0.001101,2,false,0.722002,false,0.277998,0.0,1.0,0.7220017636684304,0.44801251871806713,0.0,0.0,1.0,1.0,1.0,true,1.0:6550; 0.0:2522,d91396c3791759218d184d2462246e4b073e50f9740cbcd7569f85f289361eef,
F1421,Float64,10,0.001101,2,false,0.650353,false,0.349647,0.0,1.0,0.650352733686067,0.47685852773451226,0.0,0.0,1.0,1.0,1.0,true,1.0:5900; 0.0:3172,a14d1f6f2a25b9cf5de59d4df995322cadc8b723f439a9c214b48911e727c69e,
F1422,Float64,10,0.001101,2,false,0.633047,false,0.633047,0.0,1.0,0.3669532627865961,0.48197361516670956,0.0,0.0,0.0,1.0,1.0,true,0.0:5743; 1.0:3329,71b834267d56d043132dfe610fdf8d0e033a92db05e022be8d9ef467100c5b34,
F1423,Float64,10,0.001101,3275,false,0.273038,false,0.273038,0.0,7211345015.0,5299169.285479497,127684189.74129927,0.0,0.0,74026.0,450000.0,45579999.99999811,false,,c16060da24633bbf0aeeeeebc00f7b02089bca8ce293fc4a9fd4e289120fe5cd,
F1424,Float64,10,0.001101,3192,false,0.349647,false,0.349647,0.0,7211345015.0,3838714.7837136243,102977767.63989444,0.0,0.0,37000.0,250000.0,29795581.0,false,,c667c13e4232927a14ba7b18f3e6de16b2e54dd14b95fe2f087e1751e25305b0,
F1425,Float64,10,0.001101,1339,false,0.631944,false,0.631944,0.0,7000000000.0,3024769.699212963,85625657.24664992,0.0,0.0,0.0,152310.0,21187466.0,false,,17224ee3ac80e6f29f21687402884d660fa29cfdd309ee9ed8c6d01d571c7a99,
F1426,Float64,10,0.001101,2,false,0.693673,false,0.306327,0.0,1.0,0.6936728395061729,0.4609672778382607,0.0,0.0,1.0,1.0,1.0,true,1.0:6293; 0.0:2779,8598603073cf4a0168e142f6ababafc8c3ef90f0f6b53336080c44fea9c89055,
F1427,Float64,10,0.001101,2,false,0.680886,false,0.319114,0.0,1.0,0.6808862433862434,0.46613320730625135,0.0,0.0,1.0,1.0,1.0,true,1.0:6177; 0.0:2895,655924544df871fd9bb0fcc2553d225a5c7dc15b83ff95dfa07c15cb4789171c,
F1428,Float64,10,0.001101,2,false,0.643298,false,0.356702,0.0,1.0,0.6432980599647267,0.4790257467092407,0.0,0.0,1.0,1.0,1.0,true,1.0:5836; 0.0:3236,3b4faf41dfb86d5477a64144a339e4a044e6cf28ed8ae6f40aafb6a372a0f063,
F1429,Float64,10,0.001101,1598,false,0.253086,false,0.253086,0.0,10000000.0,48475.31318231922,121999.18764090264,0.0,0.0,36000.0,75098.95000000001,200000.0,false,,87f31bff2ff0ae80149097c45e56f78f28f4b129c324293596f7a72a7c8144eb,
F1430,Float64,10,0.001101,1211,false,0.318232,false,0.318232,0.0,10000000.0,28588.076025132275,114976.95443428037,0.0,0.0,13000.0,50000.0,100000.0,false,,350495de18c040e62eb49b71c78c1e63efc96c7cfab12c72b17c0471dd051e8d,
F1431,Float64,10,0.001101,1333,false,0.354718,false,0.354718,0.0,1254456.0,37178.393937389774,52510.40374139855,0.0,0.0,20000.0,50000.0,200000.0,false,,0789c242309077f00f8914dc850d079a2d34047000721d5c95055d51371f29ff,
F1432,Float64,10,0.001101,2,false,0.562941,false,0.437059,0.0,1.0,0.5629409171075838,0.4960226214132338,0.0,0.0,1.0,1.0,1.0,true,1.0:5107; 0.0:3965,398e1160df9374c8a1f5cd4cd4f078b6e9033704423f6547c0bbfc31e13024d7,
F1433,Float64,10,0.001101,2,false,0.515432,false,0.484568,0.0,1.0,0.5154320987654321,0.49976179358539796,0.0,0.0,1.0,1.0,1.0,true,1.0:4676; 0.0:4396,2c081da839f471005769b95fc681d3f35599047c7102483549f6828210e92774,
F1434,Float64,10,0.001101,2,false,0.862985,false,0.862985,0.0,1.0,0.13701499118165786,0.3438631753665229,0.0,0.0,0.0,0.0,1.0,true,0.0:7829; 1.0:1243,a621662eb40063587c66239c01683fb5e7f5ff92eb3df5af7de61e0255a519d9,
F1435,Float64,10,0.001101,3024,false,0.436839,false,0.436839,0.0,7211345015.0,4969206.552458114,127474089.91043386,0.0,0.0,9691.5,300045.3975,40000000.0,false,,9533256cd7c6589634f6d20c28ac30d5fe879b1e7f69ff072e9e0923ee80e617,
F1436,Float64,10,0.001101,2902,false,0.484568,false,0.484568,0.0,7211345015.0,3820691.4729001326,102978412.95240547,0.0,0.0,900.0,200000.0,29795581.0,false,,ee33204ac88d6736f4a6e332cf47811b3db04fcd36d3263071cc27eabded2a38,
F1437,Float64,10,0.001101,703,false,0.862875,false,0.862875,0.0,7000000000.0,2153869.387107583,84276894.45362082,0.0,0.0,0.0,0.0,9949788.799999934,false,,7f18d9d5b361451778cfd547a8954209e0ed98c588ceba884667d650b2c9906c,
F1438,Float64,10,0.001101,2,false,0.83675,false,0.83675,0.0,1.0,0.1632495590828924,0.36959320954548613,0.0,0.0,0.0,0.0,1.0,true,0.0:7591; 1.0:1481,aacca87e03a92445cdef1eb0f9eec8a82e48a87212d213644716611b08d8122e,
F1439,Float64,10,0.001101,2,false,0.922178,false,0.922178,0.0,1.0,0.07782186948853616,0.26789107136641455,0.0,0.0,0.0,0.0,1.0,true,0.0:8366; 1.0:706,e53a7b0d2de1f0f303a139852816c1226775c3f24aa2d70e4d26cb122d6fc38d,F1115
F1440,Float64,10,0.001101,2,false,0.871252,false,0.871252,0.0,1.0,0.12874779541446207,0.3349205884838642,0.0,0.0,0.0,0.0,1.0,true,0.0:7904; 1.0:1168,b5956d5a8faf937e438b1f833987781f39357719211b4314d5f05a6e37bf983f,
F1441,Float64,10,0.001101,567,false,0.835979,false,0.835979,0.0,10000000.0,46106.69654761905,234985.63273275385,0.0,0.0,0.0,0.0,1000000.0,false,,86b3aafee3592cac3dd44cc4717fd652766f8324dd6809e1413ef2b3ab7db7f4,
F1442,Float64,10,0.001101,301,false,0.922178,false,0.922178,0.0,10000000.0,14711.890144400353,158677.18197681854,0.0,0.0,0.0,0.0,400000.0,false,,6a6c385b3184699167d7c8b4e73d180a870dc6b0f0360902ff0af9fadaf40f24,F1118
F1443,Float64,10,0.001101,482,false,0.870701,false,0.870701,0.0,6500000.0,37631.65843584656,196276.7516960564,0.0,0.0,0.0,0.0,1000000.0,false,,5906e2a8bf9288a6f3146eb0c17de1d2d7cca26b801ee174fcbd5a99e8960a51,
F1444,Float64,10,0.001101,2,false,0.965829,false,0.965829,0.0,1.0,0.0341710758377425,0.1816684161152779,0.0,0.0,0.0,0.0,1.0,true,0.0:8762; 1.0:310,1c540ab0ab98331bf39776cf28507a1f65fbaee3593704d864f879c88a1e4411,F1120
F1445,Float64,10,0.001101,2,false,0.999559,true,0.999559,0.0,1.0,0.0004409171075837742,0.02099339657339932,0.0,0.0,0.0,0.0,0.0,true,0.0:9068; 1.0:4,7f80f0702521c6219a6e3dabca729a67a7f26d0c20d196e75abdbfc114c76958,F1121
F1446,Float64,10,0.001101,2,false,0.965829,false,0.965829,0.0,1.0,0.0341710758377425,0.1816684161152779,0.0,0.0,0.0,0.0,1.0,true,0.0:8762; 1.0:310,1c540ab0ab98331bf39776cf28507a1f65fbaee3593704d864f879c88a1e4411,F1120
F1447,Float64,10,0.001101,219,false,0.965829,false,0.965829,0.0,50000.0,334.60860449735446,3035.6347848744454,0.0,0.0,0.0,0.0,9762.876299999849,false,,b867bf447d5c53764de1e6bbb584f1abaffad1200262993cc8f99a7c7d77c3cb,F1123
F1448,Float64,10,0.001101,4,false,0.999559,true,0.999559,0.0,24875.76,5.747869268077602,369.9262458861888,0.0,0.0,0.0,0.0,0.0,false,0.0:9068; 24875.76:2; 2000.0:1; 393.15:1,7ac29c15fc9d3059f519b14f33a37efaf96b4b6d41ae6961ddf5dbdcbea26627,F1124
F1449,Float64,10,0.001101,219,false,0.965829,false,0.965829,0.0,50000.0,334.60860449735446,3035.6347848744454,0.0,0.0,0.0,0.0,9762.876299999849,false,,b867bf447d5c53764de1e6bbb584f1abaffad1200262993cc8f99a7c7d77c3cb,F1123
F1450,Float64,10,0.001101,1,true,1.0,true,1.0,0.0,0.0,0.0,0.0,0.0,0.0,0.0,0.0,0.0,true,0.0:9072,6af0b742cd3e43e07ff48b608fed19bf1dc7cfb82661a6ac227604e5cc8b573a,F724
F1451,Float64,10,0.001101,1,true,1.0,true,1.0,0.0,0.0,0.0,0.0,0.0,0.0,0.0,0.0,0.0,true,0.0:9072,6af0b742cd3e43e07ff48b608fed19bf1dc7cfb82661a6ac227604e5cc8b573a,F724
F1452,Float64,10,0.001101,1,true,1.0,true,1.0,0.0,0.0,0.0,0.0,0.0,0.0,0.0,0.0,0.0,true,0.0:9072,6af0b742cd3e43e07ff48b608fed19bf1dc7cfb82661a6ac227604e5cc8b573a,F724
F1453,Float64,10,0.001101,1,true,1.0,true,1.0,0.0,0.0,0.0,0.0,0.0,0.0,0.0,0.0,0.0,true,0.0:9072,6af0b742cd3e43e07ff48b608fed19bf1dc7cfb82661a6ac227604e5cc8b573a,F724
F1454,Float64,10,0.001101,1,true,1.0,true,1.0,0.0,0.0,0.0,0.0,0.0,0.0,0.0,0.0,0.0,true,0.0:9072,6af0b742cd3e43e07ff48b608fed19bf1dc7cfb82661a6ac227604e5cc8b573a,F724
F1455,Float64,10,0.001101,1,true,1.0,true,1.0,0.0,0.0,0.0,0.0,0.0,0.0,0.0,0.0,0.0,true,0.0:9072,6af0b742cd3e43e07ff48b608fed19bf1dc7cfb82661a6ac227604e5cc8b573a,F724
F1456,Float64,10,0.001101,2,false,0.984127,false,0.984127,0.0,1.0,0.015873015873015872,0.12498425196844144,0.0,0.0,0.0,0.0,1.0,true,0.0:8928; 1.0:144,7fbba2aeb7350f50e7a65e24f65ede771b1ba478e7f5c338549affd780af3cb7,
F1457,Float64,10,0.001101,2,false,0.984237,false,0.984237,0.0,1.0,0.01576278659611993,0.1245564978427264,0.0,0.0,0.0,0.0,1.0,true,0.0:8929; 1.0:143,c983c09b805b4048cd72b1b0549cab05fbf247cd341d5fdf4150100033c02aa3,
F1458,Float64,10,0.001101,2,false,0.99989,true,0.99989,0.0,1.0,0.00011022927689594356,0.010498434473885074,0.0,0.0,0.0,0.0,0.0,true,0.0:9071; 1.0:1,0ef7137ae1ab0c7d0178815b10c2ee7e78c052a84e337757de8da3a3bcf634fd,F1134
F1459,Float64,10,0.001101,85,false,0.984127,false,0.984127,0.0,75000.0,76.89266093474427,1916.7756945255185,0.0,0.0,0.0,0.0,40.39049999999958,false,,75e90daf4b6b8cc4e10f14acf84e9ac0e7863520cbb704ef5933121dc99d6b42,
F1460,Float64,10,0.001101,84,false,0.984237,false,0.984237,0.0,75000.0,76.78251102292768,1916.7513975021755,0.0,0.0,0.0,0.0,40.13929999999984,false,,8e8a8b6e25e91403c664d703d316153e5d2ff5bf29f6be48e86eae47224e0d1b,
F1461,Float64,10,0.001101,2,false,0.99989,true,0.99989,0.0,999.28,0.11014991181657847,10.490875601063877,0.0,0.0,0.0,0.0,0.0,false,0.0:9071; 999.28:1,4edba91b344ead149590cbd5734ae9988e609b0c575700a055535a14c7204345,F1137
F1462,Float64,10,0.001101,2,false,0.849537,false,0.849537,0.0,1.0,0.15046296296296297,0.35752462815779423,0.0,0.0,0.0,0.0,1.0,true,0.0:7707; 1.0:1365,7b93c712602409d9f373dc56ce6f1c19d6e86c94041940022b7ef0a8abe061c2,
F1463,Float64,10,0.001101,2,false,0.959436,false,0.959436,0.0,1.0,0.04056437389770723,0.1972787506752672,0.0,0.0,0.0,0.0,1.0,true,0.0:8704; 1.0:368,0fb8ea44c4c27b3bc933067b7e709d7466564f70274df8a9049ef3e206822a87,
F1464,Float64,10,0.001101,2,false,0.876764,false,0.876764,0.0,1.0,0.1232363315696649,0.32870828731706253,0.0,0.0,0.0,0.0,1.0,true,0.0:7954; 1.0:1118,dc39780c6598f578ac3696d2024bababc4374ab18e1d65721114270b775bdc06,
F1465,Float64,10,0.001101,916,false,0.849537,false,0.849537,0.0,250000000.0,102554.08436067021,3322501.2037204346,0.0,0.0,0.0,0.0,980596.9999999817,false,,9f17c0f2e6ead48135b25d0fdf9c52ba00ef4902fee612c5707dc35ae8a9c833,
F1466,Float64,10,0.001101,214,false,0.959436,false,0.959436,0.0,3000000.0,8456.284163359789,103814.64635943089,0.0,0.0,0.0,0.0,150000.0,false,,5f979e02b4a0c08a38ffc2d77a47a9e8950bfda1673ff0c69767e82abc54b914,
F1467,Float64,10,0.001101,818,false,0.876764,false,0.876764,0.0,250000000.0,95542.16672067902,3321249.947406595,0.0,0.0,0.0,0.0,687799.9279999838,false,,fd9e619a3071e058fb2b955ef3631c6460e4335cd600eb7754c7b936310a6dc9,
F1468,Float64,10,0.001101,2,false,0.819996,false,0.819996,0.0,1.0,0.18000440917107582,0.3841911267195635,0.0,0.0,0.0,0.0,1.0,true,0.0:7439; 1.0:1633,37809dacee984ef6baf4190d273754719a9e3595cdc2f88c3a22a0c7f205b802,F1144
F1469,Float64,10,0.001101,2,false,0.945106,false,0.945106,0.0,1.0,0.05489417989417989,0.22777359133122807,0.0,0.0,0.0,0.0,1.0,true,0.0:8574; 1.0:498,c457e474b8de504e0e0b7d8524a57886fe50fbcccb2fc8344a9f707bd18b68d3,F1145
F1470,Float64,10,0.001101,2,false,0.86078,false,0.86078,0.0,1.0,0.13921957671957672,0.3461755135442116,0.0,0.0,0.0,0.0,1.0,true,0.0:7809; 1.0:1263,42a6a388b50662d7acfc866cdf90498eb0bf22622e45cf0236d81571bff807c1,F1146
F1471,Float64,10,0.001101,1057,false,0.819996,false,0.819996,0.0,55857568.78,57250.863062169316,1088735.0339774922,0.0,0.0,0.0,0.0,462549.25999999006,false,,59fef1aca1468d849aeaa7646d20610fb2e22a02c9cad565e0a4d741fab5081e,F1147
F1472,Float64,10,0.001101,380,false,0.945106,false,0.945106,0.0,55857568.78,43934.62977182539,1059846.0280501463,0.0,0.0,0.0,0.0,46905.758899995984,false,,06329afe7a2cd53bf806afa20aeec26de7e560b3b59cad7faaa74e46c5422cae,F1148
F1473,Float64,10,0.001101,775,false,0.86078,false,0.86078,0.0,15928078.0,15682.551696428573,291331.64964242454,0.0,0.0,0.0,0.0,141609.20999999475,false,,808e2f9a4b63f6004d521c81af079e8ed2e30d0f7dcd1afa6331cb68d4b5eaa6,F1149
F1474,Float64,2,0.00022,2,false,0.647026,false,0.647026,0.0,1.0,0.3529735682819383,0.4778945787265787,0.0,0.0,0.0,1.0,1.0,true,0.0:5875; 1.0:3205,aefc52a355d7545c120b3d5dfdd09f9f6724bff5136f7b499daeb17d5b31560c,
F1475,Float64,2,0.00022,2,false,0.781828,false,0.781828,0.0,1.0,0.2181718061674009,0.41300468418778846,0.0,0.0,0.0,0.0,1.0,true,0.0:7099; 1.0:1981,a4267c8bb1b8fc33ffbde957ded08779fc12ec6b9c5fa2aec2a6a87c6e8f0b36,
F1476,Float64,2,0.00022,2,false,0.79152,false,0.79152,0.0,1.0,0.20848017621145373,0.40622185113346,0.0,0.0,0.0,0.0,1.0,true,0.0:7187; 1.0:1893,9df7eab74fe30d649eca729019f0fe3251631f64c0320106dd55135ffd44b6ff,
F1477,Float64,2,0.00022,732,false,0.643392,false,0.643392,0.0,41800000.0,102108.91718061674,589008.0454482274,0.0,0.0,0.0,50000.0,1382226.3999999915,true,,d68184eb545763aa42ac0c0e0fd50a64a7e0f46074dcb5662e45d67522e0456d,
F1478,Float64,2,0.00022,527,false,0.781828,false,0.781828,0.0,41800000.0,55507.30704845815,541658.7617225976,0.0,0.0,0.0,0.0,1000000.0,true,,7c827f952ccbd35ebb1bf25351213b2d0677255c72ccada6ead4c6612a6f6116,
F1479,Float64,2,0.00022,439,false,0.79152,false,0.79152,0.0,9800000.0,52544.47610132158,247911.24598915927,0.0,0.0,0.0,0.0,920419.9999999983,true,,0bacefdd9ba7f3ca75ecb88df9601381a3300313ebfb1b8943c171fea1d70801,
F1480,Float64,2,0.00022,2,false,0.863106,false,0.863106,0.0,1.0,0.1368942731277533,0.34373569950265187,0.0,0.0,0.0,0.0,1.0,true,0.0:7837; 1.0:1243,6930a9330c5054b35dbabc7a48723c55364c71a6769a12a04d2a90723cafbf46,
F1481,Float64,2,0.00022,2,false,0.904515,false,0.904515,0.0,1.0,0.09548458149779736,0.29388309953787384,0.0,0.0,0.0,0.0,1.0,true,0.0:8213; 1.0:867,5da52e867a91d3308dc1284feb47af1df0a7152904cbaf092ab72fa37ad98db7,F1157
F1482,Float64,2,0.00022,2,false,0.891189,false,0.891189,0.0,1.0,0.10881057268722467,0.31140140005899597,0.0,0.0,0.0,0.0,1.0,true,0.0:8092; 1.0:988,d910c69b9f0a64b5fd26982bea4d98934f7b9aa5e35a735fc169e519a3caddac,F1158
F1483,Float64,2,0.00022,837,false,0.863106,false,0.863106,0.0,101475000.0,89838.01585352422,1280508.9115063841,0.0,0.0,0.0,0.0,1574162.6199999494,false,,55e6bd9988eda7cc9f9b3c6972ac48d16f52239ca9c85c60a7e95502d900cf43,
F1484,Float64,2,0.00022,566,false,0.904515,false,0.904515,0.0,101475000.0,69070.18519493392,1234616.5593732535,0.0,0.0,0.0,0.0,1100000.0,false,,4f6b93d1aa33e457513fdeab381b05176f048a8dc55b55ca7ba452317ac1a53e,F1160
F1485,Float64,2,0.00022,693,false,0.891189,false,0.891189,0.0,101475000.0,55676.64741409692,1143242.5565039085,0.0,0.0,0.0,0.0,896306.7499999959,false,,a952a7fa1964ce0b87a947c85533fd37f0de6f618c2f8900e372b3a7b0599bb8,F1161
F1486,Float64,2,0.00022,2,false,0.587996,false,0.587996,0.0,1.0,0.41200440528634363,0.492195870879663,0.0,0.0,0.0,1.0,1.0,true,0.0:5339; 1.0:3741,51986662c6e26f6d95bbde979831eaa9f7a3db55efcc00928d941f532dbc2c3d,
F1487,Float64,2,0.00022,2,false,0.9663,false,0.0337,0.0,1.0,0.9662995594713656,0.18045697780027886,0.0,1.0,1.0,1.0,1.0,true,1.0:8774; 0.0:306,8ead5fff97865a4989a3d0208c2ee79b0e280a0c3ef6014baa116a7631067b87,
F1488,Float64,2,0.00022,2,false,0.961123,false,0.038877,0.0,1.0,0.9611233480176211,0.1933009516609265,0.0,1.0,1.0,1.0,1.0,true,1.0:8727; 0.0:353,ea143a4917a96a326b0385f4de87b1332f3c1753b9582001eed8a921dcf4140e,
F1489,Float64,2,0.00022,4899,false,0.024229,false,0.021256,0.0,7687899999.0,8779740.922142072,166859701.94271258,0.0,69999.0,199999.0,799998.25,99994624.5239,false,,36858ebb4baeb2949e5650ba2d17c8d8d5bcb7df94447f0aaf23c9b6c88e4232,
F1490,Float64,2,0.00022,3857,false,0.051982,false,0.03315,0.0,7211345015.0,7276103.228786344,134272756.4048679,0.0,52249.0475,155120.0,679171.5175,85065695.17979945,false,,63aefe41c1a8b8460aabe10d7f9439f795d90f50a7dc016d2fdaf57a2f7787ef,
F1491,Float64,2,0.00022,2667,false,0.071806,false,0.036454,0.0,7687900000.0,6838461.508799559,147586273.63885048,0.0,36500.0,100000.0,485000.0,90209999.99999912,false,,ecc06666cca84f2f8b81bc81cc8bcd34e0851b277a8a91bbe75f5fa339a52c43,
F1492,Float64,2,0.00022,2,false,0.744053,false,0.255947,0.0,1.0,0.7440528634361233,0.43639225456993264,0.0,0.0,1.0,1.0,1.0,true,1.0:6756; 0.0:2324,b249f2fe1e0c6ffe63c92005cabfbe3a451c4c32d0a76fbcdc6fba95bcfa91f0,
F1493,Float64,2,0.00022,2,false,0.907819,false,0.092181,0.0,1.0,0.9078193832599118,0.28928074709096196,0.0,1.0,1.0,1.0,1.0,true,1.0:8243; 0.0:837,fb1596b6e2eb0e7c0097ad9c2bf64ea5f3dcce23b8ad9b6d8a550a59ce556f09,
F1494,Float64,2,0.00022,2,false,0.928965,false,0.071035,0.0,1.0,0.9289647577092511,0.2568837025648834,0.0,1.0,1.0,1.0,1.0,true,1.0:8435; 0.0:645,feb1bf3970bea2e21d878a70423c5da0e8de4559e3172c223d850c627a71122a,
F1495,Float64,2,0.00022,3897,false,0.046586,false,0.046476,0.0,7687900000.0,8088212.597057269,163154930.7828408,0.0,53000.0,150000.0,650000.0,91419999.99999826,false,,2890403d6bdb379b7851f20d0acb6ca68b0b8f3dde27803a3246792949a3efc6,
F1496,Float64,2,0.00022,3378,false,0.09196,false,0.09196,0.0,7211345015.0,6735290.14757489,133353668.39963084,0.0,40000.0,100000.0,500000.0,62523158.00999935,false,,6445c7d690dd2371ee1cfa94d459eb6166ad92110abcff044fd605902052abae,
F1497,Float64,2,0.00022,2404,false,0.073458,false,0.069493,0.0,7687900000.0,5596803.847612335,132826850.40725411,0.0,30000.0,98158.98000000001,400000.0,60000000.0,false,,17a1a41203d490615a59d97efbda8693f6afe808582c5e0c2a0dd374941c9f06,
F1498,Float64,2,0.00022,2,false,0.744053,false,0.255947,0.0,1.0,0.7440528634361233,0.43639225456993264,0.0,0.0,1.0,1.0,1.0,true,1.0:6756; 0.0:2324,b249f2fe1e0c6ffe63c92005cabfbe3a451c4c32d0a76fbcdc6fba95bcfa91f0,F1492
F1499,Float64,2,0.00022,2,false,0.907819,false,0.092181,0.0,1.0,0.9078193832599118,0.28928074709096196,0.0,1.0,1.0,1.0,1.0,true,1.0:8243; 0.0:837,fb1596b6e2eb0e7c0097ad9c2bf64ea5f3dcce23b8ad9b6d8a550a59ce556f09,F1493
F1500,Float64,2,0.00022,2,false,0.928965,false,0.071035,0.0,1.0,0.9289647577092511,0.2568837025648834,0.0,1.0,1.0,1.0,1.0,true,1.0:8435; 0.0:645,feb1bf3970bea2e21d878a70423c5da0e8de4559e3172c223d850c627a71122a,F1494
F1501,Float64,2,0.00022,3897,false,0.046586,false,0.046476,0.0,7687900000.0,8088212.597057269,163154930.7828408,0.0,53000.0,150000.0,650000.0,91419999.99999826,false,,2890403d6bdb379b7851f20d0acb6ca68b0b8f3dde27803a3246792949a3efc6,F1495
F1502,Float64,2,0.00022,3378,false,0.09196,false,0.09196,0.0,7211345015.0,6735290.14757489,133353668.39963084,0.0,40000.0,100000.0,500000.0,62523158.00999935,false,,6445c7d690dd2371ee1cfa94d459eb6166ad92110abcff044fd605902052abae,F1496
F1503,Float64,2,0.00022,2404,false,0.073458,false,0.069493,0.0,7687900000.0,5596803.847612335,132826850.40725411,0.0,30000.0,98158.98000000001,400000.0,60000000.0,false,,17a1a41203d490615a59d97efbda8693f6afe808582c5e0c2a0dd374941c9f06,F1497
F1504,Float64,2,0.00022,2,false,0.80793,false,0.80793,0.0,1.0,0.1920704845814978,0.3939281832188786,0.0,0.0,0.0,0.0,1.0,true,0.0:7336; 1.0:1744,1d330cbb948541a61ea360772df6b4f9bad197ddc3933369a347ebd0daccae82,F1180
F1505,Float64,2,0.00022,1,true,1.0,true,1.0,0.0,0.0,0.0,0.0,0.0,0.0,0.0,0.0,0.0,true,0.0:9080,86b24a5ef085d43bc14d42eb92c38033caa4ee7a348a43d7d6e184a74811852a,F833
F1506,Float64,2,0.00022,2,false,0.80793,false,0.80793,0.0,1.0,0.1920704845814978,0.3939281832188786,0.0,0.0,0.0,0.0,1.0,true,0.0:7336; 1.0:1744,1d330cbb948541a61ea360772df6b4f9bad197ddc3933369a347ebd0daccae82,F1180
F1507,Float64,2,0.00022,94,false,0.80793,false,0.80793,0.0,20011.8,1689.4135286343612,3971.52124174943,0.0,0.0,0.0,0.0,16002.47799999999,false,,f03ddb6f78361cff22ce6c7e5308cd536f501204713765f21c8c9d9babc6260f,F1183
F1508,Float64,2,0.00022,1,true,1.0,true,1.0,0.0,0.0,0.0,0.0,0.0,0.0,0.0,0.0,0.0,true,0.0:9080,86b24a5ef085d43bc14d42eb92c38033caa4ee7a348a43d7d6e184a74811852a,F833
F1509,Float64,2,0.00022,94,false,0.80793,false,0.80793,0.0,20011.8,1689.4135286343612,3971.52124174943,0.0,0.0,0.0,0.0,16002.47799999999,false,,f03ddb6f78361cff22ce6c7e5308cd536f501204713765f21c8c9d9babc6260f,F1183
F1510,Float64,2,0.00022,2,false,0.777423,false,0.777423,0.0,1.0,0.2225770925110132,0.41597659838067463,0.0,0.0,0.0,0.0,1.0,true,0.0:7059; 1.0:2021,d66550321c7b0393737a1755024cb25e7eb3c7ab6e47cd24280a5e97e368b0b6,
F1511,Float64,2,0.00022,2,false,0.997577,true,0.997577,0.0,1.0,0.002422907488986784,0.04916337059525716,0.0,0.0,0.0,0.0,0.0,true,0.0:9058; 1.0:22,289543b8bd868abb3ca6695bf8cb211c876b16d1478f827814d4c55eeb97efe9,F1187
F1512,Float64,2,0.00022,2,false,0.777974,false,0.777974,0.0,1.0,0.22202643171806166,0.41560882490222284,0.0,0.0,0.0,0.0,1.0,true,0.0:7064; 1.0:2016,a8f363ad494390ecdd1780cf2e17a1135ab1ebbc2295633d3d5f1bd91a2d8dc6,
F1513,Float64,2,0.00022,437,false,0.777423,false,0.777423,0.0,2256750.0,3845.753146475771,51457.63610018273,0.0,0.0,0.0,0.0,42913.6499999982,false,,44c4c707de91be6870eb4c984429087684332fd7f435828dcb9cf97cc7cc241d,
F1514,Float64,2,0.00022,21,false,0.997577,true,0.997577,0.0,713367.0,185.6999207048458,10684.242845718407,0.0,0.0,0.0,0.0,0.0,false,0.0:9058; 236.0:2; 713367.0:2; 887.0:1; 126562.5:1,757a2d3f55e55f1c319c08f64b7bdd71f94e2be343b3c290bc268724d3ca8c96,F1190
F1515,Float64,2,0.00022,429,false,0.777974,false,0.777974,0.0,2256750.0,3669.6232797356824,50350.874668073404,0.0,0.0,0.0,0.0,36032.75099999737,false,,a30cfa4a69f0975ec697e658b5bb2f5c1c099c404bc53cb423d9dcfbc520a0bd,
F1516,Float64,2,0.00022,2,false,0.795044,false,0.795044,0.0,1.0,0.20495594713656387,0.40366942771272374,0.0,0.0,0.0,0.0,1.0,true,0.0:7219; 1.0:1861,ddebea7c3703eee9a6c5300f0ff4ceb917f2277ad106f44eb1fed64ddf8cb47d,F1192
F1517,Float64,2,0.00022,2,false,0.992291,true,0.992291,0.0,1.0,0.007709251101321586,0.08746324112893576,0.0,0.0,0.0,0.0,0.0,true,0.0:9010; 1.0:70,3200a01e8a01f0a4b3d866882628eacfc084471d2544a14590002f947f075449,F1193
F1518,Float64,2,0.00022,2,false,0.800881,false,0.800881,0.0,1.0,0.19911894273127753,0.39933768840025075,0.0,0.0,0.0,0.0,1.0,true,0.0:7272; 1.0:1808,ee1167ab39afee9efe2d0194c4336a34232581b0a1ce1939e22d349efd57b422,F1194
F1519,Float64,2,0.00022,240,false,0.795044,false,0.795044,0.0,2500000.0,1973.1636233480178,41588.001312395005,0.0,0.0,0.0,0.0,12017.309999999467,false,,8163d5b53d0960c24b5b29c3bbecc78feb47ad98a4c5e43c4ea1f9ad287ad668,F1195
F1520,Float64,2,0.00022,58,false,0.992291,true,0.992291,0.0,2500000.0,1259.406629955947,37630.162339633964,0.0,0.0,0.0,0.0,0.0,false,,bb10fbfa0d2f8f067b5448eaa3eacad5d6138ec7f813737da3082f1690c2f490,F1196
F1521,Float64,2,0.00022,208,false,0.800881,false,0.800881,0.0,1033591.0,774.297,18264.24529747472,0.0,0.0,0.0,0.0,6674.722799999897,false,,d707d05fa67e8e6f871670f140113cda485b9658a2c46d82bb4b19c8daa1f687,F1197
F1522,Float64,2,0.00022,2,false,0.623018,false,0.623018,0.0,1.0,0.37698237885462554,0.4846304415611272,0.0,0.0,0.0,1.0,1.0,true,0.0:5657; 1.0:3423,6b3db6459b1d3bac2c9f905bb8d5e21091eaa361c3d4c6d8d20574f43b1fb356,F1198
F1523,Float64,2,0.00022,2,false,0.987115,false,0.987115,0.0,1.0,0.012885462555066078,0.1127804389502367,0.0,0.0,0.0,0.0,1.0,true,0.0:8963; 1.0:117,ca1922a16948700dff0e83fd67d1c3e1cb6b09b502a99feafe18a7d4e7fa11e8,F1199
F1524,Float64,2,0.00022,2,false,0.627423,false,0.627423,0.0,1.0,0.37257709251101323,0.4834908506342732,0.0,0.0,0.0,1.0,1.0,true,0.0:5697; 1.0:3383,37befd9e65d82e435aaeba76ff90776903516fc683531c3e99fb1888c2dd7ca6,F1200
F1525,Float64,2,0.00022,758,false,0.623018,false,0.623018,0.0,47588317.0,98648.5015209251,1268844.9509204677,0.0,0.0,0.0,23.6,2134431.37999998,false,,bbd9114ae16d015af5e2b4133e02398ea35d710877cf7c935bcaf59ca07bb3f7,F1201
F1526,Float64,2,0.00022,88,false,0.987115,false,0.987115,0.0,43742056.0,19226.49465859031,675054.0335364208,0.0,0.0,0.0,0.0,4446.999999999389,false,,31fcba04859ff6b1a18264087f332b8fb7d0e9ff817113063241b88ea0b6b3de,F1202
F1527,Float64,2,0.00022,736,false,0.627423,false,0.627423,0.0,47588317.0,80944.91494162995,1076601.6645432066,0.0,0.0,0.0,23.6,1670495.7199999841,false,,811fd7a0599d866a64bf71c599f95d1f2134605443bcfbb541f127d0650daf00,F1203
F1528,Float64,2,0.00022,2,false,0.771366,false,0.228634,0.0,1.0,0.7713656387665199,0.41995319988879554,0.0,1.0,1.0,1.0,1.0,true,1.0:7004; 0.0:2076,c468300f7d3005dc2aac3e380b76245e32d73238295d61a67cff4a47dd7430d4,
F1529,Float64,2,0.00022,2,false,0.709141,false,0.290859,0.0,1.0,0.7091409691629956,0.4541586231896989,0.0,0.0,1.0,1.0,1.0,true,1.0:6439; 0.0:2641,e24838009bc01227dd60b982d0aa7712fcca913de06ed17b2860f8b5d9ddd86f,
F1530,Float64,2,0.00022,2,false,0.604405,false,0.604405,0.0,1.0,0.39559471365638765,0.48897805286485846,0.0,0.0,0.0,1.0,1.0,true,0.0:5488; 1.0:3592,a6d976317fadda7f9e8bd2b67d83bcc4e1c187c7a7ea92a8d695b17df29b69ff,
F1531,Float64,2,0.00022,3502,false,0.226652,false,0.226652,0.0,7687900000.0,6735933.006961454,155191927.9051798,0.0,2307.5,100000.0,500000.0,60000000.0,false,,5d29ee9672b4d719aaff6142d0103a7028861c712e337a5bdba7998affe42e1a,
F1532,Float64,2,0.00022,3463,false,0.290859,false,0.290859,0.0,7211345015.0,4547496.739995595,106874954.10663979,0.0,0.0,50000.0,350000.0,34127725.943999425,false,,daedcbc94c0428096f917ac86ebc466d7b81505df35e3a6a97a48e8fc53c7690,
F1533,Float64,2,0.00022,1411,false,0.604185,false,0.604185,0.0,7687900000.0,4440515.057200441,123464219.64199865,0.0,0.0,0.0,200000.0,35000000.0,false,,17d1a5cda79e7c0565b6f8f0e2379dd5f30899a5e1fbe2dc03cab932f8301baf,
F1534,Float64,2,0.00022,2,false,0.745154,false,0.254846,0.0,1.0,0.7451541850220265,0.4357745122952764,0.0,0.0,1.0,1.0,1.0,true,1.0:6766; 0.0:2314,fa07e2ef9380d0ca0dfc06101531ba582799333fbe63214915d170c2a5df10a3,
F1535,Float64,2,0.00022,2,false,0.725991,false,0.274009,0.0,1.0,0.7259911894273128,0.4460134328708368,0.0,0.0,1.0,1.0,1.0,true,1.0:6592; 0.0:2488,f162e068517b5367ffae350b37dcd74e20ef2aa484035f7c96db0da6991ff0ce,
F1536,Float64,2,0.00022,2,false,0.650661,false,0.349339,0.0,1.0,0.6506607929515419,0.47676128771872056,0.0,0.0,1.0,1.0,1.0,true,1.0:5908; 0.0:3172,66875fb4c3a0b17271e63e8051568d5a09945277780127751ffabe7745f6735c,
F1537,Float64,2,0.00022,1464,false,0.234471,false,0.234471,0.0,10000000.0,55010.188092511016,165170.20489279737,0.0,1000.0,48000.0,90000.0,200000.0,false,,5049a6821358c779e4faaf40685efd8d4d580769fd81e8d81c490c7893834dfc,
F1538,Float64,2,0.00022,1231,false,0.273899,false,0.273899,0.0,10000000.0,35813.98494052864,160411.39888730954,0.0,0.0,20000.0,50000.0,100000.0,false,,218daa650162f873039b761d0f4589de93d184e4441e69830e65ebff06fb667d,
F1539,Float64,2,0.00022,1322,false,0.348789,false,0.348789,0.0,1270766.0,41260.40788876652,56845.23398845311,0.0,0.0,25000.0,60000.0,200000.0,false,,845d5a51542c01fa8887989ed1a3eb9ae785dea34efa1909c4184a036fe1073c,
F1540,Float64,2,0.00022,2,false,0.635683,false,0.364317,0.0,1.0,0.6356828193832599,0.48123816611342213,0.0,0.0,1.0,1.0,1.0,true,1.0:5772; 0.0:3308,fe23a8fb303b796fbc8ea1b5a4e9725dd556224220139ce36bd6803e7f5c7230,
F1541,Float64,2,0.00022,2,false,0.592291,false,0.407709,0.0,1.0,0.5922907488986784,0.4914086056101593,0.0,0.0,1.0,1.0,1.0,true,1.0:5378; 0.0:3702,364e0f63e66ac2773cc9e1fa8945222f513d1163373d49a0f24490be16964de4,
F1542,Float64,2,0.00022,2,false,0.831938,false,0.831938,0.0,1.0,0.16806167400881059,0.3739210447917673,0.0,0.0,0.0,0.0,1.0,true,0.0:7554; 1.0:1526,23762ea8fd69938ccf083f49066a70df551b63d0c41a1cc8df408261479acdda,F1218
F1543,Float64,2,0.00022,3339,false,0.364317,false,0.364317,0.0,7687900000.0,6427520.740103524,155006729.88474667,0.0,0.0,29310.5,428000.0,50000000.0,false,,b65afe2841aa947cb5213f6d6f5e3af2eb9db13ddf117384129641da5a4ff74d,
F1544,Float64,2,0.00022,3267,false,0.407709,false,0.407709,0.0,7211345015.0,4528689.70760022,106875726.55869184,0.0,0.0,13665.0,300000.0,34127725.943999425,false,,b40aef8302b0a6e0f5f4db6447bf09479eb04400dd7d7e47e358a8db789503ec,
F1545,Float64,2,0.00022,828,false,0.831938,false,0.831938,0.0,7687900000.0,3619379.370685022,122869513.27395695,0.0,0.0,0.0,0.0,15000000.0,false,,fbc8157d0fee22c884c2d872859cdfdae53a93d4e5a595de952d114c4ce44900,F1221
F1546,Float64,2,0.00022,2,false,0.810022,false,0.810022,0.0,1.0,0.18997797356828194,0.3922834984130369,0.0,0.0,0.0,0.0,1.0,true,0.0:7355; 1.0:1725,da5c55c406744c627bc42bf5c816a9e755bd9638769f1f86a0b4056070000fab,
F1547,Float64,2,0.00022,2,false,0.902974,false,0.902974,0.0,1.0,0.09702643171806168,0.2959937554512291,0.0,0.0,0.0,0.0,1.0,true,0.0:8199; 1.0:881,7c7336bd524bc640cfee3edc61f56ea0769adc54f795d57f42fb53d29d4fb20d,F1223
F1548,Float64,2,0.00022,2,false,0.852313,false,0.852313,0.0,1.0,0.14768722466960352,0.3547896677455441,0.0,0.0,0.0,0.0,1.0,true,0.0:7739; 1.0:1341,e478cea2caeacfaae0f713b84b73b906b5520ac4fa62f8416be2c7e8d68c5507,F1224
F1549,Float64,2,0.00022,624,false,0.809912,false,0.809912,0.0,10000000.0,55507.562831497795,254126.7677222796,0.0,0.0,0.0,0.0,1000000.0,false,,c8e4f9e2f252523c585d003ab8b8de724f04d56d07d3f6a86bae978c652ff405,
F1550,Float64,2,0.00022,334,false,0.902974,false,0.902974,0.0,10000000.0,18932.144693832597,166746.50203425973,0.0,0.0,0.0,0.0,500000.0,false,,4f4b1958a6cd304a4bc4ee1395c448d5546c6c21e4ccdb89d7944b8cc5977e2b,F1226
F1551,Float64,2,0.00022,525,false,0.852313,false,0.852313,0.0,6500000.0,45017.60446035242,215732.88397066662,0.0,0.0,0.0,0.0,1000000.0,false,,0fe9b83a4b1bbbf2ca580ffdd8523eaf58d362849b634e1ea213bab0e66a1726,F1227
F1552,Float64,2,0.00022,2,false,0.94989,false,0.94989,0.0,1.0,0.05011013215859031,0.2181721953266248,0.0,0.0,0.0,0.0,1.0,true,0.0:8625; 1.0:455,23bd25ffc9ddefaa4aa517e32438a4f013ea3d61fdbe656591867f30f35f108c,F1228
F1553,Float64,2,0.00022,2,false,0.999229,true,0.999229,0.0,1.0,0.0007709251101321586,0.02775483353592175,0.0,0.0,0.0,0.0,0.0,true,0.0:9073; 1.0:7,eab8c86a83c7fa05498811ca23bef1c0d9b36ae7cc9290356cebcde4c71c970a,F1229
F1554,Float64,2,0.00022,2,false,0.94989,false,0.94989,0.0,1.0,0.05011013215859031,0.2181721953266248,0.0,0.0,0.0,0.0,1.0,true,0.0:8625; 1.0:455,23bd25ffc9ddefaa4aa517e32438a4f013ea3d61fdbe656591867f30f35f108c,F1228
F1555,Float64,2,0.00022,306,false,0.94989,false,0.94989,0.0,100000.0,500.248524229075,3928.6247830374846,0.0,0.0,0.0,0.0,14327.472099999311,false,,60b8510be63d6e5ff5320b7c8ddb574590c761ba88eea30d5c25c3e8e289ab98,F1231
F1556,Float64,2,0.00022,7,false,0.999229,true,0.999229,0.0,24875.76,6.870214757709251,376.16179430416355,0.0,0.0,0.0,0.0,0.0,false,0.0:9073; 24875.76:2; 2058.0:1; 2000.0:1; 2388.88:1,a2b7367d691ffe193850b7e8ab05c0041815be5af46fa7c7a579de74230443c4,F1232
F1557,Float64,2,0.00022,306,false,0.94989,false,0.94989,0.0,100000.0,500.248524229075,3928.6247830374846,0.0,0.0,0.0,0.0,14327.472099999311,false,,60b8510be63d6e5ff5320b7c8ddb574590c761ba88eea30d5c25c3e8e289ab98,F1231
F1558,Float64,2,0.00022,1,true,1.0,true,1.0,0.0,0.0,0.0,0.0,0.0,0.0,0.0,0.0,0.0,true,0.0:9080,86b24a5ef085d43bc14d42eb92c38033caa4ee7a348a43d7d6e184a74811852a,F833
F1559,Float64,2,0.00022,1,true,1.0,true,1.0,0.0,0.0,0.0,0.0,0.0,0.0,0.0,0.0,0.0,true,0.0:9080,86b24a5ef085d43bc14d42eb92c38033caa4ee7a348a43d7d6e184a74811852a,F833
F1560,Float64,2,0.00022,1,true,1.0,true,1.0,0.0,0.0,0.0,0.0,0.0,0.0,0.0,0.0,0.0,true,0.0:9080,86b24a5ef085d43bc14d42eb92c38033caa4ee7a348a43d7d6e184a74811852a,F833
F1561,Float64,2,0.00022,1,true,1.0,true,1.0,0.0,0.0,0.0,0.0,0.0,0.0,0.0,0.0,0.0,true,0.0:9080,86b24a5ef085d43bc14d42eb92c38033caa4ee7a348a43d7d6e184a74811852a,F833
F1562,Float64,2,0.00022,1,true,1.0,true,1.0,0.0,0.0,0.0,0.0,0.0,0.0,0.0,0.0,0.0,true,0.0:9080,86b24a5ef085d43bc14d42eb92c38033caa4ee7a348a43d7d6e184a74811852a,F833
F1563,Float64,2,0.00022,1,true,1.0,true,1.0,0.0,0.0,0.0,0.0,0.0,0.0,0.0,0.0,0.0,true,0.0:9080,86b24a5ef085d43bc14d42eb92c38033caa4ee7a348a43d7d6e184a74811852a,F833
F1564,Float64,2,0.00022,2,false,0.965859,false,0.965859,0.0,1.0,0.034140969162995596,0.18159119854113795,0.0,0.0,0.0,0.0,1.0,true,0.0:8770; 1.0:310,c98fde4d3b3039d088939ce6cb358c13ca13618b17441d83a0b131720767ef40,
F1565,Float64,2,0.00022,2,false,0.965969,false,0.965969,0.0,1.0,0.03403083700440528,0.1813084088981669,0.0,0.0,0.0,0.0,1.0,true,0.0:8771; 1.0:309,1519f20a61037913f20c91f2d63a7b6c7cf9e940132f84b388d8c45c60f190b3,
F1566,Float64,2,0.00022,2,false,0.99989,true,0.99989,0.0,1.0,0.00011013215859030837,0.010493809103369122,0.0,0.0,0.0,0.0,0.0,true,0.0:9079; 1.0:1,2aceefb38d4cc7260ea4b9727b58933aebb9fd3f5593f0368cd4d9ca5fcbf6fc,F1242
F1567,Float64,2,0.00022,136,false,0.965859,false,0.965859,0.0,86819.0,129.88286894273128,2392.568802534507,0.0,0.0,0.0,0.0,1500.0,false,,48303220cebb0610cbfa64d9ee24606590d42b8cd07b034375bc894097979634,
F1568,Float64,2,0.00022,135,false,0.965969,false,0.965969,0.0,86819.0,129.77281607929515,2392.551791934226,0.0,0.0,0.0,0.0,1500.0,false,,e63c0bb54fee65f5583a1d58e84bd4dd69ab2f302ad1868bda2b85014e01a35f,
F1569,Float64,2,0.00022,2,false,0.99989,true,0.99989,0.0,999.28,0.11005286343612335,10.486253560814694,0.0,0.0,0.0,0.0,0.0,false,0.0:9079; 999.28:1,647a0e6e4bd45b1b9aca87aa1bb10a52b8c0cd5e367c5e63a3f49bc1b626457f,F1245
F1570,Float64,2,0.00022,2,false,0.788656,false,0.788656,0.0,1.0,0.21134361233480176,0.40826154589929087,0.0,0.0,0.0,0.0,1.0,true,0.0:7161; 1.0:1919,3f68065c5401cae6f9713de43c88d4654de837a5bb6676222db43547c88ee0ae,
F1571,Float64,2,0.00022,2,false,0.950441,false,0.950441,0.0,1.0,0.04955947136563876,0.21703301629843597,0.0,0.0,0.0,0.0,1.0,true,0.0:8630; 1.0:450,3e0d2e78645cf20abda71d04e4e4e09a45259bca5cf3c100a2a49df845ae34be,F1247
F1572,Float64,2,0.00022,2,false,0.819383,false,0.819383,0.0,1.0,0.18061674008810572,0.3847003162047718,0.0,0.0,0.0,0.0,1.0,true,0.0:7440; 1.0:1640,9b425734eb72ff16080f1d15d9185167fa2ce42916511fd7f2c5f3be863e85a3,
F1573,Float64,2,0.00022,1308,false,0.788656,false,0.788656,0.0,250000000.0,122778.83572797355,3368253.294704296,0.0,0.0,0.0,0.0,1110757.5392999968,false,,2fff6937cb7735d4c2300c50c5a8ba497b691ac938db8b088d262c09dc495088,
F1574,Float64,2,0.00022,252,false,0.950441,false,0.950441,0.0,50000000.0,15252.936698237885,535402.9654706833,0.0,0.0,0.0,0.0,200000.0,false,,09545caed11ae9e1d03a6541b568360811cf43f1199d42399cb28901ea9c506c,F1250
F1575,Float64,2,0.00022,1203,false,0.819383,false,0.819383,0.0,250000000.0,109812.9659537445,3326146.640514432,0.0,0.0,0.0,0.0,1003632.0,false,,c780ba5b6bf8833c8c70741175ace1b563f8538746e2d7189b487bafba913df3,
F1576,Float64,2,0.00022,2,false,0.729075,false,0.729075,0.0,1.0,0.2709251101321586,0.44443750385406977,0.0,0.0,0.0,1.0,1.0,true,0.0:6620; 1.0:2460,0262898c5dd56b3dd145d29d9173c3807e4274c0a0326a1c226c47eab75cbc2e,F1252
F1577,Float64,2,0.00022,2,false,0.918062,false,0.918062,0.0,1.0,0.08193832599118943,0.27427073618042264,0.0,0.0,0.0,0.0,1.0,true,0.0:8336; 1.0:744,0e8d638226647403c10f0013b365d309ee346e3d78f8756224eb487b8cbb80ce,F1253
F1578,Float64,2,0.00022,2,false,0.780947,false,0.780947,0.0,1.0,0.21905286343612335,0.41360452905711576,0.0,0.0,0.0,0.0,1.0,true,0.0:7091; 1.0:1989,7411ec8cbe4e00561e8ad7882abc043be865f362e64036243c94902e5a159a70,F1254
F1579,Float64,2,0.00022,1576,false,0.729075,false,0.729075,0.0,192200393.0,89873.07340969166,2329550.0269212024,0.0,0.0,0.0,295.0,705724.4799999578,false,,b9699e24856985f1fda3badcc46bdd85ca44f8e8983512fcf20cf8c7c482da25,F1255
F1580,Float64,2,0.00022,530,false,0.918062,false,0.918062,0.0,192200393.0,72662.41725440529,2315318.4673605924,0.0,0.0,0.0,0.0,188509.07249999844,false,,d233a49103898c49a29b97d5b45cf6739533aa040fdb7daf96a205367b2fbe25,F1256
F1581,Float64,2,0.00022,1246,false,0.780947,false,0.780947,0.0,15928078.0,20039.932387665198,301055.7553756776,0.0,0.0,0.0,0.0,250000.0,false,,a66d68f03e3d172c373a4fa6408c97555af9fb7b5c5b1fcb618a777d578b26c6,F1257
F1582,Float64,13,0.001431,51,false,0.763701,false,0.763701,0.0,2111.0,1.2326607123166833,27.400335314247968,0.0,0.0,0.0,0.0,8.0,true,,68a67dd5ba02b86202d75ec1bed489831da7d58435e04715f5f98b6d4eb284e5,
F1583,Float64,13,0.001431,52,false,0.861727,false,0.861727,0.0,2111.0,1.0573381850259125,27.398808267322284,0.0,0.0,0.0,0.0,7.0,true,,d30add67c0ddb850609b4a6e531940866b03b1f5607b970bb42b7f4ef52d681e,
F1584,Float64,13,0.001431,9,false,0.87132,false,0.87132,0.0,9.0,0.17532252729077075,0.5415004679783595,0.0,0.0,0.0,0.0,2.0,true,0.0:7902; 1.0:875; 2.0:221; 3.0:41; 4.0:15,d3935a19fb04629f99ad682c4df0f3560b057c523e8a9a38001024ae0b3f2fb2,
F1585,Float64,13,0.001431,919,false,0.763701,false,0.763701,0.0,658146080.0,380571.79975741537,9415429.934244078,0.0,0.0,0.0,0.0,2269511.9999999995,true,,86cdbf806d669eb525c5d730392ec5f0557bb045784daf2bf50b053b0b213ceb,
F1586,Float64,13,0.001431,580,false,0.861727,false,0.861727,0.0,658146080.0,325849.0657183813,9375802.702833276,0.0,0.0,0.0,0.0,1864287.999999996,true,,fb4d63d26e46a6cf3a89b9abe9810a04f6c4bb99bf8720d32140002b2c47550a,
F1587,Float64,13,0.001431,424,false,0.87132,false,0.87132,0.0,66000000.0,54722.73403903407,875824.6877469801,0.0,0.0,0.0,0.0,913662.399999994,true,,5aeb608df20489dff9e6f59249e9cf3b7544584dd7ce911fec40d929a3e0e013,
F1588,Float64,13,0.001431,39,false,0.941118,false,0.941118,0.0,339.0,0.3435880471937369,4.556906446942529,0.0,0.0,0.0,0.0,7.0,true,,64f2f87425e8f2cf91c2a3091c849410284424fa6a3acd50ef1a0a8e9ccebd47,
F1589,Float64,13,0.001431,20,false,0.973867,false,0.973867,0.0,252.0,0.11368397838791487,3.109814154452374,0.0,0.0,0.0,0.0,2.0,true,0.0:8832; 1.0:137; 2.0:44; 3.0:24; 11.0:4,0f43a42a7c60502bfb3a83cf67c9ee70e8778c6196d1100157d66d5e785dda1b,
F1590,Float64,13,0.001431,32,false,0.947624,false,0.947624,0.0,87.0,0.22990406880582204,2.2112905585021196,0.0,0.0,0.0,0.0,6.0,true,,8a711f35090ec4d3bfd8ade6035f669ee69d67024bea77fe298c70432e5d9776,
F1591,Float64,13,0.001431,481,false,0.941118,false,0.941118,0.0,532568002.2,132872.1791200794,5688811.950867989,0.0,0.0,0.0,0.0,1373907.9999999674,false,,ff53fa8a529672aa6b3fb0cc536efe4ae9dde20975b2bf0f23d5d31199a49bcf,
F1592,Float64,13,0.001431,207,false,0.973867,false,0.973867,0.0,266284001.1,58472.041301135745,2824166.979740959,0.0,0.0,0.0,0.0,462492.55999999924,false,,ea2f4eb77ec3f39ba829cb0cd9cf29306d8676181f883b2a1537f54319ce4e61,
F1593,Float64,13,0.001431,427,false,0.947624,false,0.947624,0.0,266284001.1,74400.13781894365,2932509.054462233,0.0,0.0,0.0,0.0,647726.3999999996,false,,d0de038fb5551601e98c6a3e287b49d8d6ab062ce55ace7166f9684c21ef0067,
F1594,Float64,13,0.001431,510,false,0.039916,false,0.011137,0.0,6614.0,61.366302789723235,151.88635737823347,0.0,10.0,31.0,64.0,614.8799999999974,true,,c468ede6ce9108c5351ba81025ab7625d3b4e68b39ad7e6e2c4c9b7535306f7b,
F1595,Float64,13,0.001431,381,false,0.119197,false,0.066711,0.0,5750.0,31.46664461351858,115.99024162284158,0.0,2.0,8.0,23.0,441.0,true,,6fe996436b631b4e89d0904a066256477e24df322be7bde257960f6ff7ea58ff,
F1596,Float64,13,0.001431,278,false,0.059102,false,0.04146,0.0,2153.0,29.899658176204653,57.530213925144025,0.0,6.0,18.0,38.0,237.95999999999913,true,,f58db8643ca10d21edd9f6e5c33baa67ce4ddfb1074b6c83078a14922b172aa5,
F1597,Float64,13,0.001431,8623,false,0.011137,false,0.011137,0.0,64067892617.0,42947928.88079832,1094851435.3910253,0.0,282410.0,741636.0,2218582.34,252209891.67999896,false,,dc4412c1e8f40bb6a388aabb5986f89c1e72adbbb80b0d4bd369c746750d4221,
F1598,Float64,13,0.001431,7660,false,0.066711,false,0.066711,0.0,41508948713.0,22404708.49754438,614796937.7938514,0.0,114810.0,352521.3,1055913.23,112095688.19999883,false,,ebc6321f9b7c429f4d70633cd5acbabcb954bbd87ef9c307f132bef64ebea1d8,
F1599,Float64,13,0.001431,8066,false,0.04146,false,0.04146,0.0,24201356800.0,20543220.38306208,492508830.2739717,0.0,112635.4,369285.41,1066029.5,117549280.87999967,false,,2878aff83fed080b03f64113fa7ba500ae4da4c931cace243e8d26c113165b1f,
F1600,Float64,13,0.001431,493,false,0.047194,false,0.044658,0.0,6602.0,60.13353181166612,151.1936230974734,0.0,9.0,31.0,63.0,614.5599999999977,true,,029522b4cc43865244e41ed3cf9abdb2ffb1035938b17cf784303f9d3ba163d3,
F1601,Float64,13,0.001431,393,false,0.133642,false,0.133642,0.0,5742.0,31.01841437865255,115.68300911520637,0.0,2.0,8.0,23.0,438.3199999999997,true,,99782e2964c292f2512de7747cd601819779f299ca955a8d475b514624c4e777,
F1602,Float64,13,0.001431,278,false,0.076194,false,0.076194,0.0,2144.0,29.115117433013562,56.74273317293339,0.0,5.0,17.0,37.0,233.3199999999997,true,,3d95f857bbe1f1731994b4f33cd5f5eacbc558edb103169d8fb9f88541591ec0,
F1603,Float64,13,0.001431,8244,false,0.044658,false,0.044658,0.0,25020690803.0,21165417.774171352,395066239.7478071,0.0,229607.0,621136.07,1907108.98,190076508.77599993,false,,02f55d17cbc72e5ce4e73ec11fd7c7eb924013602699c1aa360d36e25f19f90b,
F1604,Float64,13,0.001431,7056,false,0.133642,false,0.133642,0.0,13274112527.0,11537302.357186018,238068294.46917152,0.0,66120.0,257397.53,874945.0,91632745.15839992,false,,b43365d40681cbe6bbbcd00be53a9be233e967868f1a83dfbe613115bd0765de,
F1605,Float64,13,0.001431,7781,false,0.076194,false,0.076194,0.0,11746578276.0,9628115.41674275,172607305.8754586,0.0,100000.0,330207.24,964205.92,92695970.93279974,false,,7e4a0309fd0aab4cb67588aa97cf343f71ad26e508197fd5e27db0c26603fe68,
F1606,Float64,13,0.001431,493,false,0.047194,false,0.044658,0.0,6602.0,60.13353181166612,151.1936230974734,0.0,9.0,31.0,63.0,614.5599999999977,true,,029522b4cc43865244e41ed3cf9abdb2ffb1035938b17cf784303f9d3ba163d3,F1600
F1607,Float64,13,0.001431,393,false,0.133642,false,0.133642,0.0,5742.0,31.01841437865255,115.68300911520637,0.0,2.0,8.0,23.0,438.3199999999997,true,,99782e2964c292f2512de7747cd601819779f299ca955a8d475b514624c4e777,F1601
F1608,Float64,13,0.001431,278,false,0.076194,false,0.076194,0.0,2144.0,29.115117433013562,56.74273317293339,0.0,5.0,17.0,37.0,233.3199999999997,true,,3d95f857bbe1f1731994b4f33cd5f5eacbc558edb103169d8fb9f88541591ec0,F1602
F1609,Float64,13,0.001431,8244,false,0.044658,false,0.044658,0.0,25020690803.0,21165417.774171352,395066239.7478071,0.0,229607.0,621136.07,1907108.98,190076508.77599993,false,,02f55d17cbc72e5ce4e73ec11fd7c7eb924013602699c1aa360d36e25f19f90b,F1603
F1610,Float64,13,0.001431,7056,false,0.133642,false,0.133642,0.0,13274112527.0,11537302.357186018,238068294.46917152,0.0,66120.0,257397.53,874945.0,91632745.15839992,false,,b43365d40681cbe6bbbcd00be53a9be233e967868f1a83dfbe613115bd0765de,F1604
F1611,Float64,13,0.001431,7781,false,0.076194,false,0.076194,0.0,11746578276.0,9628115.41674275,172607305.8754586,0.0,100000.0,330207.24,964205.92,92695970.93279974,false,,7e4a0309fd0aab4cb67588aa97cf343f71ad26e508197fd5e27db0c26603fe68,F1605
F1612,Float64,13,0.001431,15,false,0.893152,false,0.893152,0.0,15.0,0.25239827985444924,0.9683069230423423,0.0,0.0,0.0,0.0,5.0,true,0.0:8100; 1.0:418; 2.0:262; 3.0:107; 4.0:80,2339d6c2874b7799e1c3bd14a4a19ececab705796c89fab0312a92628f613832,
F1613,Float64,13,0.001431,1,true,1.0,true,1.0,0.0,0.0,0.0,0.0,0.0,0.0,0.0,0.0,0.0,true,0.0:9069,f9d51fed51f0d1c991311db38af94e7c6d7667e4269d9d7d0def3e750f130478,
F1614,Float64,13,0.001431,15,false,0.893152,false,0.893152,0.0,15.0,0.25239827985444924,0.9683069230423423,0.0,0.0,0.0,0.0,5.0,true,0.0:8100; 1.0:418; 2.0:262; 3.0:107; 4.0:80,2339d6c2874b7799e1c3bd14a4a19ececab705796c89fab0312a92628f613832,F1612
F1615,Float64,13,0.001431,273,false,0.893152,false,0.893152,0.0,206653.4,1872.5600595434998,7943.720343487291,0.0,0.0,0.0,0.0,40081.42,false,,7990e336afb273ee2ee95d68fa886ef7f783de22bba559e40895ba40ee345c4f,
F1616,Float64,13,0.001431,1,true,1.0,true,1.0,0.0,0.0,0.0,0.0,0.0,0.0,0.0,0.0,0.0,true,0.0:9069,f9d51fed51f0d1c991311db38af94e7c6d7667e4269d9d7d0def3e750f130478,F1613
F1617,Float64,13,0.001431,273,false,0.893152,false,0.893152,0.0,206653.4,1872.5600595434998,7943.720343487291,0.0,0.0,0.0,0.0,40081.42,false,,7990e336afb273ee2ee95d68fa886ef7f783de22bba559e40895ba40ee345c4f,F1615
F1618,Float64,13,0.001431,11,false,0.901643,false,0.901643,0.0,11.0,0.14433785422869114,0.5520700275685858,0.0,0.0,0.0,0.0,2.0,true,0.0:8177; 1.0:656; 2.0:150; 3.0:43; 4.0:21,e5205680df367c3b8a4d5ea7b515ddd088c00d5e015467b449fe851ddb4e6a06,
F1619,Float64,13,0.001431,2,false,0.99989,true,0.99989,0.0,1.0,0.00011026574043444702,0.010500170565325758,0.0,0.0,0.0,0.0,0.0,true,0.0:9068; 1.0:1,57155399e2fe3cae2be5f6f011fc8df86b9ad386eff78bdc4d1de68b769595f8,
F1620,Float64,13,0.001431,11,false,0.901643,false,0.901643,0.0,11.0,0.1442275884882567,0.5517991817685858,0.0,0.0,0.0,0.0,2.0,true,0.0:8177; 1.0:657; 2.0:149; 3.0:43; 4.0:21,625de155c6c937b598a5e106fde6e882957c9398b67034aff1baa146b113b979,
F1621,Float64,13,0.001431,298,false,0.901643,false,0.901643,0.0,621630.0,711.9748671297829,14329.260720284601,0.0,0.0,0.0,0.0,2764.08799999992,false,,eefcb031157ea577a0c1486f85a9e02a6592140bc0e6c5e8ba2e9d6724b29870,
F1622,Float64,13,0.001431,2,false,0.99989,true,0.99989,0.0,1531.0,0.16881684860513838,16.075761135513734,0.0,0.0,0.0,0.0,0.0,true,0.0:9068; 1531.0:1,b9c8d216be32bff435e532d4668df2d0a0c675c7c8f2163682ff6298978aae05,
F1623,Float64,13,0.001431,297,false,0.901643,false,0.901643,0.0,621630.0,711.8060502811777,14329.256613221874,0.0,0.0,0.0,0.0,2764.08799999992,false,,3d9197fa39cf55f1bc20e929a522c7bdb9d582e191498ca4ea9a779f4feb96a1,
F1624,Float64,13,0.001431,20,false,0.876172,false,0.876172,0.0,53.0,0.2349762928658066,1.0872341124182834,0.0,0.0,0.0,0.0,4.0,true,0.0:7946; 1.0:730; 2.0:207; 3.0:86; 4.0:34,13d851e19913ef0138f599897aea50899d406c113a4534cf61140503358d357d,
F1625,Float64,13,0.001431,11,false,0.993825,true,0.993825,0.0,53.0,0.021942882346454955,0.6688106472078768,0.0,0.0,0.0,0.0,0.0,true,0.0:9013; 1.0:37; 2.0:5; 6.0:5; 4.0:2,c53eb058112827a68d93d841a0dbdca63392ea91dbd9f287a2d744c8621ccc9e,
F1626,Float64,13,0.001431,18,false,0.881464,false,0.881464,0.0,19.0,0.21303341051935162,0.8595502963598353,0.0,0.0,0.0,0.0,3.0,true,0.0:7994; 1.0:706; 2.0:198; 3.0:83; 4.0:32,3ee51fd42da06dc2698236a85397c542522bf86c8e6909b9021df7bc50c49712,
F1627,Float64,13,0.001431,302,false,0.876172,false,0.876172,0.0,3323000.0,1756.5005171463226,47779.48998613079,0.0,0.0,0.0,0.0,3880.414399999995,false,,77d8131cbaeb74bb3d352b46f019fe694a55177d7647a1bf8046fce581f53855,
F1628,Float64,13,0.001431,46,false,0.993825,true,0.993825,0.0,3323000.0,1009.9841217333775,39035.52161576892,0.0,0.0,0.0,0.0,0.0,true,,867c8b1f13576f5b0a4f5c6c44586cde29d1f0532c56a950507139f40d74f0f9,
F1629,Float64,13,0.001431,268,false,0.881464,false,0.881464,0.0,2000215.96,746.5163954129453,27511.154868188325,0.0,0.0,0.0,0.0,1509.4399999999914,false,,a092ddf40d7edcb9483271272e8925bdd10f8f6a9df54468a46f662f579d4f9e,
F1630,Float64,13,0.001431,16,false,0.947734,false,0.947734,0.0,84.0,0.10409085897011798,1.217894033143122,0.0,0.0,0.0,0.0,2.0,true,0.0:8595; 1.0:360; 2.0:53; 3.0:19; 4.0:16,c9857b471d690301f25f269daf5e957f4ca0e42a794f2f135da29b388e01680a,
F1631,Float64,13,0.001431,10,false,0.994046,true,0.994046,0.0,14.0,0.017311721248208182,0.35983757557927226,0.0,0.0,0.0,0.0,0.0,true,0.0:9015; 1.0:32; 2.0:9; 13.0:3; 5.0:2,f334ae3bc3c05cf627543f401a03da141596bce9e7fc5f2d73b62164dec2c558,
F1632,Float64,13,0.001431,14,false,0.952145,false,0.952145,0.0,80.0,0.0867791377219098,1.0885740048590111,0.0,0.0,0.0,0.0,2.0,true,0.0:8635; 1.0:341; 2.0:46; 3.0:17; 4.0:15,2d6dc48b71a8440d8d1f53f7f5f90feef4e1aece55413b82a959baa763424af0,
F1633,Float64,13,0.001431,300,false,0.947734,false,0.947734,0.0,46659988.0,38277.674680780685,754477.855044974,0.0,0.0,0.0,0.0,243402.91999999754,false,,10d2cbe7de475be316f563b269cbf3df549a783426cda3c8f14890bf9557637c,
F1634,Float64,13,0.001431,49,false,0.994046,true,0.994046,0.0,21756188.0,10727.092552651891,323355.89661106875,0.0,0.0,0.0,0.0,0.0,false,,100db40695d710d7ae0bcaca04d7d9ef8155652db407cc9aef11ecc298b0ab0b,
F1635,Float64,13,0.001431,268,false,0.952145,false,0.952145,0.0,46659988.0,27550.582128128794,676993.8230417672,0.0,0.0,0.0,0.0,90860.0,false,,20492daf5dc5c1bf8e6878c099bb0eaa5cdcd81d189965e853a7c77b1844ce14,
F1636,Float64,13,0.001431,303,false,0.312934,false,0.312934,0.0,6430.0,18.449112360789503,103.84268966713303,0.0,0.0,2.0,11.0,266.6399999999994,true,,3e8036da2cc029036d17a092f27ec3721b6a8bb9ffb0631b57f08b4c11b8aca5,
F1637,Float64,13,0.001431,172,false,0.404014,false,0.404014,0.0,5589.0,8.4785533134855,72.39057321790601,0.0,0.0,1.0,6.0,105.31999999999971,true,,bf27edf8ca7c73db306645322a28cc75e736677f0c876be2d22773785d05335e,
F1638,Float64,13,0.001431,237,false,0.643511,false,0.643511,0.0,1993.0,9.970559047304002,50.32056148621748,0.0,0.0,0.0,3.0,185.3199999999997,true,,558b6b427ddd5aed2cdb77c8dfaab5950517a13b4c6234b3e8a304a113962edc,
F1639,Float64,13,0.001431,5417,false,0.312934,false,0.312934,0.0,18746400000.0,14900956.656214576,296069170.4839358,0.0,0.0,137068.0,960538.85,132988485.83599937,false,,dc8b39e372a70929a954bd8e7333a59ffc1ae1d8534869b1ff24ca164949dfaf,
F1640,Float64,13,0.001431,4578,false,0.404014,false,0.404014,0.0,9588332708.0,7781631.184421657,167798310.19267523,0.0,0.0,49320.0,442554.66,70213660.40959981,false,,38a36cef18a7fc1d5419d104cfe4d965c6b7bdddc890373f64f4fe451c764b15,
F1641,Float64,13,0.001431,2745,false,0.643511,false,0.643511,0.0,11746400000.0,7119325.471571288,152253778.01789904,0.0,0.0,0.0,385366.0,61275380.62479972,false,,09c09ecd7c7612a2e44a34b536c07ff83e8b92a3aac1e20c5db1b63890156299,
F1642,Float64,13,0.001431,346,false,0.257581,false,0.257581,0.0,1423.0,35.6894916749366,75.7841512422475,0.0,0.0,18.0,45.0,370.0,true,,7488a3725f44eb900d258e4730590cdf98ac4159f020411b5cb103fe0a6fadd3,
F1643,Float64,13,0.001431,316,false,0.367516,false,0.367516,0.0,1422.0,19.219869886426288,73.43641467016324,0.0,0.0,2.0,12.0,361.0,true,,c5979188d99f9823a48dbcfee39f5f49ada0b73a99357917088d9eb8663a61c1,
F1644,Float64,13,0.001431,109,false,0.357151,false,0.357151,0.0,158.0,16.46962178851031,19.528658299052633,0.0,0.0,9.0,28.0,76.0,true,,1811cdd64a4bc964d39b47e53c060032f82946f52b18660d83ee87be593b902f,
F1645,Float64,13,0.001431,6375,false,0.257581,false,0.257581,0.0,12438782.48,331325.5133057669,759835.086584205,0.0,0.0,151358.0,418196.0,3427666.959999992,false,,c55969584f0aeaaf296c538806d1025db03d2c96cc397960fa72228c8db8bf1f,
F1646,Float64,13,0.001431,4559,false,0.367516,false,0.367516,0.0,12438782.48,177862.39661484177,739736.9521915249,0.0,0.0,13001.0,112247.0,3427666.959999992,false,,849d575d73bc75dfab611848e982bd6a96e12f4d0a1cf35b6e81c115c4acdd76,
F1647,Float64,13,0.001431,5551,false,0.357151,false,0.357151,0.0,1473300.0,153463.11669092512,202399.22621803536,0.0,0.0,71251.0,226614.0,742201.3999999999,false,,36af9590febd026a61ce410dd64164bd455b89118de6d78c9711d642b97a14bd,
F1648,Float64,13,0.001431,153,false,0.499394,false,0.499394,0.0,4097.0,5.65486823244018,57.2454384039283,0.0,0.0,1.0,3.0,84.0,true,,d44dc94d70bde36d1c18395dc576e330c33f8037b4c92218a4433cdaacbda210,
F1649,Float64,13,0.001431,130,false,0.550777,false,0.550777,0.0,4097.0,4.519020840224942,52.275150528370716,0.0,0.0,0.0,2.0,62.31999999999971,true,,616b5044c48f939df6c7c0e544d0c4e9564d4f2fdaab2af25fb7362fa737977a,
F1650,Float64,13,0.001431,76,false,0.881023,false,0.881023,0.0,1993.0,1.1358473922152388,22.4227386340815,0.0,0.0,0.0,0.0,19.0,true,,b0051ba7c3f900c6061b8ce458433f1ea497f6fcf5cd9b200d3eb1b824ab6a0d,
F1651,Float64,13,0.001431,3678,false,0.499394,false,0.499394,0.0,14456400000.0,10032736.89537766,232033689.0078822,0.0,0.0,1.0,340000.0,81241488.72159919,false,,38dc5fc888f2f62d97db11fccb36b560092e68e01a36a50e84877768e753ad4a,
F1652,Float64,13,0.001431,3383,false,0.550777,false,0.550777,0.0,9588332708.0,7552829.622165619,167678519.32687744,0.0,0.0,0.0,200000.0,69962733.45679998,false,,834da2090f5ff09289a6978cf886de725827b14a1e5190fc101c2f6fd1dbe0cb,
F1653,Float64,13,0.001431,768,false,0.881023,false,0.881023,0.0,7456400000.0,2479907.273275995,88596388.12692735,0.0,0.0,0.0,0.0,10743335.239999956,false,,491021eed4a3c95c670cea601117d7a07b670ae54721864f24eeaadd884a3006,
F1654,Float64,13,0.001431,112,false,0.851803,false,0.851803,0.0,891.0,2.28018524644393,19.710237051423523,0.0,0.0,0.0,0.0,51.0,true,,ba5b9ec5951d1ccfcd8e7041277acb771df309bdb33637481685258ab6b8250b,
F1655,Float64,13,0.001431,41,false,0.935936,false,0.935936,0.0,106.0,0.36156136288455176,3.0383921957867006,0.0,0.0,0.0,0.0,8.0,true,,64cdd32d2df9c912afae8ef69f4a71c305eb2f8cc5905bfa55bfb7d9e27cb97e,
F1656,Float64,13,0.001431,102,false,0.882457,false,0.882457,0.0,891.0,1.918623883559378,19.125655792593218,0.0,0.0,0.0,0.0,41.0,true,,d607be3ab7ccf5b622e52a828677d9586dbc52dc21873dd9b4a1c2350d0d744e,
F1657,Float64,13,0.001431,980,false,0.851803,false,0.851803,0.0,37099725.0,153942.96380857867,972297.1138701472,0.0,0.0,0.0,0.0,3320849.879999987,false,,e63f19259313a2d275418801523fd09d534e025e686aa5c147b32ca445aa1920,
F1658,Float64,13,0.001431,395,false,0.935936,false,0.935936,0.0,36000000.0,29860.44439188444,450081.1781978568,0.0,0.0,0.0,0.0,700000.0,false,,56654d90a9142bbbea157239aa41a19539ea53396088ecbe6af87e266450d3f5,
F1659,Float64,13,0.001431,820,false,0.882457,false,0.882457,0.0,36139725.0,124082.51941669422,830588.8483657029,0.0,0.0,0.0,0.0,2955897.8799999994,false,,5bc4e69e1910dfd609a0d71c2beebfe15c529e66a32df8c1692b4fed92dea016,
F1660,Float64,13,0.001431,14,false,0.974308,false,0.974308,0.0,15.0,0.06086668871981475,0.527593603292914,0.0,0.0,0.0,0.0,2.0,true,0.0:8836; 1.0:114; 2.0:52; 3.0:23; 4.0:19,4c7fb5c89f6fbf00397bed2a80e63af021d23f506c5b65efa942b5d34e6672a3,
F1661,Float64,13,0.001431,2,false,0.999779,true,0.999779,0.0,1.0,0.00022053148086889404,0.01484866481320256,0.0,0.0,0.0,0.0,0.0,true,0.0:9067; 1.0:2,8b6fc77a1970d6aa4c0d3da910bd7e1c41f95fbfddbff921a70a2060e290fabd,
F1662,Float64,13,0.001431,14,false,0.974308,false,0.974308,0.0,15.0,0.06064615723894586,0.5253151067253888,0.0,0.0,0.0,0.0,2.0,true,0.0:8836; 1.0:114; 2.0:52; 3.0:23; 4.0:20,b7d92125bfb66529c688a1fb51fffc516748195c3d3321e14b6ba77c30e156e4,
F1663,Float64,13,0.001431,205,false,0.974308,false,0.974308,0.0,518551.77,497.21138273238506,8084.475130891305,0.0,0.0,0.0,0.0,8314.748799999934,false,,7a62af8ba526eac9f56eac26105d5a2c1e4807e2b7356962099b50125b782caf,
F1664,Float64,13,0.001431,3,false,0.999779,true,0.999779,0.0,14020.0,1.7664571617598412,148.70043926271546,0.0,0.0,0.0,0.0,0.0,true,0.0:9067; 2000.0:1; 14020.0:1,7ab5ea2559e309189c9d657db94f21dd8f4e883c95a3659b2a81fca39cb9b379,
F1665,Float64,13,0.001431,205,false,0.974308,false,0.974308,0.0,518551.77,495.44492557062523,8066.878107409817,0.0,0.0,0.0,0.0,8314.748799999934,false,,c222135bca81099ef2a2e478f7721c5d83e9ea088a1707c16c2a8fa398d82687,
F1666,Float64,13,0.001431,1,true,1.0,true,1.0,0.0,0.0,0.0,0.0,0.0,0.0,0.0,0.0,0.0,true,0.0:9069,f9d51fed51f0d1c991311db38af94e7c6d7667e4269d9d7d0def3e750f130478,F1613
F1667,Float64,13,0.001431,1,true,1.0,true,1.0,0.0,0.0,0.0,0.0,0.0,0.0,0.0,0.0,0.0,true,0.0:9069,f9d51fed51f0d1c991311db38af94e7c6d7667e4269d9d7d0def3e750f130478,F1613
F1668,Float64,13,0.001431,1,true,1.0,true,1.0,0.0,0.0,0.0,0.0,0.0,0.0,0.0,0.0,0.0,true,0.0:9069,f9d51fed51f0d1c991311db38af94e7c6d7667e4269d9d7d0def3e750f130478,F1613
F1669,Float64,13,0.001431,1,true,1.0,true,1.0,0.0,0.0,0.0,0.0,0.0,0.0,0.0,0.0,0.0,true,0.0:9069,f9d51fed51f0d1c991311db38af94e7c6d7667e4269d9d7d0def3e750f130478,F1613
F1670,Float64,13,0.001431,1,true,1.0,true,1.0,0.0,0.0,0.0,0.0,0.0,0.0,0.0,0.0,0.0,true,0.0:9069,f9d51fed51f0d1c991311db38af94e7c6d7667e4269d9d7d0def3e750f130478,F1613
F1671,Float64,13,0.001431,1,true,1.0,true,1.0,0.0,0.0,0.0,0.0,0.0,0.0,0.0,0.0,0.0,true,0.0:9069,f9d51fed51f0d1c991311db38af94e7c6d7667e4269d9d7d0def3e750f130478,F1613
F1672,Float64,13,0.001431,4,false,0.991179,true,0.991179,0.0,4.0,0.009482853677362443,0.10666636063593912,0.0,0.0,0.0,0.0,0.0,true,0.0:8989; 1.0:76; 2.0:3; 4.0:1,fe31ccad62419d1f828883e28f14c8510782df9a02e4d7dceb1e566b82010994,
F1673,Float64,13,0.001431,4,false,0.991179,true,0.991179,0.0,4.0,0.009482853677362443,0.10666636063593912,0.0,0.0,0.0,0.0,0.0,true,0.0:8989; 1.0:76; 2.0:3; 4.0:1,fe31ccad62419d1f828883e28f14c8510782df9a02e4d7dceb1e566b82010994,F1672
F1674,Float64,13,0.001431,1,true,1.0,true,1.0,0.0,0.0,0.0,0.0,0.0,0.0,0.0,0.0,0.0,true,0.0:9069,f9d51fed51f0d1c991311db38af94e7c6d7667e4269d9d7d0def3e750f130478,F1613
F1675,Float64,13,0.001431,57,false,0.991179,true,0.991179,0.0,75000.0,25.461085014885878,1039.3031368406903,0.0,0.0,0.0,0.0,0.0,false,,886687c1c69dfe531825bfad8d40c656316fc411a4558ae52302b954dec19b45,
F1676,Float64,13,0.001431,57,false,0.991179,true,0.991179,0.0,75000.0,25.461085014885878,1039.3031368406903,0.0,0.0,0.0,0.0,0.0,false,,886687c1c69dfe531825bfad8d40c656316fc411a4558ae52302b954dec19b45,F1675
F1677,Float64,13,0.001431,1,true,1.0,true,1.0,0.0,0.0,0.0,0.0,0.0,0.0,0.0,0.0,0.0,true,0.0:9069,f9d51fed51f0d1c991311db38af94e7c6d7667e4269d9d7d0def3e750f130478,F1613
F1678,Float64,13,0.001431,56,false,0.880582,false,0.880582,0.0,494.0,0.7758297496967692,11.398258934862948,0.0,0.0,0.0,0.0,7.319999999999709,true,,6873ce4425039740f8b235096716d7e2de950a625c5a4276555ea15364714f90,
F1679,Float64,13,0.001431,18,false,0.970669,false,0.970669,0.0,27.0,0.07288565442716947,0.7094670831002854,0.0,0.0,0.0,0.0,2.0,true,0.0:8803; 1.0:153; 2.0:45; 3.0:23; 5.0:13,157ff8edb104da9a4fb84ef677c366aaae3c82f8f099f18d122bbc11a72abf4d,
F1680,Float64,13,0.001431,56,false,0.902966,false,0.902966,0.0,494.0,0.7029440952695998,11.367669950373946,0.0,0.0,0.0,0.0,6.0,true,,02af68bb0da73e58d7460c6c2e57d877cfad6f3f0b0c12b410a1c83d8d51b831,
F1681,Float64,13,0.001431,857,false,0.880582,false,0.880582,0.0,150508618.0,90765.40829970226,2291792.530929574,0.0,0.0,0.0,0.0,1034926.119999991,false,,e9dbb9ce9f1ab89da1325913deb65bb3adb506083820ce1968cdfb0fd1b8fa41,
F1682,Float64,13,0.001431,204,false,0.970669,false,0.970669,0.0,13000000.0,12791.60671518359,238775.16960706023,0.0,0.0,0.0,0.0,145323.8399999997,false,,0bea00e7ec4b62f4281bb3cc56f4668ebcdac446767fdf2558efa03a6abf5b52,
F1683,Float64,13,0.001431,728,false,0.902966,false,0.902966,0.0,150508618.0,77973.80158451869,2277628.055742999,0.0,0.0,0.0,0.0,822895.9999999973,false,,604d3a5ed5f4c1fc9713bfed9de6a446f6765e96d9ac507e6c7c24a2960de221,
F1684,Float64,13,0.001431,19,false,0.886095,false,0.886095,0.0,86.0,0.2553754548461793,1.5591597766159562,0.0,0.0,0.0,0.0,5.0,true,0.0:8036; 1.0:624; 2.0:193; 3.0:81; 4.0:40,1ecc075612af752fcbabdeb3f380cdd014461c799f38e31a4cc7e0b74fdf11b2,
F1685,Float64,13,0.001431,16,false,0.965266,false,0.965266,0.0,37.0,0.08082478773844966,0.7236955847843002,0.0,0.0,0.0,0.0,2.0,true,0.0:8754; 1.0:180; 2.0:68; 3.0:20; 4.0:14,744d0940a995fb79d17efb73dfb49ff7fdcaf0988f854ce03ab0816abd44c044,
F1686,Float64,13,0.001431,17,false,0.915206,false,0.915206,0.0,86.0,0.17455066710772962,1.3744629277778047,0.0,0.0,0.0,0.0,3.0,true,0.0:8300; 1.0:504; 2.0:129; 3.0:56; 4.0:24,89a92fbfcada9005e122876907b86a3ec605f881582475bb5ff741e4d3a98959,
F1687,Float64,13,0.001431,736,false,0.886095,false,0.886095,0.0,187901768.2,131096.7937413166,3150754.2431010837,0.0,0.0,0.0,0.0,294627.51999999606,false,,321712683389fcd0b9553f0d5fe6f8d1843368b20521b297af44b064c5b4cbe8,
F1688,Float64,13,0.001431,270,false,0.965266,false,0.965266,0.0,60648349.14,72489.72810122394,1532630.7405921223,0.0,0.0,0.0,0.0,7724.999999999454,false,,2d54f007e9d8f9a45e5b8b272a5b490362a25e42ea19e35518dda46bc3194fa1,
F1689,Float64,13,0.001431,493,false,0.915206,false,0.915206,0.0,187901768.2,58607.06564009262,2754366.274292649,0.0,0.0,0.0,0.0,84671.6799999989,false,,6fdff4f2cb50f24717f2c005ab8df2a408f312d754ffed87f2f3043c422f27bf,
F1690,Float64,7,0.000771,72,false,0.712617,false,0.712617,0.0,4921.0,2.4611570247933883,62.03635214203882,0.0,0.0,0.0,1.0,15.260000000000218,true,,f18a34ba87b10ac6a6aecb8e8b1ab6d123589a2ad12dbec9a7acf8af3a288459,
F1691,Float64,7,0.000771,69,false,0.829972,false,0.829972,0.0,4920.0,2.2014325068870524,62.02010851495567,0.0,0.0,0.0,0.0,14.260000000000218,true,,78ffdfc94a88066771c54a48b29203eb9ff6b57001aac843e1525561c944fe28,
F1692,Float64,7,0.000771,12,false,0.837796,false,0.837796,0.0,14.0,0.2597245179063361,0.7802542010937795,0.0,0.0,0.0,0.0,3.0,true,0.0:7603; 1.0:983; 2.0:315; 3.0:92; 4.0:33,1cfd43bf8bfef77b825762298f08caab3a5a8b432247ca7944aef9d95a919f6d,
F1693,Float64,7,0.000771,1123,false,0.712617,false,0.712617,0.0,1283131656.0,708273.6952066115,18540520.4792715,0.0,0.0,0.0,21000.0,4342098.000000029,true,,08ace7ee8fa979203dd8fe449936a77ea331ad83405bd3d4a5e6f9f8cf8832d8,
F1694,Float64,7,0.000771,740,false,0.829972,false,0.829972,0.0,1282698019.0,633854.1024793389,18501643.52990599,0.0,0.0,0.0,0.0,3595560.0000000014,true,,fed524ee05b6fafefca19c89dab2fe8df95b2328f5d5176ba7e3cd51e1d85285,
F1695,Float64,7,0.000771,512,false,0.837796,false,0.837796,0.0,69300000.0,74419.59272727273,1119082.869529116,0.0,0.0,0.0,0.0,1002600.0000000022,true,,198253667fc169c0b87b4978463205701b0d58604c350528842d09568129de0e,
F1696,Float64,7,0.000771,62,false,0.911295,false,0.911295,0.0,724.0,0.7678236914600551,9.718788735862677,0.0,0.0,0.0,0.0,14.0,true,,9b11225fde781fc255fe142766a7d9540b8d068885ec16f20940ed342c01263d,
F1697,Float64,7,0.000771,36,false,0.952287,false,0.952287,0.0,561.0,0.3168044077134986,7.1365600229903245,0.0,0.0,0.0,0.0,4.0,true,,4cf2c677d5ea2af1da803ac9b6c7c744fa00f1108cf176a59dd8e998444a2bfa,
F1698,Float64,7,0.000771,48,false,0.924628,false,0.924628,0.0,163.0,0.4510192837465565,3.9523466972934065,0.0,0.0,0.0,0.0,10.0,true,,523187a5d90433fbd2e7bd8b0049795f2f3d3779804c271e13b5c7bd38883d54,
F1699,Float64,7,0.000771,696,false,0.911295,false,0.911295,0.0,544916052.2,197233.46703581268,5908601.423125708,0.0,0.0,0.0,0.0,2897368.2200000095,false,,4067cba5d4a444f74330795d626f1d5d5cf1bc2b07ebe5de6cd072786d0a6bf2,
F1700,Float64,7,0.000771,351,false,0.952287,false,0.952287,0.0,266284001.1,84450.2840352617,2871984.570647804,0.0,0.0,0.0,0.0,1126000.000000022,false,,81b29ae7bfa935c2fc1bf4700196ee6c333aae61851c6c8b0b6cf186479d1ff5,
F1701,Float64,7,0.000771,584,false,0.924628,false,0.924628,0.0,278632051.1,112783.18300055097,3147702.2615216672,0.0,0.0,0.0,0.0,1385334.3800000234,false,,b8ed2501b30f6e35c3e5ce0d790051431c7476e8ee97aad42148d90c410f31a3,
F1702,Float64,7,0.000771,690,false,0.033058,false,0.007603,0.0,11540.0,110.65013774104683,284.6824397125634,1.0,16.0,54.0,112.0,1158.8600000000024,true,,18596058d83cd48a82b3bd291d858b8eb507e064120d9f6d6b13a9cc6bdc96a5,
F1703,Float64,7,0.000771,539,false,0.093994,false,0.038457,0.0,9113.0,57.413333333333334,214.79651991647287,0.0,4.0,15.0,41.0,828.5600000000013,true,,bf961a79cce7cf98fa0b5891914845596f9520b52cd6f7f212601c35267bd366,
F1704,Float64,7,0.000771,396,false,0.05124,false,0.035813,0.0,3035.0,53.2368044077135,104.33920424992323,0.0,10.0,31.0,67.0,428.52000000000044,true,,236b08d57ace9a93febea165bc3b8aef6a3afcae25008c7c132c4e704a096a59,
F1705,Float64,7,0.000771,8764,false,0.007603,false,0.007603,0.0,131567000000.0,92019313.12915592,2516058888.9009404,1378.4539999999995,406689.3,1106632.0,3293665.135,456398401.7260008,false,,693859cbda9ebf95adf5c7395ae61b539e4163dbc589e69aa8b7e8edbdfa858c,
F1706,Float64,7,0.000771,8178,false,0.038457,false,0.038457,0.0,82428651510.0,48231435.96252011,1376918250.4094281,0.0,193380.625,575111.0,1636750.33,218337727.72800136,false,,fbb9acc03fce020c703d8069c594fd5ce1671b478b10d126d51d9e69421c02d2,
F1707,Float64,7,0.000771,8326,false,0.035813,false,0.035813,0.0,65983050837.0,43787945.30466776,1161926847.5316885,0.0,166976.5,518973.0,1558931.905,215607734.91600087,false,,340e274b569c8ac4255500771d6ee4572a9366133fabad4dc8a0776a52280a7e,
F1708,Float64,7,0.000771,687,false,0.042755,false,0.038567,0.0,11520.0,108.57278236914601,283.4387016539709,0.0,15.0,53.0,110.5,1154.3800000000028,true,,adce86b5ae7fb3badc65429f485165022e5e04bc9d3e027d32b2cc154a0e0681,
F1709,Float64,7,0.000771,532,false,0.102369,false,0.102369,0.0,9097.0,56.62358126721763,214.04838312857422,0.0,3.0,14.0,40.0,827.5200000000004,true,,a808dbbd558714f71864d0590296c94ea82b8f6b6ed17d115f7075999a8de6cd,
F1710,Float64,7,0.000771,383,false,0.069972,false,0.069972,0.0,3034.0,51.949201101928374,103.70717707322261,0.0,9.0,30.0,66.0,413.5600000000013,true,,41e4bf2ed56bbf985468f1d03ca2750c5377a8b2ccf305ab6c4e6f9d57b94337,
F1711,Float64,7,0.000771,8401,false,0.038567,false,0.038567,0.0,42397065189.0,43142380.03606943,850984326.8513291,0.0,330689.0,946824.0,2915448.805,379015958.464,false,,d0997c98f9c0f7795f06c75d3dbf4bb776cd3c89faaf89abea16c4e4e4e2f492,
F1712,Float64,7,0.000771,7564,false,0.102369,false,0.102369,0.0,35409740314.0,25042112.059842426,586718330.203769,0.0,111380.0,450000.0,1416178.87,173401431.69200003,false,,e8fe44c312087e054285ad185df6a7dd9aaac120f5ea360c96fd04208fce8ff4,
F1713,Float64,7,0.000771,8044,false,0.069972,false,0.069972,0.0,15123083329.0,18100267.976448484,303487693.6899986,0.0,148278.24,495948.18,1434416.5,165708028.72000068,false,,5486e80d8a90eb17f283da1ecaff319e3cbba31a58eb92f2c227fd17cfb7d83b,
F1714,Float64,7,0.000771,687,false,0.042755,false,0.038567,0.0,11520.0,108.57278236914601,283.4387016539709,0.0,15.0,53.0,110.5,1154.3800000000028,true,,adce86b5ae7fb3badc65429f485165022e5e04bc9d3e027d32b2cc154a0e0681,F1708
F1715,Float64,7,0.000771,532,false,0.102369,false,0.102369,0.0,9097.0,56.62358126721763,214.04838312857422,0.0,3.0,14.0,40.0,827.5200000000004,true,,a808dbbd558714f71864d0590296c94ea82b8f6b6ed17d115f7075999a8de6cd,F1709
F1716,Float64,7,0.000771,383,false,0.069972,false,0.069972,0.0,3034.0,51.949201101928374,103.70717707322261,0.0,9.0,30.0,66.0,413.5600000000013,true,,41e4bf2ed56bbf985468f1d03ca2750c5377a8b2ccf305ab6c4e6f9d57b94337,F1710
F1717,Float64,7,0.000771,8401,false,0.038567,false,0.038567,0.0,42397065189.0,43142380.03606943,850984326.8513291,0.0,330689.0,946824.0,2915448.805,379015958.464,false,,d0997c98f9c0f7795f06c75d3dbf4bb776cd3c89faaf89abea16c4e4e4e2f492,F1711
F1718,Float64,7,0.000771,7564,false,0.102369,false,0.102369,0.0,35409740314.0,25042112.059842426,586718330.203769,0.0,111380.0,450000.0,1416178.87,173401431.69200003,false,,e8fe44c312087e054285ad185df6a7dd9aaac120f5ea360c96fd04208fce8ff4,F1712
F1719,Float64,7,0.000771,8044,false,0.069972,false,0.069972,0.0,15123083329.0,18100267.976448484,303487693.6899986,0.0,148278.24,495948.18,1434416.5,165708028.72000068,false,,5486e80d8a90eb17f283da1ecaff319e3cbba31a58eb92f2c227fd17cfb7d83b,F1713
F1720,Float64,7,0.000771,23,false,0.855647,false,0.855647,0.0,27.0,0.4403305785123967,1.5747469605912565,0.0,0.0,0.0,0.0,7.0,true,0.0:7765; 1.0:494; 2.0:298; 3.0:148; 4.0:121,aaa090f91c2f3d76d9788c5807d468102a936d52e2a5c7985cc2ac23fceecff8,
F1721,Float64,7,0.000771,1,true,1.0,true,1.0,0.0,0.0,0.0,0.0,0.0,0.0,0.0,0.0,0.0,true,0.0:9075,840a34ff8c9adc3fb7a9c96c9fffd6c6811da72402ae2a360902727fef21f165,
F1722,Float64,7,0.000771,23,false,0.855647,false,0.855647,0.0,27.0,0.4403305785123967,1.5747469605912565,0.0,0.0,0.0,0.0,7.0,true,0.0:7765; 1.0:494; 2.0:298; 3.0:148; 4.0:121,aaa090f91c2f3d76d9788c5807d468102a936d52e2a5c7985cc2ac23fceecff8,F1720
F1723,Float64,7,0.000771,379,false,0.855647,false,0.855647,0.0,416318.6,3245.550084848485,13295.007313156899,0.0,0.0,0.0,0.0,60392.498000000196,false,,1e55cd374bedc6ce108b65a9b38a52e0412d773030e839c6acbe43df234a600d,
F1724,Float64,7,0.000771,1,true,1.0,true,1.0,0.0,0.0,0.0,0.0,0.0,0.0,0.0,0.0,0.0,true,0.0:9075,840a34ff8c9adc3fb7a9c96c9fffd6c6811da72402ae2a360902727fef21f165,F1721
F1725,Float64,7,0.000771,379,false,0.855647,false,0.855647,0.0,416318.6,3245.550084848485,13295.007313156899,0.0,0.0,0.0,0.0,60392.498000000196,false,,1e55cd374bedc6ce108b65a9b38a52e0412d773030e839c6acbe43df234a600d,F1723
F1726,Float64,7,0.000771,18,false,0.855868,false,0.855868,0.0,39.0,0.2512396694214876,0.9879256479154983,0.0,0.0,0.0,0.0,4.0,true,0.0:7767; 1.0:913; 2.0:223; 3.0:70; 4.0:33,92ba0f66e971be771b287e414467875239491c1f022740f5b5c6ae292ada4009,
F1727,Float64,7,0.000771,5,false,0.999118,true,0.999118,0.0,6.0,0.0019834710743801653,0.0839547940280556,0.0,0.0,0.0,0.0,0.0,true,0.0:9067; 1.0:4; 2.0:2; 4.0:1; 6.0:1,d710b7e7b41aa732f716920313c7e2dd081154cf15293bda02f2ffffe9ec3412,
F1728,Float64,7,0.000771,18,false,0.856088,false,0.856088,0.0,39.0,0.24925619834710744,0.9791311423228959,0.0,0.0,0.0,0.0,4.0,true,0.0:7769; 1.0:913; 2.0:223; 3.0:70; 4.0:34,89ff4addaf035da6d9ac4bdc3de0a970725fe2276bacd726a1828d25b2ed9d2d,
F1729,Float64,7,0.000771,422,false,0.855868,false,0.855868,0.0,2586930.82,2308.1332187327826,46757.87990896362,0.0,0.0,0.0,0.0,12690.590000000058,false,,13148b38073e5bd5d7757ce7bd9491e277778073edae2df34d75da6044ddb652,
F1730,Float64,7,0.000771,9,false,0.999118,true,0.999118,0.0,227117.0,39.15222809917355,2535.436622253378,0.0,0.0,0.0,0.0,0.0,false,0.0:9067; 2456.47:1; 64673.3:1; 227117.0:1; 8792.0:1,c2996261aa1006cecd383ef6daca80d06450150aa3b83e25d62a5d040a0eb72f,
F1731,Float64,7,0.000771,420,false,0.856088,false,0.856088,0.0,2586630.82,2268.9809906336086,46613.76322291148,0.0,0.0,0.0,0.0,11838.717000000037,false,,3c087d20de1f0579799eb623a38dc0748d3189f10a5a30348862b0a7a002d924,
F1732,Float64,7,0.000771,30,false,0.840882,false,0.840882,0.0,100.0,0.39316804407713496,1.9242737220666188,0.0,0.0,0.0,0.0,6.0,true,,8b0adf5e86c16438b9cf7299a50dbfb1205adf2299c960ba3cf964ff3e7c2e43,
F1733,Float64,7,0.000771,16,false,0.992507,true,0.992507,0.0,100.0,0.03724517906336088,1.2153023920302943,0.0,0.0,0.0,0.0,0.0,true,0.0:9007; 1.0:40; 2.0:9; 3.0:5; 13.0:2,77fabfe34a9d6e59453650b6fc79dd88bc90c0157fc2aaf841e3a9ae629466fa,
F1734,Float64,7,0.000771,27,false,0.847383,false,0.847383,0.0,33.0,0.3559228650137741,1.4982954188324382,0.0,0.0,0.0,0.0,6.0,true,,46ca87bb84a75b3efa5eb04c6e20c4f4c2c8e5a933f924b45231981223ca3a82,
F1735,Float64,7,0.000771,422,false,0.840882,false,0.840882,0.0,7073000.0,3855.026624793389,105180.15381794346,0.0,0.0,0.0,0.0,10000.0,false,,4bc1434e40237d736184a64ca0a85a305bf8a5c5e0ff516b0acec9c515e100a8,
F1736,Float64,7,0.000771,57,false,0.992507,true,0.992507,0.0,7073000.0,2644.359008264463,96528.8316827223,0.0,0.0,0.0,0.0,0.0,true,,918a0c2d5fac2cbfab10e340b10188b856323b7c71b7e817901d838a977bc61f,
F1737,Float64,7,0.000771,380,false,0.847383,false,0.847383,0.0,3012807.02,1210.6676165289255,41804.72461326961,0.0,0.0,0.0,0.0,4278.351400000036,false,,e2db45c2b6823783fae0e55d6ea407fd8a1ef8e7a6fd916d006ef62971bee9fe,
F1738,Float64,7,0.000771,18,false,0.87427,false,0.87427,0.0,86.0,0.2163085399449036,1.3694174964044932,0.0,0.0,0.0,0.0,3.0,true,0.0:7934; 1.0:909; 2.0:115; 3.0:35; 4.0:18,3a9de74016ef2c9d5229d392ce69bb4765491591f8d572d6db8317142b9d8087,
F1739,Float64,7,0.000771,10,false,0.991405,true,0.991405,0.0,14.0,0.022148760330578512,0.39088063309713766,0.0,0.0,0.0,0.0,0.0,true,0.0:8997; 1.0:47; 2.0:16; 14.0:4; 3.0:3,152a495b9415f1c0c4fee5961169bbc4cf0a972be7d15796b25fa3cf1d8cbc85,
F1740,Float64,7,0.000771,18,false,0.879008,false,0.879008,0.0,82.0,0.19415977961432507,1.2439114735722956,0.0,0.0,0.0,0.0,3.0,true,0.0:7977; 1.0:909; 2.0:92; 3.0:30; 4.0:15,99fcc787e566b095c4be771207664bb321d7e6b5d687da53de88a3913a5a36f3,
F1741,Float64,7,0.000771,458,false,0.87427,false,0.87427,0.0,46659988.0,63279.44017410469,1008865.4652651453,0.0,0.0,0.0,0.0,640600.980000009,false,,5afc84511bfacba2dd934f80ca85f8271b9f240cd98c07ef0be686a8c796de45,
F1742,Float64,7,0.000771,67,false,0.991405,true,0.991405,0.0,43742056.0,18308.148911294767,588039.6514625652,0.0,0.0,0.0,0.0,0.0,false,,636ac8992220a1286e724e6082b6b54bd49e2ac622ccf240222b62c83343581b,
F1743,Float64,7,0.000771,419,false,0.879008,false,0.879008,0.0,46659988.0,44971.29126280992,814581.0558066485,0.0,0.0,0.0,0.0,416634.380000002,false,,d084accd5b22541c970aae3bac8b3a4bdf6cc49621296b4639a35e3f0c756f9e,
F1744,Float64,7,0.000771,429,false,0.262369,false,0.262369,0.0,11193.0,33.69388429752066,191.85793516274543,0.0,0.0,4.0,18.0,500.0400000000009,true,,7699d42f4698699151964f16c819299f5a65f82bde08b44dcc051eabd864d550,
F1745,Float64,7,0.000771,254,false,0.341818,false,0.341818,0.0,8801.0,15.716143250688706,127.2696738962799,0.0,0.0,2.0,11.0,217.0,true,,8235bc5ecd8acf3c46ce98633b37a03067d85ddf8a866ceb0928437c03bc975c,
F1746,Float64,7,0.000771,328,false,0.620055,false,0.620055,0.0,2998.0,17.977741046831955,90.96547433541987,0.0,0.0,0.0,4.0,349.78000000000065,true,,89f66c938f875683fa0c0473896df6844c5e693f10afba164ac9071b6924fd4f,
F1747,Float64,7,0.000771,6019,false,0.262369,false,0.262369,0.0,37124800000.0,31551416.470295317,676321825.874514,0.0,0.0,238113.0,1442312.38,247782942.51600152,false,,dee58131422ff77767307e3224490745d526d89dac78fff574c5050f931a747d,
F1748,Float64,7,0.000771,5271,false,0.341818,false,0.341818,0.0,30297200000.0,17810649.022148762,451962016.5577848,0.0,0.0,104754.0,745885.0,133528873.5840001,false,,86a3485a6a736a719383b544b96d426ad9ec1a26e0bbf1f86489cd06a9d4c545,
F1749,Float64,7,0.000771,2971,false,0.620055,false,0.620055,0.0,13633183329.0,13740767.448193941,270619615.00934654,0.0,0.0,0.0,544675.0,113035070.26000011,false,,aca4b3b3bb641a2cd9e2325d4b10ce1c3072da6a3cec4f507fdd1e92b06f5dcf,
F1750,Float64,7,0.000771,476,false,0.244408,false,0.244408,0.0,2871.0,63.58181818181818,141.03065020597708,0.0,1.0,30.0,79.0,680.340000000002,true,,2c10c45a67c90352fce01d0def979dbcbdda40643f0734962a9da08d2d41c1e9,
F1751,Float64,7,0.000771,429,false,0.314931,false,0.314931,0.0,2834.0,34.56859504132231,136.78982694182855,0.0,0.0,4.0,20.0,680.0800000000017,true,,40629b3ff4e92df7e86e5ab06df9c73d9786f27ebb6a798b2482e09c9f2369dd,
F1752,Float64,7,0.000771,179,false,0.351405,false,0.351405,0.0,219.0,29.013223140495867,34.80089041833392,0.0,0.0,15.0,49.0,136.0,true,,7c352eb22a2a5c0c0b75cffec9d86a1392f54367edab642cfd2b2b794c9ba54b,
F1753,Float64,7,0.000771,6616,false,0.244408,false,0.244408,0.0,25899965.81,548654.81889146,1478258.6732608608,0.0,100.0,233290.0,611489.8,6178913.780000005,false,,90a88b54ec2abf16e2538d240c3b83a81c08d75dcfe7a915bc7913b096be97fb,
F1754,Float64,7,0.000771,5320,false,0.314931,false,0.314931,0.0,25899965.81,318534.19339614327,1453446.094541944,0.0,0.0,33680.0,181025.5,6178913.780000005,false,,4062130f6fa855a5ebf9bf8b9f3178169dfb41db21ccb20be7ed864b1cf73dcd,
F1755,Float64,7,0.000771,5766,false,0.351405,false,0.351405,0.0,2782822.8,230120.62549531678,305891.90337839985,0.0,0.0,103280.8,356031.6,1198920.0032,false,,dbc288ce248a4f61879b8110be4b35392a2d2ba132d6fc8158fe5d9bddd86bf0,
F1756,Float64,7,0.000771,213,false,0.426997,false,0.426997,0.0,6456.0,10.58060606060606,96.98882375003349,0.0,0.0,1.0,4.0,169.0,true,,f9e00ea9011cda887ff78be2001c4d5134b37f23aa78eae2e11aab303ebf46d7,
F1757,Float64,7,0.000771,193,false,0.476584,false,0.476584,0.0,6456.0,8.551184573002756,90.16881197435598,0.0,0.0,1.0,4.0,127.52000000000044,true,,fec7512e29a45eaddee1828804bac402fe06579241076c44c6c7027e967b9e70,
F1758,Float64,7,0.000771,104,false,0.855537,false,0.855537,0.0,2797.0,2.029421487603306,33.15416721616688,0.0,0.0,0.0,0.0,37.26000000000022,true,,1c9e7cca2356e732224f4af822b0f0a663628181ed1a14e9ac4fa084aca7846a,
F1759,Float64,7,0.000771,4356,false,0.426997,false,0.426997,0.0,32994800000.0,20603470.770632505,518961890.56585205,0.0,0.0,20000.0,616516.245,155030107.66400087,false,,c9751e361fd91d0b01c2d35d4a399f427610a2334f95bac3f05c276feb671fee,
F1760,Float64,7,0.000771,4063,false,0.476584,false,0.476584,0.0,30297200000.0,17361423.215327825,451690374.66800153,0.0,0.0,2626.82,445324.695,130241222.54800007,false,,0c597ed4d975a0a82aba92453de1d85f01dafcc5681e9fba04b455ab14a75873,
F1761,Float64,7,0.000771,935,false,0.855537,false,0.855537,0.0,7456400000.0,3242047.555467769,95162272.94397864,0.0,0.0,0.0,0.0,16597133.920000082,false,,b7508e06bfa21278c20532e5ddee467771141ff1de66e482f9afd7cc94d0bf96,
F1762,Float64,7,0.000771,155,false,0.829642,false,0.829642,0.0,1390.0,3.8748209366391184,33.42191721891147,0.0,0.0,0.0,0.0,85.78000000000065,true,,2a355e81ece3a66f7d4f56137c6337edb5bcf935f9df385c2d10d80620e029ea,
F1763,Float64,7,0.000771,63,false,0.920882,false,0.920882,0.0,232.0,0.6440771349862259,5.631947137183877,0.0,0.0,0.0,0.0,15.0,true,,b8085567131fc92e99fa6f91b122eddc349778a820e583017d4330bfc78d19d9,
F1764,Float64,7,0.000771,137,false,0.865675,false,0.865675,0.0,1390.0,3.2307438016528924,32.183463102079344,0.0,0.0,0.0,0.0,65.0,true,,3771dcf3c893fdca51f4d1ac817aea271a137f3bb98ca436183f5659f8aebfcb,
F1765,Float64,7,0.000771,1181,false,0.829642,false,0.829642,0.0,96975000.0,256739.51394820935,1840858.3508408575,0.0,0.0,0.0,0.0,5649401.480000001,false,,4b86a7ef93364e7d4874f66b3f9c0a27e0ea517ff7681b12aa6d7c5cc488fc64,
F1766,Float64,7,0.000771,509,false,0.920882,false,0.920882,0.0,96975000.0,53241.31989972452,1097714.9023165414,0.0,0.0,0.0,0.0,1034633.240000003,false,,0d03eab33c11c2e361ba2e54f176b6574653e4ab51438b923db93077188f8426,
F1767,Float64,7,0.000771,960,false,0.865675,false,0.865675,0.0,52468325.0,203498.19404848482,1426750.620509982,0.0,0.0,0.0,0.0,5059112.340000009,false,,3d32996ed82152429039b542b38a7d3766a7df801dc2781fd9e21b08d6f177f4,
F1768,Float64,7,0.000771,20,false,0.963636,false,0.963636,0.0,26.0,0.10865013774104683,0.8848196942713834,0.0,0.0,0.0,0.0,3.0,true,0.0:8745; 1.0:157; 2.0:54; 3.0:35; 4.0:27,eb47cb42df0866cd303c1dd843f07a0b75ce626097e399986516a42b0f70536f,
F1769,Float64,7,0.000771,2,false,0.999559,true,0.999559,0.0,1.0,0.00044077134986225897,0.020989927834068407,0.0,0.0,0.0,0.0,0.0,true,0.0:9071; 1.0:4,ab45fead0762a518661ece3d356f06c847de4afe43892a94030582645226069e,
F1770,Float64,7,0.000771,20,false,0.963636,false,0.963636,0.0,26.0,0.10820936639118457,0.8813799849830942,0.0,0.0,0.0,0.0,3.0,true,0.0:8745; 1.0:157; 2.0:55; 3.0:35; 4.0:26,362b99336dd89db30066839ecb0705280396fce5c437882475cf77ef6855bf5a,
F1771,Float64,7,0.000771,273,false,0.963636,false,0.963636,0.0,770235.77,818.3543867768595,13038.113963944803,0.0,0.0,0.0,0.0,15641.352000000037,false,,e42b5317e6967aec5eff41d3bbb766c62f466b93e0cfe3120e174d5631c0fd85,
F1772,Float64,7,0.000771,5,false,0.999559,true,0.999559,0.0,14020.0,1.8879504132231406,148.8989970992975,0.0,0.0,0.0,0.0,0.0,false,0.0:9071; 14020.0:1; 393.15:1; 720.0:1; 2000.0:1,f903d9857af8ccd1edd7af4c0fb912510974bcf10271255273594f3a8af44a54,
F1773,Float64,7,0.000771,273,false,0.963636,false,0.963636,0.0,770235.77,816.4664363636364,13018.822740047211,0.0,0.0,0.0,0.0,15641.352000000037,false,,5b0569ec5dab60f019ef6aacfa05d998c217d23ce529161a901b8fccae43988f,
F1774,Float64,7,0.000771,1,true,1.0,true,1.0,0.0,0.0,0.0,0.0,0.0,0.0,0.0,0.0,0.0,true,0.0:9075,840a34ff8c9adc3fb7a9c96c9fffd6c6811da72402ae2a360902727fef21f165,F1721
F1775,Float64,7,0.000771,1,true,1.0,true,1.0,0.0,0.0,0.0,0.0,0.0,0.0,0.0,0.0,0.0,true,0.0:9075,840a34ff8c9adc3fb7a9c96c9fffd6c6811da72402ae2a360902727fef21f165,F1721
F1776,Float64,7,0.000771,1,true,1.0,true,1.0,0.0,0.0,0.0,0.0,0.0,0.0,0.0,0.0,0.0,true,0.0:9075,840a34ff8c9adc3fb7a9c96c9fffd6c6811da72402ae2a360902727fef21f165,F1721
F1777,Float64,7,0.000771,1,true,1.0,true,1.0,0.0,0.0,0.0,0.0,0.0,0.0,0.0,0.0,0.0,true,0.0:9075,840a34ff8c9adc3fb7a9c96c9fffd6c6811da72402ae2a360902727fef21f165,F1721
F1778,Float64,7,0.000771,1,true,1.0,true,1.0,0.0,0.0,0.0,0.0,0.0,0.0,0.0,0.0,0.0,true,0.0:9075,840a34ff8c9adc3fb7a9c96c9fffd6c6811da72402ae2a360902727fef21f165,F1721
F1779,Float64,7,0.000771,1,true,1.0,true,1.0,0.0,0.0,0.0,0.0,0.0,0.0,0.0,0.0,0.0,true,0.0:9075,840a34ff8c9adc3fb7a9c96c9fffd6c6811da72402ae2a360902727fef21f165,F1721
F1780,Float64,7,0.000771,5,false,0.983361,false,0.983361,0.0,4.0,0.018292011019283745,0.15028477143645613,0.0,0.0,0.0,0.0,1.0,true,0.0:8924; 1.0:141; 2.0:6; 3.0:3; 4.0:1,151dd31d42ec24f682741c476061c8727fe3ae28cf214d91b2c0a552ac235f19,
F1781,Float64,7,0.000771,5,false,0.983361,false,0.983361,0.0,4.0,0.018292011019283745,0.15028477143645613,0.0,0.0,0.0,0.0,1.0,true,0.0:8924; 1.0:141; 2.0:6; 3.0:3; 4.0:1,151dd31d42ec24f682741c476061c8727fe3ae28cf214d91b2c0a552ac235f19,F1780
F1782,Float64,7,0.000771,1,true,1.0,true,1.0,0.0,0.0,0.0,0.0,0.0,0.0,0.0,0.0,0.0,true,0.0:9075,840a34ff8c9adc3fb7a9c96c9fffd6c6811da72402ae2a360902727fef21f165,F1721
F1783,Float64,7,0.000771,87,false,0.983361,false,0.983361,0.0,75000.0,57.02947878787878,1617.6456926088615,0.0,0.0,0.0,0.0,37.76,false,,01475c7c27aae295a6ee42190971b30dc433f572a59d4d01329524a8f93c04b9,
F1784,Float64,7,0.000771,87,false,0.983361,false,0.983361,0.0,75000.0,57.02947878787878,1617.6456926088615,0.0,0.0,0.0,0.0,37.76,false,,01475c7c27aae295a6ee42190971b30dc433f572a59d4d01329524a8f93c04b9,F1783
F1785,Float64,7,0.000771,1,true,1.0,true,1.0,0.0,0.0,0.0,0.0,0.0,0.0,0.0,0.0,0.0,true,0.0:9075,840a34ff8c9adc3fb7a9c96c9fffd6c6811da72402ae2a360902727fef21f165,F1721
F1786,Float64,7,0.000771,74,false,0.839669,false,0.839669,0.0,714.0,1.2463911845730027,16.33412513730823,0.0,0.0,0.0,0.0,13.0,true,,ca751245d1fbd8272ca98913344a90684f7f5205f19cff265ea10f493cc67fc8,
F1787,Float64,7,0.000771,24,false,0.962424,false,0.962424,0.0,42.0,0.11702479338842975,1.1047465670219212,0.0,0.0,0.0,0.0,3.0,true,0.0:8734; 1.0:189; 2.0:54; 4.0:22; 3.0:16,ca5e33bca28afa191b73dd7c28b23045e4c134f6d532ffb72151885534c9aeb4,
F1788,Float64,7,0.000771,70,false,0.866116,false,0.866116,0.0,714.0,1.129366391184573,16.266615150948375,0.0,0.0,0.0,0.0,12.0,true,,4ed0725c569b920b0dc4e89ff7bb8b814dba0d934909c054c61c7ecdf01463a3,
F1789,Float64,7,0.000771,1179,false,0.839669,false,0.839669,0.0,153971017.0,135334.47391184574,2722157.154520203,0.0,0.0,0.0,0.0,1586945.7200000042,false,,a4a50d5d6501b3a1959c2e69eb36d0eeb7b7d02d372320d86f74eb7fc634c658,
F1790,Float64,7,0.000771,259,false,0.962424,false,0.962424,0.0,18750000.0,22643.97545674931,431616.1891267789,0.0,0.0,0.0,0.0,229374.00000000108,false,,33df4520733044e055e4c57217d524768ddc82447c9ab53d8089876ae2ed095a,
F1791,Float64,7,0.000771,1022,false,0.866116,false,0.866116,0.0,153971017.0,112690.49845509643,2685939.775281217,0.0,0.0,0.0,0.0,1217331.3958000005,false,,f5cbb38e94a2719a620fe84074886fecf98e4805fce47d17424fae8aa57002a2,
F1792,Float64,7,0.000771,34,false,0.823912,false,0.823912,0.0,152.0,0.5147107438016529,3.0730461752337415,0.0,0.0,0.0,0.0,8.0,true,,eb84a76d0f42c5ec5ce4696a1e64936a05529fb0203e13c827240b64fed9ce65,
F1793,Float64,7,0.000771,26,false,0.945895,false,0.945895,0.0,43.0,0.16980716253443526,1.2488375713511024,0.0,0.0,0.0,0.0,4.0,true,,9733a58986e9d634ae47767f02e2fe7084ce23602f77ed5e3e93f905ad263f3e,
F1794,Float64,7,0.000771,29,false,0.864463,false,0.864463,0.0,152.0,0.34490358126721765,2.7848162056486556,0.0,0.0,0.0,0.0,5.0,true,,4882ae3746098acc830043592e0b199bb31de63ed1981201ecf1c37e4e1f9bfa,
F1795,Float64,7,0.000771,1192,false,0.823912,false,0.823912,0.0,384174891.6,242899.0430842975,6083395.1164430985,0.0,0.0,0.0,0.0,946786.6800000062,false,,1a353ad087d3f130bdfb21eb2ff77666068f61dc840e142eaf04cfd977953aaf,
F1796,Float64,7,0.000771,422,false,0.945895,false,0.945895,0.0,115872901.2,116513.60173443524,2528006.272195941,0.0,0.0,0.0,0.0,107026.29000000261,false,,3d4a28bc06cc9d2576dc59c7e19b24131aa9cfdfb20a723b6b3b7e169f737fcd,
F1797,Float64,7,0.000771,821,false,0.864463,false,0.864463,0.0,384174891.6,126385.44135426996,5535197.713060385,0.0,0.0,0.0,0.0,202606.92000000048,false,,d43912868b700d9fbb20a8d315999721e7982d9a79a6a8dc06a5c7b5b86a087d,
F1798,Float64,4,0.00044,103,false,0.644085,false,0.644085,0.0,11049.0,5.362194315928619,141.23331245317388,0.0,0.0,0.0,1.0,34.45999999999913,true,,35b509523969383825180b0ea2e27109366756385d482d92bb107f8a3947078c,
F1799,Float64,4,0.00044,99,false,0.782111,false,0.782111,0.0,11045.0,4.923000660938532,141.17086282688382,0.0,0.0,0.0,0.0,29.229999999999563,true,,ddc7b2b95f90600bd169c281960aa281ff8386c24cd716c5e7db6dc1c0f02595,
F1800,Float64,4,0.00044,25,false,0.797422,false,0.797422,0.0,33.0,0.43919365499008595,1.459595160425286,0.0,0.0,0.0,0.0,6.0,true,0.0:7239; 1.0:1035; 2.0:410; 3.0:166; 4.0:72,b0c3ba0a58c0fdbdea129a14353044c657d2619e69413b65f66bc7efb859ab84,
F1801,Float64,4,0.00044,1411,false,0.644085,false,0.644085,0.0,2785222269.0,1505601.0098039217,41156005.29933999,0.0,0.0,0.0,68125.0,8772999.999999957,true,,f889738edb0bfae3fa20ab18188732ea5e93617d0593f85389ae9a37ccc878f0,
F1802,Float64,4,0.00044,951,false,0.782111,false,0.782111,0.0,2783318701.0,1379074.6362634941,41051766.033559546,0.0,0.0,0.0,0.0,7605870.259999892,true,,23ba41d3ea49b99816fb1677c0236715b6f9eb79bda98bcb15174aa1747b4938,
F1803,Float64,4,0.00044,618,false,0.797422,false,0.797422,0.0,183800000.0,126526.3735404274,2324652.7532504955,0.0,0.0,0.0,0.0,1442091.9999999998,true,,053abb572b9f79d8af04c7a1bfe920dd0d77b88119f7bd1001015f515abed288,
F1804,Float64,4,0.00044,106,false,0.861974,false,0.861974,0.0,1660.0,2.209297202026878,25.146594513192913,0.0,0.0,0.0,0.0,41.0,true,,cbee829224d4449954f08292c943beeaef412b70aa173b84e9364cb682d2076e,
F1805,Float64,4,0.00044,70,false,0.902952,false,0.902952,0.0,1258.0,1.1471689799515312,19.313611111390234,0.0,0.0,0.0,0.0,14.0,true,,4b6cc7a860df613d1c04fcc6dce4e54ae005ff694410b8b84e99a0b002991b62,
F1806,Float64,4,0.00044,74,false,0.892928,false,0.892928,0.0,402.0,1.062128222075347,9.207151638576526,0.0,0.0,0.0,0.0,24.0,true,,4e33c60dffe8c7593af1d5d9aba5957bc40e4c7a4ae1cd6e912b9ae153d1dd57,
F1807,Float64,4,0.00044,1049,false,0.861974,false,0.861974,0.0,565536797.2,396649.9168506279,6673542.749012615,0.0,0.0,0.0,0.0,7627077.246099999,false,,ab4be26627f13afffccda7030cb2cd5350b85f80634f73321813e2b2e979da5e,
F1808,Float64,4,0.00044,701,false,0.902952,false,0.902952,0.0,266284001.1,180887.47970918706,3180183.710838126,0.0,0.0,0.0,0.0,3330111.6899999804,false,,6b4bcdab77d33c0dd03993e6a715b5a2be0e953d11c5a56aa88a34160d493730,
F1809,Float64,4,0.00044,809,false,0.892928,false,0.892928,0.0,299252796.1,215762.43714144084,3886731.7878232924,0.0,0.0,0.0,0.0,3356310.509999988,false,,0e13772871472ed1231e9c1a9334daf5bc04356d77dce1205b72254458407f83,
F1810,Float64,4,0.00044,999,false,0.030183,false,0.004957,0.0,21770.0,219.8171403392818,577.1933912384035,1.0,30.0,106.0,221.0,2454.459999999999,true,,5c459474aa5ebb4db72e01f63323f2bb430dc0aa85712b5aa0c84ab6736a1a6b,
F1811,Float64,4,0.00044,756,false,0.071712,false,0.024675,0.0,16446.0,113.31636924432695,431.4151127300791,0.0,7.0,28.0,79.0,1674.2999999999956,true,,a22d975c675e903add7bacd445bf1e40118e2a258bc690e022dadf3e52bb5d29,
F1812,Float64,4,0.00044,608,false,0.043622,false,0.032276,0.0,10536.0,106.50077109495484,230.99619158322307,0.0,17.0,61.0,133.0,886.2199999999939,true,,52cd75bd96a18bd76ee2c8bfc774189b49edd60fd2eb2a227cb72ec90e31c93c,
F1813,Float64,4,0.00044,8841,false,0.004957,false,0.004957,0.0,337872000000.0,230529544.96691012,6476815156.854722,19625.63,617688.925,1627154.255,5255396.574999999,936183047.3839669,false,,6f32794687958f1e94c365faa06d674add66af54dac31c5977115ddcc8a5204c,
F1814,Float64,4,0.00044,8489,false,0.024675,false,0.024675,0.0,168350000000.0,120559197.19794668,3447973925.436365,0.0,308717.25,864606.48,2705344.25,433506335.35999686,false,,c87e2835fc69cb53dda6019c53628658eed50e220d3ece61e7368f1ad16ce9c9,
F1815,Float64,4,0.00044,8496,false,0.032276,false,0.032276,0.0,169522000000.0,109970297.44469376,3069578302.708238,0.0,263390.235,760973.99,2594252.7399999998,462345088.80599976,false,,dc4e2d40457ab40def6445fafd978d8feff39bb9f4aaf90b7871e303d47995fb,
F1816,Float64,4,0.00044,995,false,0.039216,false,0.034038,0.0,21724.0,215.50749063670412,573.8433689170602,0.0,27.0,103.0,217.0,2426.3799999999974,true,,eb22e4aee53b72aa1b3c7b055443dbae232205bb0bf4d57477380cb63621184c,
F1817,Float64,4,0.00044,744,false,0.081075,false,0.081075,0.0,16410.0,111.72163472130426,429.4570802044263,0.0,6.0,27.0,78.0,1660.069999999996,true,,d772edd9a072d98966e708fd31557551214e210ad17b26288ce8bdc0f39f540f,
F1818,Float64,4,0.00044,594,false,0.065984,false,0.065984,0.0,10515.0,103.78585591539986,229.76898167952666,0.0,15.0,59.0,130.0,872.8399999999965,true,,b4e6e3c1df3dc2e71231f65198f035ea1428a4f3749a1a9e499c3b55a4f7d370,
F1819,Float64,4,0.00044,8501,false,0.034038,false,0.034038,0.0,136748000000.0,109673132.74848646,2559244803.113526,0.0,500000.0,1466037.43,4876796.505,777327756.9669899,false,,43f5d60fbc74075b9862de559873f20cb6812687066d4c349aa1ee7e3a3eecc2,
F1820,Float64,4,0.00044,7912,false,0.081075,false,0.081075,0.0,87983304620.0,65186334.187665775,1721905350.7953024,0.0,190756.75,720582.53,2433124.06,372591701.8099994,false,,05eed87aa42c1b9aa93ad199b41815a22e066a4119a928fb14ee50dd0b495628,
F1821,Float64,4,0.00044,8222,false,0.065984,false,0.065984,0.0,62342662127.0,44486859.35241573,968560102.3046954,0.0,236114.2125,720422.81,2448622.05,364078401.11999923,false,,60e093311ea19ddadcd08611ce2eca74c58f07641dbc242618ed1c531180d11f,
F1822,Float64,4,0.00044,995,false,0.039216,false,0.034038,0.0,21724.0,215.50749063670412,573.8433689170602,0.0,27.0,103.0,217.0,2426.3799999999974,true,,eb22e4aee53b72aa1b3c7b055443dbae232205bb0bf4d57477380cb63621184c,F1816
F1823,Float64,4,0.00044,744,false,0.081075,false,0.081075,0.0,16410.0,111.72163472130426,429.4570802044263,0.0,6.0,27.0,78.0,1660.069999999996,true,,d772edd9a072d98966e708fd31557551214e210ad17b26288ce8bdc0f39f540f,F1817
F1824,Float64,4,0.00044,594,false,0.065984,false,0.065984,0.0,10515.0,103.78585591539986,229.76898167952666,0.0,15.0,59.0,130.0,872.8399999999965,true,,b4e6e3c1df3dc2e71231f65198f035ea1428a4f3749a1a9e499c3b55a4f7d370,F1818
F1825,Float64,4,0.00044,8501,false,0.034038,false,0.034038,0.0,136748000000.0,109673132.74848646,2559244803.113526,0.0,500000.0,1466037.43,4876796.505,777327756.9669899,false,,43f5d60fbc74075b9862de559873f20cb6812687066d4c349aa1ee7e3a3eecc2,F1819
F1826,Float64,4,0.00044,7912,false,0.081075,false,0.081075,0.0,87983304620.0,65186334.187665775,1721905350.7953024,0.0,190756.75,720582.53,2433124.06,372591701.8099994,false,,05eed87aa42c1b9aa93ad199b41815a22e066a4119a928fb14ee50dd0b495628,F1820
F1827,Float64,4,0.00044,8222,false,0.065984,false,0.065984,0.0,62342662127.0,44486859.35241573,968560102.3046954,0.0,236114.2125,720422.81,2448622.05,364078401.11999923,false,,60e093311ea19ddadcd08611ce2eca74c58f07641dbc242618ed1c531180d11f,F1821
F1828,Float64,4,0.00044,39,false,0.806565,false,0.806565,0.0,43.0,0.8389513108614233,2.8322908055011884,0.0,0.0,0.0,0.0,13.0,true,,0d3ac0560c3c11b296649d032d78e94348d7f61d772f6f8fe4d9e2774000ab1a,
F1829,Float64,4,0.00044,1,true,1.0,true,1.0,0.0,0.0,0.0,0.0,0.0,0.0,0.0,0.0,0.0,true,0.0:9078,11ffa30a8759de17697f7de9f630e329e9070250952a07af709ccc09789c72e8,
F1830,Float64,4,0.00044,39,false,0.806565,false,0.806565,0.0,43.0,0.8389513108614233,2.8322908055011884,0.0,0.0,0.0,0.0,13.0,true,,0d3ac0560c3c11b296649d032d78e94348d7f61d772f6f8fe4d9e2774000ab1a,F1828
F1831,Float64,4,0.00044,575,false,0.806565,false,0.806565,0.0,520881.14,6065.572211940957,24145.58554474534,0.0,0.0,0.0,0.0,105250.69999999978,false,,529e80c0f357f8c3cb5396ca1a1a3c9ef12c91561e99402cbea0197a8897f6ba,
F1832,Float64,4,0.00044,1,true,1.0,true,1.0,0.0,0.0,0.0,0.0,0.0,0.0,0.0,0.0,0.0,true,0.0:9078,11ffa30a8759de17697f7de9f630e329e9070250952a07af709ccc09789c72e8,F1829
F1833,Float64,4,0.00044,575,false,0.806565,false,0.806565,0.0,520881.14,6065.572211940957,24145.58554474534,0.0,0.0,0.0,0.0,105250.69999999978,false,,529e80c0f357f8c3cb5396ca1a1a3c9ef12c91561e99402cbea0197a8897f6ba,F1831
F1834,Float64,4,0.00044,34,false,0.773629,false,0.773629,0.0,104.0,0.4966953073364177,2.071890385804406,0.0,0.0,0.0,0.0,7.0,true,,cdeb049a8aa90906959bc45cd114e042173f571663e6eb0dd41362950c219042,
F1835,Float64,4,0.00044,7,false,0.997687,true,0.997687,0.0,15.0,0.0056179775280898875,0.19822785128513876,0.0,0.0,0.0,0.0,0.0,true,0.0:9057; 1.0:14; 2.0:3; 9.0:1; 4.0:1,1501c26ae3e8a4fc8c3d535ed31a9435f4120a67f097242496b3b9a7a36f54f3,
F1836,Float64,4,0.00044,34,false,0.774289,false,0.774289,0.0,89.0,0.4910773298083278,1.9844842431621172,0.0,0.0,0.0,0.0,7.0,true,,433ea45e3f4f230512cd563293b12a174ff633ccea1ee479ee6ef9c3cf7b68d2,
F1837,Float64,4,0.00044,634,false,0.773629,false,0.773629,0.0,3440891.89,5634.756998237497,77525.53824471343,0.0,0.0,0.0,0.0,97479.11359999681,false,,6af37efeb0eac9604a40cdac289ca8c35ee3c92185086b88f447e2c2b67b3b37,
F1838,Float64,4,0.00044,21,false,0.997687,true,0.997687,0.0,399840.0,133.23357898215465,5675.227100150603,0.0,0.0,0.0,0.0,0.0,false,0.0:9057; 385.0:2; 8280.0:1; 64673.3:1; 399840.0:1,293528fe4bcd4cd6c82b83f44a31a11ef96097c96eec96cf0eda2774f047cf9c,
F1839,Float64,4,0.00044,626,false,0.774289,false,0.774289,0.0,3440891.89,5501.523419255343,76724.9726446318,0.0,0.0,0.0,0.0,85051.15789999565,false,,16b7fed41ee61de5d2701bd59cc4ca4eb0f15d55ec0fdc44da7277b1b09c0119,
F1840,Float64,4,0.00044,47,false,0.791915,false,0.791915,0.0,236.0,0.7672394800616876,4.108186350371372,0.0,0.0,0.0,0.0,13.229999999999563,true,,db2ae02cbb14c74e0c811ebbb31f60ce13104891d1620f9b254d34a06e996a63,
F1841,Float64,4,0.00044,19,false,0.990637,true,0.990637,0.0,236.0,0.07655871337298964,2.6904601584282273,0.0,0.0,0.0,0.0,0.0,true,0.0:8993; 1.0:44; 2.0:10; 4.0:7; 3.0:6,2dac5d1fa83f78ad86bff8beb0ed24e44f42d5abd0a73ed123c131cdc26d0210,
F1842,Float64,4,0.00044,44,false,0.799736,false,0.799736,0.0,77.0,0.6906807666886979,3.116264951429237,0.0,0.0,0.0,0.0,12.0,true,,c160a7b018c75d112573441d5a70f58d33a53d65e2249f293a6b77cb90b2895b,
F1843,Float64,4,0.00044,645,false,0.791915,false,0.791915,0.0,19156000.0,8461.083430270986,234148.78390351468,0.0,0.0,0.0,0.0,22160.461299999522,false,,e6e7c51bd72e9a8629228f3d970a82597418080261a34e7d536dba737542ddba,
F1844,Float64,4,0.00044,68,false,0.990637,true,0.990637,0.0,19156000.0,6545.918704560476,229491.13203645984,0.0,0.0,0.0,0.0,0.0,true,,5417856cd2b42eca3a7244f92710b92205348e5e19bc9097c9fd7229ec7e6e8d,
F1845,Float64,4,0.00044,596,false,0.799736,false,0.799736,0.0,3012831.22,1915.1647257105087,46255.54028365275,0.0,0.0,0.0,0.0,10071.916399999915,false,,45f8b684d7402e9e9419bb39bd582846cc2d56e002712fc8498e0be0d769588e,
F1846,Float64,4,0.00044,31,false,0.620181,false,0.620181,0.0,105.0,0.6391275611368142,2.3629143838401068,0.0,0.0,0.0,1.0,6.0,true,,cb9eabcf3a048c3b11bdb97b450c628177e8bd92e5c76f682194f18897465f85,
F1847,Float64,4,0.00044,18,false,0.98612,false,0.98612,0.0,44.0,0.053536021150033045,0.9149791087899442,0.0,0.0,0.0,0.0,1.0,true,0.0:8952; 1.0:63; 2.0:31; 3.0:8; 4.0:6,99c07558127ed3e7cda7a1c8ef678001e926653f177951c7cd1540f59eb64d72,
F1848,Float64,4,0.00044,28,false,0.626239,false,0.626239,0.0,95.0,0.5855915399867813,2.0158819555620737,0.0,0.0,0.0,1.0,5.0,true,,adc437ac94491f7c342b1a828aa90e81d8ea4be53f4ca39a25565d0165edf163,
F1849,Float64,4,0.00044,843,false,0.620181,false,0.620181,0.0,606818135.0,191954.82293456708,6567976.514553562,0.0,0.0,0.0,23.6,2395809.929999928,false,,c6015fdd4e54f766dd51aa6702982a80ea6b6b57a4593f5c902e4a94de434fca,
F1850,Float64,4,0.00044,107,false,0.98612,false,0.98612,0.0,600000000.0,100660.7891716237,6357031.52337584,0.0,0.0,0.0,0.0,12922.999999999956,false,,f27b26e750aeaf503caddf7e898e4fec0771e36b83655d813d02c2ad96942ce9,
F1851,Float64,4,0.00044,797,false,0.626239,false,0.626239,0.0,68666643.0,91294.03376294338,1343751.6901667935,0.0,0.0,0.0,23.6,1729756.8887999675,false,,9d5fa15d57af5b6e4c3fdf4bf3332bd7e132bef6fb0879b3494ac03ca32c1013,
F1852,Float64,4,0.00044,594,false,0.214475,false,0.214475,0.0,21094.0,67.28155981493721,386.2769572174141,0.0,1.0,6.0,35.0,1016.6899999999987,true,,18b9bb8ecf8b01d8896cd50057769e7c999c1ef320035fa5676c15bc932c5439,
F1853,Float64,4,0.00044,373,false,0.279357,false,0.279357,0.0,15853.0,31.492068737607404,242.53786437671235,0.0,0.0,4.0,21.0,439.3799999999974,true,,6fec487c13873f127081a0b9fa42014304bc0993a507bc5172f389f6a39d62ce,
F1854,Float64,4,0.00044,451,false,0.592752,false,0.592752,0.0,9825.0,35.78949107732981,201.09283130678625,0.0,0.0,0.0,7.0,678.3799999999974,true,,1fa2a118de48fe1c16177faf587dd757884f057fb74b84bb2803b2515e524e1d,
F1855,Float64,4,0.00044,6598,false,0.214475,false,0.214475,0.0,118938000000.0,86605383.78601123,2233039905.5584903,0.0,9023.635,400318.0,2375763.8425000003,533987510.2319991,false,,c47c045bdea7c951681d64016941213b3f23a89d67e19114e05b19f409c7760d,
F1856,Float64,4,0.00044,5907,false,0.279357,false,0.279357,0.0,77442750000.0,50739609.309214585,1442384202.6316006,0.0,0.0,205539.0,1237471.11,266448773.6909994,false,,2761ab9d9ec0ebefd2c47ec4cd051fb5a1ba6e4a404abea84597ab8d9f4e93b8,
F1857,Float64,4,0.00044,3289,false,0.592752,false,0.592752,0.0,60752762127.0,35865839.041896895,925596045.1257992,0.0,0.0,0.0,869400.0,250121788.64399976,false,,815bc6ca7d21c3f698bfd9cf2de25f1f3f380885bc00cc2cfca76e908baa52be,
F1858,Float64,4,0.00044,715,false,0.228575,false,0.228575,0.0,6180.0,124.53370786516854,280.6938903069896,0.0,1.0,57.0,155.0,1336.5299999999952,true,,38fff96e66b5a00cd192b6ff749c228fc6b67ec3c7ad261c64d55a793000f681,
F1859,Float64,4,0.00044,586,false,0.271976,false,0.271976,0.0,6086.0,66.82044503194537,270.8923812781883,0.0,0.0,9.0,40.0,1320.5999999999913,true,,ff0379951f6f7ac536c295e44b76b735a2c8598058421c1681ad04352829b3d6,
F1860,Float64,4,0.00044,334,false,0.345451,false,0.345451,0.0,527.0,57.713262833223176,70.03685227584091,0.0,0.0,29.0,98.0,277.0,true,,fa794ba876c9288361e5b7b1a97a0956aafb403044bcbf97d45078d0bf2fa95d,
F1861,Float64,4,0.00044,6789,false,0.228575,false,0.228575,0.0,58007710.32,991223.0761213924,3090048.8536167974,0.0,4792.25,388824.4,999142.375,10116980.381999744,false,,757ace583a144653959e97fed0bd20d1837f420b39c434df937e3d8ced28edeb,
F1862,Float64,4,0.00044,5980,false,0.271976,false,0.271976,0.0,58007710.32,605857.1169101123,3048075.433855486,0.0,0.0,72497.0,315076.25,9821362.539999984,false,,78109940fb089c350980ecce38e6ad3c1deac20be631bae7c42b6eb8d44a4cab,
F1863,Float64,4,0.00044,5894,false,0.345451,false,0.345451,0.0,7007993.52,385365.95921128,527131.185690711,0.0,0.0,172829.34,600000.0,2222701.6636999995,false,,7d5273cb12dd45e2f2082a97bb40a1a7e6e864910231aa477cae732a7d3428d3,
F1864,Float64,4,0.00044,313,false,0.357237,false,0.357237,0.0,11541.0,22.291804362194316,202.68067996612723,0.0,0.0,2.0,8.0,351.3799999999974,true,,8f909477da04db0bffc9118417a8184f86f3973c9bd2a81ba5a76daacbb71426,
F1865,Float64,4,0.00044,285,false,0.402732,false,0.402732,0.0,11541.0,17.758316809870017,168.59136918253594,0.0,0.0,1.0,7.0,292.22999999999956,true,,a7bb51e1f8b82da7b0473096d79beb27de2275cd66b1d5289c4d209b5678d2f8,
F1866,Float64,4,0.00044,145,false,0.823419,false,0.823419,0.0,9825.0,4.5334875523243,107.98525604553254,0.0,0.0,0.0,0.0,76.22999999999956,true,,6aab1c310d3139ee6d5c901baea5e8e82186cfcc0669192cd15184ef9fddb645,
F1867,Float64,4,0.00044,5037,false,0.357237,false,0.357237,0.0,80814589674.0,60776468.799710274,1726070144.9335961,0.0,0.0,61578.595,954822.5,327281162.4709949,false,,a62909c3a39c53a980bc86e8adc6930ab669d155b56fd606379c85ba0db803ac,
F1868,Float64,4,0.00044,4741,false,0.402732,false,0.402732,0.0,77442750000.0,49771013.76390284,1441752897.6744487,0.0,0.0,27629.0,730565.0,255339064.92399997,false,,a0c6e6ee94c59337b2bfb1a151bf4a917370c14394ef4c8b356c051fbb6bd91d,
F1869,Float64,4,0.00044,1172,false,0.823419,false,0.823419,0.0,22629254754.0,11005455.035820667,367384509.43109274,0.0,0.0,0.0,0.0,41227396.99999979,false,,8bb1aca85a37c6ed985eca0b57fd288d75e8deb1ef65fe7842b5e2fef6d48704,
F1870,Float64,4,0.00044,193,false,0.804472,false,0.804472,0.0,2782.0,6.709627671293236,56.34526407527468,0.0,0.0,0.0,0.0,140.0,true,,f66dc3c2e9f3a526ff517a23f1cb56ca72e7834d8c6d00aefe9c337dbc6866e7,
F1871,Float64,4,0.00044,79,false,0.90119,false,0.90119,0.0,497.0,1.1942057721965191,10.805744431303784,0.0,0.0,0.0,0.0,27.0,true,,9f55f14bf3beaf1455b680335b27c72af751ffe28ceeb1dc9941a1c816b07a22,
F1872,Float64,4,0.00044,176,false,0.848535,false,0.848535,0.0,2782.0,5.515421899096717,53.74820874058559,0.0,0.0,0.0,0.0,129.0,true,,e45ec09eb534fe093d1b48c5205501a34c67597cb42a7c8ffeea12b03caa76c0,
F1873,Float64,4,0.00044,1407,false,0.804472,false,0.804472,0.0,109975040.1,442203.58370786515,2962170.9415919404,0.0,0.0,0.0,0.0,9684091.859999994,false,,3a6568eac79a3f777fb032993bc22a5d436ebfb692beb947bfdd6222821174ec,
F1874,Float64,4,0.00044,657,false,0.90119,false,0.90119,0.0,109975040.1,88534.4674564882,1417460.7572150396,0.0,0.0,0.0,0.0,1690386.3999999992,false,,efb186d873eaef99e593e6fe78338dd923291c7671f79053203ee2810b9c93ed,
F1875,Float64,4,0.00044,1137,false,0.848535,false,0.848535,0.0,67044959.0,353669.1162513769,2507917.5640539033,0.0,0.0,0.0,0.0,7779676.355699936,false,,472c052d29f4dc383bff63ae446e38b6c4c4a974c5c807b25c4bc7621146f9b4,
F1876,Float64,4,0.00044,31,false,0.948116,false,0.948116,0.0,65.0,0.21678783873099802,1.7979989836375445,0.0,0.0,0.0,0.0,6.0,true,,ac2c67597c25d7252b30353e247a425c7ce8853c6bd59c28f21f8e61d4f21462,
F1877,Float64,4,0.00044,2,false,0.999559,true,0.999559,0.0,1.0,0.0004406256884776382,0.02098646081358865,0.0,0.0,0.0,0.0,0.0,true,0.0:9074; 1.0:4,2d04aa6c0da092ea986870526fc14e9805624ee17da3ef76a69b9ae755ea055f,
F1878,Float64,4,0.00044,32,false,0.948116,false,0.948116,0.0,65.0,0.2163472130425204,1.7950475944175777,0.0,0.0,0.0,0.0,6.0,true,,b1fb18a2c7ca4403e8831098436b373c50513afe07f6feca992c9772a78d5c0c,
F1879,Float64,4,0.00044,389,false,0.948116,false,0.948116,0.0,1365624.37,1543.4007171183082,26329.83871858853,0.0,0.0,0.0,0.0,30000.0,false,,21d53cb97c65d3e649571236d96868f34786019908f117eb460f80dde68b4500,
F1880,Float64,4,0.00044,5,false,0.999559,true,0.999559,0.0,14020.0,1.887326503635162,148.87439574988582,0.0,0.0,0.0,0.0,0.0,false,0.0:9074; 14020.0:1; 720.0:1; 393.15:1; 2000.0:1,f4f8430e2cd5a054b9bed4c1c01e588e2d1f2ac4c31a3eec327bd4c4544b96d0,
F1881,Float64,4,0.00044,389,false,0.948116,false,0.948116,0.0,1365624.37,1541.513390614673,26310.6194160453,0.0,0.0,0.0,0.0,30000.0,false,,e9bab74ea5414ce9d4d704ffb16b5c2dcb3bcadcc3d4e2f34835c38a87afa1fc,
F1882,Float64,4,0.00044,1,true,1.0,true,1.0,0.0,0.0,0.0,0.0,0.0,0.0,0.0,0.0,0.0,true,0.0:9078,11ffa30a8759de17697f7de9f630e329e9070250952a07af709ccc09789c72e8,F1829
F1883,Float64,4,0.00044,1,true,1.0,true,1.0,0.0,0.0,0.0,0.0,0.0,0.0,0.0,0.0,0.0,true,0.0:9078,11ffa30a8759de17697f7de9f630e329e9070250952a07af709ccc09789c72e8,F1829
F1884,Float64,4,0.00044,1,true,1.0,true,1.0,0.0,0.0,0.0,0.0,0.0,0.0,0.0,0.0,0.0,true,0.0:9078,11ffa30a8759de17697f7de9f630e329e9070250952a07af709ccc09789c72e8,F1829
F1885,Float64,4,0.00044,1,true,1.0,true,1.0,0.0,0.0,0.0,0.0,0.0,0.0,0.0,0.0,0.0,true,0.0:9078,11ffa30a8759de17697f7de9f630e329e9070250952a07af709ccc09789c72e8,F1829
F1886,Float64,4,0.00044,1,true,1.0,true,1.0,0.0,0.0,0.0,0.0,0.0,0.0,0.0,0.0,0.0,true,0.0:9078,11ffa30a8759de17697f7de9f630e329e9070250952a07af709ccc09789c72e8,F1829
F1887,Float64,4,0.00044,1,true,1.0,true,1.0,0.0,0.0,0.0,0.0,0.0,0.0,0.0,0.0,0.0,true,0.0:9078,11ffa30a8759de17697f7de9f630e329e9070250952a07af709ccc09789c72e8,F1829
F1888,Float64,4,0.00044,5,false,0.966733,false,0.966733,0.0,4.0,0.041859440405375634,0.24661028975444926,0.0,0.0,0.0,0.0,1.0,true,0.0:8776; 1.0:238; 2.0:52; 3.0:10; 4.0:2,13d05a53e044d708d52022bc3cd2b2c6f6bb74d09a0df10902ccd32ace64bf78,
F1889,Float64,4,0.00044,5,false,0.966733,false,0.966733,0.0,4.0,0.041859440405375634,0.24661028975444926,0.0,0.0,0.0,0.0,1.0,true,0.0:8776; 1.0:238; 2.0:52; 3.0:10; 4.0:2,13d05a53e044d708d52022bc3cd2b2c6f6bb74d09a0df10902ccd32ace64bf78,F1888
F1890,Float64,4,0.00044,1,true,1.0,true,1.0,0.0,0.0,0.0,0.0,0.0,0.0,0.0,0.0,0.0,true,0.0:9078,11ffa30a8759de17697f7de9f630e329e9070250952a07af709ccc09789c72e8,F1829
F1891,Float64,4,0.00044,150,false,0.966733,false,0.966733,0.0,210000.0,154.9080623485349,3312.614035959953,0.0,0.0,0.0,0.0,1500.0,false,,458bb421f750de989623a1561299e2074abdbaf67d9cf7899d313cb28af88301,
F1892,Float64,4,0.00044,150,false,0.966733,false,0.966733,0.0,210000.0,154.9080623485349,3312.614035959953,0.0,0.0,0.0,0.0,1500.0,false,,458bb421f750de989623a1561299e2074abdbaf67d9cf7899d313cb28af88301,F1891
F1893,Float64,4,0.00044,1,true,1.0,true,1.0,0.0,0.0,0.0,0.0,0.0,0.0,0.0,0.0,0.0,true,0.0:9078,11ffa30a8759de17697f7de9f630e329e9070250952a07af709ccc09789c72e8,F1829
F1894,Float64,4,0.00044,93,false,0.776603,false,0.776603,0.0,1353.0,2.1666666666666665,27.427050458702514,0.0,0.0,0.0,0.0,26.0,true,,a4a6666a7c610e8874a8c43bda1e61cb6f09bf2a8398918d759a357033641fd6,
F1895,Float64,4,0.00044,31,false,0.951311,false,0.951311,0.0,75.0,0.18847763824630975,1.762017396406489,0.0,0.0,0.0,0.0,4.0,true,,2f7c99c02eabdee6030e8f6b060b1df2b8aa5f904f7513aa867a38d30ea1fe16,
F1896,Float64,4,0.00044,91,false,0.807557,false,0.807557,0.0,1353.0,1.978189028420357,27.293048893307,0.0,0.0,0.0,0.0,22.229999999999563,true,,6ecdfa220f019429d51edefe368cbd8cafaeefd949aab4b97c2e93702bc80644,
F1897,Float64,4,0.00044,1652,false,0.776603,false,0.776603,0.0,358211931.0,280125.63564221194,6345357.625967751,0.0,0.0,0.0,0.0,2368995.7622999786,false,,17667b0b445c9009dbfa0bf73cd72510532a8ece0796440895cd27c309c9ffd4,
F1898,Float64,4,0.00044,318,false,0.951311,false,0.951311,0.0,50000000.0,43060.36636593963,915304.9406359291,0.0,0.0,0.0,0.0,477299.99999999563,false,,a9ea2c13037111ed9efba8d846d46e142e2f7c47d1eabbf22b637e7e5f27a448,
F1899,Float64,4,0.00044,1474,false,0.807557,false,0.807557,0.0,358211931.0,237065.26927627227,6276375.610329322,0.0,0.0,0.0,0.0,1917077.6099999936,false,,444f5368d4933d4859884d7cc3673ceaa9db1556dfcf3a66e442746eda687a09,
F1900,Float64,4,0.00044,54,false,0.733091,false,0.733091,0.0,333.0,1.1647940074906367,6.663781057843115,0.0,0.0,0.0,1.0,17.0,true,,cd473730a2f50383ef8b3efa1c2f076e43473c596fcd5f861d7f4d64eecd2414,
F1901,Float64,4,0.00044,43,false,0.91573,false,0.91573,0.0,85.0,0.4058162590879048,2.75968867283939,0.0,0.0,0.0,0.0,9.0,true,,cf22b3b1349044fe46364b535402241a368b7eea8da5b0103ff3910a35ad0b1b,
F1902,Float64,4,0.00044,42,false,0.786957,false,0.786957,0.0,333.0,0.7589777484027319,6.009966783563424,0.0,0.0,0.0,0.0,9.0,true,,53623d3de5bf57984cfcb585d21913396709dbe96c1462552408cfb54d0edf32,
F1903,Float64,4,0.00044,1840,false,0.733091,false,0.733091,0.0,853925531.3,550898.4984005288,14194119.456352014,0.0,0.0,0.0,262.415,2176723.0699999877,false,,34652bb15afdc777fffdaf31fbbda16e693893e2ae60d1eb1aa292874e4b12e8,
F1904,Float64,4,0.00044,634,false,0.91573,false,0.91573,0.0,280283682.4,260107.99402952188,6052583.67428366,0.0,0.0,0.0,0.0,508510.3499999479,false,,95b8b4b1b81cbb43a787ad8bbd4f62ce7e2e01e67299bedc846b9738b13d1e34,
F1905,Float64,4,0.00044,1342,false,0.786957,false,0.786957,0.0,853925531.3,290790.50437651464,12843441.518749595,0.0,0.0,0.0,0.0,473196.30999999394,false,,34bf7b3a3cc7565fff69c461a3a5d8b63afd0f1815d7d29181d1f27c78c78c86,
F1906,Float64,13,0.001431,448,false,0.763701,false,0.763701,0.0,1.0,0.04811163599007609,0.1494956685041654,0.0,0.0,0.0,0.0,1.0,false,,3e6db18ef6120ce014ac5ae72a7b1d96c82237b30c2d77ba07b987d654f3cc69,
F1907,Float64,13,0.001431,371,false,0.861727,false,0.861727,0.0,1.0,0.021574742208071453,0.0884993866044456,0.0,0.0,0.0,0.0,0.5,false,,40a5923431047ea37896c9efddecf158a4017f094f0a80cd13f61e7aedca62a8,
F1908,Float64,13,0.001431,223,false,0.87132,false,0.87132,0.0,1.0,0.02653689378079171,0.10760720962435251,0.0,0.0,0.0,0.0,0.5,false,,a38b15f97460f8ef58372c7feaf0476f7c840334a9524db39581f14bd8cf7e0b,
F1909,Float64,13,0.001431,1526,false,0.763701,false,0.763701,0.0,9428571.429,10366.063627906186,114400.2049460822,0.0,0.0,0.0,0.0,189116.85334399677,false,,81ca1d9463b76cd4fd5c313e539eb9b7bdac47b4879da849330d061df7a2d283,
F1910,Float64,13,0.001431,909,false,0.861727,false,0.861727,0.0,3000000.0,3563.475258336557,44262.680381451326,0.0,0.0,0.0,0.0,66869.29292719986,false,,c1ce9827cff7b7145ed9377aae00e17a3bccfc60326fed58325d4b2503f074f1,
F1911,Float64,13,0.001431,793,false,0.87132,false,0.87132,0.0,9428571.429,6802.588369584313,105633.72326272096,0.0,0.0,0.0,0.0,146709.0598639995,false,,abec81a3a47c9100cd8621a5b24c6fc2d3b935318fd9a900c934c10334994e7c,
F1912,Float64,13,0.001431,308,false,0.941118,false,0.941118,0.0,0.714285714,0.005593978997794685,0.03451277908092218,0.0,0.0,0.0,0.0,0.166666667,false,,cfd1a18a1ca4ffb445b122b97a57faf8d86b6b9509f4769cd5f7a9086484f360,
F1913,Float64,13,0.001431,162,false,0.973867,false,0.973867,0.0,0.666666667,0.0016558919475135074,0.01678737419241531,0.0,0.0,0.0,0.0,0.043478261,false,,5f08e717d10ad3bd4b7a24697280d49f5843aa1b0af40c9b9f11772d43d3893c,
F1914,Float64,13,0.001431,275,false,0.947624,false,0.947624,0.0,0.561403509,0.003938087052486492,0.025452879571993336,0.0,0.0,0.0,0.0,0.125,false,,a8d30b3b27cda5b66495084537561e6b867862e55d4664aa1b72974290d723f1,
F1915,Float64,13,0.001431,526,false,0.941118,false,0.941118,0.0,10000000.0,3752.262565469764,128730.74992050015,0.0,0.0,0.0,0.0,24350.129700798894,false,,474a9b6d6befebed4f70733d88eefc1f7936cfbce618dab78c0be9a1c3d8d9b1,
F1916,Float64,13,0.001431,232,false,0.973867,false,0.973867,0.0,2940000.0,1496.6533544904596,43698.6631937346,0.0,0.0,0.0,0.0,9239.595959799864,false,,20288e824176a4437daaa281e81e86574ea6ee9c869253d928ec774eeb16e745,
F1917,Float64,13,0.001431,469,false,0.947624,false,0.947624,0.0,10000000.0,2255.6092108918424,110695.89209110998,0.0,0.0,0.0,0.0,12759.97338959996,false,,c5f09a6b6812cebb2c75c88194421dcb00c23b5e8f9c0d11a94c7ae81a5c0668,
F1918,Float64,13,0.001431,563,false,0.726431,false,0.011137,0.0,1.0,0.9462943850129009,0.1526854213233457,0.0,0.985074627,1.0,1.0,1.0,false,,17ccc16f714716568736aaa10242e4b55ccba20826fba0a97d6cd1debde9e3ae,
F1919,Float64,13,0.001431,2245,false,0.066711,false,0.066711,0.0,1.0,0.3640427523021281,0.23645423660792306,0.0,0.195402299,0.333333333,0.5,1.0,false,,a8b9ebb9516e1d1c41234444611e15cb3cac348c07061047830102349a9d4e6c,
F1920,Float64,13,0.001431,2252,false,0.05822,false,0.04146,0.0,1.0,0.5822516327090087,0.2556510382200106,0.0,0.428571429,0.620689655,0.769230769,1.0,false,,9c2e1326eacf14b8455564ba4586f07ed0c629f2862fb4ce32f189e7ecff363c,
F1921,Float64,13,0.001431,8655,false,0.011137,false,0.011137,0.0,1055684472.0,732505.932922513,14772787.286567507,0.0,7807.260417,25219.29375,115012.787,5000000.0,false,,6a5ac8abdbc888d3e6a59c6ff839e3a0603ee7826413793ef273e3c5693667bd,
F1922,Float64,13,0.001431,8020,false,0.066711,false,0.066711,0.0,527842236.1,363075.4739532031,7976076.861245826,0.0,2990.0,8984.172414,49602.5,2562439.2481999937,false,,f3f14b030a3293e0e5eedd14cbe0ddf357837349b483894bed5919dd12f5f062,
F1923,Float64,13,0.001431,8235,false,0.04146,false,0.04146,0.0,527842236.1,369430.4590066339,7784582.089122136,0.0,2953.0,9868.490566,50000.07111,2470647.723519993,false,,eb389811eb35f34e3c38ff2c67647f6e50f60d4272b407bd51d75ed244c662b0,
F1924,Float64,13,0.001431,840,false,0.559268,false,0.044658,0.0,1.0,0.8768022699502702,0.2557519920399313,0.0,0.92,1.0,1.0,1.0,false,,1034866783d662233809cb1293e0de6af63d31fc64e0a33a6f665ac3b6e338a2,
F1925,Float64,13,0.001431,2227,false,0.133642,false,0.133642,0.0,1.0,0.3297835506861837,0.24718718523826577,0.0,0.142857143,0.3,0.482142857,1.0,false,,31a1cef6872c595f752364e99ee23324266069ea50bc8d7e8754a6b5b3fe4461,
F1926,Float64,13,0.001431,2251,false,0.076194,false,0.076194,0.0,1.0,0.5470187192704818,0.27513047678033153,0.0,0.363636364,0.595238095,0.753424658,1.0,false,,3f857c92985e24fbb07bdaaf45414339d5916cc7a04e92fb1059ba03b1795a38,
F1927,Float64,13,0.001431,8325,false,0.044658,false,0.044658,0.0,555004616.8,446923.85606152035,7691347.86374699,0.0,6288.88,18876.81874,80749.02941,4345795.069559976,false,,ee0d76c2896a4027fbf2dbec27d8a829c922f2f42f07ebc19ddf77407567fd7f,
F1928,Float64,13,0.001431,7433,false,0.133642,false,0.133642,0.0,414376663.6,235544.3348378517,5134461.984815235,0.0,1881.878788,5926.272727,25355.628,2222251.9323199894,false,,5c4077fb83da550757e5aedd63f164ef40c142d5ab4c9bdf7a4979389b4aabb0,
F1929,Float64,13,0.001431,7976,false,0.076194,false,0.076194,0.0,205886264.4,211379.52119699822,3256835.3080945113,0.0,2640.5,8416.368421,41667.11167,2074427.2339199989,false,,e8f907908c45e47c56e309c8c465500f25231ec6c32ee221b6be16286e2673e0,
F1930,Float64,13,0.001431,840,false,0.559268,false,0.044658,0.0,1.0,0.8768022699502702,0.2557519920399313,0.0,0.92,1.0,1.0,1.0,false,,1034866783d662233809cb1293e0de6af63d31fc64e0a33a6f665ac3b6e338a2,F1924
F1931,Float64,13,0.001431,2227,false,0.133642,false,0.133642,0.0,1.0,0.3297835506861837,0.24718718523826577,0.0,0.142857143,0.3,0.482142857,1.0,false,,31a1cef6872c595f752364e99ee23324266069ea50bc8d7e8754a6b5b3fe4461,F1925
F1932,Float64,13,0.001431,2251,false,0.076194,false,0.076194,0.0,1.0,0.5470187192704818,0.27513047678033153,0.0,0.363636364,0.595238095,0.753424658,1.0,false,,3f857c92985e24fbb07bdaaf45414339d5916cc7a04e92fb1059ba03b1795a38,F1926
F1933,Float64,13,0.001431,8325,false,0.044658,false,0.044658,0.0,555004616.8,446923.85606152035,7691347.86374699,0.0,6288.88,18876.81874,80749.02941,4345795.069559976,false,,ee0d76c2896a4027fbf2dbec27d8a829c922f2f42f07ebc19ddf77407567fd7f,F1927
F1934,Float64,13,0.001431,7433,false,0.133642,false,0.133642,0.0,414376663.6,235544.3348378517,5134461.984815235,0.0,1881.878788,5926.272727,25355.628,2222251.9323199894,false,,5c4077fb83da550757e5aedd63f164ef40c142d5ab4c9bdf7a4979389b4aabb0,F1928
F1935,Float64,13,0.001431,7976,false,0.076194,false,0.076194,0.0,205886264.4,211379.52119699822,3256835.3080945113,0.0,2640.5,8416.368421,41667.11167,2074427.2339199989,false,,e8f907908c45e47c56e309c8c465500f25231ec6c32ee221b6be16286e2673e0,F1929
F1936,Float64,13,0.001431,337,false,0.893152,false,0.893152,0.0,0.666666667,0.00652663100595435,0.029444454604971682,0.0,0.0,0.0,0.0,0.136363636,false,,dd507fed6fc95e9408ff4624330a4f94c90cbf7146a676ca1c55fce876e6654b,
F1937,Float64,13,0.001431,1,true,1.0,true,1.0,0.0,0.0,0.0,0.0,0.0,0.0,0.0,0.0,0.0,true,0.0:9069,f9d51fed51f0d1c991311db38af94e7c6d7667e4269d9d7d0def3e750f130478,F1613
F1938,Float64,13,0.001431,337,false,0.893152,false,0.893152,0.0,0.666666667,0.00652663100595435,0.029444454604971682,0.0,0.0,0.0,0.0,0.136363636,false,,dd507fed6fc95e9408ff4624330a4f94c90cbf7146a676ca1c55fce876e6654b,F1936
F1939,Float64,13,0.001431,678,false,0.893152,false,0.893152,0.0,4234.944615,45.20333249347811,209.1906738875769,0.0,0.0,0.0,0.0,1000.0,false,,dba3552e91b971c925bad776bcf697b38caa3ddd3be80a75f3a77724e2af9675,
F1940,Float64,13,0.001431,1,true,1.0,true,1.0,0.0,0.0,0.0,0.0,0.0,0.0,0.0,0.0,0.0,true,0.0:9069,f9d51fed51f0d1c991311db38af94e7c6d7667e4269d9d7d0def3e750f130478,F1613
F1941,Float64,13,0.001431,678,false,0.893152,false,0.893152,0.0,4234.944615,45.20333249347811,209.1906738875769,0.0,0.0,0.0,0.0,1000.0,false,,dba3552e91b971c925bad776bcf697b38caa3ddd3be80a75f3a77724e2af9675,F1939
F1942,Float64,13,0.001431,269,false,0.901643,false,0.901643,0.0,0.75,0.0092670788332782,0.046586639824860575,0.0,0.0,0.0,0.0,0.25,false,,dde1c6f5f76eb7c3cd39a0866c0c91d9b1a09cc1c546d9fe375fbc97f1a8610c,
F1943,Float64,13,0.001431,2,false,0.99989,true,0.99989,0.0,0.005555556,6.125874958650346e-7,0.0000583342855852189,0.0,0.0,0.0,0.0,0.0,false,0.0:9068; 0.005555556:1,bd2910952fdb900990ff50fc36531354f4ef5d17281c9490aef6fd8423a6223e,
F1944,Float64,13,0.001431,270,false,0.901643,false,0.901643,0.0,0.75,0.0092664662458926,0.04658665209904277,0.0,0.0,0.0,0.0,0.25,false,,cbe00dbdd8d68ec0dc656cde95ca2ae7ac0cdade20496352fddabcfa5eaca525,
F1945,Float64,13,0.001431,615,false,0.901643,false,0.901643,0.0,53100.0,20.29340503008568,645.1344257859653,0.0,0.0,0.0,0.0,161.5312786639996,false,,0721fc42245e1c2ab6a1ae67a7e6708ab3cc8b89566bd427803b9c9521e42f71,
F1946,Float64,13,0.001431,2,false,0.99989,true,0.99989,0.0,8.505555556,0.0009378713811886646,0.08930978409085415,0.0,0.0,0.0,0.0,0.0,false,0.0:9068; 8.505555556:1,d13ff3fc3991f66d7f26e5106f76f9a47686e21aa5d3e36b83d7dc9aa6fe11f0,
F1947,Float64,13,0.001431,614,false,0.901643,false,0.901643,0.0,53100.0,20.292467158705037,645.1344467219715,0.0,0.0,0.0,0.0,161.5312786639996,false,,a94b1f839594425809e55e1d36b732b97c0c5b43276b5c08722ddac9e7230b84,
F1948,Float64,13,0.001431,314,false,0.876172,false,0.876172,0.0,0.6,0.012667964286580659,0.05043142793462407,0.0,0.0,0.0,0.0,0.285714286,false,,388747a30ef8310217ef8ea40e6a14f4b167c05e85db6c1ff6c2fb980a428443,
F1949,Float64,13,0.001431,53,false,0.993825,true,0.993825,0.0,0.279569892,0.0002787091805050171,0.006142085879927584,0.0,0.0,0.0,0.0,0.0,false,,e152fc35d6a201914ad98a73b7181799cacdbfc26e76703c82855c0590f30fa2,
F1950,Float64,13,0.001431,289,false,0.881464,false,0.881464,0.0,0.6,0.012389255106075643,0.050075296434556486,0.0,0.0,0.0,0.0,0.285714286,false,,09421373a354af1aa1b630f4dd70fd1dc293228924e672f6cbe7d708f501f7f8,
F1951,Float64,13,0.001431,758,false,0.876172,false,0.876172,0.0,20410.36694,24.992972946595764,506.48887140073583,0.0,0.0,0.0,0.0,110.78055555199985,false,,93de1d13b60066b1972ad0f00c2925dfbda241a77fcc61b39d4a6702cb7dbd33,
F1952,Float64,13,0.001431,57,false,0.993825,true,0.993825,0.0,17128.86598,13.278642753239607,363.4898930806889,0.0,0.0,0.0,0.0,0.0,false,,fe4d39f0b102fc99995ca83e5c1b083dcd85316144d1f5d9ac86e8867e2d54a8,
F1953,Float64,13,0.001431,709,false,0.881464,false,0.881464,0.0,20410.36694,11.714330193312492,353.06119335043945,0.0,0.0,0.0,0.0,60.11999999999898,false,,90879980135b019538c3c87c748b526a84d217d3aabbbcc15d09b56a053c152b,
F1954,Float64,13,0.001431,227,false,0.947734,false,0.947734,0.0,0.6,0.0025869685160436655,0.021712372880828546,0.0,0.0,0.0,0.0,0.058823529,false,,1a0d964eed99c7b984357914767461f3ca4533909d5b91a240205b07b009474e,
F1955,Float64,13,0.001431,53,false,0.994046,true,0.994046,0.0,0.481481481,0.00032593006560811556,0.008939753263453129,0.0,0.0,0.0,0.0,0.0,false,,5a2acb121aca1612c5cbc22fd1671adc78cc64be2f2389811bdad23a67fb4cbc,
F1956,Float64,13,0.001431,199,false,0.952145,false,0.952145,0.0,0.555555556,0.0022610384503252835,0.018869054734582492,0.0,0.0,0.0,0.0,0.052631579,false,,a3f85821ca66c1bae572689c2e0bd05216629308ec1f0d4b26a52c6156796c74,
F1957,Float64,13,0.001431,432,false,0.947734,false,0.947734,0.0,1413266.667,765.9631628018244,18997.388564237866,0.0,0.0,0.0,0.0,4298.221655439982,false,,0174dfafb5fe994bda89477ef4493eb8f741e40b63cf5f0618742a298de11750,
F1958,Float64,13,0.001431,54,false,0.994046,true,0.994046,0.0,572531.2632,236.9992934155709,9167.146017647672,0.0,0.0,0.0,0.0,0.0,false,,86dfcb92f4f58432ba175a4140712d21fa11ab931d46edb361c7f8636b7c7223,
F1959,Float64,13,0.001431,392,false,0.952145,false,0.952145,0.0,1413266.667,528.9638693838419,16627.92147929705,0.0,0.0,0.0,0.0,1910.1175075199883,false,,5a3c68cb5537f12511cc772408cb2b1fffdf2efa35e7677abfd9eeefdc603c39,
F1960,Float64,13,0.001431,1949,false,0.312934,false,0.312934,0.0,1.0,0.20773893602205318,0.26308934250671595,0.0,0.0,0.097826087,0.309090909,1.0,false,,7cc47e189bed178293eca4b220fd637c46c433b06b030d65d73f0924165fef38,
F1961,Float64,13,0.001431,1615,false,0.404014,false,0.404014,0.0,1.0,0.10570073295997352,0.1510124116610798,0.0,0.0,0.040540541,0.16,0.666666667,false,,0cdeea206cb0cd35ac96ecfa76f706282d189f7ceccd8d295b6f199f83159436,
F1962,Float64,13,0.001431,1416,false,0.643511,false,0.643511,0.0,1.0,0.10203820306604919,0.19299713973019395,0.0,0.0,0.0,0.125,0.8133017751199986,false,,e8812061fb6997a87209fcacc5de3c96b25b5037410677654276770fdbebc655,
F1963,Float64,13,0.001431,5933,false,0.312934,false,0.312934,0.0,361252953.1,269750.5235908148,5017502.222994908,0.0,0.0,3290.980392,29246.96721,2267291.7759999842,false,,51c72fc9fc3c655f5d252e1a7b1962f0bfb17a67651b4d504fdfae5b729107e2,
F1964,Float64,13,0.001431,5143,false,0.404014,false,0.404014,0.0,220625000.0,146352.7673868788,2995063.1537959017,0.0,0.0,913.875,10000.0,1205540.4287999987,false,,8666cec3331335260682b9e5f24b09e299b2a256bd289a2edbec9cf2f896ff4b,
F1965,Float64,13,0.001431,3079,false,0.643511,false,0.643511,0.0,140627953.1,123397.75620065961,2109190.056797614,0.0,0.0,0.0,9090.909091,1075871.6032399968,false,,995e8ea4b9e96a6217cd8d123c86c30ad3b75a3ac04bc8e8cea26fe39109f599,
F1966,Float64,13,0.001431,1877,false,0.257581,false,0.257581,0.0,1.0,0.5483077033285919,0.3962144087533434,0.0,0.0,0.710843373,0.904761905,1.0,false,,f8d0355632374244d678885aaa01e671b66dcd91afb042c45d5ad7c29545b53e,
F1967,Float64,13,0.001431,1952,false,0.367516,false,0.367516,0.0,1.0,0.17549022576017204,0.22417840019044954,0.0,0.0,0.085106383,0.272727273,0.893939394,false,,46fbe4304f3562ce524f81a516b0dffa754a3b9b2353c090e61d913b11e5caf9,
F1968,Float64,13,0.001431,1775,false,0.357151,false,0.357151,0.0,1.0,0.3728174775765795,0.33546807778737486,0.0,0.0,0.416666667,0.666666667,1.0,false,,e57d8411981cd2d27533c7062b1b37f5298111abf59ed9467933a88e856f8da7,
F1969,Float64,13,0.001431,6551,false,0.257581,false,0.257581,0.0,300000.0,8102.068301640846,15493.94083232179,0.0,0.0,3539.166667,8185.281405,78206.29992159987,false,,389758c19981547c1a768d196c351cba6ed4c0923cf44885c8d94feff53a8444,
F1970,Float64,13,0.001431,5305,false,0.367516,false,0.367516,0.0,117270.0,2034.389851576014,4224.654806612907,0.0,0.0,357.8615385,2311.491803,20084.213205999957,false,,2be602cace86828970f9e9f29ffd4f297fdb2dc94cf04b9efc1ba10e078e92a8,
F1971,Float64,13,0.001431,5692,false,0.357151,false,0.357151,0.0,300000.0,6067.678450087623,14632.391305297331,0.0,0.0,1682.030928,4956.64486,75000.0,false,,134e624be9dd958c0dd69e680a29ba12efb9c37bc832d760c1d6614d2724b612,
F1972,Float64,13,0.001431,1241,false,0.499394,false,0.499394,0.0,1.0,0.08625995593924357,0.15471747055277826,0.0,0.0,0.001367989,0.102040816,0.696657936239999,false,,780da4a2f20f04057f31a6208555bd18bc7c8f37ad524e69e7e5447de72b45c5,
F1973,Float64,13,0.001431,1176,false,0.550777,false,0.550777,0.0,1.0,0.0652260395835263,0.12773285494270625,0.0,0.0,0.0,0.068965517,0.6,false,,fc80b08ae7499f40a2384be18d963c6c764b156c4435e8671e9da15c98b897c2,
F1974,Float64,13,0.001431,385,false,0.881023,false,0.881023,0.0,1.0,0.02103391635516595,0.0846152353293658,0.0,0.0,0.0,0.0,0.42279341459999753,false,,37c1a612a1b79c56730b325ddc509711640aa54dee03867f7b6ddff8960aaefa,
F1975,Float64,13,0.001431,4235,false,0.499394,false,0.499394,0.0,361252953.1,205938.48531725802,4513804.7098365845,0.0,0.0,0.026052632,11352.42606,1820853.8477599998,false,,57cfd610b2ffd6f299478a23b8c26b63426dd28067a399345f5e8d37c7ed89b4,
F1976,Float64,13,0.001431,3886,false,0.550777,false,0.550777,0.0,220625000.0,144083.2138014876,2995115.9229123686,0.0,0.0,0.0,5310.945946,1205540.4287999987,false,,749bd4292bcf842ad45c779b16ab07106efec212a2e3f6c7a46b77dd884d3616,
F1977,Float64,13,0.001431,958,false,0.881023,false,0.881023,0.0,140627953.1,61855.27152239259,1694827.5353387035,0.0,0.0,0.0,0.0,613091.1337119993,false,,1176344018db9c8658274e7e62825cad96e9555eaf8029003dd928295799637e,
F1978,Float64,13,0.001431,693,false,0.851803,false,0.851803,0.0,1.0,0.024740770389127798,0.09802528758585942,0.0,0.0,0.0,0.0,0.5,false,,6bfaed2fa61f64f079ebcc7754dc99c03736d1f5bc29679382b686658207ed9f,
F1979,Float64,13,0.001431,351,false,0.935936,false,0.935936,0.0,1.0,0.0062936864967471605,0.04146848357457394,0.0,0.0,0.0,0.0,0.18452241687999973,false,,47684ea08fc91db27451848a9cc9ee82cb6b90f58fcaf92d02f2370912fff8fe,
F1980,Float64,13,0.001431,578,false,0.882457,false,0.882457,0.0,1.0,0.01844708389204984,0.08104907440891372,0.0,0.0,0.0,0.0,0.4234586470399978,false,,131b19978a07c3b50dddc800c1e8652ca649c5730b4b3ad026b900dc73a6d411,
F1981,Float64,13,0.001431,1232,false,0.851803,false,0.851803,0.0,2250000.0,5314.820530085425,52770.759481960114,0.0,0.0,0.0,0.0,114813.98598799975,false,,b6b51d0af92ee91e9d7a9d543e51eb350e2017d1140fae5757c8d7fff0f22b05,
F1982,Float64,13,0.001431,537,false,0.935936,false,0.935936,0.0,2000000.0,1061.2842154366062,23271.154875477565,0.0,0.0,0.0,0.0,17382.249877599974,false,,da45319788dd979ea6ee871b125882d0ff969d1d065466b4a0b4a09a8618280b,
F1983,Float64,13,0.001431,999,false,0.882457,false,0.882457,0.0,2250000.0,4253.536314688614,46227.67674723714,0.0,0.0,0.0,0.0,92538.87076919973,false,,fb0123b27677131c2957e906de1440827b4210e21743d1ffcc9525895893bc34,
F1984,Float64,13,0.001431,143,false,0.974308,false,0.974308,0.0,0.5,0.0019016479155364427,0.018461009094208267,0.0,0.0,0.0,0.0,0.055555556,false,,53d503250c38944d07904d5e5cb8b208d5deb75ab69cfeb4a9a999df7e30562e,
F1985,Float64,13,0.001431,3,false,0.999779,true,0.999779,0.0,0.027027027,4.375924026904841e-6,0.0003133584937154559,0.0,0.0,0.0,0.0,0.0,false,0.0:9067; 0.012658228:1; 0.027027027:1,33f5eec1a65771b7177036e968e5f9ae844cded7707916b8602454f55105247e,
F1986,Float64,13,0.001431,143,false,0.974308,false,0.974308,0.0,0.5,0.001897271991509538,0.018435587717033904,0.0,0.0,0.0,0.0,0.055555556,false,,c4781b7832a72242ba5954880856b0911bbf05dc1b9aa57edca553964148d93e,
F1987,Float64,13,0.001431,232,false,0.974308,false,0.974308,0.0,15085.71429,17.565092792932848,316.2732741211744,0.0,0.0,0.0,0.0,205.96721309199992,false,,74fe756f16d4dedad0b7c6fde3b2c857b73497c81a26b43e314c5f43df7a5a23,
F1988,Float64,13,0.001431,3,false,0.999779,true,0.999779,0.0,177.4683544,0.025528989794905723,1.9479087643827142,0.0,0.0,0.0,0.0,0.0,false,0.0:9067; 54.05405405:1; 177.4683544:1,2b725d976c13923346369e8feea392ca6c2c5585dd8ec3966d907262d08a32ad,
F1989,Float64,13,0.001431,232,false,0.974308,false,0.974308,0.0,15085.71429,17.539563803187562,316.194169392834,0.0,0.0,0.0,0.0,205.96721309199992,false,,28e98f03ce306adac1cf7bfff7d901832245a01f040dbd0c82c5093e3a95b50a,
F1990,Float64,13,0.001431,1,true,1.0,true,1.0,0.0,0.0,0.0,0.0,0.0,0.0,0.0,0.0,0.0,true,0.0:9069,f9d51fed51f0d1c991311db38af94e7c6d7667e4269d9d7d0def3e750f130478,F1613
F1991,Float64,13,0.001431,1,true,1.0,true,1.0,0.0,0.0,0.0,0.0,0.0,0.0,0.0,0.0,0.0,true,0.0:9069,f9d51fed51f0d1c991311db38af94e7c6d7667e4269d9d7d0def3e750f130478,F1613
F1992,Float64,13,0.001431,1,true,1.0,true,1.0,0.0,0.0,0.0,0.0,0.0,0.0,0.0,0.0,0.0,true,0.0:9069,f9d51fed51f0d1c991311db38af94e7c6d7667e4269d9d7d0def3e750f130478,F1613
F1993,Float64,13,0.001431,1,true,1.0,true,1.0,0.0,0.0,0.0,0.0,0.0,0.0,0.0,0.0,0.0,true,0.0:9069,f9d51fed51f0d1c991311db38af94e7c6d7667e4269d9d7d0def3e750f130478,F1613
F1994,Float64,13,0.001431,1,true,1.0,true,1.0,0.0,0.0,0.0,0.0,0.0,0.0,0.0,0.0,0.0,true,0.0:9069,f9d51fed51f0d1c991311db38af94e7c6d7667e4269d9d7d0def3e750f130478,F1613
F1995,Float64,13,0.001431,1,true,1.0,true,1.0,0.0,0.0,0.0,0.0,0.0,0.0,0.0,0.0,0.0,true,0.0:9069,f9d51fed51f0d1c991311db38af94e7c6d7667e4269d9d7d0def3e750f130478,F1613
F1996,Float64,13,0.001431,54,false,0.991179,true,0.991179,0.0,0.666666667,0.0010238468724225382,0.017629193684824296,0.0,0.0,0.0,0.0,0.0,false,,2f5521d5c216c27097bd11c94578ed48b1e5dbad71b780c3c9a5004111013562,
F1997,Float64,13,0.001431,54,false,0.991179,true,0.991179,0.0,0.666666667,0.0010238468724225382,0.017629193684824296,0.0,0.0,0.0,0.0,0.0,false,,2f5521d5c216c27097bd11c94578ed48b1e5dbad71b780c3c9a5004111013562,F1996
F1998,Float64,13,0.001431,1,true,1.0,true,1.0,0.0,0.0,0.0,0.0,0.0,0.0,0.0,0.0,0.0,true,0.0:9069,f9d51fed51f0d1c991311db38af94e7c6d7667e4269d9d7d0def3e750f130478,F1613
F1999,Float64,13,0.001431,77,false,0.991179,true,0.991179,0.0,37500.0,5.716318122813872,396.9151200886117,0.0,0.0,0.0,0.0,0.0,false,,a204669cfbf0f7f8dda6042cd207742ef6e5319c93761f31b3ac54164397edec,
F2000,Float64,13,0.001431,77,false,0.991179,true,0.991179,0.0,37500.0,5.716318122813872,396.9151200886117,0.0,0.0,0.0,0.0,0.0,false,,a204669cfbf0f7f8dda6042cd207742ef6e5319c93761f31b3ac54164397edec,F1999
F2001,Float64,13,0.001431,1,true,1.0,true,1.0,0.0,0.0,0.0,0.0,0.0,0.0,0.0,0.0,0.0,true,0.0:9069,f9d51fed51f0d1c991311db38af94e7c6d7667e4269d9d7d0def3e750f130478,F1613
F2002,Float64,13,0.001431,396,false,0.880582,false,0.880582,0.0,1.0,0.016982820032748924,0.08932660460345926,0.0,0.0,0.0,0.0,0.4,false,,905bec799af065e12b43428397e220a577b92d8567419e5196267c2e1af8cc37,
F2003,Float64,13,0.001431,174,false,0.970669,false,0.970669,0.0,1.0,0.0028934209949277763,0.034488533733138545,0.0,0.0,0.0,0.0,0.058823529,false,,58ab112d20304cb1e317525a64f368cb6890b26efac74bd82b83c20cf5a44ed3,
F2004,Float64,13,0.001431,336,false,0.902966,false,0.902966,0.0,1.0,0.014089399036939022,0.08103476400070232,0.0,0.0,0.0,0.0,0.333333333,false,,05e740a8208823105e46a9caec86e646db95086003b6331479cc032de3271f8d,
F2005,Float64,13,0.001431,1040,false,0.880582,false,0.880582,0.0,5103000.0,6406.345693628902,97202.18746952117,0.0,0.0,0.0,0.0,110191.99999999983,false,,7ea476899445129cd4942af004c28f73631dee2ebcd5fde1eea76c0ad5b9e3a7,
F2006,Float64,13,0.001431,264,false,0.970669,false,0.970669,0.0,5103000.0,2230.2312213309697,68155.43300308038,0.0,0.0,0.0,0.0,1948.0083335599777,false,,79b4fcb9453ac25dd20179d400fb3ec4f431e1bf7fa16f07749e83f69f467b55,
F2007,Float64,13,0.001431,844,false,0.902966,false,0.902966,0.0,3408193.298,4176.114472304226,59120.05965323489,0.0,0.0,0.0,0.0,84010.01975239938,false,,b907e530b363722c4ea4bc022d517fd4112d939db79c50c3be789f3594d41bec,
F2008,Float64,13,0.001431,305,false,0.886095,false,0.886095,0.0,0.75,0.009066514340941668,0.04366815401727107,0.0,0.0,0.0,0.0,0.21023809491999826,false,,b876eeebc675d46e99944540c98bc401f12426c12abf29d9ed06490ef0eeb0e0,
F2009,Float64,13,0.001431,143,false,0.965266,false,0.965266,0.0,0.75,0.0039906595353401695,0.03192494192736553,0.0,0.0,0.0,0.0,0.13390990963999946,false,,6286fd378fb76921899b24fcfa453c5e4174118cee91310d7205634cac4f91cb,
F2010,Float64,13,0.001431,256,false,0.915206,false,0.915206,0.0,0.714285714,0.005075854805932297,0.027736629643847592,0.0,0.0,0.0,0.0,0.13247798751999965,false,,cd85e6902362e6bc8e154b9c260884604f86c92cc252c1b60fab59a9aa993c57,
F2011,Float64,13,0.001431,958,false,0.886095,false,0.886095,0.0,1742417.5,1386.0840173918825,27253.68465068356,0.0,0.0,0.0,0.0,8171.613333559972,false,,ff8e8e183b178dfaccbbdcd68e1961eba6993f28e68e078425909e76afa8dfd1,
F2012,Float64,13,0.001431,308,false,0.965266,false,0.965266,0.0,1742417.5,1145.1275094347984,26497.406053325358,0.0,0.0,0.0,0.0,354.46741335599654,false,,e8ab213bc9a4c45d8d81c6306ac4fc3bf0c218f3cf8fbc8dbad0cf05b365af6c,
F2013,Float64,13,0.001431,701,false,0.915206,false,0.915206,0.0,530098.5405,240.95650795623462,6417.6646205762945,0.0,0.0,0.0,0.0,2254.2059673599992,false,,e69268454bb864ffd2ee548bd0dc621f1640e6eab97fa8549428600b52e2393c,
F2014,Float64,7,0.000771,724,false,0.712617,false,0.712617,0.0,1.0,0.04710136917355372,0.1407978868227988,0.0,0.0,0.0,0.010869565,0.6733333335000056,false,,b66698a2a98475ad598cab99c04c4fe1ac9b36e4a5e1c68fab433b58c9befa62,
F2015,Float64,7,0.000771,582,false,0.829972,false,0.829972,0.0,1.0,0.02200499474060606,0.08509055530845454,0.0,0.0,0.0,0.0,0.5,false,,5cfa083239260a519c6031c60305f191854234a569eb2bf43674d6747cb1dd4f,
F2016,Float64,7,0.000771,383,false,0.837796,false,0.837796,0.0,1.0,0.025096374430853993,0.0958158749273588,0.0,0.0,0.0,0.0,0.5,false,,5e5bbf9a79feed9f351fa8a1691c93a726e9862784cc5b62b359df7947f79962,
F2017,Float64,7,0.000771,1993,false,0.712617,false,0.712617,0.0,7333333.333,9736.14790852117,94523.4201692295,0.0,0.0,0.0,344.8275862,177780.00000000064,false,,2e8bfeb860e158eec2b16ebc8b42c779957a75cfea669d1a0eea7e898e088acb,
F2018,Float64,7,0.000771,1186,false,0.829972,false,0.829972,0.0,2500000.0,3369.2520042090873,39856.604566182774,0.0,0.0,0.0,0.0,63766.66666420036,false,,8a861679e036258b389a43e9f4fa23955565319b9332dbcf6a284b47e9c920dd,
F2019,Float64,7,0.000771,1062,false,0.837796,false,0.837796,0.0,7333333.333,6366.895904327373,85869.50202685213,0.0,0.0,0.0,0.0,138797.50000000035,false,,b1546753ab5162ab4def82964de6539a20cc7a2469180c01ca840d20f5f1b934,
F2020,Float64,7,0.000771,498,false,0.911295,false,0.911295,0.0,0.645833333,0.006880105134104682,0.03680733893484378,0.0,0.0,0.0,0.0,0.17811745580000002,false,,ab4d051ad9677e748f9a0fa4c809554b706d57fa0b04c45dddd88f5420526cec,
F2021,Float64,7,0.000771,293,false,0.952287,false,0.952287,0.0,0.5,0.0021622234797796145,0.017077509296680577,0.0,0.0,0.0,0.0,0.058823529,false,,aa4c5a490213334bddd84870ac3e62744eaf06064567cebb4a43054b3fe7aba7,
F2022,Float64,7,0.000771,425,false,0.924628,false,0.924628,0.0,0.605769231,0.004717881654655647,0.027870465756315643,0.0,0.0,0.0,0.0,0.127659574,false,,c2fac03dd1571bbdc5e682e9a8449f0b23f9f2d535da728d9f9ce0c5b0ff04c1,
F2023,Float64,7,0.000771,797,false,0.911295,false,0.911295,0.0,7777777.778,3098.385896551938,90225.30514907878,0.0,0.0,0.0,0.0,38030.42192940001,false,,90f0359ef8e69ba39802c6e1aa655173eac6d2370a4d9ea35ded332eefdef158,
F2024,Float64,7,0.000771,427,false,0.952287,false,0.952287,0.0,2125000.0,1202.3088135510739,28491.786191818068,0.0,0.0,0.0,0.0,13670.141565000022,false,,9f3c2c8a3bf685bb82afd94f4b8c1e7aa0eb0358381b0803366c1ed0e77c5cbe,
F2025,Float64,7,0.000771,677,false,0.924628,false,0.924628,0.0,7777777.778,1896.0770830170327,83238.8185724241,0.0,0.0,0.0,0.0,17109.64272680004,false,,5ed8f8c2aa64bc0024f78d52f721e6819ec4db1fb7662cbb8550449717ae5008,
F2026,Float64,7,0.000771,902,false,0.665124,false,0.007603,0.0,1.0,0.9460185256942147,0.14482453141530208,0.26139810455999996,0.97826087,1.0,1.0,1.0,false,,b10b58697b388f6a9bb230973e461c03db9cdeacfa672435e5e713b6ffb5f083,
F2027,Float64,7,0.000771,3326,false,0.042534,false,0.038457,0.0,1.0,0.3693692203349862,0.22611354381587037,0.0,0.204081633,0.333333333,0.5,0.9805315016600002,false,,b725899cf9b7cf34b3c96b34ba6dee87eb00493b6a412abf7336904cbd891dcb,
F2028,Float64,7,0.000771,3348,false,0.048044,false,0.035813,0.0,1.0,0.5766493053574655,0.24677231287563184,0.0,0.428571429,0.615384615,0.76228568,1.0,false,,8af62720cc09e70668817e7d9bdc3387c12ab6223d98326daa33e82f88baa488,
F2029,Float64,7,0.000771,8794,false,0.007603,false,0.007603,0.0,1303181408.0,719821.0220217608,16396129.037902309,252.098076194,7282.298922,23206.14364,104732.09875,4100328.710320012,false,,1329c24de8e4fd0d4fab30621a719b3d4cf3a4fe2315fd526582f86c1be1327e,
F2030,Float64,7,0.000771,8412,false,0.038457,false,0.038457,0.0,651590704.0,379504.2310147378,8787131.456146825,0.0,3127.473479,9701.253,49559.963635,2334628.9253000002,false,,4b139d045facdf6ac7803c416bf7e98482fbcda86ccca80d64d6eb94afaefd41,
F2031,Float64,7,0.000771,8452,false,0.035813,false,0.035813,0.0,651590704.0,340316.79098567565,7945219.906773491,0.0,2738.1426515000003,8936.267857,43656.67143,2019204.8446800078,false,,6b7ffc4fefb70a2ebdc6ecbcddd2272e2b08202e5035bb2de670e43cbf5209e7,
F2032,Float64,7,0.000771,1359,false,0.431956,false,0.038567,0.0,1.0,0.8743548245203305,0.24899449946339663,0.0,0.9068782025,0.98989899,1.0,1.0,false,,e0f7cb125b7e1cc28f9d201dd5919f8554a7acd64d511f4d1f8454d968a4a3c2,
F2033,Float64,7,0.000771,3294,false,0.102369,false,0.102369,0.0,1.0,0.3356018868829752,0.23924078078468441,0.0,0.157894737,0.306451613,0.478019324,0.97206530944,false,,2a041121cb5c5e89e67f62f66ece4f6ef9e1d4edb248769c0aff5decd9ff5e8c,
F2034,Float64,7,0.000771,3357,false,0.069972,false,0.069972,0.0,1.0,0.5387529376459504,0.26615106677540723,0.0,0.35859310899999997,0.588235294,0.7469116975000001,0.9888039868000004,false,,6db91267bcd3c95a436fa773bad6af642e826ca2a997c48afc313b6ae04d736c,
F2035,Float64,7,0.000771,8474,false,0.038567,false,0.038567,0.0,493337437.1,430973.5028399619,7511130.442886847,0.0,5915.0222355,17540.45729,73451.65361000001,3387488.746780017,false,,314d77d819ac24730c2036566cc29a559d4edf2491276da900d6a16f22fed515,
F2036,Float64,7,0.000771,7825,false,0.102369,false,0.102369,0.0,368334812.1,241643.77783504062,4967346.436925968,0.0,2064.0305344999997,6163.157895,25902.272585,1843520.3512200012,false,,22f20f4b4e9579fda65ccccddf8f560c22cb7b091564d1b53c9cf4c4a6e4db30,
F2037,Float64,7,0.000771,8202,false,0.069972,false,0.069972,0.0,131157131.3,189329.72500550913,2908370.4952136083,0.0,2444.915921,7757.269231,37006.41338,1677700.2873000053,false,,adc7fa9a3129cdb2355ce4899fdcb9c3851a49d3912d9708b2068cb67dd95c35,
F2038,Float64,7,0.000771,1359,false,0.431956,false,0.038567,0.0,1.0,0.8743548245203305,0.24899449946339663,0.0,0.9068782025,0.98989899,1.0,1.0,false,,e0f7cb125b7e1cc28f9d201dd5919f8554a7acd64d511f4d1f8454d968a4a3c2,F2032
F2039,Float64,7,0.000771,3294,false,0.102369,false,0.102369,0.0,1.0,0.3356018868829752,0.23924078078468441,0.0,0.157894737,0.306451613,0.478019324,0.97206530944,false,,2a041121cb5c5e89e67f62f66ece4f6ef9e1d4edb248769c0aff5decd9ff5e8c,F2033
F2040,Float64,7,0.000771,3357,false,0.069972,false,0.069972,0.0,1.0,0.5387529376459504,0.26615106677540723,0.0,0.35859310899999997,0.588235294,0.7469116975000001,0.9888039868000004,false,,6db91267bcd3c95a436fa773bad6af642e826ca2a997c48afc313b6ae04d736c,F2034
F2041,Float64,7,0.000771,8474,false,0.038567,false,0.038567,0.0,493337437.1,430973.5028399619,7511130.442886847,0.0,5915.0222355,17540.45729,73451.65361000001,3387488.746780017,false,,314d77d819ac24730c2036566cc29a559d4edf2491276da900d6a16f22fed515,F2035
F2042,Float64,7,0.000771,7825,false,0.102369,false,0.102369,0.0,368334812.1,241643.77783504062,4967346.436925968,0.0,2064.0305344999997,6163.157895,25902.272585,1843520.3512200012,false,,22f20f4b4e9579fda65ccccddf8f560c22cb7b091564d1b53c9cf4c4a6e4db30,F2036
F2043,Float64,7,0.000771,8202,false,0.069972,false,0.069972,0.0,131157131.3,189329.72500550913,2908370.4952136083,0.0,2444.915921,7757.269231,37006.41338,1677700.2873000053,false,,adc7fa9a3129cdb2355ce4899fdcb9c3851a49d3912d9708b2068cb67dd95c35,F2037
F2044,Float64,7,0.000771,570,false,0.855647,false,0.855647,0.0,0.68,0.006891025408484847,0.029650924912498704,0.0,0.0,0.0,0.0,0.1196782605800001,false,,4c4f7ee573bbdd919565acc5ccd18fe432c95134c69fc2ea1bffacf7af0e5434,
F2045,Float64,7,0.000771,1,true,1.0,true,1.0,0.0,0.0,0.0,0.0,0.0,0.0,0.0,0.0,0.0,true,0.0:9075,840a34ff8c9adc3fb7a9c96c9fffd6c6811da72402ae2a360902727fef21f165,F1721
F2046,Float64,7,0.000771,570,false,0.855647,false,0.855647,0.0,0.68,0.006891025408484847,0.029650924912498704,0.0,0.0,0.0,0.0,0.1196782605800001,false,,4c4f7ee573bbdd919565acc5ccd18fe432c95134c69fc2ea1bffacf7af0e5434,F2044
F2047,Float64,7,0.000771,984,false,0.855647,false,0.855647,0.0,5210.856,45.557314580099614,198.8792969338523,0.0,0.0,0.0,0.0,862.1804018140015,false,,7f217861e3189e12e3f914300631a8deb368fff29127b42f611cd1ed83b4d50a,
F2048,Float64,7,0.000771,1,true,1.0,true,1.0,0.0,0.0,0.0,0.0,0.0,0.0,0.0,0.0,0.0,true,0.0:9075,840a34ff8c9adc3fb7a9c96c9fffd6c6811da72402ae2a360902727fef21f165,F1721
F2049,Float64,7,0.000771,984,false,0.855647,false,0.855647,0.0,5210.856,45.557314580099614,198.8792969338523,0.0,0.0,0.0,0.0,862.1804018140015,false,,7f217861e3189e12e3f914300631a8deb368fff29127b42f611cd1ed83b4d50a,F2047
F2050,Float64,7,0.000771,475,false,0.855868,false,0.855868,0.0,0.6,0.009778254597906336,0.04590717198569627,0.0,0.0,0.0,0.0,0.25,false,,d3de40bd49e6e9875ee5e9e0764fc961cae9aead14bd9fc8da1a17ca7de679b8,
F2051,Float64,7,0.000771,9,false,0.999118,true,0.999118,0.0,0.166666667,0.00002955318479338843,0.0018365481065859236,0.0,0.0,0.0,0.0,0.0,false,0.0:9067; 0.005730659:1; 0.006666667:1; 0.005128205:1; 0.166666667:1,15c3aedde20611ac7a5c42153733572eaf5861b3717395f16d917bf7a7c724c5,
F2052,Float64,7,0.000771,473,false,0.856088,false,0.856088,0.0,0.6,0.00974870141322314,0.04578545826475651,0.0,0.0,0.0,0.0,0.25,false,,1585048258eb1773fd6b07bdb4e106b5925f4b0533e26ac4f115517ad262e5a3,
F2053,Float64,7,0.000771,953,false,0.855868,false,0.855868,0.0,123187.1819,57.373034114378726,1874.3455350890667,0.0,0.0,0.0,0.0,236.9269612260009,false,,205283b01de0e5638c5e5686b8e9750f0fda0c20b279d32dce6d9c4df39c3a10,
F2054,Float64,7,0.000771,9,false,0.999118,true,0.999118,0.0,349.6503497,0.10481881629972452,5.43205482831757,0.0,0.0,0.0,0.0,0.0,false,0.0:9067; 2.95:1; 13.0:1; 12.59728205:1; 234.3235507:1,e9fb5fc6553f5fc5a85a8992955f9ff02e8bb9e7f2f09283ed1764204ff355b1,
F2055,Float64,7,0.000771,951,false,0.856088,false,0.856088,0.0,123172.8962,57.26821529962171,1874.1562399417035,0.0,0.0,0.0,0.0,229.6949503160018,false,,b4c5f8efdc8557244ea4febaa44488bfed444e9b155fe1734d8f9701e291c104,
F2056,Float64,7,0.000771,529,false,0.840882,false,0.840882,0.0,0.6,0.012176937500782367,0.04711669637821651,0.0,0.0,0.0,0.0,0.25,false,,128e03bd326373404cb635530aabeaae5f1e798d6f4117c27b4a68ee6265d752,
F2057,Float64,7,0.000771,65,false,0.992507,true,0.992507,0.0,0.269541779,0.0002574912351515151,0.005725772963748326,0.0,0.0,0.0,0.0,0.0,false,,2a28d0c4b86ce82e3dedb7d2f66c835df1b3cdeb6f6560a394b59ea126f52147,
F2058,Float64,7,0.000771,496,false,0.847383,false,0.847383,0.0,0.6,0.011919446265630853,0.04678183144377077,0.0,0.0,0.0,0.0,0.25,false,,a0cba5b4c9b39d52009c3ab431b6bd5582372456468532885ea2ff3fbdb22eab,
F2059,Float64,7,0.000771,1086,false,0.840882,false,0.840882,0.0,34972.27407,31.56169021849355,660.1850249231469,0.0,0.0,0.0,0.0,135.3378865700004,false,,c1cf7fe36159d2492dc0b63126a4e25e78f0a9b57a464f16919a6aa28cb6665a,
F2060,Float64,7,0.000771,68,false,0.992507,true,0.992507,0.0,34972.27407,21.022749902916804,594.7192531524503,0.0,0.0,0.0,0.0,0.0,false,,3097768abc9c9263739b9b6220e6cb48affc6677cc002978e3a8310c212b5d36,
F2061,Float64,7,0.000771,1028,false,0.847383,false,0.847383,0.0,16001.72768,10.538940315605732,287.3223146381396,0.0,0.0,0.0,0.0,71.38462142760012,false,,c806f3f254086121bb9c7afb912dec07f0595a46d0647252acc74099e3a49b89,
F2062,Float64,7,0.000771,399,false,0.87427,false,0.87427,0.0,0.502923977,0.00395549745862259,0.020850845430608726,0.0,0.0,0.0,0.0,0.083333333,false,,09c3ee0c74af6d0f5e3e48d5b60156941f1808fb5331a99415085425a07db8be,
F2063,Float64,7,0.000771,74,false,0.991405,true,0.991405,0.0,0.342105263,0.00027505213884297517,0.007356173197837426,0.0,0.0,0.0,0.0,0.0,false,,7a7919af6ebb1edec44fd9cf1c66d542d948242ae79484a09f9a9ae1c863151f,
F2064,Float64,7,0.000771,371,false,0.879008,false,0.879008,0.0,0.479532164,0.003680445319669421,0.018818477147537347,0.0,0.0,0.0,0.0,0.0715621785000001,false,,edc55d1a3619f2cbc9928efd89839a4e2da65956d12da35a3902074fca1b38a3,
F2065,Float64,7,0.000771,808,false,0.87427,false,0.87427,0.0,921695.6522,644.2306570292975,14894.427713482446,0.0,0.0,0.0,0.0,7086.893788540015,false,,7d67816d7a0ada70de10d3fd24d5a9fb34a8a0f8031b66b732b50307b5930754,
F2066,Float64,7,0.000771,79,false,0.991405,true,0.991405,0.0,867774.6842,231.36583157156596,10360.824165510812,0.0,0.0,0.0,0.0,0.0,false,,9cdaa7d0846a8d50c06f9d01c376b87e41c2aba47782361e1b23b18cf2cd8118,
F2067,Float64,7,0.000771,761,false,0.879008,false,0.879008,0.0,921695.6522,412.86482545164097,10680.119034453093,0.0,0.0,0.0,0.0,4673.218571360038,false,,efa72b226aac9d83b6bb0678e57b8f0463373bdca4ff684a8ad28de86319e137,
F2068,Float64,7,0.000771,2840,false,0.262369,false,0.262369,0.0,1.0,0.20433936737212122,0.2557023040675672,0.0,0.0,0.095744681,0.304043072,0.9618829408800001,false,,8072f882e995d77e5daac0fe9ce5dc807769abf58acde4eb901fbf4429d9d225,
F2069,Float64,7,0.000771,2406,false,0.341818,false,0.341818,0.0,1.0,0.10664976361388429,0.1475213447418471,0.0,0.0,0.045454545,0.157894737,0.666666667,false,,96cc033605c8c672ead895aca00b2f5b47b2cb0a1367b50051267600f8aa2727,
F2070,Float64,7,0.000771,1860,false,0.620055,false,0.620055,0.0,1.0,0.09768960376506887,0.18369153485710144,0.0,0.0,0.0,0.116391962,0.7731085045000003,false,,ea69bf2a1ada572f4b43e5b0b13f807976c39502a0f372bac73f570cad992075,
F2071,Float64,7,0.000771,6531,false,0.262369,false,0.262369,0.0,321113736.1,270968.9701449223,5069606.946410785,0.0,0.0,3733.126168,28600.2243,1982471.6210000017,false,,87d5153832b79e0394bae1f662fda870e8998d27fdf38246777bb199f95108e9,
F2072,Float64,7,0.000771,5807,false,0.341818,false,0.341818,0.0,196111111.1,152077.81143143048,2932260.698874864,0.0,0.0,1402.040816,11342.228684999998,1062507.1047000026,false,,6799c4170fc22e7878c039d29b3c6d22971f9ff4012878c049049e4a373bf72e,
F2073,Float64,7,0.000771,3357,false,0.620055,false,0.620055,0.0,125002625.0,118891.15872225832,2303060.3593891803,0.0,0.0,0.0,9417.9487175,901888.8279320002,false,,6614ee7d9caa80cae5e11a5d83ea05407cbde11d4d4b508c9bf93409ed33f3aa,
F2074,Float64,7,0.000771,2826,false,0.244408,false,0.244408,0.0,1.0,0.5492558751588981,0.3934289328836784,0.0,0.00754717,0.714285714,0.902439024,1.0,false,,44b60295d9a97ee8745f0ebca38648360fea8baf1023d27526a71c4f22b8d435,
F2075,Float64,7,0.000771,2861,false,0.314931,false,0.314931,0.0,1.0,0.17937009281542698,0.22011893465896643,0.0,0.0,0.100299401,0.275862069,0.8890319033000001,false,,e0899b8995396cd23a44a3483520ccf3e55c42421c0a6f5552ae84afb28a9a5d,
F2076,Float64,7,0.000771,2695,false,0.351405,false,0.351405,0.0,1.0,0.3698857823486501,0.3289167267726263,0.0,0.0,0.421052632,0.666666667,0.9278053832200003,false,,de2abb86304cbf9b5d79cce9c5a6fdd0b8741115c75187e467cd3e4e2e8e9dee,
F2077,Float64,7,0.000771,6758,false,0.244408,false,0.244408,0.0,217583.3333,6737.529295965532,11943.143759939034,0.0,4.503305464,3253.267465,7316.880946,60009.07140000001,false,,a1eaf1e0334cc1f0c90905f1bd252782ad481338cb979d1599a2e7fec725287a,
F2078,Float64,7,0.000771,5954,false,0.314931,false,0.314931,0.0,87952.5,1924.6734575883252,3813.904662830325,0.0,0.0,544.8564356,2211.5188735,18270.738891,false,,cc45c87f0934114aea93d5e439a3211808f43e15e9393ef0b7bdbd9c8087f581,
F2079,Float64,7,0.000771,5850,false,0.351405,false,0.351405,0.0,217166.6667,4812.855838403226,10933.78440934545,0.0,0.0,1503.366667,4455.202689,55141.44230940003,false,,45fc796155472c93a9db72be4d598c59d9f2f735a7eb3088007100e542a93723,
F2080,Float64,7,0.000771,1899,false,0.426997,false,0.426997,0.0,1.0,0.08724222467173554,0.1515749184616366,0.0,0.0,0.014388489,0.105263158,0.6861785716400004,false,,6aff5379ef1daeb772daffb3635d0e405996c7bb6f896177394f956f81deaa7a,
F2081,Float64,7,0.000771,1811,false,0.476584,false,0.476584,0.0,0.888,0.06653112227449037,0.1251271377882844,0.0,0.0,0.006451613,0.071428571,0.5806521738800008,false,,75c865d1663be964ac3acb9e658f67cc0d3e7ceb0d5fe0261081aa4222c9b748,
F2082,Float64,7,0.000771,571,false,0.855537,false,0.855537,0.0,1.0,0.020711102399449035,0.0810177038875866,0.0,0.0,0.0,0.0,0.407407407,false,,4c5757d5207a72359acb0a20d8df298577528334f127e3427ccf2dcdec281cba,
F2083,Float64,7,0.000771,4979,false,0.426997,false,0.426997,0.0,321113736.1,198884.2934587554,4180400.1368066496,0.0,0.0,186.3354037,13594.746895,1559560.383720005,false,,3597c0c0311dd72ce6b21d5cd78f5d561a754138276cbed05d43c580455ff52b,
F2084,Float64,7,0.000771,4632,false,0.476584,false,0.476584,0.0,196111111.1,149963.29632063833,2932314.706888745,0.0,0.0,24.84848485,7267.5962875000005,1062240.3197400023,false,,0ac97df87f8a132f5f0815ddd2fa138290ba22aa0ba7a4576c224abb0147e8d6,
F2085,Float64,7,0.000771,1182,false,0.855537,false,0.855537,0.0,125002625.0,48920.99714281912,1476068.5065787765,0.0,0.0,0.0,0.0,496050.9512540002,false,,441dfddb76cf851e0c03aa4353cdcbfc5e8ec97b8d74bdaf607447d78b388e08,
F2086,Float64,7,0.000771,937,false,0.829642,false,0.829642,0.0,1.0,0.023588020421267217,0.09059636891676383,0.0,0.0,0.0,0.0,0.5,false,,2aed4d6ac51353a92b6576f7a1fdcd89214e6ba21d6c0446d6fc19d8c619f1e9,
F2087,Float64,7,0.000771,514,false,0.920882,false,0.920882,0.0,1.0,0.00618382167338843,0.03843122287030092,0.0,0.0,0.0,0.0,0.166666667,false,,f9b349be8493ae4b581e6e1e82984a4e1ae0be32b55a25b0631132893c9b2b1f,
F2088,Float64,7,0.000771,757,false,0.865675,false,0.865675,0.0,1.0,0.01740419874842975,0.07237358578383815,0.0,0.0,0.0,0.0,0.4,false,,a9c60f07fb8abf777f1ad32b26fec245903d72e3fec17d2a864869754cd4c1d7,
F2089,Float64,7,0.000771,1477,false,0.829642,false,0.829642,0.0,1763181.818,4224.210729856052,35965.56771028193,0.0,0.0,0.0,0.0,101205.02941800017,false,,71fc95b55250d88a40f36d1053f5f6b70fa14f9a2d1043843feafe594e811af0,
F2090,Float64,7,0.000771,685,false,0.920882,false,0.920882,0.0,1763181.818,1031.777807329644,21080.372361232,0.0,0.0,0.0,0.0,16721.068274400044,false,,e86e2037d5fb4748e934bf911f2e1b9df3fb2ee856bafa9fc0f27620011529a3,
F2091,Float64,7,0.000771,1183,false,0.865675,false,0.865675,0.0,1200000.0,3192.4329225190118,26518.110658712103,0.0,0.0,0.0,0.0,80437.65892560009,false,,40416f24b14e0182866a0c5d4abd135a51bf2cb165f15661e5d7aa95b04067d0,
F2092,Float64,7,0.000771,235,false,0.963636,false,0.963636,0.0,0.636363636,0.0020557780666666664,0.019167734199810976,0.0,0.0,0.0,0.0,0.055555556,false,,4979b88c57b23efb8437dd1e4f2c847a93e845f329f7458d8441cd05bd769841,
F2093,Float64,7,0.000771,5,false,0.999559,true,0.999559,0.0,0.041666667,7.735862369146006e-6,0.00047739373483752335,0.0,0.0,0.0,0.0,0.0,false,0.0:9071; 0.006849315:1; 0.005813953:1; 0.041666667:1; 0.015873016:1,c2013eebc7917145cd0d51d06203467c7c16297e91d33fb474340a34ef74eb9f,
F2094,Float64,7,0.000771,235,false,0.963636,false,0.963636,0.0,0.636363636,0.002048042204187328,0.019117955929534625,0.0,0.0,0.0,0.0,0.055555556,false,,f7e4ba4c78fba99b4dc7670d8edebdbb81c50bd463853df094b5723748741622,
F2095,Float64,7,0.000771,327,false,0.963636,false,0.963636,0.0,12162.16216,15.82741728981223,252.23964028994433,0.0,0.0,0.0,0.0,270.52677887200133,false,,50ef65b6b2936c6d0b2192037e0d78544edbf18944d6ce82ec7459b2ddfefee3,
F2096,Float64,7,0.000771,5,false,0.999559,true,0.999559,0.0,81.51162791,0.016082696185013776,0.9710327895030062,0.0,0.0,0.0,0.0,0.0,false,0.0:9071; 81.51162791:1; 31.74603175:1; 30.0:1; 2.692808219:1,624770eddd5320a4d0b61f5f04d9ca1db6088e501bd95086063b85e247756198,
F2097,Float64,7,0.000771,327,false,0.963636,false,0.963636,0.0,12162.16216,15.81133459360066,252.18841042716167,0.0,0.0,0.0,0.0,270.52677887200133,false,,68efeaeb84929a722507b828a0221b515fd8f488031ee79753a01117fe01368a,
F2098,Float64,7,0.000771,1,true,1.0,true,1.0,0.0,0.0,0.0,0.0,0.0,0.0,0.0,0.0,0.0,true,0.0:9075,840a34ff8c9adc3fb7a9c96c9fffd6c6811da72402ae2a360902727fef21f165,F1721
F2099,Float64,7,0.000771,1,true,1.0,true,1.0,0.0,0.0,0.0,0.0,0.0,0.0,0.0,0.0,0.0,true,0.0:9075,840a34ff8c9adc3fb7a9c96c9fffd6c6811da72402ae2a360902727fef21f165,F1721
F2100,Float64,7,0.000771,1,true,1.0,true,1.0,0.0,0.0,0.0,0.0,0.0,0.0,0.0,0.0,0.0,true,0.0:9075,840a34ff8c9adc3fb7a9c96c9fffd6c6811da72402ae2a360902727fef21f165,F1721
F2101,Float64,7,0.000771,1,true,1.0,true,1.0,0.0,0.0,0.0,0.0,0.0,0.0,0.0,0.0,0.0,true,0.0:9075,840a34ff8c9adc3fb7a9c96c9fffd6c6811da72402ae2a360902727fef21f165,F1721
F2102,Float64,7,0.000771,1,true,1.0,true,1.0,0.0,0.0,0.0,0.0,0.0,0.0,0.0,0.0,0.0,true,0.0:9075,840a34ff8c9adc3fb7a9c96c9fffd6c6811da72402ae2a360902727fef21f165,F1721
F2103,Float64,7,0.000771,1,true,1.0,true,1.0,0.0,0.0,0.0,0.0,0.0,0.0,0.0,0.0,0.0,true,0.0:9075,840a34ff8c9adc3fb7a9c96c9fffd6c6811da72402ae2a360902727fef21f165,F1721
F2104,Float64,7,0.000771,92,false,0.983361,false,0.983361,0.0,0.75,0.0014868500607162533,0.020264862853561567,0.0,0.0,0.0,0.0,0.020518707200000093,false,,13ba896d4a1b18f08bdbf3441f2c0c2f441748db12476752b89d3b22fca80737,
F2105,Float64,7,0.000771,92,false,0.983361,false,0.983361,0.0,0.75,0.0014868500607162533,0.020264862853561567,0.0,0.0,0.0,0.0,0.020518707200000093,false,,13ba896d4a1b18f08bdbf3441f2c0c2f441748db12476752b89d3b22fca80737,F2104
F2106,Float64,7,0.000771,1,true,1.0,true,1.0,0.0,0.0,0.0,0.0,0.0,0.0,0.0,0.0,0.0,true,0.0:9075,840a34ff8c9adc3fb7a9c96c9fffd6c6811da72402ae2a360902727fef21f165,F1721
F2107,Float64,7,0.000771,146,false,0.983361,false,0.983361,0.0,37500.0,11.698097526243194,513.5843948407866,0.0,0.0,0.0,0.0,1.831687773340028,false,,f1c0ef598a00e1c4cfe1a68f767e4370684c6e3c3dba7d35768c0b53fe3a7942,
F2108,Float64,7,0.000771,146,false,0.983361,false,0.983361,0.0,37500.0,11.698097526243194,513.5843948407866,0.0,0.0,0.0,0.0,1.831687773340028,false,,f1c0ef598a00e1c4cfe1a68f767e4370684c6e3c3dba7d35768c0b53fe3a7942,F2107
F2109,Float64,7,0.000771,1,true,1.0,true,1.0,0.0,0.0,0.0,0.0,0.0,0.0,0.0,0.0,0.0,true,0.0:9075,840a34ff8c9adc3fb7a9c96c9fffd6c6811da72402ae2a360902727fef21f165,F1721
F2110,Float64,7,0.000771,619,false,0.839669,false,0.839669,0.0,1.0,0.01650895955151515,0.08388154920912748,0.0,0.0,0.0,0.0,0.33710144904000316,false,,23ef62ec04d4eb879d1696875386d1f06f2e4f68448da3cef9f1a5305fddf802,
F2111,Float64,7,0.000771,255,false,0.962424,false,0.962424,0.0,0.666666667,0.002373358605399449,0.025235470368096563,0.0,0.0,0.0,0.0,0.04969421498000009,false,,a76afb13b1b336e5574e51ea6c0b22cc4146c54bdd1ac5112d9bc1162733ab5b,
F2112,Float64,7,0.000771,520,false,0.866116,false,0.866116,0.0,1.0,0.01413560094600551,0.07884361354443803,0.0,0.0,0.0,0.0,0.333333333,false,,2d35307ebf5c3dbff93083614f5d94db9c56195bb107914a972e1d413ba12cdc,
F2113,Float64,7,0.000771,1405,false,0.839669,false,0.839669,0.0,3500000.0,5219.724570379823,69471.66478258502,0.0,0.0,0.0,0.0,102291.78400000023,false,,5256990c9689ef54ec8aa0d4c5acc88153c66eddc39bbcc751d1e9c8e931dc4a,
F2114,Float64,7,0.000771,339,false,0.962424,false,0.962424,0.0,1750000.0,1504.1738581065117,37201.33814478342,0.0,0.0,0.0,0.0,3137.896825500011,false,,e3913b74fa841dcbe1c83f405370a8dad9c8ed2a2073ed2b14d61af381a00789,
F2115,Float64,7,0.000771,1173,false,0.866116,false,0.866116,0.0,1750000.0,3715.5507122747767,47224.84749189595,0.0,0.0,0.0,0.0,73436.35859800085,false,,69a62c1ebefe95873f2237176a0463254190cd1ba1e7efd3ae71fb297d3add18,
F2116,Float64,7,0.000771,567,false,0.823912,false,0.823912,0.0,0.85,0.011457881887272727,0.04998802145527788,0.0,0.0,0.0,0.0,0.25,false,,8dc344774c8a611fbc2eab71534f50891d1208c099ac3e26c5c12c331db5b47c,
F2117,Float64,7,0.000771,261,false,0.945895,false,0.945895,0.0,0.85,0.005238070204628099,0.037878783831637924,0.0,0.0,0.0,0.0,0.166666667,false,,e703686c9e48fcb9b070d6dfa6ce290a820f88b5aa4f2df284f94c49394f12c6,
F2118,Float64,7,0.000771,470,false,0.864463,false,0.864463,0.0,0.555555556,0.006219811683415979,0.029110493076320448,0.0,0.0,0.0,0.0,0.133333333,false,,b02421698bf943f405f79d72b1aabcc08dff27632b192927222969e119c53230,
F2119,Float64,7,0.000771,1516,false,0.823912,false,0.823912,0.0,1742417.5,1296.223352613721,24249.284712629968,0.0,0.0,0.0,0.0,13752.412433200196,false,,1cdfc458f729ada1fa68aa3aafe31319f19bc111befc29e7413a8dc82372205f,
F2120,Float64,7,0.000771,485,false,0.945895,false,0.945895,0.0,1742417.5,978.3790796822902,22779.592439643453,0.0,0.0,0.0,0.0,2148.9162500001034,false,,998c7840b30a0783e39a91359d519fd4639582ea5287e9bee8c863046f81b786,
F2121,Float64,7,0.000771,1143,false,0.864463,false,0.864463,0.0,700058.5676,317.8442729377639,8349.07830084089,0.0,0.0,0.0,0.0,2914.1567636000063,false,,175747fbb3d17c74cbbecb8bb4ae47b6b6b7ead470c007387d1fa9ec6dbe103e,
F2122,Float64,4,0.00044,1235,false,0.644085,false,0.644085,0.0,1.0,0.04532418424708085,0.13195106507104015,0.0,0.0,0.0,0.01242236,0.666666667,false,,4baf0bcb2c43e57f921a4096de62f4a7d8b1c2e6defbebd37b92f72c7e651f7c,
F2123,Float64,4,0.00044,927,false,0.782111,false,0.782111,0.0,1.0,0.02143578030237938,0.07991839095139584,0.0,0.0,0.0,0.0,0.44347687491999777,false,,469555c635388970fc57eefc9b995d4a413be54076a60dd6942631078906d8c6,
F2124,Float64,4,0.00044,699,false,0.797422,false,0.797422,0.0,1.0,0.02388840394183741,0.08762726251782835,0.0,0.0,0.0,0.0,0.5,false,,5bd2af043fdf85f35c9b8c81cf5cec11a9d99c2762c0a6bcea16d05a0e708599,
F2125,Float64,4,0.00044,2663,false,0.644085,false,0.644085,0.0,5210000.0,8889.248808324803,73546.12453085152,0.0,0.0,0.0,728.353454075,166897.33335899995,false,,a2b7ba7a491812f1b6e6414540b195579f616d679b4c96d46d97f9c6e605957e,
F2126,Float64,4,0.00044,1616,false,0.782111,false,0.782111,0.0,1875000.0,3119.420080239174,35284.76402462492,0.0,0.0,0.0,0.0,58276.41249669947,false,,74ddab710001c6a770fa4af1e5b86e8922de2d721eed6ceb787a615e2e4a431e,
F2127,Float64,4,0.00044,1437,false,0.797422,false,0.797422,0.0,5210000.0,5769.8287280915665,64688.882954263296,0.0,0.0,0.0,0.0,137114.99999999977,false,,3538c02fd77716d9434599de56d5a7f5a438a763ae65ab18673ec1886776e744,
F2128,Float64,4,0.00044,874,false,0.861974,false,0.861974,0.0,0.716981132,0.008890169846882574,0.04093224822470863,0.0,0.0,0.0,0.0,0.220779221,false,,41f112d617b1736470832e66e775b50c6382096eb870f65550638f743aec2c15,
F2129,Float64,4,0.00044,614,false,0.902952,false,0.902952,0.0,0.399365079,0.0033620241544393037,0.01956135510113728,0.0,0.0,0.0,0.0,0.090909091,false,,b88a5a06a9716574edffe10cba1b77e581287ee94a5d7cf4c106c4303dc67c86,
F2130,Float64,4,0.00044,688,false,0.892928,false,0.892928,0.0,0.642857143,0.005528145693324522,0.03058091245796735,0.0,0.0,0.0,0.0,0.14528412701999976,false,,516b19afcfeed447198c7877ef8a533598710723f8b731a6a9f06a2dcc88c02e,
F2131,Float64,4,0.00044,1239,false,0.861974,false,0.861974,0.0,4666666.667,3050.816274065187,65949.03329905418,0.0,0.0,0.0,0.0,47165.591271699224,false,,4c7d1c7390c93eaf5d3441478a0cdbc00df3b2fbb4475be75bee885679dfc8d8,
F2132,Float64,4,0.00044,870,false,0.902952,false,0.902952,0.0,3171960.0,1507.5072350478815,41283.335129079955,0.0,0.0,0.0,0.0,20665.851824099434,false,,f9659dbe9f95b51830b4473698618c734b2c7927f6038558b627776fe47c4df5,
F2133,Float64,4,0.00044,957,false,0.892928,false,0.892928,0.0,4666666.667,1543.3090390225298,50280.272179880274,0.0,0.0,0.0,0.0,23664.736994799896,false,,22e3963e1a6ec5ff97b3773c007127becfe08e94f555975fd62642a588643a80,
F2134,Float64,4,0.00044,1509,false,0.582287,false,0.004957,0.0,1.0,0.9457856459071381,0.13767717508723235,0.333333333,0.973710739,1.0,1.0,1.0,false,,4a49b089dbc6c388cd22c5b1ec2d977469d23da350c96811f82ddff78a61147e,
F2135,Float64,4,0.00044,4620,false,0.032827,false,0.024675,0.0,1.0,0.36973519388896237,0.21877718296827195,0.0,0.210526316,0.333333333,0.5,0.9702710051399996,false,,bacda8a929ad73f77b20543679d548870f0f6f1d4cfe9de97a5cc54503953623,
F2136,Float64,4,0.00044,4663,false,0.036241,false,0.032276,0.0,1.0,0.5760504520158625,0.24189892940927754,0.0,0.428571429,0.618644068,0.758064516,0.990740741,false,,c26be7a7068c0bc4cdf4e29c269232cd4856821ca6ddc2d2844b8f2ba712e24d,
F2137,Float64,4,0.00044,8865,false,0.004957,false,0.004957,0.0,1305648521.0,722925.1278969957,16967616.185217384,686.800353139,6579.07897525,19917.891795,92445.8877025,3461530.7912599905,false,,9632169fe1a7d2147cee6bfb109dd65796e7745cbd2e557d08c2e3ad7ecc4f79,
F2138,Float64,4,0.00044,8637,false,0.024675,false,0.024675,0.0,652824260.5,389759.92016898905,9067735.54422688,0.0,2992.93740025,8885.177414,45166.8903,1894691.1889599944,false,,4e26a5992aec0f9da610a0c2ebeb40df5f122c4337ad205c363dee4585537630,
F2139,Float64,4,0.00044,8566,false,0.032276,false,0.032276,0.0,652824260.5,333165.20771656226,8083402.5910534365,0.0,2483.11168825,7798.7500545,38385.0522875,1708066.88451,false,,ad259b2817b45a474f025b9a139d56cb718d5deac96e8b56356357c2ac8c6078,
F2140,Float64,4,0.00044,2426,false,0.220753,false,0.034038,0.0,1.0,0.8708876603005068,0.24393271465618008,0.0,0.89756671875,0.983050847,0.99735274275,1.0,false,,57cd5c8f07ab354821a92e889bdd26f28f9b9de4961960d500cc6646a9da069c,
F2141,Float64,4,0.00044,4643,false,0.081075,false,0.081075,0.0,1.0,0.33618742400264373,0.23188831206770102,0.0,0.166666667,0.304878049,0.46743767225,0.9588376307999998,false,,9d5e16b4df2ea8351a12d8b009dfb43856cd8c6b12640ca1995ac0a3e6b05ccc,
F2142,Float64,4,0.00044,4718,false,0.065984,false,0.065984,0.0,1.0,0.5347002363057943,0.261413515700974,0.0,0.35391765325,0.586538462,0.73869457725,0.956521739,false,,896b60975d9c953c4749c89fea0cec794d4355bf2faeff2d97f3a645589c80b1,
F2143,Float64,4,0.00044,8585,false,0.034038,false,0.034038,0.0,454404115.3,443708.60110764357,8569303.297649523,0.0,5368.7246752500005,15220.521205000001,64345.735905,2735574.7712299954,false,,c0b53efb5defd6943a2939195a017216600cb80fe167791c5c1283d8b54c2ec4,
F2144,Float64,4,0.00044,8108,false,0.081075,false,0.081075,0.0,276251109.1,249576.5921691255,5156970.960556575,0.0,2013.009007,5857.5829495,23972.337215,1669968.828839995,false,,f95f781d401397da242c53ff0cece7c4252a7926ddc094cea54098e3fb1daea6,
F2145,Float64,4,0.00044,8328,false,0.065984,false,0.065984,0.0,204716137.5,194132.00893876492,3661833.9265414393,0.0,2225.09279875,6791.2950515,31661.4649025,1378234.7785499927,false,,8727eade27328e728c1c5d990ff015f32444722d0ce404e00bf3e5e72b7c9008,
F2146,Float64,4,0.00044,2426,false,0.220753,false,0.034038,0.0,1.0,0.8708876603005068,0.24393271465618008,0.0,0.89756671875,0.983050847,0.99735274275,1.0,false,,57cd5c8f07ab354821a92e889bdd26f28f9b9de4961960d500cc6646a9da069c,F2140
F2147,Float64,4,0.00044,4643,false,0.081075,false,0.081075,0.0,1.0,0.33618742400264373,0.23188831206770102,0.0,0.166666667,0.304878049,0.46743767225,0.9588376307999998,false,,9d5e16b4df2ea8351a12d8b009dfb43856cd8c6b12640ca1995ac0a3e6b05ccc,F2141
F2148,Float64,4,0.00044,4718,false,0.065984,false,0.065984,0.0,1.0,0.5347002363057943,0.261413515700974,0.0,0.35391765325,0.586538462,0.73869457725,0.956521739,false,,896b60975d9c953c4749c89fea0cec794d4355bf2faeff2d97f3a645589c80b1,F2142
F2149,Float64,4,0.00044,8585,false,0.034038,false,0.034038,0.0,454404115.3,443708.60110764357,8569303.297649523,0.0,5368.7246752500005,15220.521205000001,64345.735905,2735574.7712299954,false,,c0b53efb5defd6943a2939195a017216600cb80fe167791c5c1283d8b54c2ec4,F2143
F2150,Float64,4,0.00044,8108,false,0.081075,false,0.081075,0.0,276251109.1,249576.5921691255,5156970.960556575,0.0,2013.009007,5857.5829495,23972.337215,1669968.828839995,false,,f95f781d401397da242c53ff0cece7c4252a7926ddc094cea54098e3fb1daea6,F2144
F2151,Float64,4,0.00044,8328,false,0.065984,false,0.065984,0.0,204716137.5,194132.00893876492,3661833.9265414393,0.0,2225.09279875,6791.2950515,31661.4649025,1378234.7785499927,false,,8727eade27328e728c1c5d990ff015f32444722d0ce404e00bf3e5e72b7c9008,F2145
F2152,Float64,4,0.00044,980,false,0.806565,false,0.806565,0.0,0.717948718,0.0070565910059484475,0.028103460100845096,0.0,0.0,0.0,0.0,0.11215549287999971,false,,422d7953b20d10fd4ac24d0d43359e64d4ebce48cdb475e9f9229f1de1c59a5d,
F2153,Float64,4,0.00044,1,true,1.0,true,1.0,0.0,0.0,0.0,0.0,0.0,0.0,0.0,0.0,0.0,true,0.0:9078,11ffa30a8759de17697f7de9f630e329e9070250952a07af709ccc09789c72e8,F1829
F2154,Float64,4,0.00044,980,false,0.806565,false,0.806565,0.0,0.717948718,0.0070565910059484475,0.028103460100845096,0.0,0.0,0.0,0.0,0.11215549287999971,false,,422d7953b20d10fd4ac24d0d43359e64d4ebce48cdb475e9f9229f1de1c59a5d,F2152
F2155,Float64,4,0.00044,1478,false,0.806565,false,0.806565,0.0,5167.068205,44.939804152526435,185.8870525862705,0.0,0.0,0.0,0.0,762.6430773979966,false,,028f292a39ce32fb964191b25bc78c1c390c1c11fa9838dd707735a7baeb8db0,
F2156,Float64,4,0.00044,1,true,1.0,true,1.0,0.0,0.0,0.0,0.0,0.0,0.0,0.0,0.0,0.0,true,0.0:9078,11ffa30a8759de17697f7de9f630e329e9070250952a07af709ccc09789c72e8,F1829
F2157,Float64,4,0.00044,1478,false,0.806565,false,0.806565,0.0,5167.068205,44.939804152526435,185.8870525862705,0.0,0.0,0.0,0.0,762.6430773979966,false,,028f292a39ce32fb964191b25bc78c1c390c1c11fa9838dd707735a7baeb8db0,F2155
F2158,Float64,4,0.00044,884,false,0.773629,false,0.773629,0.0,0.6,0.009937730676690902,0.04461850496326636,0.0,0.0,0.0,0.0,0.25,false,,b136a9516ab448bc4a38ffb0683df1059433883709e03af3578ff16849ebf5ce,
F2159,Float64,4,0.00044,22,false,0.997687,true,0.997687,0.0,0.125,0.000032484946023353156,0.0015458326787371331,0.0,0.0,0.0,0.0,0.0,false,0.0:9057; 0.006837607:1; 0.005405405:1; 0.125:1; 0.010526316:1,375fcade93e6ca5bf8441e0d3aa27ccae2539bfb23df6b5c6137a07b7fbdaf63,
F2160,Float64,4,0.00044,878,false,0.774289,false,0.774289,0.0,0.6,0.009905245730777704,0.04444151763264424,0.0,0.0,0.0,0.0,0.25,false,,9d06a115a6febc35b9301185368b3a8186f63211d3754e3065350947809d87c0,
F2161,Float64,4,0.00044,1603,false,0.773629,false,0.773629,0.0,87258.96552,50.08357019044151,1248.7153744370696,0.0,0.0,0.0,0.0,381.2108645369993,false,,f9bbb6c5c5d98a58b9d2ed6a1cbc0d2206104c26ed001ad3014ea70bd51d1fe2,
F2162,Float64,4,0.00044,22,false,0.997687,true,0.997687,0.0,3958.811881,0.7105981960000002,42.93195842104932,0.0,0.0,0.0,0.0,0.0,false,0.0:9057; 182.4817518:1; 47.31428571:1; 6.794425087:1; 0.154:1,1e781d0dfd174bc9531167876501c6d8f9ba7605fd5ab55755e9a2349ab8fa84,
F2163,Float64,4,0.00044,1595,false,0.774289,false,0.774289,0.0,87258.96552,49.37297199413681,1247.0096935522597,0.0,0.0,0.0,0.0,376.3726613349975,false,,bdf0d3a2fa0d8164d3df84ac72efbdc4f2dafd5b0bda965bb5b6cbd844adabe3,
F2164,Float64,4,0.00044,899,false,0.791915,false,0.791915,0.0,0.6,0.011613057076668869,0.04408181810191634,0.0,0.0,0.0,0.0,0.25,false,,d63dbfe33ddeb114b53f9bc87190e6a4ecf55dcd6df5a62e4a415be35fd6fc44,
F2165,Float64,4,0.00044,84,false,0.990637,true,0.990637,0.0,0.300636943,0.00025091077131526765,0.0054060377063818235,0.0,0.0,0.0,0.0,0.0,false,,1300f6c869f8d64ab13f29f746c49d84b610e17ac6ee545f15f75123fa8cd53d,
F2166,Float64,4,0.00044,854,false,0.799736,false,0.799736,0.0,0.6,0.011362146305133288,0.043795727966826084,0.0,0.0,0.0,0.0,0.25,false,,f60c5cae49ef3f8f98328bbff2c729c51f8a3fd64aa660442d48281eba3be4ad,
F2167,Float64,4,0.00044,1547,false,0.791915,false,0.791915,0.0,29245.28302,33.21306954098964,650.1347183803344,0.0,0.0,0.0,0.0,133.61497013299834,false,,68b12e8ed4ac053d88b071a12d390d752f4afb320bd703a092c6a822ee5f9f96,
F2168,Float64,4,0.00044,86,false,0.990637,true,0.990637,0.0,29245.28302,24.36024434284325,622.3308980483631,0.0,0.0,0.0,0.0,0.0,false,,4adf1196e071b88b542d59bbbf0fe11c18823391154c1290457b3aa3c079648c,
F2169,Float64,4,0.00044,1477,false,0.799736,false,0.799736,0.0,9385.76704,8.85282519817603,189.14017489958133,0.0,0.0,0.0,0.0,74.60334632849901,false,,0446fea9c85d4e86ea3db48293c352bc1063a16a4118f00cc47eb644f2c1d77d,
F2170,Float64,4,0.00044,967,false,0.620181,false,0.620181,0.0,0.5,0.006599745060453846,0.022725357822107408,0.0,0.0,0.0,0.005494505,0.090909091,false,,40485374c5de1e6122266bd5a4d148994fcaeb3424b0188ada8c7d417968873d,
F2171,Float64,4,0.00044,124,false,0.98612,false,0.98612,0.0,0.403846154,0.0002981475393258427,0.006850715350297769,0.0,0.0,0.0,0.0,0.0016502736799999843,false,,018f108672c8ff8d125abf6f1d454a3b6c851acd1c33c469d98db0a8219e6ec4,
F2172,Float64,4,0.00044,926,false,0.626239,false,0.626239,0.0,0.443925234,0.0063015975227803485,0.020979494322467703,0.0,0.0,0.0,0.005347594,0.090909091,false,,c6062a2b6a7fafd8fa3a54f6efb4ee3ad387e68c729a17ba3b973a3d79c3166f,
F2173,Float64,4,0.00044,1914,false,0.620181,false,0.620181,0.0,750601.2615,618.7772979287784,11855.421725595394,0.0,0.0,0.0,0.176646707,9955.149031219964,false,,3dde332e50ee82fe03a2390a4dd088e9b28180bcff6106c3aaf469f90e6960c7,
F2174,Float64,4,0.00044,127,false,0.98612,false,0.98612,0.0,750600.8077,256.7938196772467,10155.269251557715,0.0,0.0,0.0,0.0,15.748683447899886,false,,65d69002bd0224d521dd0e309202c13dac96c27fdf9b6db9f560a9751c9f3561,
F2175,Float64,4,0.00044,1853,false,0.626239,false,0.626239,0.0,419721.623,361.98347825374356,6037.269296019654,0.0,0.0,0.0,0.16727719825,7159.370613999998,false,,24cdae8cf6e40b1c0dda948eb4f5ac86b21516c9d36cf56b9f4074b7b685dad0,
F2176,Float64,4,0.00044,4028,false,0.214475,false,0.214475,0.0,1.0,0.19975760775776602,0.2491827576669634,0.0,0.010989011,0.093023256,0.29046602075000005,0.9290825060399998,false,,93e85b0df85c25f72410c9d80af3a3a77291337adc6aa426972854ca731d06fd,
F2177,Float64,4,0.00044,3515,false,0.279357,false,0.279357,0.0,1.0,0.10568061464128661,0.1437297546198975,0.0,0.0,0.047619048,0.15311623075,0.6381515427799993,false,,c306c03ca24a9437cd550d454934714bb07ae3a23ccf72459f3ed2c346120557,
F2178,Float64,4,0.00044,2423,false,0.592752,false,0.592752,0.0,1.0,0.09407699312040096,0.1760990143161399,0.0,0.0,0.0,0.10694772799999999,0.7323815005799995,false,,303faa503c2798bb6b9b675b8a07086c9200b6cfa944819133a73b35b03d533f,
F2179,Float64,4,0.00044,7049,false,0.214475,false,0.214475,0.0,392783292.9,303582.4299667541,6878826.546391057,0.0,84.6843107425,3537.5726395,25149.2557325,1719526.0373499987,false,,b3ce5ad4a2624af14422870f4362bb171c55b4a5e8683d0bb244d8bb776ed82c,
F2180,Float64,4,0.00044,6444,false,0.279357,false,0.279357,0.0,194375303.5,168493.2206259933,3670800.335283063,0.0,0.0,1533.3512395,10412.2948925,947848.6004299942,false,,25d754a9da4342152e8ad50d11cdd7616aacdc44c17574c3743faab611ade2e6,
F2181,Float64,4,0.00044,3645,false,0.592752,false,0.592752,0.0,198407989.4,135089.20935134092,3314950.103002553,0.0,0.0,0.0,9295.09375,786907.8692299996,false,,310edca5bf7e06c2a987738c8d68b66ec7b2a837465fbcf456e83da0975c7457,
F2182,Float64,4,0.00044,4140,false,0.228575,false,0.228575,0.0,1.0,0.5511094725941398,0.391213270257525,0.0,0.01501884425,0.722222222,0.9,1.0,false,,c6d6923e611beaedc60919bf68d4c9bbefc5ace3d499ae0c19cb27d6a786f23d,
F2183,Float64,4,0.00044,4088,false,0.271976,false,0.271976,0.0,1.0,0.18054502084518614,0.21504967083363594,0.0,0.0,0.11067842250000001,0.272727273,0.87671449882,false,,a9c33dfeade09ec87c6b27a8e3f50a6b5c4aa0014bbf7c70e10390022a6b4275,
F2184,Float64,4,0.00044,3795,false,0.345451,false,0.345451,0.0,1.0,0.370564451756334,0.3264289202344322,0.0,0.0,0.427586207,0.6679317025,0.9128908601199994,false,,83eb3d171193b399cbb5b47ee91be7a8ef0b0ce30fd1e114d0c64abffe273d99,
F2185,Float64,4,0.00044,6929,false,0.228575,false,0.228575,0.0,131250.0,5608.0698085222575,9170.10051106466,0.0,91.73437939,2984.8155580000002,6541.969443,46168.49090759998,false,,adc2fefd0dd08bfe8e3c98386af8b066812399471d3ea04ab9d4aa03981d2167,
F2186,Float64,4,0.00044,6460,false,0.271976,false,0.271976,0.0,49440.25,1783.8490482536797,3296.415759893884,0.0,0.0,614.9596237000001,2062.7522044999996,16164.078047799989,false,,b7ab348a145a9366e2b0821096548d0d9ad8b46eb6781a5ebc42e888ddb0986d,
F2187,Float64,4,0.00044,5935,false,0.345451,false,0.345451,0.0,131250.0,3824.2207602689828,8159.081722173615,0.0,0.0,1360.7786265,3882.83659825,41602.03333199996,false,,99b8de5950f1a0135670cddad1ed7f582d24958eb30798e4601aba5b1e94b734,
F2188,Float64,4,0.00044,2920,false,0.357237,false,0.357237,0.0,1.0,0.08658501144117647,0.14800345540978566,0.0,0.0,0.017241379,0.10221474925,0.666666667,false,,d895a6316d327fac4df822f28a30548334ad0a9798844a3889ccc79d3ff7bf62,
F2189,Float64,4,0.00044,2775,false,0.402732,false,0.402732,0.0,0.870967742,0.06658965720544172,0.12259920053490572,0.0,0.0,0.010928962,0.070725548,0.5645252518099992,false,,026cde2da9b2809283add2b1a39385b8f09dfa6b7fa2025808127c22e5fd22ce,
F2190,Float64,4,0.00044,890,false,0.823419,false,0.823419,0.0,1.0,0.019995354241110378,0.07776075930577249,0.0,0.0,0.0,0.0,0.38595450704999895,false,,a0e4a3c86e50ae20ad986a13116a5d6d2debaaff43eb3ccadbbf74e15bd16c6d,
F2191,Float64,4,0.00044,5697,false,0.357237,false,0.357237,0.0,278187358.2,226784.8318758245,5269153.128890506,0.0,0.0,385.2443594,12535.417295,1238715.3217599913,false,,f4890d249a0f0a3e3212b470556fa9b9ba86378fb2b75b200a6e25d642717922,
F2192,Float64,4,0.00044,5345,false,0.402732,false,0.402732,0.0,194375303.5,166513.74982928595,3670845.813224293,0.0,0.0,155.58070155000001,7006.2132285,947848.5951169942,false,,71e8b61768103386d7d872b3c4ed44a63f967a001371ab9cc23e62fdf393614c,
F2193,Float64,4,0.00044,1517,false,0.823419,false,0.823419,0.0,93751968.75,60271.082046687145,1713975.7689196018,0.0,0.0,0.0,0.0,428496.88385299925,false,,cacc50f381606f6209c3c7b84a017c4efacfe5e89661a87545f76149745b16b5,
F2194,Float64,4,0.00044,1261,false,0.804472,false,0.804472,0.0,1.0,0.02243792389447015,0.08294752520972924,0.0,0.0,0.0,0.0,0.4921498041899981,false,,9f98795fc255e322fb0285a352aec96e6828875f4c6504d1eecc953c123ff0a7,
F2195,Float64,4,0.00044,696,false,0.90119,false,0.90119,0.0,0.666666667,0.005966337864507601,0.03451850110382576,0.0,0.0,0.0,0.0,0.14942537286999968,false,,28ee647075331a136c0edaa557ce3d7295741b638216a7313ea741347eb5b88a,
F2196,Float64,4,0.00044,990,false,0.848535,false,0.848535,0.0,1.0,0.016471586031835204,0.06536804264990108,0.0,0.0,0.0,0.0,0.38445180742999874,false,,4726149d45a68a48408df23bf9e35e34b173fdecf7adaa744612ad5ab6d48b53,
F2197,Float64,4,0.00044,1737,false,0.804472,false,0.804472,0.0,859180.0009,3399.6916895144823,23531.556608756935,0.0,0.0,0.0,0.0,84290.09124109977,false,,bff038a44765b58ba95a187fc524d12d7cf7a8f532c92119672ecb3ea40d98bd,
F2198,Float64,4,0.00044,882,false,0.90119,false,0.90119,0.0,859180.0009,821.4986109627488,11745.447957646864,0.0,0.0,0.0,0.0,13969.065553299935,false,,f066228fe1e48ec2a1a08bbcb31942bf9bc0f756e686aed990b7a96b6c7c9f64,
F2199,Float64,4,0.00044,1357,false,0.848535,false,0.848535,0.0,600000.0,2578.19307853482,18299.909200681755,0.0,0.0,0.0,0.0,64982.366071099736,false,,46c49a70b004fec231657d8f4bb3e34e437ac74719689512f09fff58a05274a9,
F2200,Float64,4,0.00044,376,false,0.948116,false,0.948116,0.0,0.571428571,0.0021713985332672396,0.018857153093412835,0.0,0.0,0.0,0.0,0.058121019539999784,false,,594455b1cb5922e15fb59793e25ca24b9f8826835c9a44844675133667820e49,
F2201,Float64,4,0.00044,5,false,0.999559,true,0.999559,0.0,0.023255814,4.43278321216127e-6,0.00026842938500313987,0.0,0.0,0.0,0.0,0.0,false,0.0:9074; 0.008695652:1; 0.005464481:1; 0.002824859:1; 0.023255814:1,30216eedf6f6899efdd1425020ac062b03f1ea465a892c1289c0ca8d0b90da94,
F2202,Float64,4,0.00044,375,false,0.948116,false,0.948116,0.0,0.571428571,0.0021669657500550782,0.01882714638317068,0.0,0.0,0.0,0.0,0.058121019539999784,false,,bd944f4b031e7a40110680da61fc37f59aa6f021110994cb0d2481a74c971a15,
F2203,Float64,4,0.00044,468,false,0.948116,false,0.948116,0.0,13750.0,14.524238352263273,228.33916169657766,0.0,0.0,0.0,0.0,250.58361015299943,false,,0619cad3a1fc5232af1f41a72e73fd996a96ee0bcc530bbe19cc93ca4e37635e,
F2204,Float64,4,0.00044,5,false,0.999559,true,0.999559,0.0,39.60451977,0.008359591410663142,0.48726051646688684,0.0,0.0,0.0,0.0,0.0,false,0.0:9074; 2.148360656:1; 17.39130435:1; 16.74418605:1; 39.60451977:1,3f4b1e23826b10ee53b0868dccbe40d0faab5dbf94c2593bd3556790265da5b7,
F2205,Float64,4,0.00044,468,false,0.948116,false,0.948116,0.0,13750.0,14.515878760849965,228.31485298931693,0.0,0.0,0.0,0.0,250.58361015299943,false,,0fc21304651e3ba0d61b6294461d4bd6855a535450b3de9c9bfd3494e2993838,
F2206,Float64,4,0.00044,1,true,1.0,true,1.0,0.0,0.0,0.0,0.0,0.0,0.0,0.0,0.0,0.0,true,0.0:9078,11ffa30a8759de17697f7de9f630e329e9070250952a07af709ccc09789c72e8,F1829
F2207,Float64,4,0.00044,1,true,1.0,true,1.0,0.0,0.0,0.0,0.0,0.0,0.0,0.0,0.0,0.0,true,0.0:9078,11ffa30a8759de17697f7de9f630e329e9070250952a07af709ccc09789c72e8,F1829
F2208,Float64,4,0.00044,1,true,1.0,true,1.0,0.0,0.0,0.0,0.0,0.0,0.0,0.0,0.0,0.0,true,0.0:9078,11ffa30a8759de17697f7de9f630e329e9070250952a07af709ccc09789c72e8,F1829
F2209,Float64,4,0.00044,1,true,1.0,true,1.0,0.0,0.0,0.0,0.0,0.0,0.0,0.0,0.0,0.0,true,0.0:9078,11ffa30a8759de17697f7de9f630e329e9070250952a07af709ccc09789c72e8,F1829
F2210,Float64,4,0.00044,1,true,1.0,true,1.0,0.0,0.0,0.0,0.0,0.0,0.0,0.0,0.0,0.0,true,0.0:9078,11ffa30a8759de17697f7de9f630e329e9070250952a07af709ccc09789c72e8,F1829
F2211,Float64,4,0.00044,1,true,1.0,true,1.0,0.0,0.0,0.0,0.0,0.0,0.0,0.0,0.0,0.0,true,0.0:9078,11ffa30a8759de17697f7de9f630e329e9070250952a07af709ccc09789c72e8,F1829
F2212,Float64,4,0.00044,197,false,0.966733,false,0.966733,0.0,0.75,0.002075746740361313,0.022648310650112607,0.0,0.0,0.0,0.0,0.04018775520999964,false,,32873831d2b65a360f1658b712d207b1fc564c582f5dbb8b56c2d2550c41f314,
F2213,Float64,4,0.00044,197,false,0.966733,false,0.966733,0.0,0.75,0.002075746740361313,0.022648310650112607,0.0,0.0,0.0,0.0,0.04018775520999964,false,,32873831d2b65a360f1658b712d207b1fc564c582f5dbb8b56c2d2550c41f314,F2212
F2214,Float64,4,0.00044,1,true,1.0,true,1.0,0.0,0.0,0.0,0.0,0.0,0.0,0.0,0.0,0.0,true,0.0:9078,11ffa30a8759de17697f7de9f630e329e9070250952a07af709ccc09789c72e8,F1829
F2215,Float64,4,0.00044,292,false,0.966733,false,0.966733,0.0,37500.0,22.061264729286076,670.293703013433,0.0,0.0,0.0,0.0,24.782275862599878,false,,5a0c66d518ec9481cddc85a17795e346044acc883a6bb1239f8cd8c8db74c424,
F2216,Float64,4,0.00044,292,false,0.966733,false,0.966733,0.0,37500.0,22.061264729286076,670.293703013433,0.0,0.0,0.0,0.0,24.782275862599878,false,,5a0c66d518ec9481cddc85a17795e346044acc883a6bb1239f8cd8c8db74c424,F2215
F2217,Float64,4,0.00044,1,true,1.0,true,1.0,0.0,0.0,0.0,0.0,0.0,0.0,0.0,0.0,0.0,true,0.0:9078,11ffa30a8759de17697f7de9f630e329e9070250952a07af709ccc09789c72e8,F1829
F2218,Float64,4,0.00044,1013,false,0.776603,false,0.776603,0.0,1.0,0.01632333794602335,0.08153212574230544,0.0,0.0,0.0,0.0,0.333333333,false,,f6a08614ab6526236bfbb62a80799cfca4dc7c3f4c5e32c07f0b851bd46d97d8,
F2219,Float64,4,0.00044,361,false,0.951311,false,0.951311,0.0,0.666666667,0.002235007362414629,0.02379160964229307,0.0,0.0,0.0,0.0,0.03806490406999977,false,,7111fa8392986aa27a519ce5b967ccaed724b337e5a5c126669d2a5e41d880e7,
F2220,Float64,4,0.00044,899,false,0.807557,false,0.807557,0.0,1.0,0.014088330584049348,0.07693143615323428,0.0,0.0,0.0,0.0,0.29283720897999593,false,,70dc1cb34a8413c25d9bb49bf149a91fb1b0b7e16335598b52ed051989732a2a,
F2221,Float64,4,0.00044,1976,false,0.776603,false,0.776603,0.0,3000000.0,4514.242430958422,58317.9137712927,0.0,0.0,0.0,0.0,89733.33333589419,false,,450a7a86c3bc1386677f9d71e5ddb33765ae400b3acc028104c18d1502c318cb,
F2222,Float64,4,0.00044,440,false,0.951311,false,0.951311,0.0,1701000.0,1256.7187232012293,31064.676186723667,0.0,0.0,0.0,0.0,4698.985541699951,false,,e13747114020c1c66c582b96c63edaf0b014eba8f86f3818647551ed2adeb054,
F2223,Float64,4,0.00044,1704,false,0.807557,false,0.807557,0.0,1500000.0,3257.5237078745927,40367.22151138432,0.0,0.0,0.0,0.0,56979.253574399845,false,,c48ea144df35f3830efa3ec158ab448f51220fb365771142262c35f088c02ef7,
F2224,Float64,4,0.00044,1111,false,0.733091,false,0.733091,0.0,0.886597938,0.014107625769244328,0.055640309816760124,0.0,0.0,0.0,0.00307701,0.29564814772999964,false,,990fba7074aa1126efb98944811177c4a3b508a95682367108d2de747244adb8,
F2225,Float64,4,0.00044,489,false,0.91573,false,0.91573,0.0,0.87628866,0.006754450550253361,0.0431246613241493,0.0,0.0,0.0,0.0,0.20066666672999875,false,,ef8aac7cafa266487ef28fdad68783e8695a229c95315fa57d4c30526606e2e5,
F2226,Float64,4,0.00044,913,false,0.786957,false,0.786957,0.0,0.5625,0.0073531752198722185,0.030393014852965455,0.0,0.0,0.0,0.0,0.142857143,false,,bd2c2efdee01aa88aea3dc006decaf96455772c97ff689416c721f775d5829b4,
F2227,Float64,4,0.00044,2333,false,0.733091,false,0.733091,0.0,1393934.0,1291.1261166618865,22575.488869334244,0.0,0.0,0.0,1.1862000402500001,15009.276665899983,false,,789a87a07d43fc1b2990e9fd56cd43288ad53f442edeab529bb2c2cb18c95f33,
F2228,Float64,4,0.00044,758,false,0.91573,false,0.91573,0.0,1393934.0,957.6949469132027,20886.18019768462,0.0,0.0,0.0,0.0,5620.417333129537,false,,c59a269f5b2c3976fa213f59994167a0a361e2662dbcf715f816c604f2bab520,
F2229,Float64,4,0.00044,1826,false,0.786957,false,0.786957,0.0,727618.0899,333.4311697384684,8599.046972900202,0.0,0.0,0.0,0.0,3553.065789259944,false,,0a390e11a6146a8b4a2723054d63ff3a342488b5efd52efd545ea26b8dd440f9,
F2230,"Datetime(time_unit='ms', time_zone=None)",0,0.0,4,false,0.991081,true,,,,,,,,,,,,"datetime.datetime(2025, 10, 1, 0, 0):9001; datetime.datetime(2025, 9, 1, 0, 0):48; datetime.datetime(2025, 11, 1, 0, 0):23; datetime.datetime(2025, 12, 1, 0, 0):10",13e62317d2764e59fd32499ade15838420d5c7d92e4971634c4f39f6417f860d,
F2231,Float64,6914,0.761286,103,false,0.65821,false,0.65821,0.0,8.0,0.42007841328413287,0.8146668910038332,0.0,0.0,0.0,0.75,4.0,false,,0cf16980a7456b2f85c6d702aa7066c73ed0c0594d777482d6590654e868371d,
F2232,Float64,7792,0.857961,98,false,0.631008,false,0.631008,0.0,8.0,0.4466666666666667,0.803998373762609,0.0,0.0,0.0,0.86,3.348699999999983,false,,92b2999ebd5be92b2e3b1171414745a835ba1f40a3febd34f04d58619d28a65e,
F2233,Float64,7902,0.870073,26,false,0.824576,false,0.824576,0.0,13.0,0.2280593220338983,0.7612388742041097,0.0,0.0,0.0,0.0,3.0,false,,96a77c996bb2bcb90d4c8fa9f43eb7540c683c3ae96eab2a42ffcf24193e1707,
F2234,Float64,6914,0.761286,266,false,0.67297,false,0.67297,0.0,1294.58,1.1281780442804428,27.873163316314997,0.0,0.0,0.0,0.42,6.585199999999968,false,,222637254338520e312d8615f2c0a4fea8a763fb860c46b5a24ade9009c61b0e,
F2235,Float64,7792,0.857961,212,false,0.633333,false,0.633333,0.0,34.67,0.5486279069767442,1.7230796909129609,0.0,0.0,0.0,0.67,7.0816999999999535,false,,23bfe5c03d53fa15c1035565d3e75e8852292f9e1924d5fc216713b312645e11,
F2236,Float64,7902,0.870073,125,false,0.824576,false,0.824576,0.0,443.69,0.7511779661016948,13.381821937171281,0.0,0.0,0.0,0.0,4.818300000000008,false,,16ebabb43fad5d970ed295b5b2c57160a587fa1ee3ad7448783cd17bf449228c,
F2237,Float64,8524,0.93856,101,false,0.374552,false,0.374552,0.0,30.0,1.0100179211469533,2.178869235780853,0.0,0.0,0.5,1.0225,7.28999999999985,false,,a2ab82ac64bbfcea4e546488c17f035c42ed4d53b74d6ca7ad5a727e0ab17395,
F2238,Float64,8828,0.972033,33,false,0.582677,false,0.582677,0.0,22.0,0.7474015748031496,2.027965200511515,0.0,0.0,0.0,1.0,8.469999999999999,false,,92e90acbfefa89304d797190d1f88ef5d19beb1c2f2a5b541edbba7c439078fd,
F2239,Float64,8588,0.945607,87,false,0.38664,false,0.38664,0.0,12.0,0.8596153846153846,1.348306500345016,0.0,0.0,0.5,1.0,6.0,false,,ac5927c7b2a1e78ca03975ead4aa5b419eb7ced9a289c1a0b93b5be3a5f1c28c,
F2240,Float64,8524,0.93856,233,false,0.383513,false,0.383513,0.0,56350.44,118.13709677419355,2395.8534789278115,0.0,0.0,0.27,1.52,223.41629999999495,false,,c7ebe17e8854f377e6dee154d1aedcd30fae49ba240d52d38e4d473a62c29d94,
F2241,Float64,8828,0.972033,94,false,0.586614,false,0.586614,0.0,5881.27,36.249685039370085,381.9260916906228,0.0,0.0,0.0,0.895,533.3768999999995,false,,8c94375ac97ef4caa3579aa3a69528f46cd5ec1762b3e9d9ccd672baad094305,
F2242,Float64,8588,0.945607,213,false,0.394737,false,0.394737,0.0,28175.22,62.5456072874494,1266.4790045232949,0.0,0.0,0.25,1.3775,176.0528,false,,dcaea101d3c4a7facc3b394df2f6678acc10afad24f24ffe97494fa976612968,
F2243,Float64,112,0.012332,327,false,0.156968,false,0.156968,0.0,32.0,0.7303389074693423,0.8126400518843294,0.0,0.29,0.68,1.0,3.1492999999999847,false,,530ce17b2b005df32662c28a667bae389e5d6ec6a1ce4eed89d2943deebc3004,
F2244,Float64,626,0.068928,294,false,0.194182,false,0.194182,0.0,24.75,0.8086423841059602,0.9806391042636261,0.0,0.23,0.67,1.0,4.25,false,,9a9cb41ebddf7feb1723272212e1039098d1f1ddb0edbfa2edb580e3b5eb1b9d,
F2245,Float64,402,0.044263,331,false,0.165438,false,0.165438,0.0,173.75,0.785360599078341,2.1663897815574438,0.0,0.27,0.67,1.0,3.67,false,,777b637e4bb664214f3c115f6a7d6a76cb5092fba894cc2e345deb0cbcad081f,
F2246,Float64,112,0.012332,458,false,0.200892,false,0.200892,0.0,1539.01,0.952738015607581,19.426842647371846,0.0,0.02,0.36,0.87,4.841299999999882,false,,7f3f08437b449ad33482174b28246116803ec95a4bd61cce087c25f410202e52,
F2247,Float64,626,0.068928,668,false,0.227412,false,0.227412,0.0,2849712.0,633.3299597918638,32420.514942372967,0.0,0.01,0.37,0.92,111.2560000000015,false,,82a319a836094f246694a8507835d6d2951c24013b514d4b15e0870d34ad6f02,
F2248,Float64,402,0.044263,449,false,0.207258,false,0.207258,0.0,12840.27,3.562,162.16804719423806,0.0,0.02,0.35,0.83,5.032099999999992,false,,0086b77f40c30c74c1caa24741cf4689ccf02e641b55186c0e10e5167cd10d9c,
F2249,Float64,476,0.052411,324,false,0.142226,false,0.142226,0.0,24.0,0.744338833372066,0.7499534874384932,0.0,0.33,0.69,1.0,3.0475000000000363,false,,deb6bcc848c1d4f23b7a2cb29cbb140b067a85c5447f4bda389226e0c18a875f,
F2250,Float64,1304,0.143581,291,false,0.148496,false,0.148496,0.0,19.0,0.8494214451015686,0.9389056203976337,0.0,0.33,0.71,1.05,4.268399999999965,false,,80a17fcbe2b8a231e8fbbfb7799abf502c9f1a6040e8df8d9eb50074ec41d07d,
F2251,Float64,759,0.083572,323,false,0.151748,false,0.151748,0.0,347.0,0.8175838039168569,3.957902227302528,0.0,0.31,0.67,1.0,3.5780000000000656,false,,c0d768935e680a5808c665a1a089d9af7583152c58b0c580610789e1f1164502,
F2252,Float64,476,0.052411,469,false,0.175227,false,0.175227,0.0,1000.0,0.875576342086916,11.253562435887273,0.0,0.05,0.4,0.89,5.597000000000043,false,,9452cef1db6cb88defa5bf217a2b7edea507b0d93e2444d9baa86dd379d31719,
F2253,Float64,1304,0.143581,664,false,0.177809,false,0.177809,0.0,3055334.75,1072.5022332219078,48377.54469905529,0.0,0.05,0.45,0.96,112.4574999999999,false,,45909528ab48996b97fdc167a83328d643e851b261ad4944bfec785186f5c166,
F2254,Float64,759,0.083572,456,false,0.182987,false,0.182987,0.0,3992.54,1.2524366214105491,44.01601180211575,0.0,0.04,0.38,0.85,5.237800000000007,false,,3542cff2221494825d77c1952f5bad395685189bb0bdb80adaa43ec0d47b72f4,
F2255,Float64,476,0.052411,324,false,0.142226,false,0.142226,0.0,24.0,0.744338833372066,0.7499534874384932,0.0,0.33,0.69,1.0,3.0475000000000363,false,,deb6bcc848c1d4f23b7a2cb29cbb140b067a85c5447f4bda389226e0c18a875f,F2249
F2256,Float64,1304,0.143581,291,false,0.148496,false,0.148496,0.0,19.0,0.8494214451015686,0.9389056203976337,0.0,0.33,0.71,1.05,4.268399999999965,false,,80a17fcbe2b8a231e8fbbfb7799abf502c9f1a6040e8df8d9eb50074ec41d07d,F2250
F2257,Float64,759,0.083572,323,false,0.151748,false,0.151748,0.0,347.0,0.8175838039168569,3.957902227302528,0.0,0.31,0.67,1.0,3.5780000000000656,false,,c0d768935e680a5808c665a1a089d9af7583152c58b0c580610789e1f1164502,F2251
F2258,Float64,476,0.052411,469,false,0.175227,false,0.175227,0.0,1000.0,0.875576342086916,11.253562435887273,0.0,0.05,0.4,0.89,5.597000000000043,false,,9452cef1db6cb88defa5bf217a2b7edea507b0d93e2444d9baa86dd379d31719,F2252
F2259,Float64,1304,0.143581,664,false,0.177809,false,0.177809,0.0,3055334.75,1072.5022332219078,48377.54469905529,0.0,0.05,0.45,0.96,112.4574999999999,false,,45909528ab48996b97fdc167a83328d643e851b261ad4944bfec785186f5c166,F2253
F2260,Float64,759,0.083572,456,false,0.182987,false,0.182987,0.0,3992.54,1.2524366214105491,44.01601180211575,0.0,0.04,0.38,0.85,5.237800000000007,false,,3542cff2221494825d77c1952f5bad395685189bb0bdb80adaa43ec0d47b72f4,F2254
F2261,Float64,8116,0.893636,45,false,0.557971,false,0.557971,0.0,7.0,0.47664596273291926,0.7709626238743593,0.0,0.0,0.0,1.0,3.0,false,,a5609912e28a45ff4c39604575856eb7b1ac9abf962b0c6a8546a23cc233dd85,
F2262,Float64,8116,0.893636,45,false,0.557971,false,0.557971,0.0,7.0,0.47664596273291926,0.7709626238743593,0.0,0.0,0.0,1.0,3.0,false,,a5609912e28a45ff4c39604575856eb7b1ac9abf962b0c6a8546a23cc233dd85,F2261
F2263,Float64,8116,0.893636,178,false,0.557971,false,0.557971,0.0,70.05,0.6830952380952381,2.709416683197037,0.0,0.0,0.0,0.72,7.694500000000011,false,,0f996f2610cef673c61c00852965a8704b52499cfe066a1a46b9c09985b71780,
F2264,Float64,8116,0.893636,178,false,0.557971,false,0.557971,0.0,70.05,0.6830952380952381,2.709416683197037,0.0,0.0,0.0,0.72,7.694500000000011,false,,0f996f2610cef673c61c00852965a8704b52499cfe066a1a46b9c09985b71780,F2263
F2265,Float64,8155,0.89793,32,false,0.804746,false,0.804746,0.0,8.0,0.2683387270765912,0.7514328934473008,0.0,0.0,0.0,0.0,3.8700000000000045,false,,e29ce99a8a0141d57c092c13dc9231c5e6389ab799fdd2e8f844893a19a9269a,
F2266,Float64,8157,0.89815,31,false,0.807568,false,0.807568,0.0,7.0,0.26056216216216216,0.7232251398372587,0.0,0.0,0.0,0.0,3.8799999999999955,false,,06fa7f5821ecf55e9cdd7005fd30b8243e53ace216b6bbbaa11f2d1f01234e46,
F2267,Float64,8155,0.89793,125,false,0.807983,false,0.807983,0.0,15767.24,25.907346278317153,535.446509936828,0.0,0.0,0.0,0.0,58.41320000000002,false,,175199ffe4204660b5f29108542f3b812661875a3b458014474bf024f96c07e3,
F2268,Float64,9078,0.99956,2,false,0.75,true,0.75,0.0,0.05,0.0125,0.02165063509461097,0.0,0.0,0.0,0.0125,0.04849999999999999,false,0.0:3; 0.05:1,53c0ce4b2a7e5691160f66c413eefe7e9d0b78919f0e191fe9ffe42070e257f4,
F2269,Float64,8157,0.89815,122,false,0.810811,false,0.810811,0.0,15767.24,25.547870270270266,533.8994059053248,0.0,0.0,0.0,0.0,53.05879999999985,false,,4575bf39fcc8e75166aae52e995eda81d6d0a9265a83da294866c773eb489744,
F2270,Float64,7991,0.879872,50,false,0.705775,false,0.705775,0.0,11.0,0.3692025664527956,0.819768587672949,0.0,0.0,0.0,0.5,3.5,false,,1528c57ef814969ba645102979c6e6ab1607e89e6aa32d1b0ad30295a8ce635a,
F2271,Float64,9046,0.996036,12,false,0.527778,true,0.527778,0.0,11.0,0.9041666666666666,1.9710183140814401,0.0,0.0,0.0,1.0,8.899999999999991,false,0.0:19; 1.0:4; 2.0:3; 0.5:2; 0.33:1,4decdb967717d8739d0ba849968509496716e26007f9e0e1e16970aa8e664fbe,
F2272,Float64,8017,0.882735,48,false,0.713615,false,0.713615,0.0,7.0,0.34922065727699525,0.7407641360790737,0.0,0.0,0.0,0.4,3.0,false,,5cff8472a6903e4a0944f61300c6336ac6ba64b81a3978b3bee20ec171bb075c,
F2273,Float64,7991,0.879872,172,false,0.709441,false,0.709441,0.0,5994.53,13.606306141154903,225.99462480855394,0.0,0.0,0.0,0.25,30.053999999999952,false,,1cb12d7f18c5e52312c508da3a5d9a5195b7bfb58f755fb660ee9f6df5f9c732,
F2274,Float64,9046,0.996036,17,false,0.555556,true,0.555556,0.0,21.1,1.0811111111111111,3.476106360872574,0.0,0.0,0.0,1.005,14.764999999999976,false,0.0:20; 1.35:1; 0.88:1; 1.43:1; 0.02:1,4d3512dffc118160bb29eff730ef21914902baa47433cac6d791580397dd23ea,
F2275,Float64,8017,0.882735,160,false,0.715493,false,0.715493,0.0,5994.53,10.90692957746479,207.33789046255993,0.0,0.0,0.0,0.21,26.72959999999949,false,,e58fe9407dd661525d32e5f3218f4cff9fc04b73f1dd1870619b8ba1caa8ce17,
F2276,Float64,8601,0.947038,24,false,0.756757,false,0.756757,0.0,5.0,0.326029106029106,0.7819974365922376,0.0,0.0,0.0,0.0,4.0,false,0.0:364; 1.0:50; 2.0:10; 0.5:8; 4.0:5,9b765db430ba3dfbcc68c14cae84c489762ca8530765c98b87f693b66ca29482,
F2277,Float64,9036,0.994935,5,false,0.847826,true,0.847826,0.0,5.0,0.2082608695652174,0.7698286210970033,0.0,0.0,0.0,0.0,3.1999999999999886,false,0.0:39; 1.0:4; 0.5:1; 5.0:1; 0.08:1,020839d61cfdfcdc3bf891cf2302ba013266cfa923dd2fb427876c6149780bc6,
F2278,Float64,8640,0.951332,21,false,0.771493,false,0.771493,0.0,5.0,0.3159502262443439,0.765529496026952,0.0,0.0,0.0,0.0,4.0,false,0.0:341; 1.0:43; 2.0:10; 0.5:6; 4.0:5,ceacb81ca387ec4e9934c42ee8beb4d4ccb0eb1d2ac4602e3bb2f6f3fb2b2029,
F2279,Float64,8601,0.947038,91,false,0.769231,false,0.769231,0.0,248259.22,523.0642827442829,11307.800717876076,0.0,0.0,0.0,0.0,92.24399999999831,false,,45a65e37fc55acf6a61311edee6c81781536fe85ddf67a706ee4af1a2ef5dc53,
F2280,Float64,9036,0.994935,8,false,0.826087,true,0.826087,0.0,7.63,0.39282608695652177,1.275274332027492,0.0,0.0,0.0,0.0,5.919999999999989,false,0.0:38; 1.5:2; 1.67:1; 0.11:1; 7.63:1,89a0efbc487fbac2f8811d487f5ad05e2f64a1276e80c8af60cdd86da5033d41,
F2281,Float64,8640,0.951332,81,false,0.778281,false,0.778281,0.0,1169.19,6.026742081447964,71.08338964875057,0.0,0.0,0.0,0.0,49.99389999999999,false,,e4f68f2f4b0fd0893720f47575df6e61fffd487e6c70a5f6035db6e80777e57b,
F2282,Float64,3018,0.332306,300,false,0.27655,false,0.27655,0.0,48.0,0.7707338390501318,1.301884938164289,0.0,0.0,0.57,1.0,4.568099999999986,false,,42fe9812739557c7cfea5c32fe84481cd83cb8804dc48e93fff64a7750a426e7,
F2283,Float64,3842,0.423035,259,false,0.262977,false,0.262977,0.0,44.0,0.7929828244274808,1.1220505593422547,0.0,0.0,0.63,1.0,4.0,false,,0ce21fd5bdc445f2a770b3300c92614fbdbf29775eedea3318de9654b6b177f2,
F2284,Float64,5944,0.654481,275,false,0.355641,false,0.355641,0.0,342.5,0.8779859783301466,6.330889825951097,0.0,0.0,0.5,1.0,5.5,false,,2874c3224cee178db57f8a38fd2385dca457b29c733beabcdb3e1637740c4307,
F2285,Float64,3018,0.332306,572,false,0.301121,false,0.301121,0.0,686720.0,243.6376451187335,11402.643194644947,0.0,0.0,0.38,0.99,26.21849999999967,false,,bee489ce521ff478f871ba76bc0b6ca563a9f1311d4e529759e6fc358291695e,
F2286,Float64,3842,0.423035,586,false,0.287214,false,0.287214,0.0,552948.0,171.40703053435112,7850.121694424318,0.0,0.0,0.41,1.01,55.56439999999933,false,,bd97ffcb3cbce8ff5fa2e9b1047509a0ef4893759e8aa0d4fc290b725d606076,
F2287,Float64,5944,0.654481,380,false,0.366157,false,0.366157,0.0,3700.0,2.070544933078394,66.10565797884367,0.0,0.0,0.36,0.98,8.326300000000002,false,,24fb89d36573d805d58a20606ce53f988e5a7bc44bd6fc9a1880b699029ec245,
F2288,Float64,2481,0.273178,287,false,0.093319,false,0.093319,0.0,30.0,0.8056794425087108,0.8672996379426842,0.0,0.41,0.73,1.02,3.25,false,,c84f7ed1cde1e031ee333065051a759be602bb9e2b581d6e4191fc3bb866f14f,
F2289,Float64,3404,0.374807,281,false,0.161853,false,0.161853,0.0,30.0,0.9142796759422332,1.1414892668647783,0.0,0.29,0.71,1.11,5.0,false,,cefe9794ce53934c0f5ae699388a8182f341b9037800cf180d233fcf8261f2ce,
F2290,Float64,3348,0.368641,280,false,0.073422,false,0.073422,0.0,31.5,0.8245901639344262,0.8728372231307127,0.0,0.42,0.71,1.04,3.5,false,,f26084f62f2d689a755a78a0aaaa8d540d10246db9b4aaea1c78b3591081d76d,
F2291,Float64,2481,0.273178,434,false,0.114831,false,0.114831,0.0,20001.0,5.39490077261021,252.25743016071135,0.0,0.13,0.47,0.89,7.77,false,,22cb89154874534f30a4b9e6b165c59b03cad8bd5827c389e28ade570ae00640,
F2292,Float64,3404,0.374807,721,false,0.183163,false,0.183163,0.0,160967.0,96.4896900317013,2631.078951642433,0.0,0.07,0.51,1.1,173.1482999999881,false,,488aeface7f89c46b2e9b0ad8bd74ac0632b233276bc2637632453a101f834d2,
F2293,Float64,3348,0.368641,417,false,0.09993,false,0.09993,0.0,112238.0,22.601158004883153,1484.4762030627369,0.0,0.12,0.43,0.85,7.906700000000001,false,,7c872664b8d60659cd28c5112641f939c9bb1ee9d8b87d42f4f0b5df90ebaf50,
F2294,Float64,4692,0.516626,251,false,0.371526,false,0.371526,0.0,23.0,0.7420660592255125,1.113034163010273,0.0,0.0,0.5,1.0,4.741899999999905,false,,234b17494069c2361ba5febe4aa04527ff8020cdd80785d0f68619c1c836de7b,
F2295,Float64,5146,0.566615,221,false,0.341209,false,0.341209,0.0,11.0,0.7595376016260162,0.9606955631465841,0.0,0.0,0.57,1.0,4.565000000000009,false,,0337730c50f46bc2351c6ddbd2bd8b5283ea325cf3554a700e9e5f82b7d7b1cf,
F2296,Float64,8028,0.883946,134,false,0.64611,false,0.64611,0.0,76.33,0.7490512333965844,3.3163283078116645,0.0,0.0,0.0,0.5,11.089300000000005,false,,42ad9ce61d046c83e20cf2bea693415e00a4f2ee4951fa09cafdd39ea8cde618,
F2297,Float64,4692,0.516626,573,false,0.389066,false,0.389066,0.0,30536.89,15.871079726651478,529.6155832698813,0.0,0.0,0.22,1.0,46.54369999999913,false,,3ca4622e9b164b1430d81df4c594049d77ee2436877fb4c59f0863fcebf37597,
F2298,Float64,5146,0.566615,557,false,0.358232,false,0.358232,0.0,30536.89,18.02952489837398,559.5141333788303,0.0,0.0,0.32,1.04,61.925500000000056,false,,a0fa95f4bc23f1c705e647d2ddc34865056152ff60c8210ad39a35501bf7a91b,
F2299,Float64,8028,0.883946,212,false,0.656546,false,0.656546,0.0,994.09,2.1474098671726756,31.690043666420486,0.0,0.0,0.0,0.2875,19.467200000000076,false,,1f26dc8e925d7c5bfbec0e3751b6d5c90061f9564b25619644b49f4b88e8b1d2,
F2300,Float64,7787,0.85741,165,false,0.408494,false,0.408494,0.0,14.0,0.6927953667953668,1.0397057353118284,0.0,0.0,0.4,1.0,4.238599999999956,false,,3bc2a1a35c9b5bbe40507ca38db662b3ea7a7c3c6b3c759d857f7cc370ebb13a,
F2301,Float64,8527,0.93889,91,false,0.461261,false,0.461261,0.0,6.0,0.6634774774774774,0.9467370121704637,0.0,0.0,0.25,1.0,4.0,false,,c72fde5436124f4714e3c03d5767e4a4ad50e893456ec79ea2d35c01196ae2f6,
F2302,Float64,8081,0.889782,158,false,0.420579,false,0.420579,0.0,12.5,0.6500099900099899,0.9307106304445423,0.0,0.0,0.36,1.0,4.0,false,,2d6a4d39504d8ac6626c5398b889e04f43bb58d7ac3bb7ee9724e3d3b79ccdb6,
F2303,Float64,7787,0.85741,286,false,0.421622,false,0.421622,0.0,107000.0,83.94010038610038,2972.1952951718386,0.0,0.0,0.15,0.96,17.819999999999947,false,,57f375750eaade4b4dcf86c3e8bb78ec9eda5d84cf0471d996acd29fc0388afe,
F2304,Float64,8527,0.93889,176,false,0.47027,false,0.47027,0.0,107000.0,203.20277477477475,4540.7341798751395,0.0,0.0,0.1,0.95,19.031400000000023,false,,903f907e018442eb5888a6947e2feddfc333e376a79bd53f1ab9208dd637d503,
F2305,Float64,8081,0.889782,249,false,0.431568,false,0.431568,0.0,665.0,1.947992007992008,22.619964175140762,0.0,0.0,0.17,0.94,12.1,false,,09487080a5784212316443100e2a02b2a4d0d57ff216dcfe354981366925363f,
F2306,Float64,8844,0.973794,26,false,0.642857,false,0.642857,0.0,4.0,0.39399159663865546,0.7079747063302001,0.0,0.0,0.0,0.67,3.3149999999999977,false,,b8dc7e04004ddaa8599e137fcf5cfa8c7a038d5e1bd937dbc5090dd26b026ec1,
F2307,Float64,8844,0.973794,27,false,0.642857,false,0.642857,0.0,4.0,0.3947058823529412,0.7086711716030194,0.0,0.0,0.0,0.67,3.3149999999999977,false,,95f04d08967b9d807ab83ff5ca0d017e157ba076fe61c7978a939869041f0799,
F2308,Float64,8844,0.973794,72,false,0.642857,false,0.642857,0.0,341.4,2.4562605042016807,22.52582049465341,0.0,0.0,0.0,0.355,28.96999999999998,false,,899af6a6dfb4b4c872a18f21ce59fc11affd8f39698771f91bb842dd06d8a632,
F2309,Float64,8844,0.973794,72,false,0.642857,false,0.642857,0.0,341.4,2.456764705882353,22.52578162577715,0.0,0.0,0.0,0.355,28.96999999999998,false,,df7833589cccd2c6b9d4d08aa44f84783d30292dbc63ca9e3bdc04d3b6d97b41,
F2310,Float64,9003,0.991301,3,false,0.974684,true,0.974684,0.0,1.0,0.0189873417721519,0.12434735888853478,0.0,0.0,0.0,0.0,0.6099999999999994,false,0.0:77; 0.5:1; 1.0:1,add89b696963821693b5fe5e50c3f8310199ee7f2647f6f820ec6556921fe8ae,
F2311,Float64,9003,0.991301,3,false,0.974684,true,0.974684,0.0,1.0,0.0189873417721519,0.12434735888853478,0.0,0.0,0.0,0.0,0.6099999999999994,false,0.0:77; 1.0:1; 0.5:1,add89b696963821693b5fe5e50c3f8310199ee7f2647f6f820ec6556921fe8ae,F2310
F2312,Float64,9082,1.0,0,true,1.0,true,,,,,,,,,,,,,a85e5e34b55857d604486871e07d90d2182c96ec5983828468fb8dc535a6c290,F128
F2313,Float64,9003,0.991301,3,false,0.974684,true,0.974684,0.0,9353.26,118.39620253164559,1045.6424191422375,0.0,0.0,0.0,0.0,2057.748399999989,false,0.0:77; 9353.26:1; 0.04:1,fc8c0b498112a6285eebbf68460546acccc9b1b2eed2ced180eb381ce99340de,
F2314,Float64,9003,0.991301,3,false,0.974684,true,0.974684,0.0,9353.26,118.39620253164559,1045.6424191422375,0.0,0.0,0.0,0.0,2057.748399999989,false,0.0:77; 9353.26:1; 0.04:1,fc8c0b498112a6285eebbf68460546acccc9b1b2eed2ced180eb381ce99340de,F2313
F2315,Float64,8018,0.882845,76,false,0.732143,false,0.732143,0.0,30.0,0.38839285714285715,1.364878245067579,0.0,0.0,0.0,0.2,5.684999999999945,false,,387d8926455b495ad7aa7775a3ef5377b0a40b0701bc4c264d8dd7f47970548a,
F2316,Float64,8796,0.968509,31,false,0.755245,false,0.755245,0.0,8.0,0.3115034965034965,0.918902989729182,0.0,0.0,0.0,0.0,5.149999999999977,false,,efeba1a47bab1d9e14697f803b14ecae12b2960615d2aaefbf7139b7f2c0d722,
F2317,Float64,8237,0.906959,65,false,0.745562,false,0.745562,0.0,13.0,0.3418934911242603,0.9765937484965819,0.0,0.0,0.0,0.11,4.145599999999986,false,,800501af4622756587ddb2c8930ac0f02a38710ea53c7b40bb4d9f61586ec3fb,
F2318,Float64,8018,0.882845,169,false,0.741541,false,0.741541,0.0,2013.97,2.667236842105263,62.02121606647969,0.0,0.0,0.0,0.03,11.758499999999994,false,,af40dbefcac33743afbf5a5ea547e7e59852c9f95db5b2e7745ff10e29aaa6ab,
F2319,Float64,8796,0.968509,57,false,0.762238,false,0.762238,0.0,1010.93,3.828356643356644,59.662609413138256,0.0,0.0,0.0,0.0,5.504999999999993,false,,7fcc925d954d62beca25f9d48a5a9dd98cf9568eaf22e51171f370fc5629d555,
F2320,Float64,8237,0.906959,140,false,0.753846,false,0.753846,0.0,13766.23,17.03676923076923,473.30422957350135,0.0,0.0,0.0,0.0,11.767999999999997,false,,7b2dec12ca46614f37290e7f2957a20127d24fc35c377986acc81c654fc2f3d6,
F2321,Float64,8078,0.889452,52,false,0.577689,false,0.577689,0.0,8.0,0.5635258964143426,0.9902479257785187,0.0,0.0,0.0,1.0,4.0,false,,b0cdc4e80d5b4525d86a5331ddc36ca46b7c86bea826a172e9ae1ea1adb22dac,
F2322,Float64,8777,0.966417,39,false,0.518033,false,0.518033,0.0,9.0,0.6914098360655737,1.120394973930252,0.0,0.0,0.0,1.0,4.9599999999999795,false,,f0084afca43625581a863c3e8fe9ae9f71cbb123ce8528aecdc37dd423858a7f,
F2323,Float64,8332,0.917419,34,false,0.662667,false,0.662667,0.0,8.0,0.4204533333333334,0.8523783556353103,0.0,0.0,0.0,0.6525000000000001,4.0,false,,59906ac68ba4bf6b69a9a32c3363b2187771dd1d6072eb540ab7a2016afeb79d,
F2324,Float64,8078,0.889452,230,false,0.596614,false,0.596614,0.0,772575.0,1617.0962151394424,34464.68320812972,0.0,0.0,0.0,0.7324999999999999,621.4476000000014,false,,201a9f9ee47e3e417f6c7d2eea28b46c7e9acd827f6dede2dc489adea52a208f,
F2325,Float64,8777,0.966417,118,false,0.52459,false,0.52459,0.0,772575.0,5080.383213114755,62354.788565754505,0.0,0.0,0.0,1.0,1057.5483999999965,false,,f972bcc7c07745ee2a4bc41c9e4f0c63c9917908cf703f788c9645002cb0854e,
F2326,Float64,8332,0.917419,147,false,0.666667,false,0.666667,0.0,982.86,3.859973333333334,45.11125967057399,0.0,0.0,0.0,0.395,25.20229999999999,false,,0e1c49b0f0b3d04012feb8b9b54b8af5384bf9c14ac8901fd94f0c158b574b08,
F2327,Float64,6455,0.710747,131,false,0.589646,false,0.589646,0.0,8.0,0.5105329272934908,0.8128617911736145,0.0,0.0,0.0,1.0,3.205799999999963,false,,fd29e0cdb0f0f30a0d407e5ab1dced0ce60a3d98d649b9e421c6f017c87537e9,
F2328,Float64,7491,0.824818,128,false,0.57951,false,0.57951,0.0,6.0,0.5414079195474544,0.8285942015766037,0.0,0.0,0.0,1.0,4.0,false,,668d559a1cf77303f69b651847a516031be8d2bb7160b51cbba680675e717991,
F2329,Float64,7611,0.838031,40,false,0.743712,false,0.743712,0.0,4.0,0.3223385452073419,0.6791078420883674,0.0,0.0,0.0,0.25,3.0,false,,222fa8f03ff0e81d66105d89c45068888a68d9e8ac901b00387971296b02c0f5,
F2330,Float64,6455,0.710747,352,false,0.595737,false,0.595737,0.0,170.2,1.0078454510848875,6.243216359849613,0.0,0.0,0.0,0.725,13.958999999999923,false,,51e4ee239419fe7a583572ada2d1d04b5b9e5cf61c5bad5053bce31f5f45501c,
F2331,Float64,7491,0.824818,288,false,0.580767,false,0.580767,0.0,500.0,1.1602514142049025,12.970173289510093,0.0,0.0,0.0,0.865,12.525999999999977,false,,41c7e9b8e71a77b6c89c4271a7ba97be04c9a3843220ea2af64243a937b40ef3,
F2332,Float64,7611,0.838031,178,false,0.743712,false,0.743712,0.0,937.5,1.4250645819170635,25.37659694376973,0.0,0.0,0.0,0.02,8.70099999999997,false,,c4dc0eb1743e33e33898d8401b73b4da0692b58cdf18379294d9aa7d0367f847,
F2333,Float64,8278,0.911473,179,false,0.283582,false,0.283582,0.0,199.0,2.104726368159204,8.54659031542129,0.0,0.0,1.0,2.0,17.970000000000027,false,,33b905de4cc836b5540aac631408eb28e1f58d279551113f9b37db3e005ff460,
F2334,Float64,8649,0.952323,75,false,0.441109,false,0.441109,0.0,23.0,1.6016397228637413,2.9310676927345214,0.0,0.0,0.5,1.67,14.455600000000004,false,,1d5bfde63a4f963ad316cb576905c03dfb101b077e01b64d78c265ce3ca6db0c,
F2335,Float64,8396,0.924466,131,false,0.306122,false,0.306122,0.0,25.0,1.2229883381924198,1.9776392019969369,0.0,0.0,0.83,1.565,10.0,false,,60ebe987b005e8f092611bc3afda666fcb67e88f0455dfdc34f84dde6b40a0a5,
F2336,Float64,8278,0.911473,372,false,0.287313,false,0.287313,0.0,9675.03,24.416044776119406,352.6676661251033,0.0,0.0,0.73,2.62,335.9269000000024,false,,e4712dddee8ed4ad8fe7df8ad74679e79ee6de00d66b77bf297390f858353311,
F2337,Float64,8649,0.952323,184,false,0.445727,false,0.445727,0.0,11731.27,29.98147806004619,563.130747216107,0.0,0.0,0.16,1.61,45.51560000000002,false,,9a9db63a8175a2160aff9eacd9c69c24a891f7b5fa40fd374cd68612d2ad5350,
F2338,Float64,8396,0.924466,284,false,0.309038,false,0.309038,0.0,1301.72,6.061355685131195,54.765316228185846,0.0,0.0,0.515,1.7575,102.16249999999941,false,,f3eb4a4995b13525d2ea2d82ba8c7b11f085e2477de743dedd039a90411d8470,
F2339,Float64,75,0.008258,357,false,0.139558,false,0.139558,0.0,24.12,0.8910425224825136,0.7780500967192033,0.0,0.41,0.89,1.22,3.1888000000000103,false,,8c406d03502c324a3df3ffe715b9a47888f54bae86c165027ded6b7bbb617829,
F2340,Float64,391,0.043052,352,false,0.158785,false,0.158785,0.0,25.21,0.956654009895294,1.0175067781411573,0.0,0.36,0.88,1.27,4.0,false,,27b4c6955f87ecb0f7f953f48d6433b43278ba711ce9aa8d5886b9362b05cf59,
F2341,Float64,359,0.039529,362,false,0.141465,false,0.141465,0.0,21.14,0.9312954258855899,0.8546955335573166,0.0,0.41,0.9,1.26,3.5878000000000063,false,,fedd45fd7d71acde5993e49705c0d09da2646801d2565225acab8b13f98f4122,
F2342,Float64,75,0.008258,457,false,0.178528,false,0.178528,0.0,2732.77,1.2802109470411902,30.867529474924513,0.0,0.05,0.51,1.04,4.945200000000041,false,,ac8bfd59006bb3109f1be656fffe7ff8af91e7ec13a786629d6b95ce613df0d8,
F2343,Float64,391,0.043052,593,false,0.190312,false,0.190312,0.0,3681744.85,769.1970854907375,42755.64621351225,0.0,0.04,0.5,1.06,22.41300000000001,false,,c9b0d1c07160bbb85a21a197b432437505284a614a12ec1488a0a4c07ae7627c,
F2344,Float64,359,0.039529,463,false,0.175284,false,0.175284,0.0,332.35,0.9526688066032329,5.916658572288249,0.0,0.07,0.54,1.07,5.285600000000013,false,,30e7f4ab1b4ee4077c854670827d44ba065bdef7b8ea41f08eaf960bf43a7efe,
F2345,Float64,403,0.044373,355,false,0.126512,false,0.126512,0.0,24.0,0.9119299458462957,0.7733878059545859,0.0,0.46,0.9,1.23,3.2521999999999935,false,,05c05a3f35738d1844fbc114c503f04f4b51fc3d5d6f231927d06cd3561804e5,
F2346,Float64,1025,0.112861,349,false,0.120144,false,0.120144,0.0,25.11,1.0057155268710438,1.0128342170836588,0.0,0.48,0.92,1.3,4.44399999999996,false,,7cd34130881d9444867319c205f593394faea9659744e5407cccfbfe8e466b12,
F2347,Float64,695,0.076525,365,false,0.130321,false,0.130321,0.0,21.0,0.9492679146297842,0.8657004726427203,0.0,0.44,0.91,1.26,3.78,false,,d620da56432d678a4881bc0774816b7387505516f7c3debf177760d967e89818,
F2348,Float64,403,0.044373,462,false,0.155317,false,0.155317,0.0,2732.77,1.6282497983638669,35.80857992741825,0.0,0.09,0.55,1.06,5.313199999999961,false,,a180fe567c936704072fb4b325ab6b064c6867a17c314a50d3e3d5b48a03dbf4,
F2349,Float64,1025,0.112861,590,false,0.146208,false,0.146208,0.0,3681744.85,759.07588432419,43607.91521195545,0.0,0.1,0.59,1.11,24.809599999999865,false,,7dd74292ad002327cf88db12f8edbf671eb706563bb4403b6eb2cdc28d4b388e,
F2350,Float64,695,0.076525,471,false,0.153213,false,0.153213,0.0,447.02,1.0751985215214022,9.0704564323323,0.0,0.1,0.57,1.09,5.713999999999942,false,,d54e1910d318a854ea09a3ad3b244fb74fcc2212ede76bc5515449efb5b12baa,
F2351,Float64,403,0.044373,355,false,0.126512,false,0.126512,0.0,24.0,0.9119299458462957,0.7733878059545859,0.0,0.46,0.9,1.23,3.2521999999999935,false,,05c05a3f35738d1844fbc114c503f04f4b51fc3d5d6f231927d06cd3561804e5,F2345
F2352,Float64,1025,0.112861,349,false,0.120144,false,0.120144,0.0,25.11,1.0057155268710438,1.0128342170836588,0.0,0.48,0.92,1.3,4.44399999999996,false,,7cd34130881d9444867319c205f593394faea9659744e5407cccfbfe8e466b12,F2346
F2353,Float64,695,0.076525,365,false,0.130321,false,0.130321,0.0,21.0,0.9492679146297842,0.8657004726427203,0.0,0.44,0.91,1.26,3.78,false,,d620da56432d678a4881bc0774816b7387505516f7c3debf177760d967e89818,F2347
F2354,Float64,403,0.044373,462,false,0.155317,false,0.155317,0.0,2732.77,1.6282497983638669,35.80857992741825,0.0,0.09,0.55,1.06,5.313199999999961,false,,a180fe567c936704072fb4b325ab6b064c6867a17c314a50d3e3d5b48a03dbf4,F2348
F2355,Float64,1025,0.112861,590,false,0.146208,false,0.146208,0.0,3681744.85,759.07588432419,43607.91521195545,0.0,0.1,0.59,1.11,24.809599999999865,false,,7dd74292ad002327cf88db12f8edbf671eb706563bb4403b6eb2cdc28d4b388e,F2349
F2356,Float64,695,0.076525,471,false,0.153213,false,0.153213,0.0,447.02,1.0751985215214022,9.0704564323323,0.0,0.1,0.57,1.09,5.713999999999942,false,,d54e1910d318a854ea09a3ad3b244fb74fcc2212ede76bc5515449efb5b12baa,F2350
F2357,Float64,7757,0.854107,94,false,0.430189,false,0.430189,0.0,13.0,0.7804,1.1475596709934373,0.0,0.0,0.4,1.0,5.0,false,,bb6d61e76a06867d7bd47d6a3c466b2897a9f56eb221a55e440277c04a94a4ca,
F2358,Float64,7757,0.854107,94,false,0.430189,false,0.430189,0.0,13.0,0.7804,1.1475596709934373,0.0,0.0,0.4,1.0,5.0,false,,bb6d61e76a06867d7bd47d6a3c466b2897a9f56eb221a55e440277c04a94a4ca,F2357
F2359,Float64,7757,0.854107,277,false,0.430189,false,0.430189,0.0,99.59,1.1777584905660379,4.474677046865915,0.0,0.0,0.23,1.13,12.0,false,,87ae6e84432fb59e001911e44e26f8fb3814032be79466f37c472b2f1b21f7bf,
F2360,Float64,9082,1.0,0,true,1.0,true,,,,,,,,,,,,,a85e5e34b55857d604486871e07d90d2182c96ec5983828468fb8dc535a6c290,F128
F2361,Float64,7757,0.854107,277,false,0.430189,false,0.430189,0.0,99.59,1.1777584905660379,4.474677046865915,0.0,0.0,0.23,1.13,12.0,false,,87ae6e84432fb59e001911e44e26f8fb3814032be79466f37c472b2f1b21f7bf,F2359
F2362,Float64,7730,0.851134,63,false,0.714497,false,0.714497,0.0,10.0,0.4058801775147929,0.9249132985869146,0.0,0.0,0.0,0.5,4.0,false,,4d354e0bc2e79446f9b3d54cf76ad0562f6c12573645140725f6a0dff7966381,
F2363,Float64,7734,0.851575,60,false,0.715875,false,0.715875,0.0,9.0,0.40155786350148365,0.9094980715761726,0.0,0.0,0.0,0.5,4.0,false,,e5c98e35ccd12f629b94c91fd6a535e0550278882d897e377908f9401b9901c4,
F2364,Float64,7730,0.851134,206,false,0.715237,false,0.715237,0.0,3999.75,11.853920118343193,147.1102299635499,0.0,0.0,0.0,0.15,205.31510000000063,false,,b1c86689b26208accf3b50857ae229ef5623d827a1023b5737752ab0e522acb9,
F2365,Float64,9066,0.998238,7,false,0.5625,true,0.5625,0.0,1.66,0.21625,0.405136936726337,0.0,0.0,0.0,0.25,1.4859999999999995,false,0.0:9; 0.23:2; 0.5:1; 0.38:1; 0.31:1,53a45ef192d98e6dcc4046791449d28fcfff0776ee9e0fd791d92460d0060fb8,
F2366,Float64,7734,0.851575,201,false,0.716617,false,0.716617,0.0,3999.75,12.388256676557862,152.40778102532914,0.0,0.0,0.0,0.12,208.03469999999814,false,,7865ff679c856e4971436ab4ae1f2a208e5033bd40e35736e98a4f6c750fb46d,
F2367,Float64,7694,0.84717,82,false,0.60951,false,0.60951,0.0,21.0,0.5925144092219021,1.245982629224179,0.0,0.0,0.0,1.0,5.0,false,,0f340b20fcd7ccc8b02a8b82bb5a639570aea1e126866c552fedf2fff120306c,
F2368,Float64,9028,0.994054,16,false,0.592593,true,0.592593,0.0,21.0,0.8537037037037037,2.8760713277975,0.0,0.0,0.0,1.0,11.98999999999998,false,0.0:32; 1.0:8; 4.0:1; 0.63:1; 0.13:1,7f49a4bea972da71281d62ee02bdee909fe0e3592b296d59f4df3bd2e67f74d8,
F2369,Float64,7735,0.851685,80,false,0.613957,false,0.613957,0.0,10.0,0.5778396436525612,1.129500028464227,0.0,0.0,0.0,1.0,5.0,false,,0f355c269ffd223de4dcfa619d8f820dc9831f3121194ee634bcd3dc54ef03ed,
F2370,Float64,7694,0.84717,267,false,0.615994,false,0.615994,0.0,13430.17,15.002240634005764,369.03691570566895,0.0,0.0,0.0,0.76,36.02719999999971,false,,b79e2c392aefcfe4afb8e34eb8d6536997f48e86e7fda7fe668aa36931a068d7,
F2371,Float64,9028,0.994054,21,false,0.592593,true,0.592593,0.0,44.6,1.7785185185185188,6.34016076656999,0.0,0.0,0.0,1.08,26.791999999999963,false,0.0:32; 1.46:2; 1.09:2; 0.34:1; 1.05:1,e4296ed3577353e3740a7603b7e5be57a57ba10538ab43f8c7ea72fc6830cddd,
F2372,Float64,7735,0.851685,262,false,0.619896,false,0.619896,0.0,2375.1,5.443422420193021,81.42431182479548,0.0,0.0,0.0,0.755,28.498399999999744,false,,a42fa486659343560b6685ea5c1b1e9f59a37e47b93e6b9bc18a013cf5589761,
F2373,Float64,7938,0.874037,59,false,0.686189,false,0.686189,0.0,14.0,0.42274475524475524,0.9313937885747195,0.0,0.0,0.0,1.0,4.0,false,,d78bb15e2ad3df9f89e7798f29066fb0e741f1f1c1c9386fe197eb8fa4235be9,
F2374,Float64,9009,0.991962,15,false,0.643836,true,0.643836,0.0,7.0,0.42260273972602735,0.9428462118344519,0.0,0.0,0.0,0.62,3.4000000000000057,false,0.0:47; 1.0:9; 0.5:3; 2.0:2; 1.5:2,0b0ec495a236774af9d7e4a268fed49360ec3f44e4a10c7602f15a158605b2c2,
F2375,Float64,7990,0.879762,52,false,0.704212,false,0.704212,0.0,14.0,0.3969871794871795,0.884074290704116,0.0,0.0,0.0,0.8875,3.699699999999973,false,,11f3a609b84b50dabe28d9705b6fbb0d0cca1e3a70fe93d3087c92a7486ea11f,
F2376,Float64,7938,0.874037,184,false,0.714161,false,0.714161,0.0,193470.55,278.68123251748256,5990.050007177823,0.0,0.0,0.0,0.06,1245.885799999991,false,,a9bad8e0abbcce8eec783f2fce0d7a3f496a5a023e4794327b0a05e393f7af5f,
F2377,Float64,9009,0.991962,24,false,0.643836,true,0.643836,0.0,49.15,1.298904109589041,5.910534723426674,0.0,0.0,0.0,0.63,21.055600000000045,false,0.0:47; 1.67:2; 0.63:2; 1.12:2; 0.01:1,b0b4b63db58ee466315ad6d79d0488d1e93da3d1c6d2465c707f9627f30ebf54,
F2378,Float64,7990,0.879762,168,false,0.729853,false,0.729853,0.0,193470.55,291.24121794871803,6130.690980389591,0.0,0.0,0.0,0.05,1317.5802999999905,false,,3cf35d6a10ab3a9500e1d3977dca523be06bcb0f0108616b542065a6679250f1,
F2379,Float64,2574,0.283418,338,false,0.217117,false,0.217117,0.0,33.0,0.9587246465888136,1.2810092017904124,0.0,0.19,0.83,1.26,5.399900000000125,false,,9500892c92bb886a060155452582ec7f3cfa339967fdbef6d3c28d0ca1918552,
F2380,Float64,3272,0.360273,309,false,0.199828,false,0.199828,0.0,33.0,1.0086574870912222,1.3143385166635815,0.0,0.26,0.89,1.31,5.4909999999999854,false,,68e27de3b8f65331a8f27a8c7e76bbdf34545244ba7661de6d5f4135032d8819,
F2381,Float64,5765,0.634772,316,false,0.319867,false,0.319867,0.0,27.25,0.8916822429906542,1.4142485456150298,0.0,0.0,0.7,1.23,5.472800000000024,false,,66ea012638bab35c81abb94aba18225260bc9f992dec7e58247df725004fc347,
F2382,Float64,2574,0.283418,607,false,0.239705,false,0.239705,0.0,3673744.85,811.8467639827903,47550.732948308716,0.0,0.01,0.52,1.16,24.677400000000052,false,,17e4608a472c0813cf9e69f6d837c4ab12126e03bffe4b4b7e32e0eeaa5a6272,
F2383,Float64,3272,0.360273,626,false,0.222031,false,0.222031,0.0,24490500.0,5050.37535111876,324956.1261530158,0.0,0.03,0.55,1.2,38.453999999999944,false,,423007ce11f3ec73ba1ea3b48965870093fa392c2a2a4245c87b840c6b2133ce,
F2384,Float64,5765,0.634772,432,false,0.328309,false,0.328309,0.0,14800.0,7.742821826952066,277.0542409019303,0.0,0.0,0.53,1.2,16.128800000000048,false,,c9708d9f7759c11a8d79da867087afe179ff01df9b403ad0f0230dfc59ec909d,
F2385,Float64,2368,0.260736,349,false,0.081323,false,0.081323,0.0,50.0,1.0222207327971404,1.1825043345259976,0.0,0.56,0.95,1.28,4.286999999999989,false,,be429c099cf148f1600e0b87d9ec1d9d5447909c44ef2c3f65c0c9b2a59a863a,
F2386,Float64,2956,0.325479,357,false,0.121123,false,0.121123,0.0,32.0,1.1510104472739144,1.4513226456234807,0.0,0.45,0.95,1.39,6.5775,false,,8b6fc4d71b269ea2986dc07e1931421800923956733e35d36271daa56cf9fb0f,
F2387,Float64,3292,0.362475,340,false,0.061313,false,0.061313,0.0,21.5,1.0385630397236616,0.911305450584125,0.0,0.6,0.95,1.3,4.502199999999993,false,,72dbf410dcee07b5ab23a73067a380239ca03cef9a3679ea2e25e0d70e5d30ad,
F2388,Float64,2368,0.260736,472,false,0.100089,false,0.100089,0.0,78002.0,31.180296395591302,1250.1764855141396,0.0,0.21,0.66,1.1275,8.127399999999998,false,,ba38fb3a8efcfc2f0ba02abe216fad726fc890efbb1f4ffb6609ea18ba56d29f,
F2389,Float64,2956,0.325479,787,false,0.139896,false,0.139896,0.0,5860001.0,1167.1068348024814,75003.40185639242,0.0,0.16,0.68,1.37,142.88,false,,5c49c2f18e65767abe276a80ef0b3141b2988fd29c9f37e79618cb7025a607f4,
F2390,Float64,3292,0.362475,454,false,0.07962,false,0.07962,0.0,7172.8,2.709126079447323,99.16859809649686,0.0,0.21,0.64,1.1,7.218699999999944,false,,8500d392d51c7d3f9796cf25880140bd23599489172de59cd011f023fb01121d,
F2391,Float64,4043,0.445166,301,false,0.30125,false,0.30125,0.0,18.0,0.936517166104386,1.2556909923545836,0.0,0.0,0.75,1.25,6.0,false,,05378ddd3a6498f1f1f0060dc362c361ae3839bd6e2f045cd54d68cad09671da,
F2392,Float64,4476,0.492843,264,false,0.275727,false,0.275727,0.0,31.0,0.9539491966999565,1.2418251719673186,0.0,0.0,0.86,1.29,5.0,false,,9967ba1d638593914013161b3cf2a5ec17d980ba56efeccb869aa675de513c83,
F2393,Float64,7823,0.861374,191,false,0.548848,false,0.548848,0.0,124.0,1.029499602859412,4.676895790723943,0.0,0.0,0.0,1.0,13.320200000000023,false,,0b11ff5e54aceba7880ecc24d2fd14bb84d069ca8b0b82ec967e842d6e952af1,
F2394,Float64,4043,0.445166,641,false,0.318516,false,0.318516,0.0,160000.0,73.28112720777932,2873.4085792769865,0.0,0.0,0.4,1.18,40.75799999999974,false,,4956b98c45a7d98907b9a3372c5890c043d93672f6def85119f25a4a687aa591,
F2395,Float64,4476,0.492843,631,false,0.291576,false,0.291576,0.0,160000.0,59.50239904472427,2534.1371677320344,0.0,0.0,0.49,1.2375,52.910999999999675,false,,1d448a4dcdcf30ac0614ad37e51dec7cbdc24be03a3d54aa915c64c6d9bd526e,
F2396,Float64,7823,0.861374,296,false,0.559174,false,0.559174,0.0,515.17,3.354471803018268,26.352150862169655,0.0,0.0,0.0,0.735,52.13900000000047,false,,aee520ea13c7e496e72d55d68ab88d14d3354b43ad84b85e23e531b3e41a6f8a,
F2397,Float64,7595,0.83627,209,false,0.345662,false,0.345662,0.0,16.0,0.8394821788836583,1.3248097403789418,0.0,0.0,0.5,1.07,6.0,false,,af314893d5251f1b89cec5c607f90e2134f997178038e23c224e9f1604fe79b7,
F2398,Float64,8381,0.922814,117,false,0.400856,false,0.400856,0.0,14.0,0.8179600570613411,1.2519562910711524,0.0,0.0,0.4,1.11,5.67,false,,e73ae6bf912d76af2af998146b64f0f16a70be54848cc92299e68137a7625329,
F2399,Float64,7939,0.874147,181,false,0.348206,false,0.348206,0.0,18.0,0.8573490813648293,1.4590856530320993,0.0,0.0,0.5,1.0,6.747999999999957,false,,30b0cafa553e9e5f065e9074928631df58a94b5fccf1285a56197e5404b2124d,
F2400,Float64,7595,0.83627,311,false,0.353732,false,0.353732,0.0,13876.26,12.980450571620711,364.85543867832473,0.0,0.0,0.26,1.04,22.92260000000001,false,,68c83f11b784924595bf0eb50061a25c2d39404abb1f1822e90cf385ca9da8ec,
F2401,Float64,8381,0.922814,217,false,0.402282,false,0.402282,0.0,200000.0,358.5181883024252,7767.136662716143,0.0,0.0,0.2,1.0,50.12,false,,b8d7e664823a17f9070e70800a12151f86346846b2f420fa3e71edd18b5f0768,
F2402,Float64,7939,0.874147,275,false,0.355206,false,0.355206,0.0,6278.62,8.034986876640419,189.49907156510676,0.0,0.0,0.28,1.045,19.579999999999927,false,,e2c70e9413ef6ee29b1e4e769c5c51f591b3e311c6d1b3c7d5b37e8321e6755e,
F2403,Float64,8747,0.963114,42,false,0.495522,false,0.495522,0.0,8.0,0.8126268656716419,1.2931559086414735,0.0,0.0,0.17,1.0,6.660000000000025,false,,ad3f7176c8c7c6344713ef81eda454ec707bcbb5510300d54be24d3f33c733f6,
F2404,Float64,8747,0.963114,43,false,0.495522,false,0.495522,0.0,8.0,0.8118507462686568,1.2936276108810336,0.0,0.0,0.17,1.0,6.660000000000025,false,,03c2016744e75ab0b3b66a2123720d4f41ce4a1e40f1346495979cef8b58cada,
F2405,Float64,8747,0.963114,127,false,0.498507,false,0.498507,0.0,85.92,1.860597014925373,7.98223693642608,0.0,0.0,0.01,1.07,28.105600000000226,false,,52684e93a953cbccdf51da31505c923fd70c4df97b6ff48054ad54f504716b90,
F2406,Float64,9078,0.99956,1,true,1.0,true,1.0,0.0,0.0,0.0,0.0,0.0,0.0,0.0,0.0,0.0,true,0.0:4,61556c2346f9ba7242fd9abe935950c4de157177870b04aa09c2b048a552953d,
F2407,Float64,8747,0.963114,130,false,0.498507,false,0.498507,0.0,85.92,1.858626865671642,7.982459832668986,0.0,0.0,0.01,1.07,28.105600000000226,false,,4ee9e417b5d6d0af3217529823cef4457c6d0d2f2c3d135cf351e2ec6effec1c,
F2408,Float64,8938,0.984144,5,false,0.680556,false,0.680556,0.0,2.0,0.3333333333333333,0.5034602488997738,0.0,0.0,0.0,1.0,1.7849999999999966,false,0.0:98; 1.0:42; 2.0:2; 1.5:1; 0.5:1,f258dec36daed4a68adb4869cb45fe141ce502a49f544abfdcaea51c069de2dd,
F2409,Float64,8938,0.984144,5,false,0.680556,false,0.680556,0.0,2.0,0.3333333333333333,0.5034602488997738,0.0,0.0,0.0,1.0,1.7849999999999966,false,0.0:98; 1.0:42; 2.0:2; 1.5:1; 0.5:1,f258dec36daed4a68adb4869cb45fe141ce502a49f544abfdcaea51c069de2dd,F2408
F2410,Float64,8938,0.984144,10,false,0.680556,false,0.680556,0.0,49.88,0.7152777777777778,4.174913995196064,0.0,0.0,0.0,1.0,4.746299999999996,false,0.0:98; 1.0:35; 0.11:3; 2.0:2; 2.33:1,53fe01364864bf8cafc44dc672fd905f2c3ba130b7c67aed695c763ae83708bd,
F2411,Float64,8938,0.984144,10,false,0.680556,false,0.680556,0.0,49.88,0.7152777777777778,4.174913995196064,0.0,0.0,0.0,1.0,4.746299999999996,false,0.0:98; 1.0:35; 0.11:3; 2.0:2; 4.41:1,53fe01364864bf8cafc44dc672fd905f2c3ba130b7c67aed695c763ae83708bd,F2410
F2412,Float64,7643,0.841555,112,false,0.642113,false,0.642113,0.0,49.0,0.5613829047949965,1.8566990720286083,0.0,0.0,0.0,0.74,5.0,false,,dc9b56cd12258c62862bf6e748312b6ef59306a2b8682b8608f71483082d65fb,
F2413,Float64,8718,0.959921,33,false,0.695055,false,0.695055,0.0,11.2,0.4336538461538461,1.1678218199941455,0.0,0.0,0.0,0.5,6.0,false,,4b5b51e6a166f528e73f576649b57d332636e0e74de5416d004c2dfffce13ab3,
F2414,Float64,7905,0.870403,95,false,0.647409,false,0.647409,0.0,21.0,0.5385301614273577,1.3700980613402893,0.0,0.0,0.0,0.75,5.0,false,,dba0a68e3ca56fcd14d67af00665e3a3812570af860c13c3882982c6d0489ef6,
F2415,Float64,7643,0.841555,267,false,0.648367,false,0.648367,0.0,62919.77,48.72083391243919,1659.1544538267349,0.0,0.0,0.0,0.36,74.47059999999884,false,,581fea6c2466f70e215a3fafee500e71258a92e06c6d8b7c5184681e20a77ddf,
F2416,Float64,8718,0.959921,83,false,0.695055,false,0.695055,0.0,326.02,2.4080494505494503,24.257806861355565,0.0,0.0,0.0,0.18,15.410400000000019,false,,67fc60a44ae8209f4e7f31d196b70ee395cd01e145332a8449cfc024b62dc8ec,
F2417,Float64,7905,0.870403,243,false,0.652506,false,0.652506,0.0,62919.77,61.24184367034835,1836.1640558098293,0.0,0.0,0.0,0.36,83.91640000000005,false,,975a15105c8a12b5b67cff0ad213936517bb1778ed9edc648cb2214da59531ef,
F2418,Float64,7499,0.825699,101,false,0.458623,false,0.458623,0.0,17.0,0.8557422615287428,1.3870142956182316,0.0,0.0,0.33,1.0,6.0,false,,54359916e076a8ba0d5208d5388550518e8dc08cb5ab3342a5e7283d87b2eb5b,
F2419,Float64,8599,0.946818,69,false,0.374741,false,0.374741,0.0,17.0,1.0819875776397514,1.6677339182873068,0.0,0.0,0.7,1.34,7.0,false,,176237c57dfbb743f3d85b96f12f0e08442e53b371c97875fe840de245efaf65,
F2420,Float64,7864,0.865889,61,false,0.534483,false,0.534483,0.0,10.0,0.6694745484400657,1.119491683159175,0.0,0.0,0.0,1.0,5.0,false,,c0c0e7b577a4964c463b59f1c21b45b11ea28c0eb242e92bc9a28959ea6b8ea9,
F2421,Float64,7499,0.825699,420,false,0.479469,false,0.479469,0.0,33865.33,66.78355022109918,1061.6161150224955,0.0,0.0,0.02,1.16,723.7270000000083,false,,738daee5db021cee72218f3d1336279526578a862c936b258634d80a1c30c484,
F2422,Float64,8599,0.946818,225,false,0.393375,false,0.393375,0.0,33865.33,88.95639751552794,1551.7248980505817,0.0,0.0,0.34,2.2750000000000004,322.0730000000006,false,,0145de09228f6d0658ab1b23df7e90854f6e3fd3a25d1169b37a45b79f580281,
F2423,Float64,7864,0.865889,274,false,0.546798,false,0.546798,0.0,1050.85,4.685090311986864,40.57526615861464,0.0,0.0,0.0,1.0,82.41919999999976,false,,af397113d00642c63afcf78c72ec62ecf1425726bf8ebf76af2699e6f35da7d3,
F2424,Float64,6914,0.761286,158,false,0.507841,false,0.507841,0.0,22.0,1.2620756457564575,2.0996151531472833,0.0,0.0,0.0,2.0,8.598999999999979,false,,5511adaa8797da21ce0d82f079263345dc9a25237457b08880a1dc73b82d2763,
F2425,Float64,7792,0.857961,147,false,0.508527,false,0.508527,0.0,22.0,1.4527364341085274,2.292177807473857,0.0,0.0,0.0,2.4450000000000003,9.403699999999933,false,,de0a71d3449a99a509f1a17b576a04ae0454259ffb63770a5e1aea8acdb4dc19,
F2426,Float64,7902,0.870073,43,false,0.695763,false,0.695763,0.0,21.0,0.6430847457627118,1.5725045260168822,0.0,0.0,0.0,1.0,7.0,false,,208e2e71b00dcb5a82000215d439ccbed6c2e9847c1a46224007e906a1cb8ce3,
F2427,Float64,6914,0.761286,492,false,0.527675,false,0.527675,0.0,1401.58,2.3911946494464944,30.67505844812785,0.0,0.0,0.0,1.8,21.401999999999973,false,,ebc9ea2b28d8c653dbe97e136d43f4dd476a77eeb1b363f5eda2004abe1873b3,
F2428,Float64,7792,0.857961,405,false,0.511628,false,0.511628,0.0,114.91,1.9129612403100777,5.551242984496021,0.0,0.0,0.0,2.2975,20.03409999999997,false,,0896cdb97ea16b046125b40d01ee04b8540241a8c2fd62169a8fba253287b318,
F2429,Float64,7902,0.870073,205,false,0.695763,false,0.695763,0.0,937.5,2.4259067796610165,34.04652629596473,0.0,0.0,0.0,0.44,17.620800000000017,false,,b60bf5d6117a5ddcf411e81dbbcbeafb19204f631513d046b2fc7ff0e78b2609,
F2430,Float64,8524,0.93856,160,false,0.188172,false,0.188172,0.0,136.0,4.465322580645161,10.162916573653376,0.0,0.8374999999999999,2.0,5.0,34.86999999999955,false,,8f509604ac0af8e3d53cc285a4e5fb4efc46c1889e802a16014ed24eaae1e910,
F2431,Float64,8828,0.972033,59,false,0.354331,false,0.354331,0.0,75.67,3.2215748031496068,7.660136861218177,0.0,0.0,1.0,3.0,35.28999999999999,false,,4768150df07e0fa97704fffd02fa94294a2b6a127b8924bb8cadb35ff1c0e6aa,
F2432,Float64,8588,0.945607,138,false,0.206478,false,0.206478,0.0,52.0,3.125,4.450686511663252,0.0,0.6174999999999999,2.0,4.0,21.20999999999998,false,,b7b94a32079c242b6d09e52f140dc560a72079f24688b32138c6b06ac8611326,
F2433,Float64,8524,0.93856,365,false,0.197133,false,0.197133,0.0,57770.68,154.1172759856631,2465.711712833229,0.0,0.305,2.33,7.255,1468.6919999999986,false,,14e6e8450fa7527aded4480aac38a1f501c9b8cec6c01f66bd823f853bf71a00,
F2434,Float64,8828,0.972033,145,false,0.358268,false,0.358268,0.0,5881.27,48.312559055118115,402.52738540688927,0.0,0.0,0.56,2.9875,1206.299299999999,false,,ce28f006042719b699f9071543aebd4751f53d9c9e22642fba21378cb0796e38,
F2435,Float64,8588,0.945607,323,false,0.214575,false,0.214575,0.0,29595.46,87.85163967611336,1339.66291538364,0.0,0.1825,1.97,5.4,815.4226999999953,false,,dd5104c1867fba8c665d97166b23ec50b6c5df0f13579dd5fea59680dc97643a,
F2436,Float64,112,0.012332,777,false,0.109253,false,0.109253,0.0,114.0,2.3878439241917504,2.4164754478186055,0.0,1.09,2.25,3.2,9.309299999999984,false,,606294923e65a8753ad9fc633dacae1e072413cf72501e0783638f27eb39c206,
F2437,Float64,626,0.068928,721,false,0.11684,false,0.11684,0.0,53.0,2.613677861873226,2.637796094803324,0.0,1.0,2.25,3.43,12.0,false,,60f5192785df2fda6d55397f4e3ca61660a78b362df91db80695519842a4a622,
F2438,Float64,402,0.044263,793,false,0.113594,false,0.113594,0.0,470.0,2.583668202764977,5.924911990678332,0.0,1.07,2.26,3.29,11.0,false,,0ea5bf6ac4fbd4931bb8915e1df7f45c01ee5254962c62fa440b78142709e3fa,
F2439,Float64,112,0.012332,918,false,0.13612,false,0.13612,0.0,13667.83,4.069594202898551,146.9320819143599,0.0,0.25,1.3,2.71,15.17479999999996,false,,b5cf35cc157ef1df51c4bb7c3d4bfcc2ca516b7d733fefc4968609200bb05366,
F2440,Float64,626,0.068928,1185,false,0.138363,false,0.138363,0.0,2949822.0,974.3388422421949,37039.305204255914,0.0,0.23,1.39,2.91,363.11550000000346,false,,7dff7b0341ecf77dac6f6e6f4ccaa57b4b1cfc0f017dc97a06cc1c93bee4937a,
F2441,Float64,402,0.044263,930,false,0.137673,false,0.137673,0.0,47080.98,14.872319124423965,707.9619646806077,0.0,0.24,1.29,2.68,16.66509999999973,false,,a78d9056b222fe1dc62c4525e4fb58f967d04e449d51b00c32f99f150eb6f5b1,
F2442,Float64,476,0.052411,774,false,0.09505,false,0.09505,0.0,114.0,2.4384464327213573,2.365839821890002,0.0,1.2,2.3,3.22,9.339500000000006,false,,4925250bb5a140778d0855a6245bcacfefcc2aaa0abea4e6f269003bf2c00769,
F2443,Float64,1304,0.143581,710,false,0.077141,false,0.077141,0.0,53.0,2.7686603239907432,2.6583644159586113,0.0,1.25,2.4,3.5,13.0,false,,acee56f83d4c7293847d3172b3d189dbfbeecff8fb3a14cc6e600e43d95118f6,
F2444,Float64,759,0.083572,791,false,0.099123,false,0.099123,0.0,939.5,2.680531058512556,10.755039074198248,0.0,1.17,2.28,3.3,11.215600000000013,false,,cf0282d7733ae34dda78b9b96f67fd01becd64d11d13448febce4492600a825a,
F2445,Float64,476,0.052411,919,false,0.113758,false,0.113758,0.0,13667.83,4.180611201487334,148.32489857786672,0.0,0.34,1.39,2.76,15.987500000000036,false,,1ccd1af5527b9c2b0e7f2fb95b8dc8a69ece040ff01536b507c12a5d68816d33,
F2446,Float64,1304,0.143581,1181,false,0.093854,false,0.093854,0.0,3240502.62,1439.1069323733607,53092.82419322717,0.0,0.44,1.62,3.07,362.1766999999885,false,,16bca9fa66726e59bc2fbcab95f954dd2e05b0b31f3c941777b011ecce871af5,
F2447,Float64,759,0.083572,935,false,0.113901,false,0.113901,0.0,4415.33,3.2297921422563984,56.95284021218838,0.0,0.32,1.36,2.73,17.22200000000026,false,,4f1d4152405a8dfd91de5a9db96f85ed7dc0ab278cc765ec0381467c310a3423,
F2448,Float64,476,0.052411,774,false,0.09505,false,0.09505,0.0,114.0,2.4384464327213573,2.365839821890002,0.0,1.2,2.3,3.22,9.339500000000006,false,,4925250bb5a140778d0855a6245bcacfefcc2aaa0abea4e6f269003bf2c00769,F2442
F2449,Float64,1304,0.143581,710,false,0.077141,false,0.077141,0.0,53.0,2.7686603239907432,2.6583644159586113,0.0,1.25,2.4,3.5,13.0,false,,acee56f83d4c7293847d3172b3d189dbfbeecff8fb3a14cc6e600e43d95118f6,F2443
F2450,Float64,759,0.083572,791,false,0.099123,false,0.099123,0.0,939.5,2.680531058512556,10.755039074198248,0.0,1.17,2.28,3.3,11.215600000000013,false,,cf0282d7733ae34dda78b9b96f67fd01becd64d11d13448febce4492600a825a,F2444
F2451,Float64,476,0.052411,919,false,0.113758,false,0.113758,0.0,13667.83,4.180611201487334,148.32489857786672,0.0,0.34,1.39,2.76,15.987500000000036,false,,1ccd1af5527b9c2b0e7f2fb95b8dc8a69ece040ff01536b507c12a5d68816d33,F2445
F2452,Float64,1304,0.143581,1181,false,0.093854,false,0.093854,0.0,3240502.62,1439.1069323733607,53092.82419322717,0.0,0.44,1.62,3.07,362.1766999999885,false,,16bca9fa66726e59bc2fbcab95f954dd2e05b0b31f3c941777b011ecce871af5,F2446
F2453,Float64,759,0.083572,935,false,0.113901,false,0.113901,0.0,4415.33,3.2297921422563984,56.95284021218838,0.0,0.32,1.36,2.73,17.22200000000026,false,,4f1d4152405a8dfd91de5a9db96f85ed7dc0ab278cc765ec0381467c310a3423,F2447
F2454,Float64,8116,0.893636,82,false,0.326087,false,0.326087,0.0,18.0,1.5579089026915114,1.9891819161743423,0.0,0.0,1.0,2.17,9.0,false,,9625f571894bfe5abb6ab5181e3e461453d389dae515c77bf7b1d8f910106a03,
F2455,Float64,9082,1.0,0,true,1.0,true,,,,,,,,,,,,,a85e5e34b55857d604486871e07d90d2182c96ec5983828468fb8dc535a6c290,F128
F2456,Float64,8116,0.893636,82,false,0.326087,false,0.326087,0.0,18.0,1.5579089026915114,1.9891819161743423,0.0,0.0,1.0,2.17,9.0,false,,9625f571894bfe5abb6ab5181e3e461453d389dae515c77bf7b1d8f910106a03,F2454
F2457,Float64,8116,0.893636,331,false,0.326087,false,0.326087,0.0,102.52,2.3160351966873707,6.4398375584559195,0.0,0.0,0.8200000000000001,2.2150000000000003,24.838500000000028,false,,87219d00c9c377db5c5fa93e7da5ae2934cb9ae99b08bd2614ae8f5493d590b1,
F2458,Float64,9082,1.0,0,true,1.0,true,,,,,,,,,,,,,a85e5e34b55857d604486871e07d90d2182c96ec5983828468fb8dc535a6c290,F128
F2459,Float64,8116,0.893636,331,false,0.326087,false,0.326087,0.0,102.52,2.3160351966873707,6.4398375584559195,0.0,0.0,0.8200000000000001,2.2150000000000003,24.838500000000028,false,,87219d00c9c377db5c5fa93e7da5ae2934cb9ae99b08bd2614ae8f5493d590b1,F2457
F2460,Float64,8155,0.89793,57,false,0.665588,false,0.665588,0.0,14.0,0.8416073354908307,1.7838957480719944,0.0,0.0,0.0,1.0,8.0,false,,ae66906b1ce5219fb2cd0e2c5e7b09e2c31ac17a28dc0f6e6f5d32e4ddf06502,
F2461,Float64,9078,0.99956,4,false,0.25,true,0.25,0.0,2.0,1.0,0.7905694150420949,0.015,0.375,1.0,1.625,1.9849999999999999,false,1.5:1; 2.0:1; 0.0:1; 0.5:1,4c2b542d030d4cad4d7a38ef24c371c27ce1311054c239840b5cd86cb6ec1be2,
F2462,Float64,8157,0.89815,55,false,0.667027,false,0.667027,0.0,14.0,0.8241621621621622,1.751860810118132,0.0,0.0,0.0,1.0,8.0,false,,9216336ec2f63e6dbf7cdb8483793dd5ec38bd2cef0e981e011fe579f25ebd3d,
F2463,Float64,8155,0.89793,208,false,0.666667,false,0.666667,0.0,16275.86,44.07724919093851,580.9816202267508,0.0,0.0,0.0,0.79,795.8054000000005,false,,ae148103195ced5e4c71d40d9174356414ed9bd87c30f139522f1055f28df379,
F2464,Float64,9078,0.99956,4,false,0.25,true,0.25,0.0,1.66,0.59,0.6428841264178171,0.006,0.15000000000000002,0.35,0.79,1.6251999999999995,false,0.2:1; 0.0:1; 1.66:1; 0.5:1,2c3ca6495d26028bf035bcd63105684c8a92b45c7265dbdd4942976da50b7c49,
F2465,Float64,8157,0.89815,204,false,0.668108,false,0.668108,0.0,16275.86,41.70858378378379,575.9221196390723,0.0,0.0,0.0,0.75,711.1523999999986,false,,68b2379fce0856226a796a44786885ffbe1711328a8124dc9bee7cc2d9ea4bca,
F2466,Float64,7991,0.879872,85,false,0.534372,false,0.534372,0.0,30.0,1.2318240146654447,2.348786583428141,0.0,0.0,0.0,1.635,11.0,false,,842c17cbe1f08cca6290cd557cfaa6830e7a3fca0490c00e60f077b80887a8d5,
F2467,Float64,9046,0.996036,16,false,0.416667,true,0.416667,0.0,30.0,2.478611111111111,5.330142354143283,0.0,0.0,0.75,2.8125,24.399999999999977,false,0.0:15; 1.0:3; 2.0:3; 0.5:2; 4.0:2,d355627523096bac90e93a0926f5de769e2c6de67fa9bf321a06d74e7b93114b,
F2468,Float64,8017,0.882735,77,false,0.540845,false,0.540845,0.0,19.5,1.1843098591549295,2.157439474721341,0.0,0.0,0.0,1.5,10.5,false,,15a5429a8234b4d3d7a02b8feb2bf0dc991270807c3f7d45c738539906f0671d,
F2469,Float64,7991,0.879872,290,false,0.536205,false,0.536205,0.0,37062.47,83.18939505041249,1583.9546822260802,0.0,0.0,0.0,1.5,196.073999999999,false,,7ddd53b7f0f22a8fd5ab5165d461cc8ca744c9437506bbb65f987ad8baf11720,
F2470,Float64,9046,0.996036,21,false,0.444444,true,0.444444,0.0,62.8,3.823333333333333,10.604838780271747,0.0,0.0,0.275,3.675,46.47949999999993,false,0.0:16; 9.77:1; 4.57:1; 0.1:1; 1.6:1,47d404896d0e5c8fcd349d0447536b1f39fc6e0caa438e3b6d5d0bbcfe87a9c1,
F2471,Float64,8017,0.882735,276,false,0.542723,false,0.542723,0.0,6017.27,16.344685446009393,243.09106119011216,0.0,0.0,0.0,1.5,137.40719999999374,false,,dca28d24f118ea74f32f02209b8b1ed1857afbd9ea5baa6379dffbca9e7637ad,
F2472,Float64,8601,0.947038,51,false,0.409563,false,0.409563,0.0,15.0,1.2955925155925156,2.0475923979481983,0.0,0.0,1.0,1.5,10.0,false,,6fd07686e64da173bce083052958c6b544c44037107db1660a59e9e0c60dde82,
F2473,Float64,9036,0.994935,13,false,0.521739,true,0.521739,0.0,7.0,0.7663043478260869,1.3786530267772112,0.0,0.0,0.0,1.0,6.549999999999997,false,0.0:24; 1.0:8; 2.0:3; 1.5:2; 0.25:1,9b95dbd86ceb50dc58a3384ea76ae771a12a4c147ab382fd70d362fcf0bff8d2,
F2474,Float64,8640,0.951332,43,false,0.423077,false,0.423077,0.0,15.0,1.274366515837104,2.027922879458846,0.0,0.0,1.0,1.0,10.0,false,,c591d35cbdac46aee9d62f35d9c017fbf01bc25e6885c6e1bb61087e0076d119,
F2475,Float64,8601,0.947038,185,false,0.449064,false,0.449064,0.0,248259.22,643.6967775467775,11367.3122945338,0.0,0.0,0.06,1.4,4586.35999999999,false,,2f55b9f00ddca92f7aad5645ae58116170be180a306423f821236d7b04c6e870,
F2476,Float64,9036,0.994935,21,false,0.521739,true,0.521739,0.0,49.15,1.8717391304347826,7.193396822433095,0.0,0.0,0.0,1.225,30.67299999999988,false,0.0:24; 1.5:2; 1.67:2; 3.17:1; 0.89:1,197c1b38de5be7c80760bad937b05cd259f53e37c1828a1afbaf0bb10fbc4d0c,
F2477,Float64,8640,0.951332,167,false,0.461538,false,0.461538,0.0,19900.06,124.64683257918551,1241.3251923842865,0.0,0.0,0.05,1.31,1972.5613999999996,false,,48e5f07b3be86ff13980ab18565569acdd623c2c2aba05e8c85523991c599ec5,
F2478,Float64,3018,0.332306,690,false,0.146108,false,0.146108,0.0,111.0,2.519655343007915,3.424322906024021,0.0,0.75,2.0,3.36,13.782199999999994,false,,a931595e220e772b8015afee8b66c65753b104a482ad09ceb2b24aadbca052f5,
F2479,Float64,3842,0.423035,593,false,0.119275,false,0.119275,0.0,44.0,2.5829580152671756,2.6289843970760542,0.0,1.0,2.06,3.5,12.0,false,,06c61d34a2fb83c3e1bdc42aec5905bb8de193131e9d14d1a4bab478d45cbcde,
F2480,Float64,5944,0.654481,617,false,0.25972,false,0.25972,0.0,931.0,2.911115360101976,17.78058254338073,0.0,0.0,1.71,3.33,16.207900000000034,false,,0b0bbaa27fca24ae4ab0013aa8e8e45179345883ce82ffaef61fdfd47cf58957,
F2481,Float64,3018,0.332306,1088,false,0.163259,false,0.163259,0.0,686720.0,468.85253133245385,14673.302851820048,0.0,0.2075,1.49,3.1925,85.13749999999959,false,,fbdbf43f3881a5518d01cc131eecd9394502748d9abacd4bb1ba3cd3be232675,
F2482,Float64,3842,0.423035,1095,false,0.135305,false,0.135305,0.0,552957.0,476.4815,12676.269796007384,0.0,0.32,1.61,3.3525,244.7705999999959,false,,3ceb5f239ec309190e5c1764a514bd42e44156809d06744c11e5b325b1eb26d8,
F2483,Float64,5944,0.654481,801,false,0.269917,false,0.269917,0.0,14800.0,12.037562141491396,316.5927370115142,0.0,0.0,1.4449999999999998,3.2,36.60360000000019,false,,d1d572eac9a3e719e16168ffc635ff737b949e621c678d3f5427e5c8f051b3b3,
F2484,Float64,2481,0.273178,712,false,0.04878,false,0.04878,0.0,110.0,2.69188607786699,2.768834772211642,0.0,1.46,2.44,3.35,11.33,false,,d98500bba6114604e3c00eabd8f441f64bf3102a642ff5ae16b4dbee14e7c373,
F2485,Float64,3404,0.374807,680,false,0.0708,false,0.0708,0.0,98.0,3.0953927439239175,3.6345438738882936,0.0,1.22,2.38,3.75,17.0,false,,999bacb81e9ba32ce1f56f0f08769cbc172d9788c292f5884491fe7beb94a238,
F2486,Float64,3348,0.368641,697,false,0.031217,false,0.031217,0.0,69.0,2.7680275549354723,2.698863923799219,0.0,1.53,2.41,3.36,12.0,false,,abfc748ccc043394844142aa2b21521b632d06a3e6bf90d0a07d8941ca7a4510,
F2487,Float64,2481,0.273178,883,false,0.060142,false,0.060142,0.0,50000.0,30.016861081654294,965.0928874298086,0.0,0.6,1.58,2.83,31.28,false,,8105c69aed0f53ba102ecdd3762cf81770b28c459cad5f3d840e1e373558d343,
F2488,Float64,3404,0.374807,1350,false,0.081543,false,0.081543,0.0,453306.0,384.2958048608665,7794.359590759043,0.0,0.66,1.93,3.9575,1820.4778999997081,false,,fb28838ce07b369d3988aabdca5b145014e947634ededc97e9d85aaa91a77097,
F2489,Float64,3348,0.368641,854,false,0.040635,false,0.040635,0.0,300226.0,63.88291768399025,3974.53467131972,0.0,0.59,1.48,2.69,31.52210000000012,false,,1dcee486fb53ac39a1af6e405dcfd1c1f4e15dc0acdc9b21ade23a0736397ab9,
F2490,Float64,4692,0.516626,519,false,0.209112,false,0.209112,0.0,136.5,2.5010615034168566,3.938865308822642,0.0,0.5,2.0,3.43,14.266399999999921,false,,310e3b4734f6500d81a93528ba1b0231d3f4aba9880b0f0453839f1ebf06fe5c,
F2491,Float64,5146,0.566615,449,false,0.17251,false,0.17251,0.0,69.0,2.511432926829268,2.8218665044030558,0.0,0.8,2.0,3.43,12.0,false,,d8a919066722f9f0685a4bf1cdb8cf353f7bf2b672c23aae8e521e09615cf098,
F2492,Float64,8028,0.883946,212,false,0.498102,false,0.498102,0.0,229.5,2.6656641366223908,11.249430872599932,0.0,0.0,0.05,2.0,37.10250000000002,false,,e8bf76e9a868801721cb58d6a6f481525dc6a7866708894718d23ea038b7af83,
F2493,Float64,4692,0.516626,1075,false,0.224374,false,0.224374,0.0,160000.0,64.19220045558087,2499.734376961652,0.0,0.03,1.3,3.5,181.79589999999615,false,,7f3b3932f897caeeb77e1196fb475b061cdf5023fa51be6081c376d03dbd7a20,
F2494,Float64,5146,0.566615,1066,false,0.186992,false,0.186992,0.0,160000.0,75.74786331300814,2644.9865653226343,0.0,0.1275,1.55,3.76,350.3410000000002,false,,136aec2f646a81acaa86c22b9bc153589e770c82194df473db94378b04ba67a0,
F2495,Float64,8028,0.883946,348,false,0.505693,false,0.505693,0.0,2006.13,8.960578747628082,86.69781275759834,0.0,0.0,0.0,1.7175,112.22510000000001,false,,ef1d891bf05adb60627c959f3d93642def6ef72382f3c218b64cfd97aa850f3e,
F2496,Float64,7787,0.85741,299,false,0.254054,false,0.254054,0.0,41.0,2.1351583011583015,2.9508848411276767,0.0,0.0,1.47,3.0,14.5,false,,5196781a0597c91bbe5b96f3c8bf65f11b4d13043a5227792357723d2c58ffae,
F2497,Float64,8527,0.93889,137,false,0.273874,false,0.273874,0.0,26.0,1.9592972972972975,2.5887427210092318,0.0,0.0,1.14,3.0,10.730000000000018,false,,1192f0a12ee30b36a30c33a0243a8ec070014f64fec5da12c115fcf4e0692463,
F2498,Float64,8081,0.889782,273,false,0.263736,false,0.263736,0.0,41.0,2.042117882117882,2.850547892388954,0.0,0.0,1.22,3.0,14.0,false,,ca75838db564c305d4b5d79d65a251d020b040d6280c3870cab5ffe786181d1f,
F2499,Float64,7787,0.85741,506,false,0.267181,false,0.267181,0.0,107000.0,88.24149806949808,2972.6470195073903,0.0,0.0,1.0,2.86,75.94899999999993,false,,ed04d3c2cff9c23c5e0025349a1c736a17b643ed45b079679ba84ff87d6890fe,
F2500,Float64,8527,0.93889,277,false,0.282883,false,0.282883,0.0,200000.0,768.5076216216216,10767.829644219455,0.0,0.0,0.94,2.87,194.16940000000378,false,,2c447160be62846f78790c376270e8ae8e324fc9edb20c4909f67776a6a4d4a7,
F2501,Float64,8081,0.889782,418,false,0.275724,false,0.275724,0.0,1007.0,4.907592407592408,37.649757946423485,0.0,0.0,0.98,2.76,75.88,false,,855697dbf17a56a251d02de4f4d9aaa1fc0c1a92ac8dea0c14a19892a75788b8,
F2502,Float64,8844,0.973794,40,false,0.415966,false,0.415966,0.0,12.0,1.4503361344537813,1.9335650587951418,0.0,0.0,1.0,2.0,7.207899999999999,false,,ea227d28267245d92066e7a7dda282dd51457b4c5690842bc3d1bc560c16e594,
F2503,Float64,8844,0.973794,41,false,0.415966,false,0.415966,0.0,12.0,1.4471848739495796,1.9332778081457103,0.0,0.0,1.0,2.0,7.207899999999999,false,,09b439a2b7461e39d045ed03cac4648cd34a1d9e217b3da7b4106749ce238f43,
F2504,Float64,8844,0.973794,114,false,0.415966,false,0.415966,0.0,951.77,7.2990756302521005,62.5252225810465,0.0,0.0,0.335,2.3025,76.9824999999999,false,,09df7bcc0cb9872bed0004a992f64f9ab1a8318e59b04b746451c0010dea2dd0,
F2505,Float64,8844,0.973794,115,false,0.415966,false,0.415966,0.0,951.77,7.296764705882353,62.52547097147803,0.0,0.0,0.335,2.3025,76.9824999999999,false,,c713f76459aefa69d0fa5596cddf7f24c7133fe87792f15f6589fa78f3e45074,
F2506,Float64,9003,0.991301,4,false,0.594937,true,0.594937,0.0,2.0,0.41139240506329117,0.5141017339532219,0.0,0.0,0.0,1.0,1.2199999999999989,false,0.0:47; 1.0:30; 2.0:1; 0.5:1,11a556f134a2fc0ef6b8e3d821ccef1fd7d4ee6df900a41460bf21facce13b46,
F2507,Float64,9003,0.991301,4,false,0.594937,true,0.594937,0.0,2.0,0.41139240506329117,0.5141017339532219,0.0,0.0,0.0,1.0,1.2199999999999989,false,0.0:47; 1.0:30; 0.5:1; 2.0:1,11a556f134a2fc0ef6b8e3d821ccef1fd7d4ee6df900a41460bf21facce13b46,F2506
F2508,Float64,9003,0.991301,9,false,0.594937,true,0.594937,0.0,9353.26,118.88797468354433,1045.5870970681456,0.0,0.0,0.0,1.0,2061.617199999989,false,0.0:47; 1.0:25; 0.11:1; 2.0:1; 5.0:1,3df02696e6d270c6af43af2d8f34a2800413e7c6d5506fa0fdb537b41e493aa6,
F2509,Float64,9003,0.991301,9,false,0.594937,true,0.594937,0.0,9353.26,118.88797468354433,1045.5870970681456,0.0,0.0,0.0,1.0,2061.617199999989,false,0.0:47; 1.0:25; 9353.26:1; 5.0:1; 0.11:1,3df02696e6d270c6af43af2d8f34a2800413e7c6d5506fa0fdb537b41e493aa6,F2508
F2510,Float64,8018,0.882845,127,false,0.56203,false,0.56203,0.0,54.0,1.2186842105263158,3.40595618797605,0.0,0.0,0.0,1.0,14.36999999999989,false,,f93bdb17f3f8a046d873c4ae8eb140f2d7d4ab039709f8e2a1ca0f0c04f754f5,
F2511,Float64,8796,0.968509,41,false,0.646853,false,0.646853,0.0,17.0,0.9162587412587411,2.2926439807705536,0.0,0.0,0.0,1.0,12.749999999999886,false,,e04a8a14ec728bdd602215cba346382bc1cd0be1134c71e73cd7ad55a846309f,
F2512,Float64,8237,0.906959,110,false,0.556213,false,0.556213,0.0,33.0,1.1002958579881656,2.524321134597292,0.0,0.0,0.0,1.0,11.184799999999981,false,,bf60bf364f59a1e7695feb6376b24934852ae95d2737cbe92be271ad883af826,
F2513,Float64,8018,0.882845,299,false,0.569549,false,0.569549,0.0,62919.77,66.32335526315788,1930.4868718016246,0.0,0.0,0.0,1.0150000000000001,80.11579999999952,false,,b95704cca404545837740dc90714e67c8936161c16d8cfbcfcd456b624b4740f,
F2514,Float64,8796,0.968509,83,false,0.646853,false,0.646853,0.0,2013.97,10.371643356643357,121.79255947061904,0.0,0.0,0.0,0.5774999999999999,92.38049999999376,false,,757b5cbf1255231139bdc044bccb2f96375ec6907a1a60eee3654d5c418d38b9,
F2515,Float64,8237,0.906959,265,false,0.56213,false,0.56213,0.0,199320.48,317.79255621301786,7184.1483051874175,0.0,0.0,0.0,1.05,73.83279999999942,false,,8df663cd982f60311c34ea5777d9b9b726315f40cda7f91ba62be404870d38d1,
F2516,Float64,8078,0.889452,94,false,0.320717,false,0.320717,0.0,18.0,1.9175099601593621,2.588196309085334,0.0,0.0,1.0,3.0,12.0,false,,edd03289e372a4016a6b6ca7e946a1fcd88fd8b041ac53d779455d1ce8b3e6ac,
F2517,Float64,8777,0.966417,66,false,0.27541,false,0.27541,0.0,23.0,2.661049180327869,3.342309530486561,0.0,0.0,1.71,3.67,13.95999999999998,false,,f712d7488d08ce3486b8bd1f2e3487b9aa8a478ef33cefa39640151903685e2d,
F2518,Float64,8332,0.917419,54,false,0.382667,false,0.382667,0.0,14.0,1.3740533333333333,1.8797983146662895,0.0,0.0,1.0,2.0,8.509999999999991,false,,c398867a35433fcdc02a8608ea149bf61d1a3ffad89edbd037995cadf278ba3e,
F2519,Float64,8078,0.889452,419,false,0.334661,false,0.334661,0.0,772826.14,1671.2753486055778,34476.94284982981,0.0,0.0,0.745,3.59,2506.2924000000085,false,,278e0d6bd64b39790d01a167d7d7bcde44424ed85182e9750667582081aac7c5,
F2520,Float64,8777,0.966417,186,false,0.285246,false,0.285246,0.0,772826.14,5108.630295081967,62365.88676320605,0.0,0.0,1.35,7.83,1527.0219999999877,false,,1380855a78d7279b727e517f52d6883bd7ac5b2e7abd84e0d372cfcaf435f3e9,
F2521,Float64,8332,0.917419,270,false,0.388,false,0.388,0.0,4517.13,18.081773333333334,221.49758939709017,0.0,0.0,0.375,2.0,134.64399999999995,false,,7612afad6001058020e281f77a0e2f25ae0289f0179a6958abbb393815016979,
F2522,Float64,6914,0.761286,193,false,0.325185,false,0.325185,-0.75,4.04,-0.07095479704797047,0.38844633497082337,-0.64,-0.33,0.0,0.0,1.2965999999999986,false,,5b4375adbc516da1b744643a951f513ba7f0261095d8cf0c79894e5788496074,
F2523,Float64,7792,0.857961,167,false,0.296899,false,0.296899,-0.9,3.01,-0.07975193798449612,0.3732782911599374,-0.65,-0.33,0.0,0.0,1.27,false,,e0c47a9fe169acbd79514687f31b2aa8e894c816c60103382e9faf0efceedad4,
F2524,Float64,7902,0.870073,140,false,0.412712,false,0.412712,-0.74,4.89,-0.11372033898305084,0.38075901862502465,-0.67,-0.33,0.0,0.0,1.166300000000001,false,,3620b1d772c008c529b0b443547d2a3f44c7b199e4d8a634b16fa63647fb7036,
F2525,Float64,6914,0.761286,227,false,0.310886,false,0.310886,-0.75,524.93,0.23858856088560879,11.363457118948723,-0.67,-0.35,-0.065,0.0,2.631599999999962,false,,82aedec327f012c1489780b8579fc5542beb74671268ad55646309712535e13d,
F2526,Float64,7792,0.857961,190,false,0.287597,false,0.287597,-0.9,13.47,-0.03189922480620155,0.7927592119546351,-0.6511,-0.35,-0.05,0.0,2.548799999999992,false,,8576e01b650868382225767d1e87dae200ad17f470593bdbade301c1e6455cd7,
F2527,Float64,7902,0.870073,145,false,0.40678,false,0.40678,-0.74,186.24,0.14917796610169493,6.0841078829225195,-0.67,-0.34,-0.04,0.0,2.0947000000000027,false,,27c39fdf9482cdc4a5f153fc7d42e46b7cdf1dada6a8b1bce93314d902cfd0d5,
F2528,Float64,8524,0.93856,181,false,0.02509,false,0.02509,-0.84,14.09,0.09229390681003584,1.1157446553047023,-0.6843,-0.38,-0.14,0.1875,4.315199999999918,false,,37e5afa7981f4320c62cc46eaf1a6140ad50c3077b7b84a1b405a53486964a3c,
F2529,Float64,8828,0.972033,120,false,0.035433,false,0.023622,-0.79,9.69,-0.06311023622047243,0.9447106020926427,-0.7488,-0.44,-0.29,0.0,3.968399999999999,false,,8413e99929bb6dfbfb221157a23deb6b017f0cda2d564e3274a7527b700d8526,
F2530,Float64,8524,0.93856,213,false,0.028674,false,0.019713,-0.85,25807.01,57.91127240143368,1109.7465838833898,-0.7386,-0.4,-0.2,0.3475,115.5671999999995,false,,8a21967238e1a21b0947fa5e02a246067227c2f4712e29468a6b5726484d8d1a,
F2531,Float64,8828,0.972033,117,false,0.03937,false,0.019685,-0.79,4778.34,25.317795275590548,304.29068865256295,-0.7594,-0.4575,-0.32,0.0,284.60439999999977,false,,fff7ef62460a32a5f01ed61bc866c851d203c244918fc35fb4a25a779648e635,
F2532,Float64,8588,0.945607,201,false,0.02834,false,0.01417,-0.85,12903.24,28.54668016194331,580.0332153988267,-0.7307,-0.41,-0.21,0.2775,87.45239999999988,false,,682919dc5474aa7f581605863edb572419dcfac20cebad2d20b18d125af55ee9,
F2533,Float64,112,0.012332,74,false,0.782274,false,0.782274,-0.5,0.88,-0.00018394648829431453,0.05064797132965787,-0.16,0.0,0.0,0.0,0.12,false,,0ea5280a890e6115e165e6c2e3ace4f411843a2e1b3600782652bd7ffec24298,
F2534,Float64,626,0.068928,262,false,0.179636,false,0.179636,-0.84,7.89,0.049634578997161775,0.3461088898443224,-0.49,-0.07,0.0,0.08,1.43,false,,4e77b1b069c449683618669270de85ae49839cb830f87b0dcbea1dff33cd9f54,
F2535,Float64,402,0.044263,177,false,0.186406,false,0.186406,-0.82,8.93,0.008423963133640551,0.2324866181708814,-0.41,-0.05,0.0,0.04,0.6,false,,dee83bf361674023d6563c13734c39a755704c962f6d0f5e40e7cd610ea8fffd,
F2536,Float64,112,0.012332,316,false,0.16243,false,0.16243,-0.87,749.75,0.09803010033444816,8.723836317780636,-0.61,-0.23,-0.07,0.0,1.7385999999999695,false,,a6016f7d59f07145f98567bcc6c67ed2cb9484113a16ec7467b3b796b940319b,
F2537,Float64,626,0.068928,525,false,0.148888,false,0.148888,-0.85,2137283.75,425.252226821192,23917.777433548632,-0.6045,-0.24,-0.07,0.01,51.15600000000282,false,,f2cfe3461e157cc6f6c468bb41aa4735ba28f668c61075a0bdf71d8c7d22f54b,
F2538,Float64,402,0.044263,306,false,0.142166,false,0.142166,-0.89,6046.82,1.5478076036866357,90.13741262750932,-0.62,-0.25,-0.09,0.0,1.7141999999999824,false,,3293f083376199b687c630aaad9d6f26d2864968bec0e0d053d2eea103d1b2f4,
F2539,Float64,476,0.052411,122,false,0.608297,false,0.608297,-0.82,1.14,-0.002225191726702301,0.08596034273261711,-0.33,0.0,0.0,0.0,0.3195000000000073,false,,1f0b7c06b826965677b4512b9f53732d233b8d51883d8a31b5aa33d9b9f51428,
F2540,Float64,1304,0.143581,259,false,0.130239,false,0.130239,-0.84,7.89,0.05027642067369503,0.3549146018513417,-0.5,-0.08,0.0,0.09,1.46,false,,ccb7a38c4221f8411402221086931a2c5843247eb2460b77561921a48d206e2a,
F2541,Float64,759,0.083572,186,false,0.155473,false,0.155473,-0.88,18.77,0.00482518322720173,0.3039441597098823,-0.47,-0.06,0.0,0.04,0.64,false,,3bc3d6087d56d06882cae69561ec0fb46a4853aa61c7cb8ade292fbcad5db866,
F2542,Float64,476,0.052411,329,false,0.134325,false,0.134325,-0.87,749.75,0.09638275621659308,8.246326042660412,-0.61,-0.23,-0.08,0.0,1.9290000000000145,false,,e1ea37dd3ca27d974268c5a2cde145513d7bdb6a6f51501bf498f085ea7cd254,
F2543,Float64,1304,0.143581,529,false,0.100154,false,0.100154,-0.85,2137283.75,678.7428040627412,31603.373455065797,-0.61,-0.24,-0.08,0.03,47.970099999999185,false,,d3d2f36c9789624b68676ae95dc8415a45f5ca2c41c45bcc111701ee24ab6e68,
F2544,Float64,759,0.083572,310,false,0.114382,false,0.114382,-0.89,830.99,0.10461612399375224,9.356317387246172,-0.62,-0.25,-0.1,0.0,1.8078000000000065,false,,68f0ad43cf1e01e4429dea65061e41f067d119389418c7d7cc919deae0e4995c,
F2545,Float64,476,0.052411,122,false,0.608297,false,0.608297,-0.82,1.14,-0.002225191726702301,0.08596034273261711,-0.33,0.0,0.0,0.0,0.3195000000000073,false,,1f0b7c06b826965677b4512b9f53732d233b8d51883d8a31b5aa33d9b9f51428,F2539
F2546,Float64,1304,0.143581,259,false,0.130239,false,0.130239,-0.84,7.89,0.05027642067369503,0.3549146018513417,-0.5,-0.08,0.0,0.09,1.46,false,,ccb7a38c4221f8411402221086931a2c5843247eb2460b77561921a48d206e2a,F2540
F2547,Float64,759,0.083572,186,false,0.155473,false,0.155473,-0.88,18.77,0.00482518322720173,0.3039441597098823,-0.47,-0.06,0.0,0.04,0.64,false,,3bc3d6087d56d06882cae69561ec0fb46a4853aa61c7cb8ade292fbcad5db866,F2541
F2548,Float64,476,0.052411,329,false,0.134325,false,0.134325,-0.87,749.75,0.09638275621659308,8.246326042660412,-0.61,-0.23,-0.08,0.0,1.9290000000000145,false,,e1ea37dd3ca27d974268c5a2cde145513d7bdb6a6f51501bf498f085ea7cd254,F2542
F2549,Float64,1304,0.143581,529,false,0.100154,false,0.100154,-0.85,2137283.75,678.7428040627412,31603.373455065797,-0.61,-0.24,-0.08,0.03,47.970099999999185,false,,d3d2f36c9789624b68676ae95dc8415a45f5ca2c41c45bcc111701ee24ab6e68,F2543
F2550,Float64,759,0.083572,310,false,0.114382,false,0.114382,-0.89,830.99,0.10461612399375224,9.356317387246172,-0.62,-0.25,-0.1,0.0,1.8078000000000065,false,,68f0ad43cf1e01e4429dea65061e41f067d119389418c7d7cc919deae0e4995c,F2544
F2551,Float64,8116,0.893636,165,false,0.054865,false,0.054865,-0.69,2.45,-0.12578674948240165,0.4093609017712341,-0.6034999999999999,-0.4,-0.22,0.0,1.3650000000000022,false,,8c3f10d76cdb1c28074a6640ccf28fd84fcb9f1d3a7ce20412eb56308bbf579d,
F2552,Float64,9082,1.0,0,true,1.0,true,,,,,,,,,,,,,a85e5e34b55857d604486871e07d90d2182c96ec5983828468fb8dc535a6c290,F128
F2553,Float64,8116,0.893636,165,false,0.054865,false,0.054865,-0.69,2.45,-0.12578674948240165,0.4093609017712341,-0.6034999999999999,-0.4,-0.22,0.0,1.3650000000000022,false,,8c3f10d76cdb1c28074a6640ccf28fd84fcb9f1d3a7ce20412eb56308bbf579d,F2551
F2554,Float64,8116,0.893636,186,false,0.05383,false,0.05383,-0.69,46.71,-0.0027950310559006278,1.7514381707791646,-0.6034999999999999,-0.41,-0.25,0.0,3.701500000000002,false,,89121e6c64c825325c500f8ace593aae60e9d8a349529d13124c9b4c6c3c2f23,
F2555,Float64,9082,1.0,0,true,1.0,true,,,,,,,,,,,,,a85e5e34b55857d604486871e07d90d2182c96ec5983828468fb8dc535a6c290,F128
F2556,Float64,8116,0.893636,186,false,0.05383,false,0.05383,-0.69,46.71,-0.0027950310559006278,1.7514381707791646,-0.6034999999999999,-0.41,-0.25,0.0,3.701500000000002,false,,89121e6c64c825325c500f8ace593aae60e9d8a349529d13124c9b4c6c3c2f23,F2554
F2557,Float64,8155,0.89793,141,false,0.272923,false,0.272923,-0.83,3.66,-0.15697950377562025,0.39609303197486545,-0.6648000000000001,-0.43,-0.2,0.0,1.4850000000000023,false,,eb770aae897f7d6aac30a93a79782a57c7d16e46db434df651cb6ec434fd222e,
F2558,Float64,9078,0.99956,4,false,0.25,true,0.0,-0.75,-0.06,-0.4925,0.27058963394779184,-0.7482,-0.705,-0.58,-0.3675,-0.0723000000000001,false,-0.06:1; -0.47:1; -0.75:1; -0.69:1,2294859bbecd3f76afac74ad51a5d631540c5e7a098547662583d9228114e7f9,
F2559,Float64,8157,0.89815,138,false,0.273514,false,0.273514,-0.83,3.12,-0.16148108108108108,0.3782366925458455,-0.6652,-0.43,-0.2,0.0,1.2927999999999997,false,,c035bf166dc42b3ca9692808abc6d3ddac746cddf25c930261bbe2f4ea217841,
F2560,Float64,8155,0.89793,160,false,0.272923,false,0.272923,-0.83,12087.99,17.907971952535057,404.05186577576836,-0.6774,-0.43,-0.22,0.0,33.40480000000005,false,,23b94cca8816c5b04cc70be2402b97edad2c2abd5c1c8d53ea99424c549e4fe0,
F2561,Float64,9078,0.99956,4,false,0.25,true,0.0,-0.75,-0.47,-0.605,0.11779218989389746,-0.7482,-0.705,-0.6,-0.5,-0.4712,false,-0.47:1; -0.69:1; -0.51:1; -0.75:1,a36f5eeb63c46aaacc1dfcf42b1ba0cd6ec5b5d7c813cd7aee615455590dae0c,
F2562,Float64,8157,0.89815,159,false,0.273514,false,0.273514,-0.83,12087.99,17.7184,403.7371998816196,-0.6776000000000001,-0.43,-0.22,0.0,25.481999999999868,false,,b503fe1db331937c25175a28280e5b1e7584e751dfaa0410d1c15b37309dbe2d,
F2563,Float64,7991,0.879872,159,false,0.237397,false,0.237397,-0.73,4.16,-0.12441796516956921,0.3873928761871025,-0.641,-0.4,-0.14,0.0,1.4179999999999926,false,,fee74579a8e9ee892e692f4d923a10a27f7281810e77da2bcb2fa096e4bbce76,
F2564,Float64,9046,0.996036,30,false,0.111111,true,0.111111,-0.62,4.16,-0.013888888888888881,0.8324037407738634,-0.6094999999999999,-0.42,-0.24,0.0,3.316499999999997,false,,1c701924cd628f91dd5c96a8d500705146372eea8e49a64f46e9ee8e47a8df3c,
F2565,Float64,8017,0.882735,156,false,0.241315,false,0.241315,-0.73,2.18,-0.12892018779342723,0.36148059930923,-0.6436000000000001,-0.4,-0.14,0.0,1.2771999999999981,false,,a9f1a4d63a33b3524fd07f44ec6947c19d799441061877c69e89220d33974708,
F2566,Float64,7991,0.879872,187,false,0.227314,false,0.227314,-0.83,2996.77,7.089770852428965,118.58233566301045,-0.66,-0.41,-0.17,0.0,15.856999999999848,false,,896e9f4731d962901e412b24d9af83982ec775a5575c9b7e79b77a678b381cb6,
F2567,Float64,9046,0.996036,32,false,0.083333,true,0.083333,-0.62,8.49,0.06916666666666667,1.4788497313039546,-0.6164999999999999,-0.4425,-0.325,0.0,5.815999999999989,false,,cde03e2a60f8c1e3f71229123a41b3f28b40760fae759a5587deeb6d4e280403,
F2568,Float64,8017,0.882735,180,false,0.231925,false,0.231925,-0.83,2996.77,5.703887323943661,109.00262541226542,-0.66,-0.4,-0.17,0.0,14.832399999999865,false,,2b2e453d0528654e6232140b7a4ea7b587310cc6a465303d7d5f604d60210e09,
F2569,Float64,8601,0.947038,124,false,0.068607,false,0.068607,-0.89,2.09,-0.22733887733887734,0.3775046467833507,-0.718,-0.46,-0.34,-0.08,1.0659999999999992,false,,559de24c7b2a0455141ede6550c799de7ec1bd58f50ff9a2ce66b138845d3b59,
F2570,Float64,9036,0.994935,35,false,0.086957,true,0.086957,-0.77,1.13,-0.2843478260869565,0.30009891249033677,-0.743,-0.46,-0.35,-0.14,0.7474999999999976,false,,9d83c2ee4bc6db8cb7e9ef213d8eaac3f2c0b352a6410f05e41a24deea8bbdd5,
F2571,Float64,8640,0.951332,117,false,0.065611,false,0.065611,-0.89,2.09,-0.23183257918552036,0.38007565218260897,-0.7336,-0.46,-0.34,-0.0925,1.0294999999999987,false,,483aac4719e576f39d14ac7ea34232760a35c38c696568354c5ebe1bf4fbf461,
F2572,Float64,8601,0.947038,128,false,0.068607,false,0.068607,-0.89,26641.56,59.40555093555095,1214.443975709274,-0.718,-0.47,-0.35,-0.14,44.72399999999933,false,,3348b26c407f0e2f50b9e687c8b09a3bdae49348fe4002911065dae09459e442,
F2573,Float64,9036,0.994935,34,false,0.086957,true,0.086957,-0.77,3.13,-0.18869565217391307,0.5792746915255025,-0.743,-0.46,-0.35,-0.065,2.0409999999999933,false,,43a23e0a59fc300e7672e8e6e0d25a919d3bce90c08cb1a4c598d4e155eac2cb,
F2574,Float64,8640,0.951332,120,false,0.065611,false,0.065611,-0.89,980.45,3.4953846153846153,51.66062766843251,-0.7336,-0.47,-0.36,-0.1625,22.52839999999983,false,,399e0c98842abc3a251f215d681faa2d81d693e3819b3dd27c49829e8a55d1af,
F2575,Float64,3018,0.332306,258,false,0.115106,false,0.115106,-0.91,16.6,-0.012203166226912929,0.4359343765100665,-0.59,-0.19,-0.02,0.06,1.283699999999999,false,,9ecb956cccada5cb34bcc0703e25c11a5b18b08a3016f84aa2e78bbb3c4e6069,
F2576,Float64,3842,0.423035,263,false,0.062214,false,0.062214,-0.85,15.17,-0.0017290076335877886,0.4697308664208483,-0.61,-0.22,-0.05,0.11,1.57,false,,e30b2874d472cb65cf917611099e79f9cedb4e7d5a24a49e3cc8beadbda6138e,
F2577,Float64,5944,0.654481,211,false,0.144678,false,0.144678,-0.94,18.52,-0.024483747609942635,0.5326246726919497,-0.62,-0.2,-0.03,0.04,1.3904000000000087,false,,ae0f267121f79bd2b9ccaefd78546b0d0041e736976f9d0b2741ebbe8f3c760b,
F2578,Float64,3018,0.332306,428,false,0.094162,false,0.094162,-0.85,539565.5,174.77254452506597,8490.95052185243,-0.63,-0.3,-0.1,0.04,13.205699999999934,false,,1e0ded872608e8d132873ead3f3a054679e430863d67b7b7794f3cead3b37133,
F2579,Float64,3842,0.423035,451,false,0.054198,false,0.054198,-0.87,376004.32,110.89278053435113,5317.775064391503,-0.64,-0.32,-0.12,0.06,29.759899999999153,false,,6c085f58146f27b6ba77c8b2a5988682387a8e4860c9efa94ffa0c58fa593104,
F2580,Float64,5944,0.654481,266,false,0.133843,false,0.133843,-0.85,1804.37,0.6268228170809433,32.24991611208148,-0.67,-0.28,-0.07,0.02,3.1115000000000053,false,,96f8963d9224647cd4307a8aefdfa4df050cbccf9f37f5991bb0ec15bc1f4f21,
F2581,Float64,2481,0.273178,180,false,0.193607,false,0.193607,-0.73,18.89,0.012638994091804273,0.3035500273540401,-0.47,-0.03,0.0,0.03,0.75,false,,3bcf6c5d626eeecb485245efa217a6209fde5afcfe7ef16cb607883bbcdbdb7c,
F2582,Float64,3404,0.374807,290,false,0.0826,false,0.0826,-0.88,18.89,0.07646354350123283,0.5188795926735937,-0.5423,-0.13,0.0,0.13,2.0,false,,9936bff7213a3659449912f7a534792425dd72083af6bacc9af2034647649164,
F2583,Float64,3348,0.368641,193,false,0.085455,false,0.085455,-0.68,11.94,0.022575863271712595,0.30644064562058926,-0.4,-0.06,0.0,0.06,0.88,false,,0ca46033377a85a544f0480d92c6e39c12409302e7ffb678136e4c708367b083,
F2584,Float64,2481,0.273178,306,false,0.065899,false,0.065899,-0.86,11428.71,2.561655809725799,144.49401896255924,-0.57,-0.24,-0.1,0.01,3.12,false,,3638cab7b2ce51c780069be1d2c3714832f2b86d9e7372318e607f0544bc370e,
F2585,Float64,3404,0.374807,581,false,0.05988,false,0.05988,-0.92,69985.09,47.82769813314547,1210.9862191887055,-0.5722999999999999,-0.26,-0.07,0.13,92.00149999999562,false,,cb150dc4ac033d86ea48e697a2cb12bb15c70dfb0d1ee20f3da2ffec7ca30b18,
F2586,Float64,3348,0.368641,296,false,0.045518,false,0.045518,-0.86,53432.19,10.62774851761423,707.5627710515416,-0.57,-0.26,-0.13,0.0,3.237000000000007,false,,e1c56dac3818b7f77fb8045bfcc791e6c87d242274c40a1c36c928a07c9f58fb,
F2587,Float64,4692,0.516626,261,false,0.102506,false,0.102506,-0.81,6.37,-0.015555808656036452,0.4547238752188518,-0.6211,-0.27,-0.05,0.1,1.6521999999999935,false,,afac83ade14900b2a6e7491da7399440f542456ccd7db75082ac670da68dbd0f,
F2588,Float64,5146,0.566615,257,false,0.059959,false,0.059959,-0.81,6.36,-0.018534044715447156,0.45538613825872337,-0.64,-0.29,-0.07,0.12,1.75,false,,d6aaaaf5e5874c114e6dc4a651f0762e19584bdd47c8853b95222f517cc342e3,
F2589,Float64,8028,0.883946,176,false,0.243833,false,0.243833,-0.81,12.19,-0.01205882352941178,0.8783680272110884,-0.6441,-0.35,-0.1,0.0,3.509300000000005,false,,f835a0287e9f8955f4ae80e5ec49dbed85f554bd640327c1c9553d98425eb474,
F2590,Float64,4692,0.516626,450,false,0.090433,false,0.090433,-0.84,15267.94,8.067840546697038,275.99710455041276,-0.65,-0.35,-0.135,0.057499999999999996,21.540099999999374,false,,afd6186e885feaa67e927ff3463d935738f1de6e75aa7f83f357027df196c2c8,
F2591,Float64,5146,0.566615,451,false,0.048526,false,0.048526,-0.87,15267.94,9.317855691056911,291.7958067019939,-0.6565,-0.36,-0.15,0.08,34.85000000000013,false,,5781cbd8bc855ab13744a2a00d2d4968b511369a66310567d8c1b8c33bbe7697,
F2592,Float64,8028,0.883946,191,false,0.234345,false,0.234345,-0.82,650.33,0.8604269449715372,20.39957275075984,-0.7247,-0.4,-0.14,0.0,7.789300000000005,false,,b7528fdd9322f1fe1f25885c6041a8defea0f44447b17ae68990a039cce44d12,
F2593,Float64,7787,0.85741,194,false,0.107336,false,0.107336,-0.84,4.89,-0.03982239382239382,0.44505473104977866,-0.67,-0.3,-0.07,0.06,1.669599999999991,false,,18bca6d5c04099cc31e6a8ce220b184d244d7b161277ab9211dc1071d124380d,
F2594,Float64,8527,0.93889,156,false,0.082883,false,0.082883,-0.81,3.26,-0.06801801801801802,0.46731670265062425,-0.6646000000000001,-0.38,-0.16,0.05,1.7484000000000015,false,,069dc7560ad40090a023fe7a5724d5103fdd70f66f559ec1e86d6f1f415e9796,
F2595,Float64,8081,0.889782,168,false,0.108891,false,0.108891,-0.84,3.0,-0.04989010989010989,0.3918205769833182,-0.67,-0.29,-0.06,0.05,1.52,false,,677dc29578fe0682dc82c921a06a50918d487bb8a3b9436aaf0641a51a12d414,
F2596,Float64,7787,0.85741,226,false,0.095753,false,0.095753,-0.84,44582.75,34.75016216216217,1238.4112893030554,-0.67,-0.355,-0.13,0.0,7.469999999999946,false,,3101bd7c12804d35049c99b96dec8457ebc5a22517d8fc7a23672c2865e235da,
F2597,Float64,8527,0.93889,160,false,0.068468,false,0.068468,-0.81,44582.75,85.20032432432431,1892.9583103843645,-0.6646000000000001,-0.42,-0.21,0.03,10.206000000000058,false,,46cf06d098518f39bd8ce0441bdb44c1ccad8b22edb9cd4ee60ad8cb69a49931,
F2598,Float64,8081,0.889782,189,false,0.105894,false,0.105894,-0.84,349.53,0.6793106893106893,12.396995358974898,-0.67,-0.34,-0.11,0.0,4.79,false,,672d4b75eba8b5261d44131135173e5cece24b1120c04e2af6d154384c5fdfc4,
F2599,Float64,8844,0.973794,100,false,0.042017,false,0.042017,-0.78,1.97,-0.18873949579831933,0.39070514709879844,-0.6326,-0.45,-0.3,-0.0325,1.3075999999999977,false,,63efa5628934c44f24ad847590f4b86f4b20acd806214b0d134d1499f0bebf91,
F2600,Float64,9081,0.99989,1,true,1.0,true,0.0,-0.54,-0.54,-0.54,0.0,-0.54,-0.54,-0.54,-0.54,-0.54,false,-0.54:1,0d8bf9c56de228ea8c155f5b82d57c3728893c55475ac7509a0e3f41aab76336,
F2601,Float64,8844,0.973794,100,false,0.046218,false,0.046218,-0.78,1.97,-0.18840336134453783,0.3908329463101524,-0.6326,-0.45,-0.3,-0.03,1.3075999999999977,false,,a515827e3d41b189789fd85279308babf63c6bfd9efec536556e9b38968ae7da,
F2602,Float64,8844,0.973794,103,false,0.046218,false,0.037815,-0.78,130.2,0.6441596638655462,8.63170679002486,-0.6463,-0.47,-0.345,-0.07500000000000001,12.655399999999997,false,,6738398e438f9b5c15df7edf3ae1558238b34b31c90f040b3217cb877c492ab5,
F2603,Float64,9081,0.99989,1,true,1.0,true,0.0,-0.54,-0.54,-0.54,0.0,-0.54,-0.54,-0.54,-0.54,-0.54,false,-0.54:1,0d8bf9c56de228ea8c155f5b82d57c3728893c55475ac7509a0e3f41aab76336,F2600
F2604,Float64,8844,0.973794,103,false,0.046218,false,0.037815,-0.78,130.2,0.6444117647058824,8.631681839402349,-0.6463,-0.47,-0.345,-0.07500000000000001,12.655399999999997,false,,4f29ec86af6abf90d6bc14349497620843c4f9fc0ce8f8aa580b1e4496d52363,
F2605,Float64,9003,0.991301,41,false,0.126582,true,0.126582,-0.78,0.5,-0.3616455696202532,0.22393167120005086,-0.7488,-0.505,-0.42,-0.235,0.10999999999999943,false,,c48d158052fb2f7688321b9d044c715483ed505a3817a4cb0669e3dbe0327017,
F2606,Float64,9003,0.991301,41,false,0.126582,true,0.126582,-0.78,0.5,-0.3616455696202532,0.22393167120005086,-0.7488,-0.505,-0.42,-0.235,0.10999999999999943,false,,c48d158052fb2f7688321b9d044c715483ed505a3817a4cb0669e3dbe0327017,F2605
F2607,Float64,9082,1.0,0,true,1.0,true,,,,,,,,,,,,,a85e5e34b55857d604486871e07d90d2182c96ec5983828468fb8dc535a6c290,F128
F2608,Float64,9003,0.991301,41,false,0.126582,true,0.126582,-0.78,5246.51,66.0427848101266,586.5724397836673,-0.7488,-0.505,-0.42,-0.235,1154.232199999994,false,,789f542ba665471598a1dc5a7c1882971328d8506ac9d76b3537ec733bde69ca,
F2609,Float64,9003,0.991301,41,false,0.126582,true,0.126582,-0.78,5246.51,66.0427848101266,586.5724397836673,-0.7488,-0.505,-0.42,-0.235,1154.232199999994,false,,789f542ba665471598a1dc5a7c1882971328d8506ac9d76b3537ec733bde69ca,F2608
F2610,Float64,8018,0.882845,159,false,0.227444,false,0.227444,-0.81,11.63,-0.12302631578947369,0.6242087135762138,-0.67,-0.42,-0.21,0.0,2.0565999999999804,false,,c048379c66ae1ad798ec5157a279d05133aa1e4a845ebb1e3c1d56713788d7a4,
F2611,Float64,8796,0.968509,87,false,0.227273,false,0.227273,-0.71,2.84,-0.16933566433566435,0.4157080646580741,-0.613,-0.44,-0.25,0.0,1.5239999999999827,false,,abeaab6c43188ddd0eeb336ec8b10f1f1495dc801b95dcf28485ff0362d97a3f,
F2612,Float64,8237,0.906959,149,false,0.227219,false,0.227219,-0.81,7.88,-0.13915976331360946,0.5086004737820295,-0.6812,-0.42,-0.21,0.0,1.6847999999999956,false,,6ba5aa33ac467ea7d3ec0da6fe854f6aaae74b9a3e99ced064f03d6968965a25,
F2613,Float64,8018,0.882845,163,false,0.224624,false,0.224624,-0.81,446.77,0.5175469924812031,14.12274019775484,-0.67,-0.43,-0.25,0.0,4.973099999999931,false,,6356d50c399243efc798b832cb90ac0f31446bf72e4e465d7760b7446a0a4b74,
F2614,Float64,8796,0.968509,89,false,0.230769,false,0.230769,-0.71,223.87,0.6107342657342658,13.232480057866432,-0.613,-0.44,-0.27,0.0,2.3774999999999897,false,,61a6ac651fa3a086b02a33838537987f004fd2b5133ecc138092fa02bf06ca17,
F2615,Float64,8237,0.906959,154,false,0.222485,false,0.222485,-0.81,8259.34,9.86152662721894,283.977471725297,-0.6812,-0.43,-0.25,0.0,6.344399999999905,false,,2b303f63c241c8b959517f3618922290f3be87e37e81e3e7fb87789f1eba98f7,
F2616,Float64,8078,0.889452,189,false,0.043825,false,0.043825,-0.89,3.83,-0.08625498007968128,0.5366380503994786,-0.6597000000000001,-0.4225,-0.25,0.04,1.7691000000000008,false,,93c27df441b8391b40205a3769d3eb1e283b53aa13d3e8653fda030b2c7be37a,
F2617,Float64,8777,0.966417,124,false,0.072131,false,0.072131,-0.89,2.57,-0.060721311475409843,0.5154283315415026,-0.6692,-0.42,-0.2,0.11,1.6991999999999996,false,,b9da8c90a93b1ce65884851e1a964e4bac7bda444a130272d9bd7562b95f026c,
F2618,Float64,8332,0.917419,167,false,0.036,false,0.036,-0.89,3.83,-0.14759999999999998,0.49841894025006717,-0.6651,-0.44,-0.31,-0.01,1.6251,false,,564e4a186c99d5c12eec1c56e3b8c9da6f0c290d21da3bffbf3974cc1802d377,
F2619,Float64,8078,0.889452,233,false,0.039841,false,0.039841,-0.89,386287.0,720.6853984063744,15411.939963196086,-0.6597000000000001,-0.44,-0.29,0.0,453.3555000000036,false,,2fb509f32d5e8a36e9b4e2cfb72fbf5dc59afad09c0a06d99d091a3e34352dce,
F2620,Float64,8777,0.966417,145,false,0.055738,false,0.055738,-0.84,386287.0,2254.729442622951,27881.82783622299,-0.6692,-0.43,-0.26,0.16,639.3939999999977,false,,c00a8d88b9629c332a761b7eafb5cff1ac378053afa1e453b1d8f6561de9a568,
F2621,Float64,8332,0.917419,171,false,0.034667,false,0.034667,-0.89,490.93,1.7364800000000002,23.778700999205153,-0.6651,-0.45,-0.32,-0.0625,13.178299999999961,false,,9fc5b9cf0bb3945fdf09a03800f591f8b8e3756e3c54b11d79682acab95f1d43,
F2622,Float64,6455,0.710747,208,false,0.264941,false,0.264941,-0.79,2.96,-0.09778073848496384,0.37068839021992567,-0.67,-0.37,-0.04,0.0,1.2347999999999957,false,,2bf93738c91632393e00299c0bde93033275ec3fdfd1e1a28becb5f2b5647ed8,
F2623,Float64,7491,0.824818,185,false,0.264613,false,0.264613,-0.85,2.21,-0.09468258956631048,0.36259402621800374,-0.69,-0.365,-0.02,0.0,1.210999999999999,false,,ef705f08c78412732209e485c3bc76dfce22a56965523dba80957ffd688194a0,
F2624,Float64,7611,0.838031,165,false,0.337186,false,0.337186,-0.79,2.1,-0.14666893269884432,0.33214184287242743,-0.68,-0.425,-0.07,0.0,1.0329999999999995,false,,9950b8a4a8b61cbb4854f973dca993712185fe644e5ca2529d6b9c413f1ad544,
F2625,Float64,6455,0.710747,276,false,0.262276,false,0.262276,-0.79,88.02,0.1386791016368481,3.048129201937244,-0.6874,-0.41,-0.09,0.0,5.810199999999949,false,,62094847bfd32b78e6acc9fe77249045c4cc05647eff75270c239429a5bb7d39,
F2626,Float64,7491,0.824818,217,false,0.263356,false,0.263356,-0.85,333.0,0.25752357008170956,8.489945850377492,-0.69,-0.39,-0.06,0.0,5.149999999999973,false,,54c9b62ecf4f5283ea02583eb5279258d8254968a81ac13320598ed05fcc38a9,
F2627,Float64,7611,0.838031,195,false,0.334466,false,0.334466,-0.79,393.37,0.3413256288239293,10.816135657473012,-0.69,-0.44,-0.11,0.0,4.0239999999999965,false,,8699bc338e0d1c04bf5acd3b83b4203938112646efc4da2e305036d42cd96437,
F2628,Float64,8278,0.911473,246,false,0.026119,false,0.026119,-0.7,95.2,0.5034825870646766,4.048201039064372,-0.6497,-0.36,-0.035,0.4325,9.024200000000024,false,,8b72274ad7246f091fbdf4a61f98e5ff8dfc85856094b0e7ae5b8db50ca72924,
F2629,Float64,8649,0.952323,187,false,0.027714,false,0.027714,-0.76,9.93,0.2599538106235566,1.3206085439194342,-0.6936,-0.45,-0.17,0.33,6.0244,false,,3292ff02157e3721db613bf059c9a94b547ce9cfab17ba7b7ccc2ca0f07d9a6c,
F2630,Float64,8396,0.924466,197,false,0.024781,false,0.024781,-0.73,16.16,0.0840524781341108,0.9780096213245961,-0.67,-0.3975,-0.11,0.24,2.885999999999995,false,,420f2fd828f5019d39fb03466b679d89543cf9d3cf298d81f063586ed392ee77,
F2631,Float64,8278,0.911473,306,false,0.018657,false,0.018657,-0.76,3057.52,9.153420398009949,115.88508761681804,-0.65,-0.42,-0.09,0.8,160.62030000000146,false,,e5b50bc0e631d68b5660787f5380c14e104d4f798c0c5e1de7d0780dcd93b6f3,
F2632,Float64,8649,0.952323,181,false,0.030023,false,0.025404,-0.76,4114.51,10.369353348729788,197.54752381257003,-0.7068,-0.48,-0.28,0.3,21.15200000000001,false,,a2a5a066a91c9e3e6d141987bbf0950d50378f5a2b180170d43bf5f10f5f08c2,
F2633,Float64,8396,0.924466,245,false,0.023324,false,0.023324,-0.76,554.4,2.3148542274052475,24.132432725179406,-0.6715,-0.45,-0.19,0.395,35.12199999999968,false,,216ac5a59fffc323a2e9e70f06c06c0d7d920a8e09cd378aa910c4f7f9b3c4f8,
F2634,Float64,75,0.008258,87,false,0.744865,false,0.744865,-0.58,2.02,0.00013989119573664925,0.05866035617139124,-0.17,0.0,0.0,0.0,0.15,false,,d9c96f0a64352bd3b5a0778d6fc9092121ecca514cd981ad0daf2224ca40fe6d,
F2635,Float64,391,0.043052,245,false,0.163157,false,0.163157,-0.89,9.35,0.03496030376251295,0.3156844728162341,-0.46099999999999997,-0.08,0.0,0.07,1.1510000000000036,false,,cbeed8c3880f23fe64522b4e290c5336665c3022d855db7d0fc148916aaab9f0,
F2636,Float64,359,0.039529,166,false,0.168635,false,0.168635,-0.75,2.86,0.008186403760174252,0.15213031518802353,-0.4,-0.04,0.0,0.04,0.53,false,,9b293bcd9eb74495607ef05c7ea46013a84b3a80326085fa0dd94c770ba88790,
F2637,Float64,75,0.008258,300,false,0.146442,false,0.146442,-0.9,682.44,0.15578772066170754,10.810819423511017,-0.62,-0.25,-0.08,0.0,1.53,false,,c9c27b7fedbd0aa8408cf7d7280ed26bc7a8804005d153004c514110168dda93,
F2638,Float64,391,0.043052,415,false,0.136233,false,0.136233,-0.9,1630486.45,382.35128868944884,20369.680361627812,-0.62,-0.26,-0.09,0.0,10.415000000000092,false,,414532c50ba1881df157b36827ad7529db39d579134adfd5b22723eb1c892a55,
F2639,Float64,359,0.039529,294,false,0.124957,false,0.124957,-0.93,154.29,0.012080706179066836,2.544504300709134,-0.63,-0.25,-0.09,0.0,1.5156000000000132,false,,9371a0c1144a4928862beb66c536a905cee31a93f7b294f523add2c56e9fe91d,
F2640,Float64,403,0.044373,127,false,0.506856,false,0.506856,-0.9,2.67,-0.0009309828321235167,0.1059356491154435,-0.27,-0.01,0.0,0.0,0.33219999999999344,false,,b7fffcc282d77f74caafc6a2b4e6cfe718d97d14bf03524d2b320f354ab859c4,
F2641,Float64,1025,0.112861,249,false,0.118406,false,0.118406,-0.9,8.18,0.03506640188655827,0.3124020391525141,-0.5,-0.08,0.0,0.08,1.22,false,,4ba24362928816945d0b196a1ad90fcf8ab36c77d4abb1589c974024db545e01,
F2642,Float64,695,0.076525,187,false,0.142602,false,0.142602,-0.93,3.18,0.00466913079766305,0.18272481439680585,-0.47,-0.05,0.0,0.04,0.62,false,,632ed219b31635f3b738d7ffa52bded9157e4d0ac6a2be0f4ea7f65ebdb6dc00,
F2643,Float64,403,0.044373,291,false,0.121097,false,0.121097,-0.92,682.44,0.24668855858969924,11.828748582690913,-0.62,-0.25,-0.09,0.0,1.5221999999999936,false,,4fd9b678860df2f95278b366354ae56835efd68de769dc25d215807cdee4d1da,
F2644,Float64,1025,0.112861,432,false,0.092094,false,0.092094,-0.9,1630486.45,383.0700111704109,20773.568489355104,-0.62,-0.27,-0.1,0.01,11.434799999999832,false,,4bb8f94350336a49ff27accb464705c854253bc71881b9ca731d1161ecbf57b0,
F2645,Float64,695,0.076525,294,false,0.100036,false,0.100036,-0.93,199.25,0.0516191725289138,3.9497866126410526,-0.63,-0.25,-0.1,0.0,1.6711999999999534,false,,a4b5017f66f68109120a0b5ddbde294388e6c8235021ff97f5bfd01b537dbebe,
F2646,Float64,403,0.044373,127,false,0.506856,false,0.506856,-0.9,2.67,-0.0009309828321235167,0.1059356491154435,-0.27,-0.01,0.0,0.0,0.33219999999999344,false,,b7fffcc282d77f74caafc6a2b4e6cfe718d97d14bf03524d2b320f354ab859c4,F2640
F2647,Float64,1025,0.112861,249,false,0.118406,false,0.118406,-0.9,8.18,0.03506640188655827,0.3124020391525141,-0.5,-0.08,0.0,0.08,1.22,false,,4ba24362928816945d0b196a1ad90fcf8ab36c77d4abb1589c974024db545e01,F2641
F2648,Float64,695,0.076525,187,false,0.142602,false,0.142602,-0.93,3.18,0.00466913079766305,0.18272481439680585,-0.47,-0.05,0.0,0.04,0.62,false,,632ed219b31635f3b738d7ffa52bded9157e4d0ac6a2be0f4ea7f65ebdb6dc00,F2642
F2649,Float64,403,0.044373,291,false,0.121097,false,0.121097,-0.92,682.44,0.24668855858969924,11.828748582690913,-0.62,-0.25,-0.09,0.0,1.5221999999999936,false,,4fd9b678860df2f95278b366354ae56835efd68de769dc25d215807cdee4d1da,F2643
F2650,Float64,1025,0.112861,432,false,0.092094,false,0.092094,-0.9,1630486.45,383.0700111704109,20773.568489355104,-0.62,-0.27,-0.1,0.01,11.434799999999832,false,,4bb8f94350336a49ff27accb464705c854253bc71881b9ca731d1161ecbf57b0,F2644
F2651,Float64,695,0.076525,294,false,0.100036,false,0.100036,-0.93,199.25,0.0516191725289138,3.9497866126410526,-0.63,-0.25,-0.1,0.0,1.6711999999999534,false,,a4b5017f66f68109120a0b5ddbde294388e6c8235021ff97f5bfd01b537dbebe,F2645
F2652,Float64,7757,0.854107,207,false,0.046038,false,0.046038,-0.82,4.93,-0.052181132075471696,0.5458976312413755,-0.65,-0.4,-0.17,0.08,1.8152,false,,2ac602ea3ca6e69cff0129a8328f65a7b749096ec77e1f5ed9284ab7249fb0f0,
F2653,Float64,7757,0.854107,207,false,0.046038,false,0.046038,-0.82,4.93,-0.052181132075471696,0.5458976312413755,-0.65,-0.4,-0.17,0.08,1.8152,false,,2ac602ea3ca6e69cff0129a8328f65a7b749096ec77e1f5ed9284ab7249fb0f0,F2652
F2654,Float64,7757,0.854107,242,false,0.042264,false,0.042264,-0.82,38.95,0.1378641509433962,1.9891642799146658,-0.65,-0.42,-0.22,0.06,5.689999999999998,false,,dfcdd8f003aa63e6a3c0e1b03aec54edc582f8a7ed8d5246340c80c0d0094a35,
F2655,Float64,9082,1.0,0,true,1.0,true,,,,,,,,,,,,,a85e5e34b55857d604486871e07d90d2182c96ec5983828468fb8dc535a6c290,F128
F2656,Float64,7757,0.854107,242,false,0.042264,false,0.042264,-0.82,38.95,0.1378641509433962,1.9891642799146658,-0.65,-0.42,-0.22,0.06,5.689999999999998,false,,dfcdd8f003aa63e6a3c0e1b03aec54edc582f8a7ed8d5246340c80c0d0094a35,F2654
F2657,Float64,7730,0.851134,180,false,0.194527,false,0.194527,-0.92,5.33,-0.1804955621301775,0.46086053414560035,-0.68,-0.5,-0.27,0.0,1.5943000000000007,false,,c35ac768da2946578897d90f0eac7b7f625b0361433e0bd1b6c2032c66f89601,
F2658,Float64,9066,0.998238,15,false,0.125,true,0.0,-0.92,0.22,-0.364375,0.33979715916263925,-0.893,-0.5825,-0.48,-0.1475,0.211,false,-0.48:2; -0.7:1; -0.29:1; 0.16:1; -0.22:1,b7b252e57752c15526034f187c9a15e237076ad0db2c4456aa188288a242cfc2,
F2659,Float64,7734,0.851575,178,false,0.195104,false,0.195104,-0.92,4.76,-0.18217359050445106,0.4530848200274799,-0.68,-0.5,-0.265,0.0,1.597099999999998,false,,723d76afcae2f056c247f0242c350c86febcf1d48389c32dae7764124b696ddb,
F2660,Float64,7730,0.851134,233,false,0.193047,false,0.193047,-0.92,1557.74,4.582744082840237,57.80065086547874,-0.68,-0.5,-0.32,0.0,88.3914000000001,false,,4352da5efbf46e93d0c01573a743683b0d92128dcad1b4e472060cfe58d4152f,
F2661,Float64,9066,0.998238,13,false,0.125,true,0.0,-0.92,0.24,-0.453125,0.25594722966853933,-0.893,-0.5825,-0.48,-0.2975,0.16649999999999981,false,-0.29:2; -0.48:2; -0.3:2; -0.25:1; -0.92:1,5938f803f9c50e5e070867e3e46c0b1c356373c62f29df395ec40a1c18006c7e,
F2662,Float64,7734,0.851575,229,false,0.19362,false,0.19362,-0.92,1557.74,4.875037091988131,61.130497803023886,-0.6853,-0.5,-0.32,0.0,88.8257999999997,false,,fcfe7612c1eeef8bbae1789f2e358bec1fec315f33fc3e0398e5336b8f6b7a20,
F2663,Float64,7694,0.84717,199,false,0.172911,false,0.172911,-0.79,8.61,-0.10424351585014409,0.5376377952797656,-0.6613,-0.44,-0.17,0.0,1.9625999999999977,false,,98952c3112f5ab06e4bd173bf2dc3c16f4de3e416bb4c33016ec28d32e141ec4,
F2664,Float64,9028,0.994054,38,false,0.092593,true,0.092593,-0.67,8.61,-0.06796296296296295,1.2403201194160551,-0.6594,-0.515,-0.26,-0.01,4.682699999999991,false,,97fdac2c7b4fb596f1f96d19eb4187ab7934609b239582667401554eb786092e,
F2665,Float64,7735,0.851685,195,false,0.175204,false,0.175204,-0.79,3.82,-0.10894580549368968,0.48829788077977265,-0.6654,-0.44,-0.17,0.0,1.936999999999998,false,,285b826feff89a63741633ff233d485ba4f0d26146465cea5c27c4e4c6a0776e,
F2666,Float64,7694,0.84717,239,false,0.167147,false,0.167147,-0.85,7383.24,7.393912103746397,201.29131324510138,-0.67,-0.46,-0.225,0.0,18.932599999999997,false,,94eb8ce9e9e80782016a5d0159184b0db427cfa8cdd27a3dde20f411dec6bf2b,
F2667,Float64,9028,0.994054,40,false,0.092593,true,0.092593,-0.67,18.93,0.3496296296296297,2.774938746713335,-0.6594,-0.52,-0.275,0.0,11.509999999999984,false,,dfa36ded528b2127f2b3428af6666faa85b9600db8dd3df7e40a0e76fc9ca690,
F2668,Float64,7735,0.851685,236,false,0.169265,false,0.169265,-0.85,1022.55,2.1320341499628808,36.51977792481932,-0.67,-0.46,-0.22,0.0,13.510999999999775,false,,644bcf95273c64f939e6bba20b1634c6df82db583bb0cdf0652bc7f4a9d1c20b,
F2669,Float64,7938,0.874037,166,false,0.034965,false,0.034965,-0.85,4.4,-0.2571853146853147,0.45305097884751466,-0.72,-0.53,-0.41,-0.09,1.45,false,,a81ed5ff356d54f05aa18ab4e8080f31ce916a700097351d109a061feb0eb905,
F2670,Float64,9009,0.991962,48,false,0.082192,true,0.082192,-0.84,3.17,-0.2206849315068493,0.5035526628799499,-0.7752,-0.51,-0.33,-0.06,1.3700000000000028,false,,ffcdfe886d17ff27aff5be11f31c5293bf2d89dc98c9c8312e5834a40b7c4075,
F2671,Float64,7990,0.879762,166,false,0.032967,false,0.032051,-0.85,4.4,-0.2713736263736264,0.4321188315488659,-0.7209,-0.53,-0.42,-0.1,1.375399999999995,false,,cd63a48f14a2015a4aaa45c59dccb26d184eb287e3227bef564d4d4ad99b1951,
F2672,Float64,7938,0.874037,205,false,0.034965,false,0.034091,-0.85,124607.8,159.53601398601398,3783.6024390978764,-0.73,-0.54,-0.46,-0.25,613.716299999999,false,,98072749d97ed58d1ff09b28883ff017b59a9f41f7689dc442cdbf60eb24b0d9,
F2673,Float64,9009,0.991962,50,false,0.082192,true,0.082192,-0.84,25.14,0.24164383561643837,3.0987094148258714,-0.7752,-0.51,-0.32,-0.06,11.661600000000021,false,,1345839910ae389e1cdae5abfea203f016f5b16ffd0fe75fc05e049acf1d5aeb,
F2674,Float64,7990,0.879762,192,false,0.037546,false,0.031136,-0.85,124607.8,166.8676373626374,3872.476121036358,-0.73,-0.54,-0.46,-0.28,621.7969999999987,false,,651b3a8f17110b15b95ba5896c0e23df6e3a2b5cf08e60766907f626279924e6,
F2675,Float64,2574,0.283418,287,false,0.093423,false,0.093423,-0.87,19.32,-0.0016272280270436398,0.49005005634329246,-0.62,-0.2,-0.03,0.06,1.6593000000000029,false,,b2820695213c071bf23ac1e6082b01ad78e60d4794050f66c875eed3f22108d9,
F2676,Float64,3272,0.360273,291,false,0.051291,false,0.051291,-0.9,19.32,0.014099827882960414,0.5701112827474802,-0.63,-0.23,-0.04,0.11,1.7990999999999986,false,,43cf4a8c4350af841420facb7be8c44f90c0b9c62f25ad18b92688ac71446807,
F2677,Float64,5765,0.634772,231,false,0.118179,false,0.118179,-0.93,6.06,-0.033964425685860715,0.4269705130966705,-0.65,-0.22,-0.04,0.04,1.5636000000000059,false,,52ae42cda35df2c93bbe989d64d7a99bc425770195e6e53edd91ad4f5ff12ad7,
F2678,Float64,2574,0.283418,435,false,0.075138,false,0.075138,-0.91,1626943.59,348.74802397049797,20857.667419216268,-0.67,-0.33,-0.12,0.02,9.905500000000101,false,,a398da656755d7cd1005e73235bfc7fa240b3bcb6e7fc1f1439dbef3987dcdc7,
F2679,Float64,3272,0.360273,457,false,0.045439,false,0.045439,-0.89,13358454.09,2663.525401032702,176557.80940324612,-0.65,-0.3475,-0.14,0.04,19.460699999999743,false,,f0b7ea2957c23df4f73d1431dd9cee557e5de8c67a72db49e42a97642536d87c,
F2680,Float64,5765,0.634772,295,false,0.109135,false,0.109135,-0.93,9845.43,4.113023816701839,179.21070161668266,-0.7,-0.3,-0.08,0.02,4.987600000000056,false,,faf14f3b72d2a7f7af0e019c1646c5e44c7e27413f5a448e0edf03ba270a1024,
F2681,Float64,2368,0.260736,202,false,0.174114,false,0.174114,-0.84,6.78,0.020545129579982127,0.26184913488654243,-0.45870000000000005,-0.03,0.0,0.03,0.8486999999999989,false,,6357a38f9091f6c3d1f1d33ca022335790d8a33887938e907b69e7f8823b4b0c,
F2682,Float64,2956,0.325479,315,false,0.0746,false,0.0746,-0.84,9.58,0.09132876265099577,0.5403114517413063,-0.56,-0.13,0.0,0.13,2.4725,false,,47c0f53dc214b6246202c5c07beefe305323a2d20c1f21d753e0a1d92f0e9327,
F2683,Float64,3292,0.362475,198,false,0.078411,false,0.078411,-0.96,4.95,0.02583937823834197,0.2554677617811257,-0.38,-0.05,0.0,0.06,0.91,false,,1728bdef3853702807c2da933d622e2467e666d613dda275cc6abcff74b1b808,
F2684,Float64,2368,0.260736,297,false,0.062705,false,0.062705,-0.86,77060.03,20.990081918379502,1066.9593343446309,-0.5887,-0.24,-0.09,0.02,2.5730999999999855,false,,717b5dc8e65c7ba6fd4e0c9660cc8ea32495b2547989da6dc34865cd18f52aeb,
F2685,Float64,2956,0.325479,590,false,0.056807,false,0.056807,-0.87,1209205.76,315.15715475024496,15668.8315959279,-0.6,-0.26,-0.07,0.12,78.265,false,,e2c2b231c5c84a8818dfc7a6095cfa8fcec93768ee724b21717a6faf9910be8a,
F2686,Float64,3292,0.362475,289,false,0.040069,false,0.040069,-0.96,1975.39,0.5508981001727116,29.355393419614725,-0.59,-0.26,-0.12,0.01,2.5454999999999837,false,,a99e40d16521bdb3bc7a078c2348241aeb34c5a642a758736e667b7d098fb2c7,
F2687,Float64,4043,0.445166,295,false,0.084541,false,0.084541,-0.87,10.25,-0.00845604286564795,0.5174445252165891,-0.66,-0.28,-0.05,0.1,1.9723999999999977,false,,37ed17f8dea07f285f9aacbbac942594cff6d304261e510e644a0a7ce1222b30,
F2688,Float64,4476,0.492843,283,false,0.047547,false,0.047547,-0.9,10.25,-0.013208858011289622,0.5352173932821825,-0.66,-0.3,-0.06,0.11,1.84,false,,d7581a8ff0971f7530dc657d3796dc6eaed6da3b163fca3f567ad47099e32c46,
F2689,Float64,7823,0.861374,208,false,0.182685,false,0.182685,-0.83,32.83,0.0249404289118348,1.3974012731263565,-0.68,-0.39,-0.13,0.0,4.336000000000022,false,,3c4e75ba802f59e6a168e20be4654ca5792853f0f09d285ff807916d81ef3b79,
F2690,Float64,4043,0.445166,473,false,0.074816,false,0.074816,-0.88,75691.78,36.868725937686044,1435.6617125692296,-0.68,-0.39,-0.16,0.04,21.016799999999932,false,,878b9ecc24f28894668dbdeb5a275520b4fd4c1b79dea26fd3d7387ad97408d2,
F2691,Float64,4476,0.492843,468,false,0.038645,false,0.038645,-0.89,75691.78,29.240191055145463,1241.5461623145627,-0.6795,-0.4,-0.17,0.06,25.013999999999903,false,,c0836c639b2fed6f1d714f7c113387b8902563c9215e4ba0e06ad1e781c5fde6,
F2692,Float64,7823,0.861374,244,false,0.181096,false,0.181096,-0.85,206.95,1.0765131056393964,11.080952730583304,-0.7,-0.44,-0.2,0.0,28.285800000000144,false,,bf005b04dffaece308eb034d91f4efa1b1cb19da03a48e33734f46c9bad1a6c7,
F2693,Float64,7595,0.83627,201,false,0.075992,false,0.075992,-0.82,6.1,-0.04125756556825824,0.5331773712200862,-0.6614,-0.33,-0.09,0.055,2.157000000000005,false,,f94a25b2fb5926910a009b20d18614610fbff9ab9a9a2adf7c43172e9a1372c5,
F2694,Float64,8381,0.922814,172,false,0.052782,false,0.052782,-0.8,5.73,-0.05713266761768901,0.5822918669773329,-0.65,-0.43,-0.18,0.07,2.15,false,,46df671e53da3367c6bb2ae7952617a10004a9cc4a11a5cd7677d3bce7f47015,
F2695,Float64,7939,0.874147,191,false,0.083115,false,0.083115,-0.82,6.1,-0.020498687664041993,0.5607487930244859,-0.6658000000000001,-0.3,-0.08,0.06,2.553399999999983,false,,e2bb093dc63d648662da71329d2ddac634b964ee2f001ea705475254ced53d09,
F2696,Float64,7595,0.83627,239,false,0.067922,false,0.067922,-0.82,3650.91,3.5448419636852724,97.77130308472373,-0.6714,-0.4,-0.17,0.0,10.538200000000213,false,,fe8d0f8f261bd8c8da3806c8260632ffbc127450e09f0a59b53101d6ccf84839,
F2697,Float64,8381,0.922814,181,false,0.044223,false,0.044223,-0.8,83332.75,150.76495007132667,3246.24875020066,-0.67,-0.45,-0.24,0.0,22.92,false,,59345105fc3827c04665ba51567864420189ecd3d7a2525b5c88efd850d2b018,
F2698,Float64,7939,0.874147,217,false,0.07699,false,0.07699,-0.82,1651.53,2.091478565179353,50.731774204258144,-0.68,-0.37,-0.14,0.0,9.458399999999928,false,,57976b9ec0e11ffb6654a2b06e746269efda69eafc46ea1a71f74e58cc930b1a,
F2699,Float64,8747,0.963114,131,false,0.041791,false,0.041791,-0.75,4.57,-0.0657910447761194,0.618624775654946,-0.65,-0.46,-0.22,0.09,2.324800000000007,false,,6020fbbc44949a8f8e4b0d6541a34d8d2a09b57f4c00fe7690a1275e2878e97c,
F2700,Float64,9078,0.99956,4,false,0.25,true,0.0,-0.57,-0.2,-0.43,0.14053469322555193,-0.5681999999999999,-0.525,-0.475,-0.38,-0.20720000000000008,false,-0.51:1; -0.44:1; -0.2:1; -0.57:1,aeb1ace3bb54e9e379af3cbff868390d30cb8cf30e28f160ddd30280176c9591,
F2701,Float64,8747,0.963114,132,false,0.041791,false,0.041791,-0.75,4.57,-0.06617910447761194,0.6189464067984807,-0.65,-0.46,-0.22,0.09,2.324800000000007,false,,e469d8d7ea6b2f88da638edf9b47feba0bd113371dc0eaa172dc42856eb6e492,
F2702,Float64,8747,0.963114,144,false,0.044776,false,0.044776,-0.75,36.31,0.38447761194029856,3.441737535667726,-0.65,-0.485,-0.29,0.055,12.862600000000104,false,,04d474c2170b77646cc1d2046f01d287e487a9d8bee15295ff49107f377f059d,
F2703,Float64,9078,0.99956,4,false,0.25,true,0.0,-0.57,-0.2,-0.43,0.14053469322555193,-0.5681999999999999,-0.525,-0.475,-0.38,-0.20720000000000008,false,-0.51:1; -0.57:1; -0.2:1; -0.44:1,aeb1ace3bb54e9e379af3cbff868390d30cb8cf30e28f160ddd30280176c9591,F2700
F2704,Float64,8747,0.963114,144,false,0.044776,false,0.044776,-0.75,36.31,0.3834626865671642,3.4418373188174836,-0.65,-0.485,-0.29,0.045,12.862600000000104,false,,ddcdb2f498a0f31cf217e06ea81080e879de503f7780596c0c8aca5c5baa7086,
F2705,Float64,8938,0.984144,70,false,0.097222,false,0.097222,-0.7,1.2,-0.21347222222222223,0.3211077169659143,-0.64,-0.48,-0.255,0.0,0.8240999999999992,false,,33d10c6857fec7e265055e9bf564e6831043d7fa5945ac4a8e04ad74b3f920a2,
F2706,Float64,8938,0.984144,70,false,0.097222,false,0.097222,-0.7,1.2,-0.21347222222222223,0.3211077169659143,-0.64,-0.48,-0.255,0.0,0.8240999999999992,false,,33d10c6857fec7e265055e9bf564e6831043d7fa5945ac4a8e04ad74b3f920a2,F2705
F2707,Float64,9082,1.0,0,true,1.0,true,,,,,,,,,,,,,a85e5e34b55857d604486871e07d90d2182c96ec5983828468fb8dc535a6c290,F128
F2708,Float64,8938,0.984144,73,false,0.097222,false,0.097222,-0.7,24.14,-0.02833333333333332,2.057041429929024,-0.64,-0.48,-0.275,0.0,1.4125999999999987,false,,d3473b88dffa660b641f517ce0667f47d18cf232f614fb495fc000cf27cc8daa,
F2709,Float64,8938,0.984144,73,false,0.097222,false,0.097222,-0.7,24.14,-0.02833333333333332,2.057041429929024,-0.64,-0.48,-0.275,0.0,1.4125999999999987,false,,d3473b88dffa660b641f517ce0667f47d18cf232f614fb495fc000cf27cc8daa,F2708
F2710,Float64,7643,0.841555,197,false,0.153579,false,0.153579,-0.86,18.53,-0.12949270326615703,0.7511770377840914,-0.69,-0.48,-0.25,0.0,2.2223999999999977,false,,a50b22b7dbde340b35f069fe8d930f3ef63a3939e3c1d19f4e0507bd4009cc81,
F2711,Float64,8718,0.959921,104,false,0.17033,false,0.17033,-0.78,4.26,-0.1635164835164835,0.5231175011963985,-0.69,-0.48,-0.25,0.0,2.3192000000000004,false,,0e72b02e36dea0586f82514c76d2b3f438b0c44f0398c4d0afb74e97a14c2c61,
F2712,Float64,7905,0.870403,185,false,0.148683,false,0.148683,-0.86,8.66,-0.1406372132540357,0.5796715019767306,-0.6923999999999999,-0.49,-0.25,0.0,2.01,false,,cf7cf24ae9342c7439236da695f43d8b7d25e64e3c5a64ae0eab1164e8a761e0,
F2713,Float64,7643,0.841555,242,false,0.149409,false,0.149409,-0.86,28866.5,22.40601806810285,761.6896597029919,-0.7,-0.5,-0.3,0.0,34.19439999999911,false,,4e36fc99ab5770e254f72f5b6b3d351d322702b9da76ca20b8f7fc4303309f26,
F2714,Float64,8718,0.959921,105,false,0.17033,false,0.17033,-0.78,176.28,0.8788186813186815,13.028317045307794,-0.69,-0.48,-0.295,0.0,6.217100000000018,false,,53184914ece97e6d585602c8c518bfc4d2d496c91c7b707e4347c62808a1a4b3,
F2715,Float64,7905,0.870403,224,false,0.145285,false,0.145285,-0.86,28866.5,28.949396771452847,844.4266490938134,-0.7,-0.5,-0.32,0.0,39.932000000000066,false,,b497f12a948f57228dce4ae9e93bfe15477ce5959901b7e037cc5fd45208afe3,
F2716,Float64,7499,0.825699,240,false,0.041061,false,0.041061,-0.79,6.26,-0.034175615919140874,0.6725073529124217,-0.67,-0.48,-0.21,0.15,2.4490000000000034,false,,47dcbc436ba9b25bc29bc0f7bbc9f0d3d0aed417eb6a845d9d6132e4a7d7bccd,
F2717,Float64,8599,0.946818,173,false,0.05176,false,0.05176,-0.7,4.84,0.06685300207039337,0.7417025020721005,-0.68,-0.415,-0.09,0.25,2.818000000000004,false,,bdb9ce67a51e0182a661d377e4403aab3a940ee0499f95f6d539320d36a1b860,
F2718,Float64,7864,0.865889,209,false,0.038588,false,0.038588,-0.79,3.89,-0.12264367816091953,0.5770762381983887,-0.6783,-0.5,-0.31,0.0,2.2582999999999993,false,,5ed07cd77698f7f1f7e7eb0704912ef285d52cd626de0402b1b2b74d2c4c413e,
F2719,Float64,7499,0.825699,378,false,0.036008,false,0.036008,-0.79,17366.35,34.32788376500316,549.5694808408149,-0.68,-0.5,-0.32,0.17,266.9894000000002,false,,827ee20706ee4c3f04194fd3d5f0d89120b1a8d11b4da11435f32f8572bbf718,
F2720,Float64,8599,0.946818,215,false,0.037267,false,0.037267,-0.73,17366.35,47.28111801242235,803.4155454255675,-0.7,-0.455,-0.2,0.59,152.83840000000006,false,,c7cf58a4331e2af9cd16ce2fca16189ff1c7bf39bdccb914813bf5b5e937569e,
F2721,Float64,7864,0.865889,281,false,0.033662,false,0.033662,-0.79,477.11,1.8541789819376024,18.987119707899875,-0.68,-0.51,-0.36,0.0,46.9989999999999,false,,bcca1fa52273e9276031bacbdd7085354d49259b099adc104924b0e953014e4c,
F2722,Float64,6914,0.761286,223,false,0.254613,false,0.254613,-0.92,9.02,-0.13868542435424355,0.5156845991875373,-0.8232999999999999,-0.5,-0.09,0.0,1.6965999999999986,false,,f02e595ed6d9ac067ad458f102f35ca39c44a9618731f7f2470bdde6fdb1c075,
F2723,Float64,7792,0.857961,197,false,0.241085,false,0.241085,-0.95,9.02,-0.1401937984496124,0.5456543270356276,-0.86,-0.5,-0.095,0.0,1.6976999999999929,false,,bf92797e34729713a33c66b641bc0ab477664752da33db684ab044fbd80e039c,
F2724,Float64,7902,0.870073,150,false,0.335593,false,0.335593,-0.9,5.1,-0.21494067796610172,0.43293430809415423,-0.82,-0.52,-0.185,0.0,1.0684000000000016,false,,f6ff9513d34b21e8a46021469bf7f6c8bf85abd1d2c535106e13a186c5cb87ff,
F2725,Float64,6914,0.761286,283,false,0.240314,false,0.240314,-0.92,266.88,0.12346402214022144,6.041728475599952,-0.83,-0.52,-0.185,0.0,5.1824999999999815,false,,94d9becc5b6e9ca59a59e506cf91e36533a36dc42e3335afd3fc3431f8c913d4,
F2726,Float64,7792,0.857961,230,false,0.236434,false,0.236434,-0.95,23.17,-0.03496899224806202,1.2923302217851653,-0.86,-0.53,-0.155,0.0,4.714399999999996,false,,bd9c939ec8ac4b5f752fbbb7324d7611a5b114dfa205e826c8980cc273bd5bee,
F2727,Float64,7902,0.870073,190,false,0.320339,false,0.320339,-0.9,203.67,0.26659322033898303,8.628555248822826,-0.82,-0.5425,-0.21,0.0,4.434900000000026,false,,2becaf61669b480c14d239dc923e3117baeec5b4b2d12084adf543241a0c1ed4,
F2728,Float64,8524,0.93856,227,false,0.016129,false,0.008961,-0.88,28.59,0.40301075268817205,2.321473909950254,-0.8242999999999999,-0.46749999999999997,-0.12,0.41,9.712899999999848,false,,8a3ed2acacb92093bc6cf382e75d5d8279affd2581bad75874d5c687633ef1c3,
F2729,Float64,8828,0.972033,131,false,0.023622,false,0.007874,-0.9,13.6,0.07188976377952756,1.6173114816858432,-0.86,-0.6575,-0.365,0.12,8.752299999999998,false,,c8bf6888ff69d478c436cfc9743d240d48fc0a7e25a8a23b7f3619a73e55a6f9,
F2730,Float64,8588,0.945607,190,false,0.018219,false,0.01417,-0.89,13.78,0.07866396761133602,1.1438305894871874,-0.84,-0.51,-0.19,0.3,4.754199999999993,false,,12c7334b342283f5080578fa33d311f345ddb395060e098d1129d9fafd2e667d,
F2731,Float64,8524,0.93856,278,false,0.017921,false,0.014337,-0.88,9642.36,32.35584229390681,427.6908989182263,-0.84,-0.54,-0.09,1.1475,363.72189999999966,false,,67f6a361b0f624e5fa019bae2c7784e9827a5ea9dd3a83b863fa989d569351d8,
F2732,Float64,8828,0.972033,132,false,0.023622,false,0.015748,-0.9,2403.7,15.429173228346453,156.8387478528715,-0.8647,-0.68,-0.44,0.05750000000000001,343.38959999999975,false,,275db52cbd952e32303aced93965074f2738516d08826506c2927bd72ce3f503,
F2733,Float64,8588,0.945607,237,false,0.020243,false,0.018219,-0.88,4939.3,17.109493927125506,227.77912932803173,-0.8407,-0.58,-0.14,0.65,199.3377999999991,false,,d00fa57b8944a2bbd4cf03595e0ef8eec357f57166043dd9cb59126c55657ef5,
F2734,Float64,112,0.012332,108,false,0.696878,false,0.696878,-0.6,3.39,-0.00034113712374581946,0.08016521131983204,-0.2431,0.0,0.0,0.0,0.27,false,,f09cc2788441975125370bfa6b4e239622cded93fa9a36410c13c0bd05d45898,
F2735,Float64,626,0.068928,342,false,0.126064,false,0.126064,-0.91,12.21,0.07947729422894985,0.4887407420770234,-0.5845,-0.11,0.0,0.13,2.1645000000000074,false,,40d7401f406c203ccbca7d89811ba7648a8068c935cd269faf2d435ebf77137c,
F2736,Float64,402,0.044263,224,false,0.123387,false,0.123387,-0.82,10.09,0.01728801843317972,0.30818506917281113,-0.5021,-0.08,0.0,0.07,0.84,false,,44d0049d6836045738fca415a4f64798dba481e5595be44c3d84fdf586d64e52,
F2737,Float64,112,0.012332,379,false,0.110702,false,0.110702,-0.94,1707.6,0.3002820512820512,20.52907426470344,-0.79,-0.39,-0.15,0.0,2.7054999999999745,false,,e309c34fc9f24ae63fd152295aa1daf08fb40cfd6b111750365812192c10e27f,
F2738,Float64,626,0.068928,633,false,0.101703,false,0.101703,-0.93,1206744.77,332.5958751182592,14074.046469802694,-0.78,-0.39,-0.14,0.02,84.53550000000115,false,,37955bfaefd021576924b7403578d6b1b7b23d3ba33b6e66d8013ce2b3a8ce26,
F2739,Float64,402,0.044263,378,false,0.091014,false,0.091014,-0.94,22666.17,4.450337557603686,272.35376892789526,-0.81,-0.4,-0.17,0.0,2.622099999999991,false,,136fbdf00acb75591f9dffae56b68f16f70f487eb6ba750adbbc10895553d74b,
F2740,Float64,476,0.052411,156,false,0.42389,false,0.42389,-0.9,2.81,-0.004392284452707413,0.1297774116709997,-0.4,-0.01,0.0,0.0,0.5,false,,018161386bf0cd7c215e9967342805878f34c852e5ef37e61921d24583b8d066,
F2741,Float64,1304,0.143581,350,false,0.083569,false,0.083569,-0.94,12.21,0.08130367703779891,0.5094130631436218,-0.63,-0.13,0.0,0.14,2.2114999999999783,false,,28c8804e38a4a5b2b8464bf29907d6e1c3caf10be83917856ca2784f51b56bbc,
F2742,Float64,759,0.083572,238,false,0.094557,false,0.094557,-0.93,18.34,0.008337138051183466,0.3548707420186484,-0.57,-0.09,-0.01,0.07,0.9278000000000066,false,,15aa545d3c8ba529dc1f7bd3c8684a7511fc1e8cbc509bb47d8aa93e977a025f,
F2743,Float64,476,0.052411,386,false,0.084825,false,0.084825,-0.94,1707.6,0.3312956077155473,20.785098684220916,-0.79,-0.39,-0.16,0.0,2.91,false,,6f0b9dd1b720104ee87fcc3c4d92c49ee364b671c8cc042f5ac61b67d08aa53e,
F2744,Float64,1304,0.143581,645,false,0.059398,false,0.059398,-0.93,1206744.77,503.888544613011,18875.255901276254,-0.78,-0.39,-0.16,0.04,85.52959999999977,false,,dee0ab02b0c2351005447fe6232142b8623fc181fb3df7d598aaf5aeca1eecf7,
F2745,Float64,759,0.083572,378,false,0.066803,false,0.066803,-0.94,407.92,0.05859665985822418,5.814315432135539,-0.8,-0.41,-0.18,0.0,2.965600000000013,false,,ff4049bcedc4d200b5da3933e0c2c5d7a9634532407b3ef648a9b16cc82164b7,
F2746,Float64,476,0.052411,156,false,0.42389,false,0.42389,-0.9,2.81,-0.004392284452707413,0.1297774116709997,-0.4,-0.01,0.0,0.0,0.5,false,,018161386bf0cd7c215e9967342805878f34c852e5ef37e61921d24583b8d066,F2740
F2747,Float64,1304,0.143581,350,false,0.083569,false,0.083569,-0.94,12.21,0.08130367703779891,0.5094130631436218,-0.63,-0.13,0.0,0.14,2.2114999999999783,false,,28c8804e38a4a5b2b8464bf29907d6e1c3caf10be83917856ca2784f51b56bbc,F2741
F2748,Float64,759,0.083572,238,false,0.094557,false,0.094557,-0.93,18.34,0.008337138051183466,0.3548707420186484,-0.57,-0.09,-0.01,0.07,0.9278000000000066,false,,15aa545d3c8ba529dc1f7bd3c8684a7511fc1e8cbc509bb47d8aa93e977a025f,F2742
F2749,Float64,476,0.052411,386,false,0.084825,false,0.084825,-0.94,1707.6,0.3312956077155473,20.785098684220916,-0.79,-0.39,-0.16,0.0,2.91,false,,6f0b9dd1b720104ee87fcc3c4d92c49ee364b671c8cc042f5ac61b67d08aa53e,F2743
F2750,Float64,1304,0.143581,645,false,0.059398,false,0.059398,-0.93,1206744.77,503.888544613011,18875.255901276254,-0.78,-0.39,-0.16,0.04,85.52959999999977,false,,dee0ab02b0c2351005447fe6232142b8623fc181fb3df7d598aaf5aeca1eecf7,F2744
F2751,Float64,759,0.083572,378,false,0.066803,false,0.066803,-0.94,407.92,0.05859665985822418,5.814315432135539,-0.8,-0.41,-0.18,0.0,2.965600000000013,false,,ff4049bcedc4d200b5da3933e0c2c5d7a9634532407b3ef648a9b16cc82164b7,F2745
F2752,Float64,8116,0.893636,195,false,0.030021,false,0.030021,-0.88,3.82,-0.19828157349896483,0.5427263697617716,-0.82,-0.56,-0.325,0.0,1.59,false,,c26d91afb5976c863dcb9ffffef6d38a9c1329dc38198d3df1ab73ed8075ee96,
F2753,Float64,9082,1.0,0,true,1.0,true,,,,,,,,,,,,,a85e5e34b55857d604486871e07d90d2182c96ec5983828468fb8dc535a6c290,F128
F2754,Float64,8116,0.893636,195,false,0.030021,false,0.030021,-0.88,3.82,-0.19828157349896483,0.5427263697617716,-0.82,-0.56,-0.325,0.0,1.59,false,,c26d91afb5976c863dcb9ffffef6d38a9c1329dc38198d3df1ab73ed8075ee96,F2752
F2755,Float64,8116,0.893636,220,false,0.02588,false,0.02588,-0.88,33.79,0.004627329192546568,1.823071946123849,-0.82,-0.6,-0.36,0.0,5.673500000000004,false,,cf5fc430133711d64284a8deaaafc4debc09cacfe8a9866adcdda48161f8c26e,
F2756,Float64,9082,1.0,0,true,1.0,true,,,,,,,,,,,,,a85e5e34b55857d604486871e07d90d2182c96ec5983828468fb8dc535a6c290,F128
F2757,Float64,8116,0.893636,220,false,0.02588,false,0.02588,-0.88,33.79,0.004627329192546568,1.823071946123849,-0.82,-0.6,-0.36,0.0,5.673500000000004,false,,cf5fc430133711d64284a8deaaafc4debc09cacfe8a9866adcdda48161f8c26e,F2755
F2758,Float64,8155,0.89793,162,false,0.220065,false,0.220065,-0.93,3.2,-0.27117583603020495,0.4869024768271101,-0.83,-0.66,-0.35,0.0,1.5874000000000001,false,,db937832ca6eb5a54b7158de2a60ae9bd42c9da6be7ad61c59493be11bec48d7,
F2759,Float64,9078,0.99956,4,false,0.25,true,0.0,-0.89,-0.33,-0.6225,0.19841559918514473,-0.8825000000000001,-0.7025,-0.635,-0.555,-0.3390000000000001,false,-0.64:1; -0.33:1; -0.89:1; -0.63:1,3d24d7e6bbe8bcb5c9eb6aa88be2b2918c3f4c9a03481e72eafa30d8ac69c2d4,
F2760,Float64,8157,0.89815,161,false,0.220541,false,0.220541,-0.93,3.2,-0.27584864864864866,0.47544648581785964,-0.83,-0.66,-0.35,0.0,1.4775999999999998,false,,93a8d0feae6bf1913e55e6fe66a95f003f748b30e420d938298cb257a74c30be,
F2761,Float64,8155,0.89793,201,false,0.218986,false,0.218986,-0.93,4620.83,12.790485436893206,168.1963417647475,-0.83,-0.68,-0.33,0.0,288.54440000000056,false,,856912eb9b45310d624ca2d1038d0b7b406d6f80c6cd05cedf95227c44c67455,
F2762,Float64,9078,0.99956,3,false,0.5,true,0.0,-0.89,-0.62,-0.7150000000000001,0.1105667219374799,-0.8852,-0.77,-0.675,-0.62,-0.62,false,-0.62:2; -0.89:1; -0.73:1,d0e1ed198e22fb5cfaa0e50d04557c686ec46cc2ac58086c988577c9be57d7d4,
F2763,Float64,8157,0.89815,199,false,0.219459,false,0.219459,-0.93,4620.83,12.234594594594595,167.21076925609194,-0.83,-0.68,-0.34,0.0,238.98359999999988,false,,e30310d72035377363423084e707a332d28e7e60d2cc38bb16198e6c2b960607,
F2764,Float64,7991,0.879872,192,false,0.164986,false,0.164986,-0.87,5.35,-0.20938588450962417,0.5454843276710692,-0.81,-0.59,-0.27,0.0,2.00099999999999,false,,87be423d494b07e39b5dd4cdf4d667956a662cb19b8a9d1bb386394bb8244819,
F2765,Float64,9046,0.996036,32,false,0.083333,true,0.0,-0.87,5.35,-0.1127777777777778,1.0943176745531922,-0.8664999999999999,-0.715,-0.355,-0.04,4.320999999999996,false,,cfd9ad4b4a87093ef0362095d7fcf33434de64919c8796c0b218eb53ede860eb,
F2766,Float64,8017,0.882735,185,false,0.168075,false,0.168075,-0.84,4.4,-0.21425352112676058,0.5164550815124158,-0.81,-0.59,-0.27,0.0,1.983599999999999,false,,c592a17a6d9e6d3be70774850af3d23bdc877c1c1daa45969e6982501a768e65,
F2767,Float64,7991,0.879872,236,false,0.162236,false,0.162236,-0.9,9254.89,14.829624197983502,296.7336438702787,-0.83,-0.61,-0.29,0.0,51.23099999999959,false,,b8e28b39bfaaf51e99c977eb4168af7bcfe4300369e7b32917af424e2058d464,
F2768,Float64,9046,0.996036,30,false,0.083333,true,0.0,-0.87,12.08,0.19666666666666663,2.1926328668723563,-0.8664999999999999,-0.7424999999999999,-0.39,-0.05750000000000001,8.866999999999987,false,,7cf44332c4db3690334cf4e3184dcb20ef25b5ea898a64dea57352c9061b7138,
F2769,Float64,8017,0.882735,231,false,0.166197,false,0.166197,-0.9,1403.67,4.143023474178404,63.99738714930803,-0.8236,-0.61,-0.3,0.0,27.064399999998898,false,,f5f2638bf18b38cf3ce63cdb5a6668c69e875a20ec261b165ba784237fdbb66d,
F2770,Float64,8601,0.947038,153,false,0.04158,false,0.04158,-0.93,2.72,-0.2980873180873181,0.5310736004460477,-0.872,-0.67,-0.45,-0.1,2.015999999999999,false,,7711e0dfba7ea90dec5afc9641a67f3110ac307561c34ae586cbc3f085fcc157,
F2771,Float64,9036,0.994935,38,false,0.043478,true,0.021739,-0.92,1.89,-0.3765217391304348,0.45111079036039936,-0.8975,-0.6775,-0.47,-0.2175,1.1744999999999954,false,,2841738dfa1e0d182cc05bf673810bbd64b326db597b116ec7506d26813ac735,
F2772,Float64,8640,0.951332,149,false,0.042986,false,0.042986,-0.93,2.72,-0.30549773755656107,0.5282887521526366,-0.8859,-0.67,-0.45,-0.11,1.8277999999999894,false,,8f0d4810bc26ecb9228d6740d0e991ccf0a5851b33b7fcad720860a3408274d3,
F2773,Float64,8601,0.947038,176,false,0.037422,false,0.037422,-0.93,23711.26,75.7875467775468,1109.3139484038297,-0.89,-0.71,-0.56,-0.05,636.7779999999977,false,,c3764d9e51cee7ea3f9ae2457b06ba2ea1ca92a0196217f841f1fbb7aca2d461,
F2774,Float64,9036,0.994935,38,false,0.043478,true,0.021739,-0.92,17.14,-0.0002173913043478094,2.5813785406507748,-0.8975,-0.6775,-0.425,-0.1825,9.741999999999953,false,,958156a63fa47f081704833db860e40fd6aa96f09947ea5431ec8d21303471a9,
F2775,Float64,8640,0.951332,167,false,0.038462,false,0.038462,-0.93,4087.2,27.851289592760185,269.1111773220302,-0.89,-0.71,-0.58,-0.0225,537.9936999999965,false,,488baab88a6770119212772d4aee3b645b43a5054084d5bb2f693193077c6fff,
F2776,Float64,3018,0.332306,318,false,0.066623,false,0.066623,-0.93,16.6,-0.022600593667546177,0.5939850338365531,-0.77,-0.28,-0.06,0.08,1.9310999999999967,false,,16df96ae17d9811b5eed98f299dc7f6b25ae02ae0a1832e10438ec84c462a2a0,
F2777,Float64,3842,0.423035,331,false,0.032634,false,0.032634,-0.94,15.17,-0.0015782442748091623,0.6383800239250409,-0.78,-0.32,-0.08,0.16,2.136099999999997,false,,d69bcd2de0ae86c08f299b39867d9ba852b1f5ae52b5de91f5eb8c13f2658228,
F2778,Float64,5944,0.654481,265,false,0.089866,false,0.089866,-0.94,18.16,-0.04921287444231995,0.7136161727436073,-0.82,-0.33,-0.08,0.05,1.8689000000000033,false,,65699ad136882289f6ae339be08a78a6e080b7cb82e58f10ef8cedaf14c2400c,
F2779,Float64,3018,0.332306,520,false,0.051286,false,0.051286,-0.93,387380.08,177.01986312664906,6563.4005922026345,-0.81,-0.47,-0.18,0.07,24.085499999999875,false,,df4ac12e979a82a0384c83fa08fed9c830b96282cb468e5ab3ca0c0a7c049ce7,
F2780,Float64,3842,0.423035,564,false,0.023092,false,0.023092,-0.94,276478.0,149.5419312977099,4646.20230265564,-0.82,-0.49,-0.21,0.11,62.122999999999905,false,,486a22021b80fcbb8ea67aa6051388cf13a5219b7720686efee58951241a32a5,
F2781,Float64,5944,0.654481,337,false,0.078713,false,0.078713,-0.94,4639.99,3.18782982791587,108.93596838307958,-0.8462999999999999,-0.44,-0.13,0.03,7.9733000000000995,false,,cdbdde1b6c6e59748887c0b69b6c04ddaa12297099262b38541c890b942d3699,
F2782,Float64,2481,0.273178,241,false,0.119679,false,0.119679,-0.93,12.77,0.030071201333131344,0.3668164664142375,-0.59,-0.04,0.0,0.05,1.21,false,,ca95744f17dc9c14709b659db80e0219cd9266b80a9a37bbe2a88eb6fc19cbf1,
F2783,Float64,3404,0.374807,397,false,0.047376,false,0.047376,-0.93,13.16,0.15503522367030645,0.7881284029440692,-0.72,-0.18,0.0,0.22,3.2722999999999955,false,,e45367bbc4c9dc97d157ddb9545c57755a844ae8249eb588d978b702f7eb5a4b,
F2784,Float64,3348,0.368641,260,false,0.045344,false,0.045344,-0.8,13.24,0.05296302755493548,0.4932581325320508,-0.52,-0.09,-0.01,0.09,1.630100000000002,false,,f641fa9966411786cca2e0eac81f1ac4f68c28d12d46b46807376e40d3769029,
F2785,Float64,2481,0.273178,390,false,0.036207,false,0.036207,-0.92,37499.75,11.727936676261173,520.3138464177645,-0.75,-0.38,-0.17,0.01,6.31,false,,81763629c49899473778761ed2c42db0669a377e6b4bb0eeca2261a7a9a0fb29,
F2786,Float64,3404,0.374807,774,false,0.033815,false,0.033815,-0.94,131903.91,122.6078848185981,2381.1916293002123,-0.77,-0.37,-0.09,0.2875,547.061199999978,false,,644f6ad2dd9fc7c62bdbe171e0326ea871e379535dfc8919823eb48104e950c0,
F2787,Float64,3348,0.368641,385,false,0.019358,false,0.019358,-0.93,64577.91,14.12363794907569,859.0843000043138,-0.75,-0.42,-0.22,0.0,6.460100000000002,false,,f4db7cce0b19380ef58a92e693f98b09999989f3062138e4cee3c4f0fae5819f,
F2788,Float64,4692,0.516626,313,false,0.06082,false,0.06082,-0.94,17.61,-0.02159681093394078,0.7179242900095592,-0.8,-0.39,-0.1,0.13,2.26,false,,272643607c376fa68f4baa47ce62e12604c0f93739dec08866245a7c417e7cd1,
F2789,Float64,5146,0.566615,307,false,0.025661,false,0.025661,-0.94,17.61,-0.03120680894308943,0.6971004420711209,-0.81,-0.41,-0.12,0.16,2.23,false,,d14432dca70752787e1f4518f69dd59244290782f50c34d4bfa35808aa0a9d14,
F2790,Float64,8028,0.883946,211,false,0.171727,false,0.171727,-0.91,17.11,-0.02505692599620494,1.2961738127028568,-0.81,-0.53,-0.22,0.0,5.8674000000000115,false,,d9e403f63ef2d132d62e8ae839251777934748b3c999a98314e5050c7927d546,
F2791,Float64,4692,0.516626,581,false,0.053531,false,0.053531,-0.94,37845.39,16.99034396355353,618.3789860331782,-0.83,-0.53,-0.21,0.16,55.997799999999025,false,,f4ca3b8fac9b1043a19e1d490329c57e2ff05ba5673a0db64e45b9fde6d32b12,
F2792,Float64,5146,0.566615,578,false,0.019055,false,0.019055,-0.94,37845.39,20.285912093495934,654.8627621942015,-0.8364999999999999,-0.54,-0.23,0.18,97.10400000000045,false,,85401ad9163beadf85734529e56870ac8078e03ef182201fc01d718b5db37ec9,
F2793,Float64,8028,0.883946,248,false,0.166034,false,0.166034,-0.92,434.66,1.7303510436432639,21.977034804431064,-0.85,-0.6,-0.27,0.0,20.96440000000015,false,,287b02a8dbab003a67c44ec31accc3c89fe1d073e28504a54db7511549897147,
F2794,Float64,7787,0.85741,227,false,0.049421,false,0.049421,-0.94,6.82,-0.0815057915057915,0.6414940113272883,-0.85,-0.45,-0.15,0.06,2.3583999999999925,false,,c04d14f36576bdbd799026412df68d90e38b5a1202b64d28a51cd4ca874ff093,
F2795,Float64,8527,0.93889,173,false,0.030631,false,0.030631,-0.91,4.81,-0.14576576576576575,0.6454912921158477,-0.85,-0.55,-0.28,0.05,2.3488000000000104,false,,289ccbe2279f8d476727c1538c663dee3b8d286213e8c6b27746b868c36eb9b6,
F2796,Float64,8081,0.889782,205,false,0.048951,false,0.048951,-0.94,6.88,-0.08806193806193806,0.6015064672384749,-0.85,-0.43,-0.16,0.06,1.94,false,,57a338124edb1486ed08c78b2cce8afbba2c71bfb40271cbf6e0f72aac852c7f,
F2797,Float64,7787,0.85741,271,false,0.039382,false,0.039382,-0.94,41153.23,32.840864864864855,1143.3630191825148,-0.86,-0.54,-0.24,0.0,12.219599999999774,false,,ef2bd088024faad429ab2bc81c1a2fe1f35cb69ef1ac633a67d00bc78be0920f,
F2798,Float64,8527,0.93889,194,false,0.023423,false,0.023423,-0.91,83332.75,277.32645045045047,4120.259269573912,-0.85,-0.615,-0.36,0.0,39.10900000000071,false,,f56043bda1f45aeced1615f42f3d474b5c43646baf037ae7eef22d885c5056a9,
F2799,Float64,8081,0.889782,238,false,0.044955,false,0.044955,-0.94,223.0,0.6614485514485513,9.495221291377478,-0.86,-0.51,-0.23,0.0,11.66,false,,03b5bd7b7ae042c0468a6dd98c9e2de2a1e2796e492c3062bc8d5a8f143429df,
F2800,Float64,8844,0.973794,107,false,0.037815,false,0.037815,-0.92,2.65,-0.25247899159663867,0.5629948333082252,-0.81,-0.66,-0.42,0.0,1.830799999999999,false,,bc2830df3205cdfb093a36f163e9d11027e1afa5ac0346589a75526d29fc0f6e,
F2801,Float64,9081,0.99989,1,true,1.0,true,0.0,-0.78,-0.78,-0.78,0.0,-0.78,-0.78,-0.78,-0.78,-0.78,false,-0.78:1,342218f7e936bc74196aa8f106a97cc75915ff96a250febf325a2ac99799f777,
F2802,Float64,8844,0.973794,106,false,0.042017,false,0.042017,-0.92,2.65,-0.25310924369747895,0.5633427362503067,-0.81,-0.66,-0.42,0.0,1.830799999999999,false,,96cc48a8b5d394b08b02de05532802f9421e49f5c08d0de495084ac0e01fe22c,
F2803,Float64,8844,0.973794,121,false,0.033613,false,0.033613,-0.92,161.76,0.8048319327731093,10.784276124356944,-0.81,-0.68,-0.48,0.0,12.099699999999999,false,,1ce7978ac69bd5c8051f3df31ad19e58474f2d421c0ff2fde60b8fbc358ef6c8,
F2804,Float64,9081,0.99989,1,true,1.0,true,0.0,-0.78,-0.78,-0.78,0.0,-0.78,-0.78,-0.78,-0.78,-0.78,false,-0.78:1,342218f7e936bc74196aa8f106a97cc75915ff96a250febf325a2ac99799f777,F2801
F2805,Float64,8844,0.973794,121,false,0.033613,false,0.033613,-0.92,161.76,0.8044117647058825,10.78433879797187,-0.81,-0.68,-0.48,0.0,12.099699999999999,false,,9041148ff1b0a84cf2759c7d2bf1b0f0c9a4fde9d8f0b904344bb67568b39061,
F2806,Float64,9080,0.99978,2,false,0.5,true,0.0,-0.17,0.09,-0.04000000000000001,0.13,-0.16740000000000002,-0.10500000000000001,-0.04000000000000001,0.024999999999999994,0.08739999999999999,false,0.09:1; -0.17:1,fe7e3fc47c200bfd4a970ef3166e6046cf8e50486ee523ba168dd70bf82a6ce9,
F2807,Float64,9082,1.0,0,true,1.0,true,,,,,,,,,,,,,a85e5e34b55857d604486871e07d90d2182c96ec5983828468fb8dc535a6c290,F128
F2808,Float64,9080,0.99978,2,false,0.5,true,0.0,-0.17,0.09,-0.04000000000000001,0.13,-0.16740000000000002,-0.10500000000000001,-0.04000000000000001,0.024999999999999994,0.08739999999999999,false,-0.17:1; 0.09:1,fe7e3fc47c200bfd4a970ef3166e6046cf8e50486ee523ba168dd70bf82a6ce9,F2806
F2809,Float64,9080,0.99978,2,false,0.5,true,0.0,-0.19,0.02,-0.085,0.105,-0.1879,-0.1375,-0.08499999999999999,-0.0325,0.0179,false,0.02:1; -0.19:1,ef3d68850a80409112458879208a7946cea64bf81132502de17c1a966826899c,
F2810,Float64,9082,1.0,0,true,1.0,true,,,,,,,,,,,,,a85e5e34b55857d604486871e07d90d2182c96ec5983828468fb8dc535a6c290,F128
F2811,Float64,9080,0.99978,2,false,0.5,true,0.0,-0.19,0.02,-0.085,0.105,-0.1879,-0.1375,-0.08499999999999999,-0.0325,0.0179,false,-0.19:1; 0.02:1,ef3d68850a80409112458879208a7946cea64bf81132502de17c1a966826899c,F2809
F2812,Float64,9003,0.991301,48,false,0.075949,true,0.075949,-0.93,0.75,-0.46316455696202524,0.3270371182579656,-0.852,-0.72,-0.54,-0.325,0.5549999999999997,false,,b30df54bab22da17326afdf8ef1a7bf9ed3e636a9c066945d12751d425c02a9e,
F2813,Float64,9003,0.991301,48,false,0.075949,true,0.075949,-0.93,0.75,-0.46316455696202524,0.3270371182579656,-0.852,-0.72,-0.54,-0.325,0.5549999999999997,false,,b30df54bab22da17326afdf8ef1a7bf9ed3e636a9c066945d12751d425c02a9e,F2812
F2814,Float64,9082,1.0,0,true,1.0,true,,,,,,,,,,,,,a85e5e34b55857d604486871e07d90d2182c96ec5983828468fb8dc535a6c290,F128
F2815,Float64,9003,0.991301,50,false,0.075949,true,0.075949,-0.93,2766.18,34.57253164556962,309.2938305910611,-0.852,-0.72,-0.5,-0.275,609.1445999999968,false,,ae81be8c6b3cc0916f9684bb3e101e8d806a073c7c31c0e703a606ef8c513ef7,
F2816,Float64,9003,0.991301,50,false,0.075949,true,0.075949,-0.93,2766.18,34.57253164556962,309.2938305910611,-0.852,-0.72,-0.5,-0.275,609.1445999999968,false,,ae81be8c6b3cc0916f9684bb3e101e8d806a073c7c31c0e703a606ef8c513ef7,F2815
F2817,Float64,8018,0.882845,179,false,0.157895,false,0.157895,-0.88,14.18,-0.21340225563909776,0.9014776319450015,-0.8437,-0.64,-0.33,0.0,2.6047999999999956,false,,276d46dd1a3a84362f183ca8ddfbedfa3b4dcc0ed25cd17b3889f409b65cf9ec,
F2818,Float64,8796,0.968509,95,false,0.167832,false,0.167832,-0.86,2.76,-0.2972027972027972,0.5216486849227995,-0.83,-0.65,-0.405,0.0,2.0744999999999947,false,,7506bd184ee1f39835238492ee591ac3d645e78b05bddfa3cb6ed34479f89dc8,
F2819,Float64,8237,0.906959,162,false,0.15858,false,0.15858,-0.88,14.18,-0.23863905325443785,0.7331817141271765,-0.85,-0.64,-0.33,0.0,1.8259999999999945,false,,e094240f2a7638743ca8257257b9415f915ac6e409859a530a72ce1eae71a0b5,
F2820,Float64,8018,0.882845,217,false,0.159774,false,0.159774,-0.93,14864.9,15.425310150375939,456.1549811565433,-0.8537,-0.66,-0.395,0.0,29.377499999999372,false,,b6ce09a47c9746c6cad26feb2336ce3f4d2d98e5c05c23e9883f4ca09126955f,
F2821,Float64,8796,0.968509,91,false,0.157343,false,0.157343,-0.86,365.36,1.6232517482517486,22.718513035210478,-0.83,-0.67,-0.46,0.0,22.975999999998372,false,,c870bf6693d8325f82a5bda00543108d4b4885762d540f1f60660fca9a5358e2,
F2822,Float64,8237,0.906959,200,false,0.15858,false,0.15858,-0.93,65401.36,97.3024378698225,2305.670966725504,-0.86,-0.67,-0.38,0.0,30.469999999999686,false,,91d051e027a5f42da0f9a8e968a6ebc895e10690cd8e744744e28a5c19c50744,
F2823,Float64,8078,0.889452,229,false,0.0249,false,0.0249,-0.91,6.13,-0.12035856573705178,0.7377358971208678,-0.83,-0.6225,-0.31,0.07,2.6679000000000017,false,,7d2841a3eb1f60353104819d6605003ea1ce45a8db4c9961915fcef5959093e9,
F2824,Float64,8777,0.966417,157,false,0.032787,false,0.032787,-0.91,4.55,0.02163934426229508,0.8120820848598925,-0.8396,-0.61,-0.12,0.33,2.3827999999999965,false,,f7976cffa9543cf005d99e492a4e90b0c7f2b555d11fec950822f408075e2d44,
F2825,Float64,8332,0.917419,181,false,0.022667,false,0.021333,-0.87,6.13,-0.24936000000000003,0.6096351835865993,-0.83,-0.65,-0.42,-0.03,1.8,false,,2d9e915f125d3a46180afc65241fc40e8a35641289add98ab5f3ca5befdbb46f,
F2826,Float64,8078,0.889452,332,false,0.022908,false,0.01992,-0.87,199390.95,374.7311055776892,7819.577799670661,-0.83,-0.66,-0.41,0.2625,592.7362000000002,false,,035a02162c9c4020e506f9f6a78afbd44bea154b0efa7e4bf28735af46a6a50d,
F2827,Float64,8777,0.966417,191,false,0.029508,false,0.019672,-0.86,199390.95,1146.220655737705,14145.200972131332,-0.8496,-0.64,-0.15,1.34,336.6963999999986,false,,3165dc77a668f9ef921cce5b77e0ea1663033823d1ae29a4068cdeee6eddb6fa,
F2828,Float64,8332,0.917419,226,false,0.025333,false,0.02,-0.87,976.28,3.830226666666667,48.10872761930648,-0.8402,-0.68,-0.485,-0.03,41.05339999999998,false,,54b62ec48e7a7ad3d916d51c5baf403d492957ddc76c94b95aa68bc37d7d945e,
F2829,Float64,6914,0.761286,298,false,0.0881,false,0.02214,0.0,6618.0,63.95664206642066,214.6747453126966,0.0,3.0,16.0,56.0,652.5599999999977,true,,dde1c11b0aeaa8e1f0f2350cb8b318493887ce18f8b1722aa5a70a1f95b4b36d,
F2830,Float64,7792,0.857961,265,false,0.073643,false,0.010078,0.0,6618.0,84.48139534883721,270.8009281319449,0.8900000000000006,4.0,26.0,71.0,889.5399999999986,true,,3bd61c1e5461fc46abf7de20867ca6118a7da027381cfc82dab39b77d6bfe50a,
F2831,Float64,7902,0.870073,170,false,0.121186,false,0.029661,0.0,779.0,33.90847457627119,72.96619901960084,0.0,3.0,7.0,38.0,429.47000000000025,true,,b3521d848d72e82822490e193e630f9ab06f1dd53cf8ddcaf3e885147954254b,
F2832,Float64,6914,0.761286,298,false,0.0881,false,0.02214,0.0,6618.0,63.95664206642066,214.6747453126966,0.0,3.0,16.0,56.0,652.5599999999977,true,,dde1c11b0aeaa8e1f0f2350cb8b318493887ce18f8b1722aa5a70a1f95b4b36d,F2829
F2833,Float64,7792,0.857961,265,false,0.073643,false,0.010078,0.0,6618.0,84.48139534883721,270.8009281319449,0.8900000000000006,4.0,26.0,71.0,889.5399999999986,true,,3bd61c1e5461fc46abf7de20867ca6118a7da027381cfc82dab39b77d6bfe50a,F2830
F2834,Float64,7902,0.870073,170,false,0.121186,false,0.029661,0.0,779.0,33.90847457627119,72.96619901960084,0.0,3.0,7.0,38.0,429.47000000000025,true,,b3521d848d72e82822490e193e630f9ab06f1dd53cf8ddcaf3e885147954254b,F2831
F2835,Float64,8524,0.93856,215,false,0.023297,false,0.0,1.0,6618.0,111.94802867383513,316.53015023636954,2.5700000000000003,25.0,52.0,107.5,726.4399999999996,true,,542abd7a6f4fb8f52a5272d184010475bf5922b5c50d97bf62374eef0532f4c7,
F2836,Float64,8828,0.972033,141,false,0.031496,false,0.0,2.0,674.0,99.97637795275591,130.01244426004507,2.5300000000000002,26.0,52.0,111.0,572.55,true,,a00aa1fcba9e8e4b62c2199691eb346f18b75b016ee6e92d70f8e10ba1e4af68,
F2837,Float64,8588,0.945607,202,false,0.022267,false,0.0,1.0,6618.0,116.12753036437248,334.21996007377334,3.0,25.25,53.0,109.0,734.3599999999997,true,,be9ac736ec6b3e5f2bd824ee9a6244c539a87fd88ff54483872a6b90b7b96942,
F2838,Float64,8524,0.93856,215,false,0.023297,false,0.0,1.0,6618.0,111.94802867383513,316.53015023636954,2.5700000000000003,25.0,52.0,107.5,726.4399999999996,true,,542abd7a6f4fb8f52a5272d184010475bf5922b5c50d97bf62374eef0532f4c7,F2835
F2839,Float64,8828,0.972033,141,false,0.031496,false,0.0,2.0,674.0,99.97637795275591,130.01244426004507,2.5300000000000002,26.0,52.0,111.0,572.55,true,,a00aa1fcba9e8e4b62c2199691eb346f18b75b016ee6e92d70f8e10ba1e4af68,F2836
F2840,Float64,8588,0.945607,202,false,0.022267,false,0.0,1.0,6618.0,116.12753036437248,334.21996007377334,3.0,25.25,53.0,109.0,734.3599999999997,true,,be9ac736ec6b3e5f2bd824ee9a6244c539a87fd88ff54483872a6b90b7b96942,F2837
F2841,Float64,112,0.012332,530,false,0.038573,false,0.022185,0.0,6618.0,65.61527313266444,181.2560404736984,0.0,9.0,31.0,64.0,655.3099999999995,true,,e1ea87314aff9433afe5a40830c7bb2d6d75735486232bb14e390c9fc7d88b91,
F2842,Float64,626,0.068928,530,false,0.033349,false,0.011826,0.0,6618.0,69.23048722800378,186.0442077314298,0.0,12.0,34.0,67.0,670.7000000000044,true,,f4ff0c86f3cf9e78d621f183cb1a35c8cba2cab7319693aec7d34e60c71ed0ac,
F2843,Float64,402,0.044263,530,false,0.03318,false,0.011406,0.0,6618.0,67.6889400921659,183.8605024134453,0.0,11.0,33.0,66.0,660.0499999999956,true,,89b131347c8df9d3cfc6e5260b5c443649c21232e2df15b4fa95aaedfe7c2559,
F2844,Float64,112,0.012332,530,false,0.038573,false,0.022185,0.0,6618.0,65.61527313266444,181.2560404736984,0.0,9.0,31.0,64.0,655.3099999999995,true,,e1ea87314aff9433afe5a40830c7bb2d6d75735486232bb14e390c9fc7d88b91,F2841
F2845,Float64,626,0.068928,530,false,0.033349,false,0.011826,0.0,6618.0,69.23048722800378,186.0442077314298,0.0,12.0,34.0,67.0,670.7000000000044,true,,f4ff0c86f3cf9e78d621f183cb1a35c8cba2cab7319693aec7d34e60c71ed0ac,F2842
F2846,Float64,402,0.044263,530,false,0.03318,false,0.011406,0.0,6618.0,67.6889400921659,183.8605024134453,0.0,11.0,33.0,66.0,660.0499999999956,true,,89b131347c8df9d3cfc6e5260b5c443649c21232e2df15b4fa95aaedfe7c2559,F2843
F2847,Float64,476,0.052411,529,false,0.029979,false,0.016733,0.0,6618.0,68.1902161282826,184.553069383939,0.0,11.0,33.0,66.0,663.7500000000036,true,,9c8f7d455eec66c8734d96ea09b43b3d5d5ef302891fbecd7ca950b7ed13f5a5,
F2848,Float64,1304,0.143581,528,false,0.018771,false,0.011443,0.0,6618.0,74.71843661609668,192.9211616636802,0.0,16.0,38.0,71.0,699.4599999999991,true,,191c8f96498f61d312745f89dc0e6683d3599024d01124094e642b3e4105bc65,
F2849,Float64,759,0.083572,527,false,0.025592,false,0.006608,0.0,6618.0,69.90243902439025,185.90328359637684,1.0,13.0,35.0,68.0,667.1200000000026,true,,687f38494558419131f8b8d502d1ce4dd2c9af9260c00e45f1fbd0d934f2fe1b,
F2850,Float64,476,0.052411,529,false,0.029979,false,0.016733,0.0,6618.0,68.1902161282826,184.553069383939,0.0,11.0,33.0,66.0,663.7500000000036,true,,9c8f7d455eec66c8734d96ea09b43b3d5d5ef302891fbecd7ca950b7ed13f5a5,F2847
F2851,Float64,1304,0.143581,528,false,0.018771,false,0.011443,0.0,6618.0,74.71843661609668,192.9211616636802,0.0,16.0,38.0,71.0,699.4599999999991,true,,191c8f96498f61d312745f89dc0e6683d3599024d01124094e642b3e4105bc65,F2848
F2852,Float64,759,0.083572,527,false,0.025592,false,0.006608,0.0,6618.0,69.90243902439025,185.90328359637684,1.0,13.0,35.0,68.0,667.1200000000026,true,,687f38494558419131f8b8d502d1ce4dd2c9af9260c00e45f1fbd0d934f2fe1b,F2849
F2853,Float64,476,0.052411,529,false,0.029979,false,0.016733,0.0,6618.0,68.1902161282826,184.553069383939,0.0,11.0,33.0,66.0,663.7500000000036,true,,9c8f7d455eec66c8734d96ea09b43b3d5d5ef302891fbecd7ca950b7ed13f5a5,F2847
F2854,Float64,1304,0.143581,528,false,0.018771,false,0.011443,0.0,6618.0,74.71843661609668,192.9211616636802,0.0,16.0,38.0,71.0,699.4599999999991,true,,191c8f96498f61d312745f89dc0e6683d3599024d01124094e642b3e4105bc65,F2848
F2855,Float64,759,0.083572,527,false,0.025592,false,0.006608,0.0,6618.0,69.90243902439025,185.90328359637684,1.0,13.0,35.0,68.0,667.1200000000026,true,,687f38494558419131f8b8d502d1ce4dd2c9af9260c00e45f1fbd0d934f2fe1b,F2849
F2856,Float64,476,0.052411,529,false,0.029979,false,0.016733,0.0,6618.0,68.1902161282826,184.553069383939,0.0,11.0,33.0,66.0,663.7500000000036,true,,9c8f7d455eec66c8734d96ea09b43b3d5d5ef302891fbecd7ca950b7ed13f5a5,F2847
F2857,Float64,1304,0.143581,528,false,0.018771,false,0.011443,0.0,6618.0,74.71843661609668,192.9211616636802,0.0,16.0,38.0,71.0,699.4599999999991,true,,191c8f96498f61d312745f89dc0e6683d3599024d01124094e642b3e4105bc65,F2848
F2858,Float64,759,0.083572,527,false,0.025592,false,0.006608,0.0,6618.0,69.90243902439025,185.90328359637684,1.0,13.0,35.0,68.0,667.1200000000026,true,,687f38494558419131f8b8d502d1ce4dd2c9af9260c00e45f1fbd0d934f2fe1b,F2849
F2859,Float64,8116,0.893636,176,false,0.017598,false,0.0,1.0,640.0,63.61594202898551,65.34362518621822,3.0,27.0,51.0,76.0,344.70000000000095,true,,fb6d416dcf18ad6253b4c2f92d4c3932d60fed81866b359fe12006ccb7f01e2a,
F2860,Float64,9082,1.0,0,true,1.0,true,,,,,,,,,,,,,a85e5e34b55857d604486871e07d90d2182c96ec5983828468fb8dc535a6c290,F128
F2861,Float64,8116,0.893636,176,false,0.017598,false,0.0,1.0,640.0,63.61594202898551,65.34362518621822,3.0,27.0,51.0,76.0,344.70000000000095,true,,fb6d416dcf18ad6253b4c2f92d4c3932d60fed81866b359fe12006ccb7f01e2a,F2859
F2862,Float64,8116,0.893636,176,false,0.017598,false,0.0,1.0,640.0,63.61594202898551,65.34362518621822,3.0,27.0,51.0,76.0,344.70000000000095,true,,fb6d416dcf18ad6253b4c2f92d4c3932d60fed81866b359fe12006ccb7f01e2a,F2859
F2863,Float64,9082,1.0,0,true,1.0,true,,,,,,,,,,,,,a85e5e34b55857d604486871e07d90d2182c96ec5983828468fb8dc535a6c290,F128
F2864,Float64,8116,0.893636,176,false,0.017598,false,0.0,1.0,640.0,63.61594202898551,65.34362518621822,3.0,27.0,51.0,76.0,344.70000000000095,true,,fb6d416dcf18ad6253b4c2f92d4c3932d60fed81866b359fe12006ccb7f01e2a,F2859
F2865,Float64,8155,0.89793,227,false,0.064725,false,0.0,1.0,6618.0,81.71305285868392,264.27543914796644,2.0,7.0,33.0,76.5,665.6800000000003,true,,bc31a028c3f679896811ca8f8f37b5940841efd7c6afb5d8bda86220f65185f1,
F2866,Float64,9078,0.99956,4,false,0.25,true,0.0,7.0,129.0,82.5,48.566964080535236,8.98,56.5,97.0,123.0,128.76,true,73.0:1; 7.0:1; 121.0:1; 129.0:1,9475681a805fe2d935d427c6ca99f437629ead8e4878e2d9590b1421ed45aa74,
F2867,Float64,8157,0.89815,227,false,0.064865,false,0.0,1.0,6618.0,81.75135135135135,264.54642633640515,2.0,7.0,33.0,76.0,666.3199999999997,true,,3b1ae02d7a215ea7ee0b1bb77abb2d79cd82d43de2d21514e305ecb422c7a881,
F2868,Float64,8155,0.89793,227,false,0.064725,false,0.0,1.0,6618.0,81.71305285868392,264.27543914796644,2.0,7.0,33.0,76.5,665.6800000000003,true,,bc31a028c3f679896811ca8f8f37b5940841efd7c6afb5d8bda86220f65185f1,F2865
F2869,Float64,9078,0.99956,4,false,0.25,true,0.0,7.0,129.0,82.5,48.566964080535236,8.98,56.5,97.0,123.0,128.76,true,73.0:1; 129.0:1; 7.0:1; 121.0:1,9475681a805fe2d935d427c6ca99f437629ead8e4878e2d9590b1421ed45aa74,F2866
F2870,Float64,8157,0.89815,227,false,0.064865,false,0.0,1.0,6618.0,81.75135135135135,264.54642633640515,2.0,7.0,33.0,76.0,666.3199999999997,true,,3b1ae02d7a215ea7ee0b1bb77abb2d79cd82d43de2d21514e305ecb422c7a881,F2867
F2871,Float64,7991,0.879872,219,false,0.059578,false,0.0,1.0,1161.0,64.6141154903758,116.86856995010598,2.0,7.0,31.0,69.0,623.0999999999981,true,,abda624a74bb14030a53d8c200d085ade6b0dac911021c77fa076f213307c828,
F2872,Float64,9046,0.996036,35,false,0.055556,true,0.0,6.0,1118.0,215.11111111111111,234.93128756413694,10.55,54.5,111.5,317.0,972.0499999999994,true,,65b9e7f1f24637ce4f4ea0d8126e06b27e9670a21bf598b59e0ac8a5c2eb6389,
F2873,Float64,8017,0.882735,207,false,0.061033,false,0.0,1.0,1161.0,60.23661971830986,107.40534591144768,2.0,7.0,30.0,67.0,569.2399999999941,true,,a3e799c9ac2365b382bccbfd9421a22b255bb207d79fa2f77de579914a351682,
F2874,Float64,7991,0.879872,219,false,0.059578,false,0.0,1.0,1161.0,64.6141154903758,116.86856995010598,2.0,7.0,31.0,69.0,623.0999999999981,true,,abda624a74bb14030a53d8c200d085ade6b0dac911021c77fa076f213307c828,F2871
F2875,Float64,9046,0.996036,35,false,0.055556,true,0.0,6.0,1118.0,215.11111111111111,234.93128756413694,10.55,54.5,111.5,317.0,972.0499999999994,true,,65b9e7f1f24637ce4f4ea0d8126e06b27e9670a21bf598b59e0ac8a5c2eb6389,F2872
F2876,Float64,8017,0.882735,207,false,0.061033,false,0.0,1.0,1161.0,60.23661971830986,107.40534591144768,2.0,7.0,30.0,67.0,569.2399999999941,true,,a3e799c9ac2365b382bccbfd9421a22b255bb207d79fa2f77de579914a351682,F2873
F2877,Float64,8601,0.947038,207,false,0.02079,false,0.0,1.0,6618.0,125.22245322245323,343.82113876634867,2.0,25.0,52.0,113.0,928.5999999999976,true,,91f70f9301c9b614e8575080a0766253a56d38e66503f302c272e3fc7a2eb117,
F2878,Float64,9036,0.994935,43,false,0.043478,true,0.0,9.0,1476.0,207.84782608695653,245.15327657817107,10.35,54.0,120.5,307.5,1047.1499999999974,true,,6b2ce29afc62df1308132d45a1f8d668fdef090602caa08c8281e45cb855e8bc,
F2879,Float64,8640,0.951332,184,false,0.022624,false,0.0,1.0,6618.0,115.63122171945702,348.81093716357685,2.0,25.0,48.0,94.5,866.2699999999986,true,,7b25840871612ece6b1e2e9c60343f60b435facced2922fedbf0ca87d0dea1c1,
F2880,Float64,8601,0.947038,207,false,0.02079,false,0.0,1.0,6618.0,125.22245322245323,343.82113876634867,2.0,25.0,52.0,113.0,928.5999999999976,true,,91f70f9301c9b614e8575080a0766253a56d38e66503f302c272e3fc7a2eb117,F2877
F2881,Float64,9036,0.994935,43,false,0.043478,true,0.0,9.0,1476.0,207.84782608695653,245.15327657817107,10.35,54.0,120.5,307.5,1047.1499999999974,true,,6b2ce29afc62df1308132d45a1f8d668fdef090602caa08c8281e45cb855e8bc,F2878
F2882,Float64,8640,0.951332,184,false,0.022624,false,0.0,1.0,6618.0,115.63122171945702,348.81093716357685,2.0,25.0,48.0,94.5,866.2699999999986,true,,7b25840871612ece6b1e2e9c60343f60b435facced2922fedbf0ca87d0dea1c1,F2879
F2883,Float64,3018,0.332306,525,false,0.023582,false,0.003133,0.0,6618.0,85.43255277044855,215.9863803416493,1.0,17.0,42.0,78.0,781.9599999999991,true,,491d1df29aa0bb8722d5e6b17743432b6974be13ea41f47bdeb6c5f38a1f398f,
F2884,Float64,3842,0.423035,486,false,0.015076,false,0.000382,0.0,6618.0,87.69790076335877,194.6962552995159,2.0,22.0,46.0,81.0,738.489999999997,true,,2a143f41df6e67aafad4c3eaba80ab5d3d297cc0dc22b80fa7dd47a67a0fdd1d,
F2885,Float64,5944,0.654481,514,false,0.035054,false,0.005417,0.0,6618.0,118.82504780114722,288.23005235744705,1.0,14.0,44.0,104.0,1151.7500000000027,true,,ef010d61c4a246e0bf27355e74158b527fe6a9bcb6556f90dbb885275f66dfb0,
F2886,Float64,3018,0.332306,525,false,0.023582,false,0.003133,0.0,6618.0,85.43255277044855,215.9863803416493,1.0,17.0,42.0,78.0,781.9599999999991,true,,491d1df29aa0bb8722d5e6b17743432b6974be13ea41f47bdeb6c5f38a1f398f,F2883
F2887,Float64,3842,0.423035,486,false,0.015076,false,0.000382,0.0,6618.0,87.69790076335877,194.6962552995159,2.0,22.0,46.0,81.0,738.489999999997,true,,2a143f41df6e67aafad4c3eaba80ab5d3d297cc0dc22b80fa7dd47a67a0fdd1d,F2884
F2888,Float64,5944,0.654481,514,false,0.035054,false,0.005417,0.0,6618.0,118.82504780114722,288.23005235744705,1.0,14.0,44.0,104.0,1151.7500000000027,true,,ef010d61c4a246e0bf27355e74158b527fe6a9bcb6556f90dbb885275f66dfb0,F2885
F2889,Float64,2481,0.273178,484,false,0.017119,false,0.000303,0.0,6618.0,75.04968944099379,170.3155851083745,2.0,19.0,41.0,73.0,659.0,true,,a0c6801867aa5f06522f6221f610368dde104d0d494d62dc83b3d85b8ad47fa7,
F2890,Float64,3404,0.374807,479,false,0.015498,false,0.000352,0.0,6618.0,82.71574498062698,180.03944775973383,3.0,25.0,46.0,78.0,699.4599999999991,true,,d81cba9e42f1f0685cae1304ad63d7e0eb6d8b9f1b93cf4c3b19767444a5b060,
F2891,Float64,3348,0.368641,327,false,0.01744,false,0.0,1.0,2453.0,59.03296128357168,100.06955443866227,3.3299999999999983,20.0,39.0,68.0,502.6700000000001,true,,4f80f1f83585af46fb59ad825a8673d34ad35038452f76f4a048e3c609601c70,
F2892,Float64,2481,0.273178,484,false,0.017119,false,0.000303,0.0,6618.0,75.04968944099379,170.3155851083745,2.0,19.0,41.0,73.0,659.0,true,,a0c6801867aa5f06522f6221f610368dde104d0d494d62dc83b3d85b8ad47fa7,F2889
F2893,Float64,3404,0.374807,479,false,0.015498,false,0.000352,0.0,6618.0,82.71574498062698,180.03944775973383,3.0,25.0,46.0,78.0,699.4599999999991,true,,d81cba9e42f1f0685cae1304ad63d7e0eb6d8b9f1b93cf4c3b19767444a5b060,F2890
F2894,Float64,3348,0.368641,327,false,0.01744,false,0.0,1.0,2453.0,59.03296128357168,100.06955443866227,3.3299999999999983,20.0,39.0,68.0,502.6700000000001,true,,4f80f1f83585af46fb59ad825a8673d34ad35038452f76f4a048e3c609601c70,F2891
F2895,Float64,4692,0.516626,437,false,0.026651,false,0.001139,0.0,6618.0,83.3382687927107,224.87387539219617,2.0,16.0,40.0,75.75,779.8799999999974,true,,e7d62103913ff234cca1766c1205aa10ff72ec20bbe5e0b3899e6ace35130326,
F2896,Float64,5146,0.566615,424,false,0.017022,false,0.000254,0.0,6618.0,85.276168699187,195.36873803653387,2.0,21.0,43.0,80.0,738.8500000000008,true,,5df9a66d6e17adcc79b9ce434b3a2a7772848956108b8241352f43e24d7f50a4,
F2897,Float64,8028,0.883946,234,false,0.068311,false,0.003795,0.0,5651.0,88.01612903225806,306.5248793122469,1.0,6.0,22.0,65.0,1013.6600000000076,true,,6858cb2fe5bfb9f58074e40b4d139dfd6584e5c0fb9b9695eabd517dcdc4671d,
F2898,Float64,4692,0.516626,437,false,0.026651,false,0.001139,0.0,6618.0,83.3382687927107,224.87387539219617,2.0,16.0,40.0,75.75,779.8799999999974,true,,e7d62103913ff234cca1766c1205aa10ff72ec20bbe5e0b3899e6ace35130326,F2895
F2899,Float64,5146,0.566615,424,false,0.017022,false,0.000254,0.0,6618.0,85.276168699187,195.36873803653387,2.0,21.0,43.0,80.0,738.8500000000008,true,,5df9a66d6e17adcc79b9ce434b3a2a7772848956108b8241352f43e24d7f50a4,F2896
F2900,Float64,8028,0.883946,234,false,0.068311,false,0.003795,0.0,5651.0,88.01612903225806,306.5248793122469,1.0,6.0,22.0,65.0,1013.6600000000076,true,,6858cb2fe5bfb9f58074e40b4d139dfd6584e5c0fb9b9695eabd517dcdc4671d,F2897
F2901,Float64,7787,0.85741,392,false,0.027027,false,0.010811,0.0,5651.0,153.7783783783784,328.6684278111322,0.0,16.0,54.0,141.0,1493.2999999999997,true,,b4a6d372977b12f67216bd5209dacacc441d1115d79e8734fec4c82c5b4debb3,
F2902,Float64,8527,0.93889,244,false,0.027027,false,0.003604,0.0,5651.0,173.2072072072072,406.1753519412924,2.0,19.0,56.0,136.5,1554.5200000000023,true,,9fc361fee8698fc4341041f6fb3eabb18f9e353e7263e5dd48d4e84f3c7a6292,
F2903,Float64,8081,0.889782,354,false,0.027972,false,0.011988,0.0,2751.0,153.14985014985015,261.7350650528112,0.0,16.0,59.0,155.0,1305.0,true,,24560b8e231d764a12a381d5ce8ee91018c2e6b9517994ad43b92de74219418b,
F2904,Float64,7787,0.85741,392,false,0.027027,false,0.010811,0.0,5651.0,153.7783783783784,328.6684278111322,0.0,16.0,54.0,141.0,1493.2999999999997,true,,b4a6d372977b12f67216bd5209dacacc441d1115d79e8734fec4c82c5b4debb3,F2901
F2905,Float64,8527,0.93889,244,false,0.027027,false,0.003604,0.0,5651.0,173.2072072072072,406.1753519412924,2.0,19.0,56.0,136.5,1554.5200000000023,true,,9fc361fee8698fc4341041f6fb3eabb18f9e353e7263e5dd48d4e84f3c7a6292,F2902
F2906,Float64,8081,0.889782,354,false,0.027972,false,0.011988,0.0,2751.0,153.14985014985015,261.7350650528112,0.0,16.0,59.0,155.0,1305.0,true,,24560b8e231d764a12a381d5ce8ee91018c2e6b9517994ad43b92de74219418b,F2903
F2907,Float64,8844,0.973794,124,false,0.02521,false,0.0,1.0,802.0,68.9453781512605,91.6114899108214,2.37,25.0,51.0,78.0,511.57999999999925,true,,a4fd7e6915344b95d80600c0c67c924055dd8144379e70494d2e879a67eb042e,
F2908,Float64,9081,0.99989,1,true,1.0,true,0.0,78.0,78.0,78.0,0.0,78.0,78.0,78.0,78.0,78.0,true,78.0:1,981a32b378b89c363509ccfc3b637695c1d003491dd005c5a20dc21cc8423708,
F2909,Float64,8844,0.973794,124,false,0.02521,false,0.0,1.0,802.0,68.9453781512605,91.6114899108214,2.37,25.0,51.0,78.0,511.57999999999925,true,,a4fd7e6915344b95d80600c0c67c924055dd8144379e70494d2e879a67eb042e,F2907
F2910,Float64,8844,0.973794,124,false,0.02521,false,0.0,1.0,802.0,68.9453781512605,91.6114899108214,2.37,25.0,51.0,78.0,511.57999999999925,true,,a4fd7e6915344b95d80600c0c67c924055dd8144379e70494d2e879a67eb042e,F2907
F2911,Float64,9081,0.99989,1,true,1.0,true,0.0,78.0,78.0,78.0,0.0,78.0,78.0,78.0,78.0,78.0,true,78.0:1,981a32b378b89c363509ccfc3b637695c1d003491dd005c5a20dc21cc8423708,F2908
F2912,Float64,8844,0.973794,124,false,0.02521,false,0.0,1.0,802.0,68.9453781512605,91.6114899108214,2.37,25.0,51.0,78.0,511.57999999999925,true,,a4fd7e6915344b95d80600c0c67c924055dd8144379e70494d2e879a67eb042e,F2907
F2913,Float64,9080,0.99978,2,false,0.5,true,0.0,4499.0,5651.0,5075.0,576.0,4510.52,4787.0,5075.0,5363.0,5639.48,true,5651.0:1; 4499.0:1,8ab56374ddc9b2d5699625d6fa50f8d01ad834f99289144eb3a9ad5fc69d4321,
F2914,Float64,9082,1.0,0,true,1.0,true,,,,,,,,,,,,,a85e5e34b55857d604486871e07d90d2182c96ec5983828468fb8dc535a6c290,F128
F2915,Float64,9080,0.99978,2,false,0.5,true,0.0,4499.0,5651.0,5075.0,576.0,4510.52,4787.0,5075.0,5363.0,5639.48,true,5651.0:1; 4499.0:1,8ab56374ddc9b2d5699625d6fa50f8d01ad834f99289144eb3a9ad5fc69d4321,F2913
F2916,Float64,9080,0.99978,2,false,0.5,true,0.0,4499.0,5651.0,5075.0,576.0,4510.52,4787.0,5075.0,5363.0,5639.48,true,4499.0:1; 5651.0:1,8ab56374ddc9b2d5699625d6fa50f8d01ad834f99289144eb3a9ad5fc69d4321,F2913
F2917,Float64,9082,1.0,0,true,1.0,true,,,,,,,,,,,,,a85e5e34b55857d604486871e07d90d2182c96ec5983828468fb8dc535a6c290,F128
F2918,Float64,9080,0.99978,2,false,0.5,true,0.0,4499.0,5651.0,5075.0,576.0,4510.52,4787.0,5075.0,5363.0,5639.48,true,5651.0:1; 4499.0:1,8ab56374ddc9b2d5699625d6fa50f8d01ad834f99289144eb3a9ad5fc69d4321,F2913
F2919,Float64,9003,0.991301,42,false,0.075949,true,0.0,1.0,416.0,31.164556962025316,49.11480489879559,1.78,7.0,19.0,43.0,173.41999999999965,true,,c899590d960a6cc03be164abec45083c9ea8211c54cb15efb4f152e2e70bc146,
F2920,Float64,9003,0.991301,42,false,0.075949,true,0.0,1.0,416.0,31.164556962025316,49.11480489879559,1.78,7.0,19.0,43.0,173.41999999999965,true,,c899590d960a6cc03be164abec45083c9ea8211c54cb15efb4f152e2e70bc146,F2919
F2921,Float64,9082,1.0,0,true,1.0,true,,,,,,,,,,,,,a85e5e34b55857d604486871e07d90d2182c96ec5983828468fb8dc535a6c290,F128
F2922,Float64,9003,0.991301,42,false,0.075949,true,0.0,1.0,416.0,31.164556962025316,49.11480489879559,1.78,7.0,19.0,43.0,173.41999999999965,true,,c899590d960a6cc03be164abec45083c9ea8211c54cb15efb4f152e2e70bc146,F2919
F2923,Float64,9003,0.991301,42,false,0.075949,true,0.0,1.0,416.0,31.164556962025316,49.11480489879559,1.78,7.0,19.0,43.0,173.41999999999965,true,,c899590d960a6cc03be164abec45083c9ea8211c54cb15efb4f152e2e70bc146,F2919
F2924,Float64,9082,1.0,0,true,1.0,true,,,,,,,,,,,,,a85e5e34b55857d604486871e07d90d2182c96ec5983828468fb8dc535a6c290,F128
F2925,Float64,8018,0.882845,269,false,0.041353,false,0.038534,0.0,5651.0,100.97838345864662,267.73617657502103,0.0,9.0,42.0,92.0,712.1099999999997,true,,011911a6b2ad6b5caa3d18b5f086c37a5dc5656d38440b4936c95b3c78993b2f,
F2926,Float64,8796,0.968509,151,false,0.08042,false,0.013986,0.0,5651.0,161.96503496503496,463.0693798187244,0.0,10.0,67.5,117.75,1464.0999999999997,true,,c7f13a3aae67966d95d4d6e79bf23417c111943b47ec5dd3feab14211eb3b2c0,
F2927,Float64,8237,0.906959,234,false,0.043787,false,0.043787,0.0,5651.0,100.52544378698225,287.40357519190167,0.0,9.0,38.0,87.0,694.1599999999994,true,,07f475de3e917088b5ccd0baccf51a86269f9a7dc4a844178d5c3e339be552f7,
F2928,Float64,8018,0.882845,269,false,0.041353,false,0.038534,0.0,5651.0,100.97838345864662,267.73617657502103,0.0,9.0,42.0,92.0,712.1099999999997,true,,011911a6b2ad6b5caa3d18b5f086c37a5dc5656d38440b4936c95b3c78993b2f,F2925
F2929,Float64,8796,0.968509,151,false,0.08042,false,0.013986,0.0,5651.0,161.96503496503496,463.0693798187244,0.0,10.0,67.5,117.75,1464.0999999999997,true,,c7f13a3aae67966d95d4d6e79bf23417c111943b47ec5dd3feab14211eb3b2c0,F2926
F2930,Float64,8237,0.906959,234,false,0.043787,false,0.043787,0.0,5651.0,100.52544378698225,287.40357519190167,0.0,9.0,38.0,87.0,694.1599999999994,true,,07f475de3e917088b5ccd0baccf51a86269f9a7dc4a844178d5c3e339be552f7,F2927
F2931,Float64,8078,0.889452,193,false,0.020916,false,0.000996,0.0,6618.0,78.01693227091633,267.56928713601917,2.0,18.0,40.0,69.0,883.8600000000038,true,,3bab10bedc40b3350279b4246c4bd834c825e7841faf00441ab9425940458967,
F2932,Float64,8777,0.966417,113,false,0.036066,false,0.003279,0.0,6618.0,82.9672131147541,411.5306560782966,2.0,11.0,24.0,50.0,641.1599999999996,true,,9ec2f26234ef1ab6928328832487ff4158ea128fd4201fb41e74886874fea072,
F2933,Float64,8332,0.917419,172,false,0.018667,false,0.0,2.0,2168.0,79.02133333333333,189.6295604898022,3.49,23.0,46.0,71.75,1123.2699999999993,true,,3c80f6cc75df0260979c8b6a10368fae8036b32b1aa8b24b1b9a975d6f3dcde0,
F2934,Float64,8078,0.889452,193,false,0.020916,false,0.000996,0.0,6618.0,78.01693227091633,267.56928713601917,2.0,18.0,40.0,69.0,883.8600000000038,true,,3bab10bedc40b3350279b4246c4bd834c825e7841faf00441ab9425940458967,F2931
F2935,Float64,8777,0.966417,113,false,0.036066,false,0.003279,0.0,6618.0,82.9672131147541,411.5306560782966,2.0,11.0,24.0,50.0,641.1599999999996,true,,9ec2f26234ef1ab6928328832487ff4158ea128fd4201fb41e74886874fea072,F2932
F2936,Float64,8332,0.917419,172,false,0.018667,false,0.0,2.0,2168.0,79.02133333333333,189.6295604898022,3.49,23.0,46.0,71.75,1123.2699999999993,true,,3c80f6cc75df0260979c8b6a10368fae8036b32b1aa8b24b1b9a975d6f3dcde0,F2933
F2937,Float64,6455,0.710747,441,false,0.073468,false,0.007994,0.0,11548.0,115.66121050628092,364.1033385468726,1.0,5.0,39.0,113.5,1179.979999999994,true,,6c5fc49b8453db8d33841028cd9a0892eb4eb823d218484acd85ac9a1c537f4c,
F2938,Float64,7491,0.824818,388,false,0.067253,false,0.005028,0.0,11548.0,146.68196103079825,454.9173794986092,1.0,6.0,48.0,131.0,1556.7999999999902,true,,b8a0bda07dea82b0f0503e812e6dc8b246b122ce64a24f04c6fc003849fac142,
F2939,Float64,7611,0.838031,284,false,0.099252,false,0.008838,0.0,5192.0,73.01767505098573,219.92445328626417,1.0,4.0,16.0,79.0,712.7999999999975,true,,e6c392869e99f2c9fce2ac798e54554f6e1f8ddb03633d2fc3bc55243eb5c644,
F2940,Float64,6455,0.710747,441,false,0.073468,false,0.007994,0.0,11548.0,115.66121050628092,364.1033385468726,1.0,5.0,39.0,113.5,1179.979999999994,true,,6c5fc49b8453db8d33841028cd9a0892eb4eb823d218484acd85ac9a1c537f4c,F2937
F2941,Float64,7491,0.824818,388,false,0.067253,false,0.005028,0.0,11548.0,146.68196103079825,454.9173794986092,1.0,6.0,48.0,131.0,1556.7999999999902,true,,b8a0bda07dea82b0f0503e812e6dc8b246b122ce64a24f04c6fc003849fac142,F2938
F2942,Float64,7611,0.838031,284,false,0.099252,false,0.008838,0.0,5192.0,73.01767505098573,219.92445328626417,1.0,4.0,16.0,79.0,712.7999999999975,true,,e6c392869e99f2c9fce2ac798e54554f6e1f8ddb03633d2fc3bc55243eb5c644,F2939
F2943,Float64,8278,0.911473,332,false,0.013682,false,0.0,2.0,11548.0,182.91044776119404,473.6848716731813,3.0299999999999994,37.75,83.0,182.0,1242.1300000000008,true,,ff5ee4cbfef6b081221854d6ea05c4aed446e3b505aa94b98c16fc459fcae29e,
F2944,Float64,8649,0.952323,248,false,0.013857,false,0.0,2.0,1498.0,182.25173210161662,243.4785039721945,4.0,41.0,88.0,216.0,1178.3600000000001,true,,9e80a2d831ab9e73df316129fa9f1da945a5c70919b6ae7a05969f9d47c62c96,
F2945,Float64,8396,0.924466,308,false,0.014577,false,0.0,2.0,11548.0,191.97667638483966,506.8246193618517,5.0,38.0,85.5,190.0,1323.9999999999977,true,,c43adffad01ea7f236d45f7b2ac2105c0e54fa007fdd5f97cb9e17fc6e2465cf,
F2946,Float64,8278,0.911473,332,false,0.013682,false,0.0,2.0,11548.0,182.91044776119404,473.6848716731813,3.0299999999999994,37.75,83.0,182.0,1242.1300000000008,true,,ff5ee4cbfef6b081221854d6ea05c4aed446e3b505aa94b98c16fc459fcae29e,F2943
F2947,Float64,8649,0.952323,248,false,0.013857,false,0.0,2.0,1498.0,182.25173210161662,243.4785039721945,4.0,41.0,88.0,216.0,1178.3600000000001,true,,9e80a2d831ab9e73df316129fa9f1da945a5c70919b6ae7a05969f9d47c62c96,F2944
F2948,Float64,8396,0.924466,308,false,0.014577,false,0.0,2.0,11548.0,191.97667638483966,506.8246193618517,5.0,38.0,85.5,190.0,1323.9999999999977,true,,c43adffad01ea7f236d45f7b2ac2105c0e54fa007fdd5f97cb9e17fc6e2465cf,F2945
F2949,Float64,75,0.008258,720,false,0.032197,false,0.017209,0.0,11548.0,119.60164316642611,342.3044535567728,0.0,15.0,55.0,115.0,1257.520000000004,true,,516da361ec069b7f2000f7e70d54c105f317eeecc8118f1071af750d49455e1e,
F2950,Float64,391,0.043052,720,false,0.028535,false,0.010586,0.0,11548.0,123.68680243930503,347.76761369813613,0.0,18.0,58.0,118.0,1303.2000000000007,true,,5259375c06a9b565a046e808b3011e63b441eba84f6496b36c1a9d8c815e5f96,
F2951,Float64,359,0.039529,720,false,0.026596,false,0.007222,0.0,11548.0,123.43047116817608,347.1615524227035,1.0,18.0,58.0,118.0,1298.600000000013,true,,a6fd02a269920aed247344638eca593ebfa666a80ae4be410d94e2b5b1e6cc38,
F2952,Float64,75,0.008258,720,false,0.032197,false,0.017209,0.0,11548.0,119.60164316642611,342.3044535567728,0.0,15.0,55.0,115.0,1257.520000000004,true,,516da361ec069b7f2000f7e70d54c105f317eeecc8118f1071af750d49455e1e,F2949
F2953,Float64,391,0.043052,720,false,0.028535,false,0.010586,0.0,11548.0,123.68680243930503,347.76761369813613,0.0,18.0,58.0,118.0,1303.2000000000007,true,,5259375c06a9b565a046e808b3011e63b441eba84f6496b36c1a9d8c815e5f96,F2950
F2954,Float64,359,0.039529,720,false,0.026596,false,0.007222,0.0,11548.0,123.43047116817608,347.1615524227035,1.0,18.0,58.0,118.0,1298.600000000013,true,,a6fd02a269920aed247344638eca593ebfa666a80ae4be410d94e2b5b1e6cc38,F2951
F2955,Float64,403,0.044373,720,false,0.024196,false,0.012674,0.0,11548.0,123.93731996773822,347.93470580006823,0.0,18.0,58.0,118.0,1303.4399999999987,true,,ecdacb08e8cc172a57896a68c70a7538b8eb66f54279d65c0a207baf3ae58732,
F2956,Float64,1025,0.112861,718,false,0.01539,false,0.01055,0.0,11548.0,132.72210500186173,359.4633411172636,0.0,25.0,64.0,124.0,1341.7599999999984,true,,46fbb7bcafe240b71f4b636cc55303129b95049b9f3c3519bc44895d9fa27e14,
F2957,Float64,695,0.076525,718,false,0.019196,false,0.002981,0.0,11548.0,127.33492309526649,350.38631292385224,1.0,22.0,61.0,121.0,1305.5599999999977,true,,51a5ecaf568c4067fdfe0d0823403a033c50b7ff36ec8c5245a2331d949a6c39,
F2958,Float64,403,0.044373,720,false,0.024196,false,0.012674,0.0,11548.0,123.93731996773822,347.93470580006823,0.0,18.0,58.0,118.0,1303.4399999999987,true,,ecdacb08e8cc172a57896a68c70a7538b8eb66f54279d65c0a207baf3ae58732,F2955
F2959,Float64,1025,0.112861,718,false,0.01539,false,0.01055,0.0,11548.0,132.72210500186173,359.4633411172636,0.0,25.0,64.0,124.0,1341.7599999999984,true,,46fbb7bcafe240b71f4b636cc55303129b95049b9f3c3519bc44895d9fa27e14,F2956
F2960,Float64,695,0.076525,718,false,0.019196,false,0.002981,0.0,11548.0,127.33492309526649,350.38631292385224,1.0,22.0,61.0,121.0,1305.5599999999977,true,,51a5ecaf568c4067fdfe0d0823403a033c50b7ff36ec8c5245a2331d949a6c39,F2957
F2961,Float64,403,0.044373,720,false,0.024196,false,0.012674,0.0,11548.0,123.93731996773822,347.93470580006823,0.0,18.0,58.0,118.0,1303.4399999999987,true,,ecdacb08e8cc172a57896a68c70a7538b8eb66f54279d65c0a207baf3ae58732,F2955
F2962,Float64,1025,0.112861,718,false,0.01539,false,0.01055,0.0,11548.0,132.72210500186173,359.4633411172636,0.0,25.0,64.0,124.0,1341.7599999999984,true,,46fbb7bcafe240b71f4b636cc55303129b95049b9f3c3519bc44895d9fa27e14,F2956
F2963,Float64,695,0.076525,718,false,0.019196,false,0.002981,0.0,11548.0,127.33492309526649,350.38631292385224,1.0,22.0,61.0,121.0,1305.5599999999977,true,,51a5ecaf568c4067fdfe0d0823403a033c50b7ff36ec8c5245a2331d949a6c39,F2957
F2964,Float64,403,0.044373,720,false,0.024196,false,0.012674,0.0,11548.0,123.93731996773822,347.93470580006823,0.0,18.0,58.0,118.0,1303.4399999999987,true,,ecdacb08e8cc172a57896a68c70a7538b8eb66f54279d65c0a207baf3ae58732,F2955
F2965,Float64,1025,0.112861,718,false,0.01539,false,0.01055,0.0,11548.0,132.72210500186173,359.4633411172636,0.0,25.0,64.0,124.0,1341.7599999999984,true,,46fbb7bcafe240b71f4b636cc55303129b95049b9f3c3519bc44895d9fa27e14,F2956
F2966,Float64,695,0.076525,718,false,0.019196,false,0.002981,0.0,11548.0,127.33492309526649,350.38631292385224,1.0,22.0,61.0,121.0,1305.5599999999977,true,,51a5ecaf568c4067fdfe0d0823403a033c50b7ff36ec8c5245a2331d949a6c39,F2957
F2967,Float64,7757,0.854107,303,false,0.011321,false,0.0,2.0,1313.0,110.95924528301887,117.54510270207655,4.0,44.0,84.0,140.0,569.8,true,,5215033dfd68bce30e26d9ad53554274b81cad109b882903ed8c7c143275a035,
F2968,Float64,9082,1.0,0,true,1.0,true,,,,,,,,,,,,,a85e5e34b55857d604486871e07d90d2182c96ec5983828468fb8dc535a6c290,F128
F2969,Float64,7757,0.854107,303,false,0.011321,false,0.0,2.0,1313.0,110.95924528301887,117.54510270207655,4.0,44.0,84.0,140.0,569.8,true,,5215033dfd68bce30e26d9ad53554274b81cad109b882903ed8c7c143275a035,F2967
F2970,Float64,7757,0.854107,303,false,0.011321,false,0.0,2.0,1313.0,110.95924528301887,117.54510270207655,4.0,44.0,84.0,140.0,569.8,true,,5215033dfd68bce30e26d9ad53554274b81cad109b882903ed8c7c143275a035,F2967
F2971,Float64,9082,1.0,0,true,1.0,true,,,,,,,,,,,,,a85e5e34b55857d604486871e07d90d2182c96ec5983828468fb8dc535a6c290,F128
F2972,Float64,7757,0.854107,303,false,0.011321,false,0.0,2.0,1313.0,110.95924528301887,117.54510270207655,4.0,44.0,84.0,140.0,569.8,true,,5215033dfd68bce30e26d9ad53554274b81cad109b882903ed8c7c143275a035,F2967
F2973,Float64,7730,0.851134,370,false,0.043639,false,0.0,1.0,11548.0,153.20710059171597,465.4484810054617,2.0,15.0,64.0,146.0,1275.3400000000006,true,,ff9c5f38ba0a33b26baf6825d2c864eec3ac590fb8edd0871c31477cd797cada,
F2974,Float64,9066,0.998238,15,false,0.125,true,0.0,14.0,758.0,199.3125,184.57949464593838,14.9,56.0,175.5,262.0,707.4499999999999,true,56.0:2; 29.0:1; 247.0:1; 142.0:1; 258.0:1,79d3842c1834225f9f869f06806bae264a96a5086a71f6e214d17f847fe0c18d,
F2975,Float64,7734,0.851575,368,false,0.043769,false,0.0,1.0,11548.0,152.78709198813056,465.8230200149156,2.0,15.0,63.5,144.25,1277.9799999999982,true,,270617ec2c29666e1e2ea0e1b0f450d607be887e59a377818a6febbd30879402,
F2976,Float64,7730,0.851134,370,false,0.043639,false,0.0,1.0,11548.0,153.20710059171597,465.4484810054617,2.0,15.0,64.0,146.0,1275.3400000000006,true,,ff9c5f38ba0a33b26baf6825d2c864eec3ac590fb8edd0871c31477cd797cada,F2973
F2977,Float64,9066,0.998238,15,false,0.125,true,0.0,14.0,758.0,199.3125,184.57949464593838,14.9,56.0,175.5,262.0,707.4499999999999,true,56.0:2; 758.0:1; 14.0:1; 142.0:1; 205.0:1,79d3842c1834225f9f869f06806bae264a96a5086a71f6e214d17f847fe0c18d,F2974
F2978,Float64,7734,0.851575,368,false,0.043769,false,0.0,1.0,11548.0,152.78709198813056,465.8230200149156,2.0,15.0,63.5,144.25,1277.9799999999982,true,,270617ec2c29666e1e2ea0e1b0f450d607be887e59a377818a6febbd30879402,F2975
F2979,Float64,7694,0.84717,361,false,0.042507,false,0.0,1.0,11548.0,133.35878962536023,378.3866929816961,2.0,13.0,61.0,133.25,1163.5099999999968,true,,e366abc244e91313975764836ed1c468af07905927e838e629899abcdb2c9f33,
F2980,Float64,9028,0.994054,53,false,0.037037,true,0.0,6.0,2352.0,444.72222222222223,436.5916991061501,16.6,114.75,267.0,698.5,1799.2099999999987,true,,e2c028f6b1c300496a478de74c22c111396e03cb90ab3508af2b8b59fe310962,
F2981,Float64,7735,0.851685,339,false,0.043801,false,0.0,1.0,11548.0,122.98886414253897,370.8112705827746,2.0,12.0,58.0,127.0,1135.619999999998,true,,a0c441c5699c79ef8882e7ec9f393d5362803654db69acf72a3ccde0b20217d1,
F2982,Float64,7694,0.84717,361,false,0.042507,false,0.0,1.0,11548.0,133.35878962536023,378.3866929816961,2.0,13.0,61.0,133.25,1163.5099999999968,true,,e366abc244e91313975764836ed1c468af07905927e838e629899abcdb2c9f33,F2979
F2983,Float64,9028,0.994054,53,false,0.037037,true,0.0,6.0,2352.0,444.72222222222223,436.5916991061501,16.6,114.75,267.0,698.5,1799.2099999999987,true,,e2c028f6b1c300496a478de74c22c111396e03cb90ab3508af2b8b59fe310962,F2980
F2984,Float64,7735,0.851685,339,false,0.043801,false,0.0,1.0,11548.0,122.98886414253897,370.8112705827746,2.0,12.0,58.0,127.0,1135.619999999998,true,,a0c441c5699c79ef8882e7ec9f393d5362803654db69acf72a3ccde0b20217d1,F2981
F2985,Float64,7938,0.874037,358,false,0.01486,false,0.0,1.0,11548.0,162.39772727272728,426.53387747188185,3.0,38.0,74.0,140.0,1404.2699999999993,true,,e46a68b3fd2a2c8e2b92a371d57b19969e1f62937c0a2c874b5b96175115038a,
F2986,Float64,9009,0.991962,71,false,0.027397,true,0.0,9.0,2544.0,400.75342465753425,471.21102450129433,13.32,112.0,229.0,531.0,2245.2000000000003,true,,e8ff8731c202a8985fd0e5beb2a97992f1abcd57b00f8227616dd9ecdcb13b05,
F2987,Float64,7990,0.879762,331,false,0.015568,false,0.0,1.0,11548.0,147.03479853479854,415.11999972740097,3.0,37.0,72.0,131.0,1246.5099999999968,true,,a47b37f88ef621646caed36a3c2a071e73b2bb58a6bd1c17e1ae437bc0ef0ef8,
F2988,Float64,7938,0.874037,358,false,0.01486,false,0.0,1.0,11548.0,162.39772727272728,426.53387747188185,3.0,38.0,74.0,140.0,1404.2699999999993,true,,e46a68b3fd2a2c8e2b92a371d57b19969e1f62937c0a2c874b5b96175115038a,F2985
F2989,Float64,9009,0.991962,71,false,0.027397,true,0.0,9.0,2544.0,400.75342465753425,471.21102450129433,13.32,112.0,229.0,531.0,2245.2000000000003,true,,e8ff8731c202a8985fd0e5beb2a97992f1abcd57b00f8227616dd9ecdcb13b05,F2986
F2990,Float64,7990,0.879762,331,false,0.015568,false,0.0,1.0,11548.0,147.03479853479854,415.11999972740097,3.0,37.0,72.0,131.0,1246.5099999999968,true,,a47b37f88ef621646caed36a3c2a071e73b2bb58a6bd1c17e1ae437bc0ef0ef8,F2987
F2991,Float64,2574,0.283418,713,false,0.016134,false,0.00169,0.0,11548.0,150.73125384142594,396.6357828245017,2.0,29.0,71.0,136.0,1470.8600000000006,true,,91e876a2adaada2de1813c4b6b09db7f704894025f8c4ecffe4ce4ec4664df78,
F2992,Float64,3272,0.360273,689,false,0.009983,false,0.000344,0.0,11548.0,153.34733218588642,356.57942584156814,3.0,36.0,76.0,143.0,1432.7499999999964,true,,ce240c1d16de9dc4b1d86f30ed12696d20196bd4e9f388c1910637e8698127b4,
F2993,Float64,5765,0.634772,700,false,0.023515,false,0.002713,0.0,11548.0,212.43533313234852,519.5158176312397,2.0,23.0,76.0,186.0,2058.9600000000246,true,,24e8c962171d2181ed245b033acf195d6ec240a2ce2739a36c3e4f907d745a35,
F2994,Float64,2574,0.283418,713,false,0.016134,false,0.00169,0.0,11548.0,150.73125384142594,396.6357828245017,2.0,29.0,71.0,136.0,1470.8600000000006,true,,91e876a2adaada2de1813c4b6b09db7f704894025f8c4ecffe4ce4ec4664df78,F2991
F2995,Float64,3272,0.360273,689,false,0.009983,false,0.000344,0.0,11548.0,153.34733218588642,356.57942584156814,3.0,36.0,76.0,143.0,1432.7499999999964,true,,ce240c1d16de9dc4b1d86f30ed12696d20196bd4e9f388c1910637e8698127b4,F2992
F2996,Float64,5765,0.634772,700,false,0.023515,false,0.002713,0.0,11548.0,212.43533313234852,519.5158176312397,2.0,23.0,76.0,186.0,2058.9600000000246,true,,24e8c962171d2181ed245b033acf195d6ec240a2ce2739a36c3e4f907d745a35,F2993
F2997,Float64,2368,0.260736,660,false,0.010873,false,0.000149,0.0,11548.0,136.84971700923444,318.81988030939635,3.0,33.0,71.0,129.75,1339.7399999999998,true,,5e4c28f05b439e3bd464e155aef51178f5d81032c3b4ff44ffb8c65557e46d7e,
F2998,Float64,2956,0.325479,657,false,0.010121,false,0.000163,0.0,11548.0,145.38246816846228,329.14431321556873,3.0,39.0,76.0,136.0,1368.5,true,,fdec3d56935860fb398306c3d7c56bc04f3bf51986ced77a19cc1f3774b7694a,
F2999,Float64,3292,0.362475,477,false,0.011744,false,0.0,1.0,4041.0,107.0651122625216,192.01567763635347,5.0,34.0,69.0,120.0,998.989999999997,true,,f4e5cb72635bb25b0ac28f366d4957d906c79847c067306049a2540f42f96930,
F3000,Float64,2368,0.260736,660,false,0.010873,false,0.000149,0.0,11548.0,136.84971700923444,318.81988030939635,3.0,33.0,71.0,129.75,1339.7399999999998,true,,5e4c28f05b439e3bd464e155aef51178f5d81032c3b4ff44ffb8c65557e46d7e,F2997
F3001,Float64,2956,0.325479,657,false,0.010121,false,0.000163,0.0,11548.0,145.38246816846228,329.14431321556873,3.0,39.0,76.0,136.0,1368.5,true,,fdec3d56935860fb398306c3d7c56bc04f3bf51986ced77a19cc1f3774b7694a,F2998
F3002,Float64,3292,0.362475,477,false,0.011744,false,0.0,1.0,4041.0,107.0651122625216,192.01567763635347,5.0,34.0,69.0,120.0,998.989999999997,true,,f4e5cb72635bb25b0ac28f366d4957d906c79847c067306049a2540f42f96930,F2999
F3003,Float64,4043,0.445166,630,false,0.018059,false,0.000397,0.0,11548.0,149.01845604286564,412.4477606264827,2.0,27.0,69.0,135.0,1487.739999999997,true,,e99fd030228eb0192571e07ac44d3a9acb7768481fceab22eee273515217442a,
F3004,Float64,4476,0.492843,616,false,0.010638,false,0.000217,0.0,11548.0,153.2663916630482,372.93447943646424,3.0,34.0,74.0,143.0,1496.649999999995,true,,1263149f53f4621d7b7521d97707fa4d3d4489ffa77b883f1e05810a13f450cd,
F3005,Float64,7823,0.861374,350,false,0.047657,false,0.000794,0.0,10438.0,157.4376489277204,530.1491389184572,2.0,9.0,49.0,128.0,1446.3800000000065,true,,3fd4554bd896fa1e3d4051dcbc866eac40e123b4923d1236bdee43871098abe5,
F3006,Float64,4043,0.445166,630,false,0.018059,false,0.000397,0.0,11548.0,149.01845604286564,412.4477606264827,2.0,27.0,69.0,135.0,1487.739999999997,true,,e99fd030228eb0192571e07ac44d3a9acb7768481fceab22eee273515217442a,F3003
F3007,Float64,4476,0.492843,616,false,0.010638,false,0.000217,0.0,11548.0,153.2663916630482,372.93447943646424,3.0,34.0,74.0,143.0,1496.649999999995,true,,1263149f53f4621d7b7521d97707fa4d3d4489ffa77b883f1e05810a13f450cd,F3004
F3008,Float64,7823,0.861374,350,false,0.047657,false,0.000794,0.0,10438.0,157.4376489277204,530.1491389184572,2.0,9.0,49.0,128.0,1446.3800000000065,true,,3fd4554bd896fa1e3d4051dcbc866eac40e123b4923d1236bdee43871098abe5,F3005
F3009,Float64,7595,0.83627,523,false,0.017485,false,0.003362,0.0,10438.0,263.88702084734365,588.7660429022004,1.0,28.0,89.0,231.0,2561.7800000000125,true,,1866266ff1f111b18d67fa853d43c780f95890e2794bf2e4d33ccad2df5d4b40,
F3010,Float64,8381,0.922814,363,false,0.021398,false,0.001427,0.0,10438.0,310.81883024251067,714.7212957917658,3.0,31.0,99.0,262.0,3122.0,true,,4d4ba453d869e507ec0e771d353829d57c937e5a6ce05464d7c65d80262e4d51,
F3011,Float64,7939,0.874147,463,false,0.019248,false,0.0035,0.0,5560.0,254.03062117235345,473.1797151261619,1.0,27.0,89.0,246.5,1852.3199999999888,true,,eef6e9999b0ce5003aef37ce5de2af2ed56338121e55a25b8cfdec8e82ad549c,
F3012,Float64,7595,0.83627,523,false,0.017485,false,0.003362,0.0,10438.0,263.88702084734365,588.7660429022004,1.0,28.0,89.0,231.0,2561.7800000000125,true,,1866266ff1f111b18d67fa853d43c780f95890e2794bf2e4d33ccad2df5d4b40,F3009
F3013,Float64,8381,0.922814,363,false,0.021398,false,0.001427,0.0,10438.0,310.81883024251067,714.7212957917658,3.0,31.0,99.0,262.0,3122.0,true,,4d4ba453d869e507ec0e771d353829d57c937e5a6ce05464d7c65d80262e4d51,F3010
F3014,Float64,7939,0.874147,463,false,0.019248,false,0.0035,0.0,5560.0,254.03062117235345,473.1797151261619,1.0,27.0,89.0,246.5,1852.3199999999888,true,,eef6e9999b0ce5003aef37ce5de2af2ed56338121e55a25b8cfdec8e82ad549c,F3011
F3015,Float64,8747,0.963114,185,false,0.020896,false,0.0,3.0,1498.0,117.49850746268656,142.563332344315,4.68,40.5,85.0,144.0,747.8600000000042,true,,570c3f33e0e8272e0484f79d87d530f20403395df00826e5de49f25e379db919,
F3016,Float64,9078,0.99956,4,false,0.25,true,0.0,23.0,171.0,112.75,55.876538010152345,25.67,89.75,128.5,151.5,170.22,true,112.0:1; 171.0:1; 23.0:1; 145.0:1,0062e20761296344314e272301a7e261db79403cc5a8674076211a18e13dfa21,
F3017,Float64,8747,0.963114,185,false,0.020896,false,0.0,3.0,1498.0,117.49850746268656,142.563332344315,4.68,40.5,85.0,144.0,747.8600000000042,true,,570c3f33e0e8272e0484f79d87d530f20403395df00826e5de49f25e379db919,F3015
F3018,Float64,8747,0.963114,185,false,0.020896,false,0.0,3.0,1498.0,117.49850746268656,142.563332344315,4.68,40.5,85.0,144.0,747.8600000000042,true,,570c3f33e0e8272e0484f79d87d530f20403395df00826e5de49f25e379db919,F3015
F3019,Float64,9078,0.99956,4,false,0.25,true,0.0,23.0,171.0,112.75,55.876538010152345,25.67,89.75,128.5,151.5,170.22,true,145.0:1; 171.0:1; 23.0:1; 112.0:1,0062e20761296344314e272301a7e261db79403cc5a8674076211a18e13dfa21,F3016
F3020,Float64,8747,0.963114,185,false,0.020896,false,0.0,3.0,1498.0,117.49850746268656,142.563332344315,4.68,40.5,85.0,144.0,747.8600000000042,true,,570c3f33e0e8272e0484f79d87d530f20403395df00826e5de49f25e379db919,F3015
F3021,Float64,9080,0.99978,2,false,0.5,true,0.0,8476.0,10438.0,9457.0,981.0,8495.62,8966.5,9457.0,9947.5,10418.38,true,10438.0:1; 8476.0:1,15e79a631ae2480eddf31c5895564eea5b2ab949a51acc6142c4be1aeb6ab669,
F3022,Float64,9080,0.99978,2,false,0.5,true,0.0,8476.0,10438.0,9457.0,981.0,8495.62,8966.5,9457.0,9947.5,10418.38,true,10438.0:1; 8476.0:1,15e79a631ae2480eddf31c5895564eea5b2ab949a51acc6142c4be1aeb6ab669,F3021
F3023,Float64,9080,0.99978,2,false,0.5,true,0.0,8476.0,10438.0,9457.0,981.0,8495.62,8966.5,9457.0,9947.5,10418.38,true,8476.0:1; 10438.0:1,15e79a631ae2480eddf31c5895564eea5b2ab949a51acc6142c4be1aeb6ab669,F3021
F3024,Float64,9080,0.99978,2,false,0.5,true,0.0,8476.0,10438.0,9457.0,981.0,8495.62,8966.5,9457.0,9947.5,10418.38,true,8476.0:1; 10438.0:1,15e79a631ae2480eddf31c5895564eea5b2ab949a51acc6142c4be1aeb6ab669,F3021
F3025,Float64,8938,0.984144,89,false,0.034722,false,0.0,1.0,833.0,57.78472222222222,81.32728488391523,2.0,14.75,35.0,84.5,232.26999999999992,true,,a454848bf78578132d99b0ebfa0880c7fcca69ed5ccc34bbbfa43aa0e90ead04,
F3026,Float64,8938,0.984144,89,false,0.034722,false,0.0,1.0,833.0,57.78472222222222,81.32728488391523,2.0,14.75,35.0,84.5,232.26999999999992,true,,a454848bf78578132d99b0ebfa0880c7fcca69ed5ccc34bbbfa43aa0e90ead04,F3025
F3027,Float64,9082,1.0,0,true,1.0,true,,,,,,,,,,,,,a85e5e34b55857d604486871e07d90d2182c96ec5983828468fb8dc535a6c290,F128
F3028,Float64,8938,0.984144,89,false,0.034722,false,0.0,1.0,833.0,57.78472222222222,81.32728488391523,2.0,14.75,35.0,84.5,232.26999999999992,true,,a454848bf78578132d99b0ebfa0880c7fcca69ed5ccc34bbbfa43aa0e90ead04,F3025
F3029,Float64,8938,0.984144,89,false,0.034722,false,0.0,1.0,833.0,57.78472222222222,81.32728488391523,2.0,14.75,35.0,84.5,232.26999999999992,true,,a454848bf78578132d99b0ebfa0880c7fcca69ed5ccc34bbbfa43aa0e90ead04,F3025
F3030,Float64,9082,1.0,0,true,1.0,true,,,,,,,,,,,,,a85e5e34b55857d604486871e07d90d2182c96ec5983828468fb8dc535a6c290,F128
F3031,Float64,7643,0.841555,415,false,0.027797,false,0.026407,0.0,10438.0,181.32800555941625,459.96233581595305,0.0,19.0,79.0,168.5,1493.4599999999964,true,,0e5849ec8f073f7a34540ba887a287f30e558ec9485f39be5983f311203ed119,
F3032,Float64,8718,0.959921,219,false,0.054945,false,0.005495,0.0,10438.0,298.02197802197804,806.1038943758773,1.0,34.75,120.5,208.5,2647.2300000000014,true,,0e79ebd525c6b2c4269d1bc02a5634309b3d5c3446cc33b1c91907cb39d623ac,
F3033,Float64,7905,0.870403,376,false,0.030586,false,0.030586,0.0,10438.0,172.92268479184366,468.45211403862015,0.0,17.0,72.0,166.0,1370.44,true,,2164ecab91128498ea56025be8f6575364b2171ae1a11deebd7d32ee5ddcafc0,
F3034,Float64,7643,0.841555,415,false,0.027797,false,0.026407,0.0,10438.0,181.32800555941625,459.96233581595305,0.0,19.0,79.0,168.5,1493.4599999999964,true,,0e5849ec8f073f7a34540ba887a287f30e558ec9485f39be5983f311203ed119,F3031
F3035,Float64,8718,0.959921,219,false,0.054945,false,0.005495,0.0,10438.0,298.02197802197804,806.1038943758773,1.0,34.75,120.5,208.5,2647.2300000000014,true,,0e79ebd525c6b2c4269d1bc02a5634309b3d5c3446cc33b1c91907cb39d623ac,F3032
F3036,Float64,7905,0.870403,376,false,0.030586,false,0.030586,0.0,10438.0,172.92268479184366,468.45211403862015,0.0,17.0,72.0,166.0,1370.44,true,,2164ecab91128498ea56025be8f6575364b2171ae1a11deebd7d32ee5ddcafc0,F3033
F3037,Float64,7499,0.825699,331,false,0.018951,false,0.0,1.0,11548.0,132.90271636133923,449.3573181554528,4.0,29.0,64.0,121.0,1211.0200000000025,true,,def42aca2d04a6450c4977c1b642cce96ed9e392cae0ce1d2fb6ba006da4c478,
F3038,Float64,8599,0.946818,191,false,0.035197,false,0.0,1.0,11548.0,145.20289855072463,672.6688141822683,2.8200000000000003,16.0,42.0,90.0,1272.880000000001,true,,0f09726df2880813065e05381a52f58be5abbe96cf8e6a07ea7099b1b0c8686e,
F3039,Float64,7864,0.865889,297,false,0.012315,false,0.0,2.0,7687.0,137.24137931034483,384.27477494049594,5.0,38.0,73.0,128.0,1522.70999999999,true,,3e94172d2dab7e605c3dce06708f9a956375c10c806efbf16334818d57212a12,
F3040,Float64,7499,0.825699,331,false,0.018951,false,0.0,1.0,11548.0,132.90271636133923,449.3573181554528,4.0,29.0,64.0,121.0,1211.0200000000025,true,,def42aca2d04a6450c4977c1b642cce96ed9e392cae0ce1d2fb6ba006da4c478,F3037
F3041,Float64,8599,0.946818,191,false,0.035197,false,0.0,1.0,11548.0,145.20289855072463,672.6688141822683,2.8200000000000003,16.0,42.0,90.0,1272.880000000001,true,,0f09726df2880813065e05381a52f58be5abbe96cf8e6a07ea7099b1b0c8686e,F3038
F3042,Float64,7864,0.865889,297,false,0.012315,false,0.0,2.0,7687.0,137.24137931034483,384.27477494049594,5.0,38.0,73.0,128.0,1522.70999999999,true,,3e94172d2dab7e605c3dce06708f9a956375c10c806efbf16334818d57212a12,F3039
F3043,Float64,5824,0.641268,713,false,0.056169,false,0.003376,0.0,21819.0,232.01258440761202,709.5836518825967,1.0,9.0,87.5,226.0,2288.2999999999984,true,,188240297e46cab5d204fc3c7beb7bfc2486e2b88953c61e0e72d417145489ba,
F3044,Float64,7062,0.777582,620,false,0.052475,false,0.002475,0.0,21819.0,283.03019801980196,871.2316998540939,1.0,10.0,105.5,253.0,2763.9099999999994,true,,b3abb364b1f690e0906774d5e3ac4ddbf88125f54562ec7c09e2396525d6a471,
F3045,Float64,7227,0.79575,491,false,0.071698,false,0.003235,0.0,12343.0,173.66954177897574,586.0400142861696,1.0,6.0,51.0,185.0,1701.0800000000036,true,,352eb64fba0b2d231dc5b31c35da6236fb66d44662a3dbb854e4fbef0bca1335,
F3046,Float64,5824,0.641268,713,false,0.056169,false,0.003376,0.0,21819.0,232.01258440761202,709.5836518825967,1.0,9.0,87.5,226.0,2288.2999999999984,true,,188240297e46cab5d204fc3c7beb7bfc2486e2b88953c61e0e72d417145489ba,F3043
F3047,Float64,7062,0.777582,620,false,0.052475,false,0.002475,0.0,21819.0,283.03019801980196,871.2316998540939,1.0,10.0,105.5,253.0,2763.9099999999994,true,,b3abb364b1f690e0906774d5e3ac4ddbf88125f54562ec7c09e2396525d6a471,F3044
F3048,Float64,7227,0.79575,491,false,0.071698,false,0.003235,0.0,12343.0,173.66954177897574,586.0400142861696,1.0,6.0,51.0,185.0,1701.0800000000036,true,,352eb64fba0b2d231dc5b31c35da6236fb66d44662a3dbb854e4fbef0bca1335,F3045
F3049,Float64,7858,0.865228,575,false,0.00817,false,0.0,1.0,21819.0,342.63807189542484,794.5549123338988,4.23,68.0,165.0,355.0,2447.3199999999997,true,,7677ec2b6b21172ef3c1a755aa4fd57ac36f15e1413c261ea7bafe32b847966d,
F3050,Float64,8227,0.905858,499,false,0.008187,false,0.0,1.0,21819.0,398.22573099415206,920.6563139742882,5.0,86.0,182.0,414.5,2527.180000000003,true,,d5f2acc5785f7f460e0a7183f655e2971ebe24e24dbfa3f7cfea1f6a7579f97b,
F3051,Float64,8133,0.895508,507,false,0.009484,false,0.0,1.0,21819.0,374.2307692307692,887.3259222926703,6.0,70.0,170.0,386.0,2540.799999999999,true,,f368987da6df4e5180dd76f8b41352f55fcbd24c6b8be8c044751362a0f31c6a,
F3052,Float64,7858,0.865228,575,false,0.00817,false,0.0,1.0,21819.0,342.63807189542484,794.5549123338988,4.23,68.0,165.0,355.0,2447.3199999999997,true,,7677ec2b6b21172ef3c1a755aa4fd57ac36f15e1413c261ea7bafe32b847966d,F3049
F3053,Float64,8227,0.905858,499,false,0.008187,false,0.0,1.0,21819.0,398.22573099415206,920.6563139742882,5.0,86.0,182.0,414.5,2527.180000000003,true,,d5f2acc5785f7f460e0a7183f655e2971ebe24e24dbfa3f7cfea1f6a7579f97b,F3050
F3054,Float64,8133,0.895508,507,false,0.009484,false,0.0,1.0,21819.0,374.2307692307692,887.3259222926703,6.0,70.0,170.0,386.0,2540.799999999999,true,,f368987da6df4e5180dd76f8b41352f55fcbd24c6b8be8c044751362a0f31c6a,F3051
F3055,Float64,51,0.005616,1058,false,0.026575,false,0.015281,0.0,23033.0,238.28767578341268,714.1031692651919,0.0,26.0,106.0,227.0,2496.0000000000073,true,,6d4b7c016c7c49f4972f693fa79a7c00f24fd7b8f94dbea62d60915f836b8197,
F3056,Float64,243,0.026756,1058,false,0.024324,false,0.009843,0.0,23033.0,243.3189274804842,720.9874068336404,1.0,30.0,110.0,230.0,2506.620000000001,true,,3f9a99b4609eb16e0598591a758e3c51f7e4337ade5e886dc6e4964162096cf8,
F3057,Float64,328,0.036115,1058,false,0.022618,false,0.005826,0.0,23033.0,245.77438885081105,724.0523305719477,1.0,32.0,111.0,232.0,2512.169999999993,true,,d4da13d600fb9cfa5e10d5c2ea7011edd0012a152e735155600d5392fd718b68,
F3058,Float64,51,0.005616,1058,false,0.026575,false,0.015281,0.0,23033.0,238.28767578341268,714.1031692651919,0.0,26.0,106.0,227.0,2496.0000000000073,true,,6d4b7c016c7c49f4972f693fa79a7c00f24fd7b8f94dbea62d60915f836b8197,F3055
F3059,Float64,243,0.026756,1058,false,0.024324,false,0.009843,0.0,23033.0,243.3189274804842,720.9874068336404,1.0,30.0,110.0,230.0,2506.620000000001,true,,3f9a99b4609eb16e0598591a758e3c51f7e4337ade5e886dc6e4964162096cf8,F3056
F3060,Float64,328,0.036115,1058,false,0.022618,false,0.005826,0.0,23033.0,245.77438885081105,724.0523305719477,1.0,32.0,111.0,232.0,2512.169999999993,true,,d4da13d600fb9cfa5e10d5c2ea7011edd0012a152e735155600d5392fd718b68,F3057
F3061,Float64,353,0.038868,1058,false,0.020163,false,0.010883,0.0,23033.0,246.3507847405201,724.9881362298897,0.0,33.0,111.0,232.0,2514.919999999993,true,,65eba7e702a28ea711ba952b33c30f71729d1293bce22862757a849da7ed7263,
F3062,Float64,822,0.090509,1056,false,0.013923,false,0.009927,0.0,23033.0,259.50992736077484,742.8906901451606,1.0,43.0,122.0,243.0,2568.41,true,,d2f1e55f8c8bd445a1c83edd0b358af44794e9e3201a1cd5a8a12a89fc148cb9,
F3063,Float64,655,0.072121,1056,false,0.015664,false,0.001543,0.0,23033.0,253.41450100866263,729.451228467799,1.0,39.0,118.0,239.0,2522.4399999999987,true,,84c07850ff1881c4533fc809f5d33687d20ee33191f90795e66c50f01f0fab42,
F3064,Float64,353,0.038868,1058,false,0.020163,false,0.010883,0.0,23033.0,246.3507847405201,724.9881362298897,0.0,33.0,111.0,232.0,2514.919999999993,true,,65eba7e702a28ea711ba952b33c30f71729d1293bce22862757a849da7ed7263,F3061
F3065,Float64,822,0.090509,1056,false,0.013923,false,0.009927,0.0,23033.0,259.50992736077484,742.8906901451606,1.0,43.0,122.0,243.0,2568.41,true,,d2f1e55f8c8bd445a1c83edd0b358af44794e9e3201a1cd5a8a12a89fc148cb9,F3062
F3066,Float64,655,0.072121,1056,false,0.015664,false,0.001543,0.0,23033.0,253.41450100866263,729.451228467799,1.0,39.0,118.0,239.0,2522.4399999999987,true,,84c07850ff1881c4533fc809f5d33687d20ee33191f90795e66c50f01f0fab42,F3063
F3067,Float64,353,0.038868,1058,false,0.020163,false,0.010883,0.0,23033.0,246.3507847405201,724.9881362298897,0.0,33.0,111.0,232.0,2514.919999999993,true,,65eba7e702a28ea711ba952b33c30f71729d1293bce22862757a849da7ed7263,F3061
F3068,Float64,822,0.090509,1056,false,0.013923,false,0.009927,0.0,23033.0,259.50992736077484,742.8906901451606,1.0,43.0,122.0,243.0,2568.41,true,,d2f1e55f8c8bd445a1c83edd0b358af44794e9e3201a1cd5a8a12a89fc148cb9,F3062
F3069,Float64,655,0.072121,1056,false,0.015664,false,0.001543,0.0,23033.0,253.41450100866263,729.451228467799,1.0,39.0,118.0,239.0,2522.4399999999987,true,,84c07850ff1881c4533fc809f5d33687d20ee33191f90795e66c50f01f0fab42,F3063
F3070,Float64,353,0.038868,1058,false,0.020163,false,0.010883,0.0,23033.0,246.3507847405201,724.9881362298897,0.0,33.0,111.0,232.0,2514.919999999993,true,,65eba7e702a28ea711ba952b33c30f71729d1293bce22862757a849da7ed7263,F3061
F3071,Float64,822,0.090509,1056,false,0.013923,false,0.009927,0.0,23033.0,259.50992736077484,742.8906901451606,1.0,43.0,122.0,243.0,2568.41,true,,d2f1e55f8c8bd445a1c83edd0b358af44794e9e3201a1cd5a8a12a89fc148cb9,F3062
F3072,Float64,655,0.072121,1056,false,0.015664,false,0.001543,0.0,23033.0,253.41450100866263,729.451228467799,1.0,39.0,118.0,239.0,2522.4399999999987,true,,84c07850ff1881c4533fc809f5d33687d20ee33191f90795e66c50f01f0fab42,F3063
F3073,Float64,7282,0.801806,527,false,0.007778,false,0.0,2.0,3452.0,205.75055555555556,222.55850541604715,6.990000000000002,78.0,157.0,258.0,1069.1399999999999,true,,81294b063001c08eda941f06d7fd0d6303d31e3829f8b79299dea2e6df663e76,
F3074,Float64,9082,1.0,0,true,1.0,true,,,,,,,,,,,,,a85e5e34b55857d604486871e07d90d2182c96ec5983828468fb8dc535a6c290,F128
F3075,Float64,7282,0.801806,527,false,0.007778,false,0.0,2.0,3452.0,205.75055555555556,222.55850541604715,6.990000000000002,78.0,157.0,258.0,1069.1399999999999,true,,81294b063001c08eda941f06d7fd0d6303d31e3829f8b79299dea2e6df663e76,F3073
F3076,Float64,7282,0.801806,527,false,0.007778,false,0.0,2.0,3452.0,205.75055555555556,222.55850541604715,6.990000000000002,78.0,157.0,258.0,1069.1399999999999,true,,81294b063001c08eda941f06d7fd0d6303d31e3829f8b79299dea2e6df663e76,F3073
F3077,Float64,9082,1.0,0,true,1.0,true,,,,,,,,,,,,,a85e5e34b55857d604486871e07d90d2182c96ec5983828468fb8dc535a6c290,F128
F3078,Float64,7282,0.801806,527,false,0.007778,false,0.0,2.0,3452.0,205.75055555555556,222.55850541604715,6.990000000000002,78.0,157.0,258.0,1069.1399999999999,true,,81294b063001c08eda941f06d7fd0d6303d31e3829f8b79299dea2e6df663e76,F3073
F3079,Float64,7025,0.773508,679,false,0.023335,false,0.0,1.0,21819.0,321.1098687408848,931.3854399281183,2.0,42.0,138.0,301.0,2535.6000000000035,true,,4d89d00892605d2921e01c0f8269a9ec5fdf98f05787236ce1d1a66eaba5c9bb,
F3080,Float64,9049,0.996366,32,false,0.060606,true,0.0,8.0,2499.0,612.8787878787879,652.9871574019385,15.36,178.0,429.0,687.0,2490.04,true,,3e27d023dad24435032b9b374cc9f4ec0ec4a40b4ce38b9b62a8a6b9e07e4043,
F3081,Float64,7032,0.774279,675,false,0.023415,false,0.0,1.0,21819.0,318.61560975609757,930.1205070365852,2.0,42.0,138.0,298.75,2540.1499999999996,true,,eb86b2d79e7216381c649a7d4d419aca485ce077e0ccc2c6f8c56fdd6de6d726,
F3082,Float64,7025,0.773508,679,false,0.023335,false,0.0,1.0,21819.0,321.1098687408848,931.3854399281183,2.0,42.0,138.0,301.0,2535.6000000000035,true,,4d89d00892605d2921e01c0f8269a9ec5fdf98f05787236ce1d1a66eaba5c9bb,F3079
F3083,Float64,9049,0.996366,32,false,0.060606,true,0.0,8.0,2499.0,612.8787878787879,652.9871574019385,15.36,178.0,429.0,687.0,2490.04,true,,3e27d023dad24435032b9b374cc9f4ec0ec4a40b4ce38b9b62a8a6b9e07e4043,F3080
F3084,Float64,7032,0.774279,675,false,0.023415,false,0.0,1.0,21819.0,318.61560975609757,930.1205070365852,2.0,42.0,138.0,298.75,2540.1499999999996,true,,eb86b2d79e7216381c649a7d4d419aca485ce077e0ccc2c6f8c56fdd6de6d726,F3081
F3085,Float64,7268,0.800264,608,false,0.028666,false,0.0,2.0,21819.0,280.5237045203969,738.0562639640519,2.0,35.0,138.0,285.0,2400.0,true,,92af6fd327efd6a9774f56115d0767a5711b99b69d53ab5d9341d76846629e2e,
F3086,Float64,9016,0.992733,65,false,0.030303,true,0.0,7.0,5709.0,827.5,924.2873462754147,10.25,224.0,528.5,1071.0,3788.8999999999833,true,,ee542855715adc09f446a07426894a36be581f5fc7c3d2532f7f5f7d083788ee,
F3087,Float64,7315,0.805439,585,false,0.029428,false,0.0,2.0,21819.0,264.4352009054895,722.7738408990771,2.0,33.0,133.0,273.0,2232.3599999999997,true,,ced075beb68dfab76d16f946330bcbd07ef7cf972c885f40afc5e9bbd162bb87,
F3088,Float64,7268,0.800264,608,false,0.028666,false,0.0,2.0,21819.0,280.5237045203969,738.0562639640519,2.0,35.0,138.0,285.0,2400.0,true,,92af6fd327efd6a9774f56115d0767a5711b99b69d53ab5d9341d76846629e2e,F3085
F3089,Float64,9016,0.992733,65,false,0.030303,true,0.0,7.0,5709.0,827.5,924.2873462754147,10.25,224.0,528.5,1071.0,3788.8999999999833,true,,ee542855715adc09f446a07426894a36be581f5fc7c3d2532f7f5f7d083788ee,F3086
F3090,Float64,7315,0.805439,585,false,0.029428,false,0.0,2.0,21819.0,264.4352009054895,722.7738408990771,2.0,33.0,133.0,273.0,2232.3599999999997,true,,ced075beb68dfab76d16f946330bcbd07ef7cf972c885f40afc5e9bbd162bb87,F3087
F3091,Float64,5655,0.62266,757,false,0.00642,false,0.0,2.0,21819.0,285.37963233148525,703.45026324686,6.0,76.5,154.0,272.0,2532.8999999999924,true,,c2314307e7925d315feb2f0c023a50ba81b79b56661ced51fd4c6936cbdfb5be,
F3092,Float64,8960,0.986567,113,false,0.02459,false,0.0,8.0,8742.0,906.3524590163935,1514.1007444345412,12.26,177.0,374.5,788.25,8471.969999999996,true,,f9b6be18e10b04530c9ac21a56b4f0021b2e5ac8ba2a97d7e5ad1c50de9c283b,
F3093,Float64,5713,0.629046,729,false,0.006233,false,0.0,2.0,21819.0,266.89700207776787,641.327468855972,6.0,76.0,152.0,267.0,2409.920000000005,true,,1a7b4949019ade92ca24f75a34b2619d6f863743d8a1821e9989d731e64cf69a,
F3094,Float64,5655,0.62266,757,false,0.00642,false,0.0,2.0,21819.0,285.37963233148525,703.45026324686,6.0,76.5,154.0,272.0,2532.8999999999924,true,,c2314307e7925d315feb2f0c023a50ba81b79b56661ced51fd4c6936cbdfb5be,F3091
F3095,Float64,8960,0.986567,113,false,0.02459,false,0.0,8.0,8742.0,906.3524590163935,1514.1007444345412,12.26,177.0,374.5,788.25,8471.969999999996,true,,f9b6be18e10b04530c9ac21a56b4f0021b2e5ac8ba2a97d7e5ad1c50de9c283b,F3092
F3096,Float64,5713,0.629046,729,false,0.006233,false,0.0,2.0,21819.0,266.89700207776787,641.327468855972,6.0,76.0,152.0,267.0,2409.920000000005,true,,1a7b4949019ade92ca24f75a34b2619d6f863743d8a1821e9989d731e64cf69a,F3093
F3097,Float64,2166,0.238494,1050,false,0.013013,false,0.001012,0.0,23033.0,291.05002891845,806.5667748033007,3.0,53.0,138.0,266.0,2764.350000000004,true,,295c63f6dfc04c9a140f0033f8e7770c868e3f887ee1798e47656f0039410b0c,
F3098,Float64,2747,0.302466,1030,false,0.006946,false,0.000474,0.0,23033.0,301.97900552486186,783.9216145405867,3.0,65.0,148.0,277.0,2762.2599999999984,true,,34c92766a8bf3a350bde35e0792729e0da1fce36deb71e22d75be21e80d3cf9a,
F3099,Float64,5537,0.609667,1001,false,0.016643,false,0.001128,0.0,23033.0,406.4166431593794,1046.3359782115274,2.0,44.0,147.0,356.0,3988.1199999999985,true,,6d693a5d9bf421178f8b61658903daf3524dc7e8c28ba4d4ba0584cf700fbaa8,
F3100,Float64,2166,0.238494,1050,false,0.013013,false,0.001012,0.0,23033.0,291.05002891845,806.5667748033007,3.0,53.0,138.0,266.0,2764.350000000004,true,,295c63f6dfc04c9a140f0033f8e7770c868e3f887ee1798e47656f0039410b0c,F3097
F3101,Float64,2747,0.302466,1030,false,0.006946,false,0.000474,0.0,23033.0,301.97900552486186,783.9216145405867,3.0,65.0,148.0,277.0,2762.2599999999984,true,,34c92766a8bf3a350bde35e0792729e0da1fce36deb71e22d75be21e80d3cf9a,F3098
F3102,Float64,5537,0.609667,1001,false,0.016643,false,0.001128,0.0,23033.0,406.4166431593794,1046.3359782115274,2.0,44.0,147.0,356.0,3988.1199999999985,true,,6d693a5d9bf421178f8b61658903daf3524dc7e8c28ba4d4ba0584cf700fbaa8,F3099
F3103,Float64,2208,0.243118,997,false,0.005674,false,0.0,1.0,21819.0,272.7179226069246,659.9157287049119,4.0,63.0,141.0,256.0,2575.159999999996,true,,063c058329e08daa24b9fc1c9c5be1fc244ef4a2d726679c3e7886bbd110cf17,
F3104,Float64,2562,0.282096,991,false,0.005215,false,0.0,1.0,21819.0,282.8153374233129,671.8931765886289,4.0,70.0,147.0,265.0,2606.719999999994,true,,ee4902102911e9bbe4043c616d0d22680ab95fa2aaeb717662868ec65bf06eb9,
F3105,Float64,3241,0.35686,763,false,0.006335,false,0.0,1.0,8742.0,217.51070022256462,430.6684045875917,8.0,65.0,136.0,237.0,2142.4000000000015,true,,e327e87b1e12b32cf4c6c2b6b196c14ff16c0433ad8beafa5f8bdce52d5b2515,
F3106,Float64,2208,0.243118,997,false,0.005674,false,0.0,1.0,21819.0,272.7179226069246,659.9157287049119,4.0,63.0,141.0,256.0,2575.159999999996,true,,063c058329e08daa24b9fc1c9c5be1fc244ef4a2d726679c3e7886bbd110cf17,F3103
F3107,Float64,2562,0.282096,991,false,0.005215,false,0.0,1.0,21819.0,282.8153374233129,671.8931765886289,4.0,70.0,147.0,265.0,2606.719999999994,true,,ee4902102911e9bbe4043c616d0d22680ab95fa2aaeb717662868ec65bf06eb9,F3104
F3108,Float64,3241,0.35686,763,false,0.006335,false,0.0,1.0,8742.0,217.51070022256462,430.6684045875917,8.0,65.0,136.0,237.0,2142.4000000000015,true,,e327e87b1e12b32cf4c6c2b6b196c14ff16c0433ad8beafa5f8bdce52d5b2515,F3105
F3109,Float64,3442,0.378991,981,false,0.014539,false,0.000177,0.0,23033.0,300.8755319148936,864.4080726531766,3.0,51.0,137.0,273.0,2827.6099999999997,true,,4050d467fcf585b5bfbfc422412b0681ea8968ab7ed0c307f71fbe84be0fc27f,
F3110,Float64,3839,0.422704,966,false,0.00782,false,0.000191,0.0,23033.0,306.9021552546252,800.3466465747891,3.0,63.0,147.0,282.0,2827.58,true,,80e9c1b678ae9f410e627dd7436b9e554dab190d7e0c511aa31db42c639f981e,
F3111,Float64,7554,0.831755,571,false,0.033377,false,0.0,1.0,23033.0,329.82460732984293,1136.4215078847112,2.0,20.0,110.0,280.25,3222.2000000000116,true,,410ab0e824acec5d17794e5ee460bc5ef41f419555052f755db8ddf1fdd97a61,
F3112,Float64,3442,0.378991,981,false,0.014539,false,0.000177,0.0,23033.0,300.8755319148936,864.4080726531766,3.0,51.0,137.0,273.0,2827.6099999999997,true,,4050d467fcf585b5bfbfc422412b0681ea8968ab7ed0c307f71fbe84be0fc27f,F3109
F3113,Float64,3839,0.422704,966,false,0.00782,false,0.000191,0.0,23033.0,306.9021552546252,800.3466465747891,3.0,63.0,147.0,282.0,2827.58,true,,80e9c1b678ae9f410e627dd7436b9e554dab190d7e0c511aa31db42c639f981e,F3110
F3114,Float64,7554,0.831755,571,false,0.033377,false,0.0,1.0,23033.0,329.82460732984293,1136.4215078847112,2.0,20.0,110.0,280.25,3222.2000000000116,true,,410ab0e824acec5d17794e5ee460bc5ef41f419555052f755db8ddf1fdd97a61,F3111
F3115,Float64,7365,0.810945,745,false,0.011066,false,0.001165,0.0,23033.0,497.40535818287714,1209.3058564957278,3.0,55.0,169.0,417.0,5404.279999999958,true,,68f8ee673e237892da740d8543546e26df06d9b7eb411a604b5298e7963d0e82,
F3116,Float64,8203,0.903215,529,false,0.012514,false,0.0,1.0,23033.0,602.5244596131968,1490.840216033571,4.0,63.5,183.0,473.5,6479.88,true,,f677bfa98e1893e7edffdbb0dc971eadcee9eec1f1c20427c82594e356823d89,
F3117,Float64,7784,0.85708,622,false,0.012327,false,0.001541,0.0,10150.0,444.34591679506934,868.7455205162623,3.0,51.0,161.0,411.75,3455.7199999999966,true,,b347da8ef9ac42fa6813ae3a50191bf99aec7b21c3c9678c03f8b346e6c87a9d,
F3118,Float64,7365,0.810945,745,false,0.011066,false,0.001165,0.0,23033.0,497.40535818287714,1209.3058564957278,3.0,55.0,169.0,417.0,5404.279999999958,true,,68f8ee673e237892da740d8543546e26df06d9b7eb411a604b5298e7963d0e82,F3115
F3119,Float64,8203,0.903215,529,false,0.012514,false,0.0,1.0,23033.0,602.5244596131968,1490.840216033571,4.0,63.5,183.0,473.5,6479.88,true,,f677bfa98e1893e7edffdbb0dc971eadcee9eec1f1c20427c82594e356823d89,F3116
F3120,Float64,7784,0.85708,622,false,0.012327,false,0.001541,0.0,10150.0,444.34591679506934,868.7455205162623,3.0,51.0,161.0,411.75,3455.7199999999966,true,,b347da8ef9ac42fa6813ae3a50191bf99aec7b21c3c9678c03f8b346e6c87a9d,F3117
F3121,Float64,8618,0.94891,296,false,0.008621,false,0.0,4.0,3515.0,220.75862068965517,271.5594689645426,7.63,75.75,169.5,277.0,1097.9100000000003,true,,4680c83d1efca155dc5ad8fe7fa9e2be90067a7ff037fd963fbdca0f9f6e4171,
F3122,Float64,9075,0.999229,7,false,0.142857,true,0.0,42.0,437.0,229.71428571428572,129.23921815843704,44.76,135.0,247.0,306.0,431.96,true,437.0:1; 353.0:1; 182.0:1; 259.0:1; 247.0:1,eb34bbd02d969b9139d49b2cd4c333516e062073e6dafc65bf2912930e982c3d,
F3123,Float64,8618,0.94891,296,false,0.008621,false,0.0,4.0,3515.0,220.75862068965517,271.5594689645426,7.63,75.75,169.5,277.0,1097.9100000000003,true,,4680c83d1efca155dc5ad8fe7fa9e2be90067a7ff037fd963fbdca0f9f6e4171,F3121
F3124,Float64,8618,0.94891,296,false,0.008621,false,0.0,4.0,3515.0,220.75862068965517,271.5594689645426,7.63,75.75,169.5,277.0,1097.9100000000003,true,,4680c83d1efca155dc5ad8fe7fa9e2be90067a7ff037fd963fbdca0f9f6e4171,F3121
F3125,Float64,9075,0.999229,7,false,0.142857,true,0.0,42.0,437.0,229.71428571428572,129.23921815843704,44.76,135.0,247.0,306.0,431.96,true,259.0:1; 353.0:1; 437.0:1; 182.0:1; 42.0:1,eb34bbd02d969b9139d49b2cd4c333516e062073e6dafc65bf2912930e982c3d,F3122
F3126,Float64,8618,0.94891,296,false,0.008621,false,0.0,4.0,3515.0,220.75862068965517,271.5594689645426,7.63,75.75,169.5,277.0,1097.9100000000003,true,,4680c83d1efca155dc5ad8fe7fa9e2be90067a7ff037fd963fbdca0f9f6e4171,F3121
F3127,Float64,9080,0.99978,2,false,0.5,true,0.0,21710.0,23033.0,22371.5,661.5,21723.23,22040.75,22371.5,22702.25,23019.77,true,23033.0:1; 21710.0:1,9ac54ee2c9bf48eaca1795a660a46092b634f23a9b8423311c19c5749f043bda,
F3128,Float64,9080,0.99978,2,false,0.5,true,0.0,21710.0,23033.0,22371.5,661.5,21723.23,22040.75,22371.5,22702.25,23019.77,true,23033.0:1; 21710.0:1,9ac54ee2c9bf48eaca1795a660a46092b634f23a9b8423311c19c5749f043bda,F3127
F3129,Float64,9080,0.99978,2,false,0.5,true,0.0,21710.0,23033.0,22371.5,661.5,21723.23,22040.75,22371.5,22702.25,23019.77,true,23033.0:1; 21710.0:1,9ac54ee2c9bf48eaca1795a660a46092b634f23a9b8423311c19c5749f043bda,F3127
F3130,Float64,9080,0.99978,2,false,0.5,true,0.0,21710.0,23033.0,22371.5,661.5,21723.23,22040.75,22371.5,22702.25,23019.77,true,23033.0:1; 21710.0:1,9ac54ee2c9bf48eaca1795a660a46092b634f23a9b8423311c19c5749f043bda,F3127
F3131,Float64,8770,0.965646,182,false,0.028846,false,0.0,1.0,1766.0,114.2275641025641,150.16474759312663,2.0,19.75,68.0,170.0,531.2899999999992,true,,cdeb96b53710645c0c3dbd7f6c80994d0063f2d72c32c132f86ae0e9dfdf1555,
F3132,Float64,8770,0.965646,182,false,0.028846,false,0.0,1.0,1766.0,114.2275641025641,150.16474759312663,2.0,19.75,68.0,170.0,531.2899999999992,true,,cdeb96b53710645c0c3dbd7f6c80994d0063f2d72c32c132f86ae0e9dfdf1555,F3131
F3133,Float64,9082,1.0,0,true,1.0,true,,,,,,,,,,,,,a85e5e34b55857d604486871e07d90d2182c96ec5983828468fb8dc535a6c290,F128
F3134,Float64,8770,0.965646,182,false,0.028846,false,0.0,1.0,1766.0,114.2275641025641,150.16474759312663,2.0,19.75,68.0,170.0,531.2899999999992,true,,cdeb96b53710645c0c3dbd7f6c80994d0063f2d72c32c132f86ae0e9dfdf1555,F3131
F3135,Float64,8770,0.965646,182,false,0.028846,false,0.0,1.0,1766.0,114.2275641025641,150.16474759312663,2.0,19.75,68.0,170.0,531.2899999999992,true,,cdeb96b53710645c0c3dbd7f6c80994d0063f2d72c32c132f86ae0e9dfdf1555,F3131
F3136,Float64,7090,0.780665,698,false,0.018574,false,0.018072,0.0,23033.0,362.5451807228916,1042.9093828758225,0.0,48.0,163.0,332.0,2984.389999999994,true,,9a5f82ac0681fdb9a570bb7dd96426aef0c4604d1e4b604336565a63d6b3023a,
F3137,Float64,8617,0.9488,331,false,0.036559,false,0.0,1.0,23033.0,624.4193548387096,1715.8377666160109,1.0,72.0,234.0,447.0,6427.160000000001,true,,8b7fa735766a0fa6645fc25cbf8881a65e642889c272d9aca6e71bc02cc9043e,
F3138,Float64,7392,0.813918,629,false,0.021302,false,0.021302,0.0,23033.0,343.22721893491126,1048.1162315135132,0.0,46.0,156.5,323.0,2722.789999999991,true,,b18e884979a1deb6925a6cf43a05a26ea87786ede9368f1bf099126c427035c9,
F3139,Float64,7090,0.780665,698,false,0.018574,false,0.018072,0.0,23033.0,362.5451807228916,1042.9093828758225,0.0,48.0,163.0,332.0,2984.389999999994,true,,9a5f82ac0681fdb9a570bb7dd96426aef0c4604d1e4b604336565a63d6b3023a,F3136
F3140,Float64,8617,0.9488,331,false,0.036559,false,0.0,1.0,23033.0,624.4193548387096,1715.8377666160109,1.0,72.0,234.0,447.0,6427.160000000001,true,,8b7fa735766a0fa6645fc25cbf8881a65e642889c272d9aca6e71bc02cc9043e,F3137
F3141,Float64,7392,0.813918,629,false,0.021302,false,0.021302,0.0,23033.0,343.22721893491126,1048.1162315135132,0.0,46.0,156.5,323.0,2722.789999999991,true,,b18e884979a1deb6925a6cf43a05a26ea87786ede9368f1bf099126c427035c9,F3138
F3142,Float64,6690,0.736622,594,false,0.008779,false,0.0,1.0,21819.0,247.79096989966555,764.7300520185298,5.0,57.0,132.0,245.25,2176.6200000000026,true,,404dc085fbc81ba4bff8bbc1d1644f9caf70210c508b9f427a61a21158766160,
F3143,Float64,8350,0.919401,317,false,0.015027,false,0.0,1.0,21819.0,251.4398907103825,1123.7355227434068,4.0,31.0,80.0,188.5,2392.2499999999927,true,,03f144e2c4c1c99c5720669ba92f6855ccdd239af66d842dbe68edb77fde70d8,
F3144,Float64,7160,0.788373,555,false,0.007804,false,0.0,1.0,21819.0,266.1103017689906,835.5115105080721,7.0,69.0,146.5,257.75,2189.2199999999993,true,,f4e751ed857951b2388b89351cd07cb8e69c0df0d1a534b1991e5acb2d510e47,
F3145,Float64,6690,0.736622,594,false,0.008779,false,0.0,1.0,21819.0,247.79096989966555,764.7300520185298,5.0,57.0,132.0,245.25,2176.6200000000026,true,,404dc085fbc81ba4bff8bbc1d1644f9caf70210c508b9f427a61a21158766160,F3142
F3146,Float64,8350,0.919401,317,false,0.015027,false,0.0,1.0,21819.0,251.4398907103825,1123.7355227434068,4.0,31.0,80.0,188.5,2392.2499999999927,true,,03f144e2c4c1c99c5720669ba92f6855ccdd239af66d842dbe68edb77fde70d8,F3143
F3147,Float64,7160,0.788373,555,false,0.007804,false,0.0,1.0,21819.0,266.1103017689906,835.5115105080721,7.0,69.0,146.5,257.75,2189.2199999999993,true,,f4e751ed857951b2388b89351cd07cb8e69c0df0d1a534b1991e5acb2d510e47,F3144
F3148,Float64,8,0.000881,3,false,0.998678,true,0.0,-1.0,-0.98,-0.9999812651531849,0.0005451627783797512,-1.0,-1.0,-1.0,-1.0,-1.0,false,-1.0:9062; -0.99:7; -0.98:5,21d6a01857371566163dbaba22b8cf62ab44bf5bffe37bc13f4f78db965fb341,
F3149,Float64,8,0.000881,3,false,0.998347,true,0.0,-1.0,-0.98,-0.9999768569539342,0.0006026116805985492,-1.0,-1.0,-1.0,-1.0,-1.0,false,-1.0:9059; -0.99:9; -0.98:6,d1de25ebbf23c4c2a77d325eb64478d87b81a15dc9f39751998200e80d99d2c1,
F3150,Float64,8,0.000881,2,false,0.998898,true,0.0,-1.0,-0.99,-0.9999889795018735,0.00033178838118022884,-1.0,-1.0,-1.0,-1.0,-1.0,false,-1.0:9064; -0.99:10,befee3b66a02f8458986b5878803b203fac9373e18944ea90635b2962f349be8,
F3151,Float64,8,0.000881,4,false,0.998127,true,0.0,-1.0,-0.97,-0.9999713467048711,0.0007114224500941472,-1.0,-1.0,-1.0,-1.0,-1.0,false,-1.0:9057; -0.99:9; -0.98:7; -0.97:1,23d13b17beaed5e51807fe0beb2ffb47da7fde136b92a692ad9e4ec12a912813,
F3152,Float64,8,0.000881,5,false,0.997906,true,0.0,-1.0,-0.95,-0.9999647344059952,0.000890074268243156,-1.0,-1.0,-1.0,-1.0,-1.0,false,-1.0:9055; -0.99:10; -0.98:7; -0.97:1; -0.95:1,9ec0dcf21f484baafec0660e9c21798d4f59d848b1f052c519c4d19cca992ee7,
F3153,Float64,8,0.000881,5,false,0.998237,true,0.0,-1.0,-0.93,-0.9999702446550583,0.0010009894849399275,-1.0,-1.0,-1.0,-1.0,-1.0,false,-1.0:9058; -0.99:13; -0.98:1; -0.93:1; -0.95:1,51bc7cfac61e5d8a6d223716840c08d78229eace1e74c14e0ca9dfeaade101ae,
F3154,Float64,8,0.000881,5,false,0.996914,true,0.0,-1.0,-0.96,-0.9999548159576813,0.0009553322703753464,-1.0,-1.0,-1.0,-1.0,-1.0,false,-1.0:9046; -0.99:21; -0.98:3; -0.97:2; -0.96:2,01e292c1a674243b491dc700ec72a6ef54d924c0ab9e09db09bf2e4ac22fab74,
F3155,Float64,8,0.000881,6,false,0.997355,true,0.0,-1.0,-0.94,-0.999955918007494,0.0010488596620083306,-1.0,-1.0,-1.0,-1.0,-1.0,false,-1.0:9050; -0.99:15; -0.98:6; -0.96:1; -0.97:1,7b7af0660349e4093a0fa94f0ed4cfef35f80a799a6a818c45b48ba9c45ccb88,
F3156,Float64,8,0.000881,6,false,0.996694,true,0.0,-1.0,-0.94,-0.9999471016089928,0.0011196153565629537,-1.0,-1.0,-1.0,-1.0,-1.0,false,-1.0:9044; -0.99:20; -0.98:6; -0.97:2; -0.94:1,624b521477afa9b713f230e5b88f997aba92efb1f1edef82dd7677db33c7f0bd,
F3157,Float64,8,0.000881,8,false,0.997906,true,0.0,-1.0,-0.18,-0.9998589376239807,0.008750575031696671,-1.0,-1.0,-1.0,-1.0,-1.0,false,-1.0:9055; -0.99:9; -0.98:3; -0.97:2; -0.95:2,4d86e566bccbbd0f6bf56d7462dd0f504765e07f763817b715756d99cdb2fd53,
F3158,Float64,8,0.000881,7,false,0.998237,true,0.0,-1.0,-0.15,-0.9998699581221071,0.009021113471874537,-1.0,-1.0,-1.0,-1.0,-1.0,false,-1.0:9058; -0.99:11; -0.96:1; -0.9:1; -0.97:1,13c720d72e95d5e49f7fabc8d5e59eae3003d218210d7383cde0571c7766cb75,
F3159,Float64,8,0.000881,8,false,0.998016,true,0.0,-1.0,-0.21,-0.9998457130262288,0.008569646202794818,-1.0,-1.0,-1.0,-1.0,-1.0,false,-1.0:9056; -0.99:7; -0.98:3; -0.96:2; -0.95:2,a3c2b96c8df648216264e49d501277ea141c5f0ccefd89288ccd7dffdbd4afca,
F3160,Float64,8,0.000881,2,false,0.999339,true,0.0,-1.0,-0.99,-0.9999933877011239,0.00025705887703533537,-1.0,-1.0,-1.0,-1.0,-1.0,false,-1.0:9068; -0.99:6,26a5a66f52b2b55e4d7172522caf0584406c5dbacdf9dae751408926034975a9,
F3161,Float64,8,0.000881,3,false,0.999229,true,0.0,-1.0,-0.98,-0.9999900815516861,0.00037837560707284585,-1.0,-1.0,-1.0,-1.0,-1.0,false,-1.0:9067; -0.99:5; -0.98:2,aeb0d64f530dbb256fd40578d1f7a236a7d88bc553ae6d2d656c5ed45c9c85e6,
F3162,Float64,8,0.000881,2,false,0.999339,true,0.0,-1.0,-0.99,-0.9999933877011239,0.00025705887703533537,-1.0,-1.0,-1.0,-1.0,-1.0,false,-1.0:9068; -0.99:6,d077e12afb3efb094e12f40e982f04f9c1e05b7bd2c765abcd06491a4b584c75,
F3163,Float64,8,0.000881,3,false,0.998788,true,0.0,-1.0,-0.98,-0.9999856733524354,0.000432600526259879,-1.0,-1.0,-1.0,-1.0,-1.0,false,-1.0:9063; -0.99:9; -0.98:2,771545c50a277132f225fa280c4541ca90873962a2c65077bb5c86f98d03b014,
F3164,Float64,8,0.000881,3,false,0.998898,true,0.0,-1.0,-0.98,-0.9999867754022481,0.0004197059447262428,-1.0,-1.0,-1.0,-1.0,-1.0,false,-1.0:9064; -0.99:8; -0.98:2,c9a499883c20f29547a193cdf2553a637142033f49d53e00205916dc29f734ae,
F3165,Float64,8,0.000881,3,false,0.998678,true,0.0,-1.0,-0.98,-0.999984571302623,0.0004451189970946211,-1.0,-1.0,-1.0,-1.0,-1.0,false,-1.0:9062; -0.99:10; -0.98:2,64f1efbb38e69b0bbe5b394c93001219e9c55671f9c81c67f292a7580af41446,
F3166,Float64,8,0.000881,2,false,0.999229,true,0.0,-1.0,-0.99,-0.9999922856513115,0.00027764001100331106,-1.0,-1.0,-1.0,-1.0,-1.0,false,-1.0:9067; -0.99:7,be0910dc0f2d91623fef0b0c0a68a77be9eb016de9079d203597496b9f90319b,
F3167,Float64,8,0.000881,3,false,0.999229,true,0.0,-1.0,-0.98,-0.9999900815516861,0.00037837560707284585,-1.0,-1.0,-1.0,-1.0,-1.0,false,-1.0:9067; -0.99:5; -0.98:2,aeb0d64f530dbb256fd40578d1f7a236a7d88bc553ae6d2d656c5ed45c9c85e6,F3161
F3168,Float64,8,0.000881,2,false,0.999449,true,0.0,-1.0,-0.99,-0.9999944897509366,0.00023467451456823674,-1.0,-1.0,-1.0,-1.0,-1.0,false,-1.0:9069; -0.99:5,e8e8efc940f26459d21c7d2efaacacda76528a6cfacea15489a72e777f796be3,
F3169,Float64,8,0.000881,3,false,0.998788,true,0.0,-1.0,-0.98,-0.9999867754022481,0.000392571119398151,-1.0,-1.0,-1.0,-1.0,-1.0,false,-1.0:9063; -0.99:10; -0.98:1,af758686d0c93c531b28c460d4c3ec129cf16c609580f10f918b574ac5b306d8,
F3170,Float64,8,0.000881,4,false,0.998788,true,0.0,-1.0,-0.97,-0.999984571302623,0.0004921513121800882,-1.0,-1.0,-1.0,-1.0,-1.0,false,-1.0:9063; -0.99:9; -0.98:1; -0.97:1,0e28ec47a6a4d96f0b509c653ceffce25405fe5456279ed52161536a6559b121,
F3171,Float64,8,0.000881,3,false,0.998567,true,0.0,-1.0,-0.98,-0.9999834692528102,0.000457292246600726,-1.0,-1.0,-1.0,-1.0,-1.0,false,-1.0:9061; -0.99:11; -0.98:2,c73beed93fba05eebaa984849d76352e9f2cea7d58e805bde40f8113780431c6,
F3172,Float64,8,0.000881,2,false,0.999229,true,0.0,-1.0,-0.99,-0.9999922856513115,0.00027764001100331106,-1.0,-1.0,-1.0,-1.0,-1.0,false,-1.0:9067; -0.99:7,be0910dc0f2d91623fef0b0c0a68a77be9eb016de9079d203597496b9f90319b,F3166
F3173,Float64,8,0.000881,3,false,0.999229,true,0.0,-1.0,-0.98,-0.9999900815516861,0.00037837560707284585,-1.0,-1.0,-1.0,-1.0,-1.0,false,-1.0:9067; -0.99:5; -0.98:2,aeb0d64f530dbb256fd40578d1f7a236a7d88bc553ae6d2d656c5ed45c9c85e6,F3161
F3174,Float64,8,0.000881,2,false,0.999449,true,0.0,-1.0,-0.99,-0.9999944897509366,0.00023467451456823674,-1.0,-1.0,-1.0,-1.0,-1.0,false,-1.0:9069; -0.99:5,e8e8efc940f26459d21c7d2efaacacda76528a6cfacea15489a72e777f796be3,F3168
F3175,Float64,8,0.000881,3,false,0.998788,true,0.0,-1.0,-0.98,-0.9999867754022481,0.000392571119398151,-1.0,-1.0,-1.0,-1.0,-1.0,false,-1.0:9063; -0.99:10; -0.98:1,af758686d0c93c531b28c460d4c3ec129cf16c609580f10f918b574ac5b306d8,F3169
F3176,Float64,8,0.000881,4,false,0.998788,true,0.0,-1.0,-0.97,-0.999984571302623,0.0004921513121800882,-1.0,-1.0,-1.0,-1.0,-1.0,false,-1.0:9063; -0.99:9; -0.98:1; -0.97:1,0e28ec47a6a4d96f0b509c653ceffce25405fe5456279ed52161536a6559b121,F3170
F3177,Float64,8,0.000881,3,false,0.998567,true,0.0,-1.0,-0.98,-0.9999834692528102,0.000457292246600726,-1.0,-1.0,-1.0,-1.0,-1.0,false,-1.0:9061; -0.99:11; -0.98:2,c73beed93fba05eebaa984849d76352e9f2cea7d58e805bde40f8113780431c6,F3171
F3178,Float64,8,0.000881,2,false,0.999118,true,0.0,-1.0,-0.99,-0.9999911836014987,0.0002967932885521344,-1.0,-1.0,-1.0,-1.0,-1.0,false,-1.0:9066; -0.99:8,442c7ad98dc428c6569487bfb4b8421fa97abd0fa7a8eb05e5ca2d44666fbe5f,
F3179,Float64,9082,1.0,0,true,1.0,true,,,,,,,,,,,,,a85e5e34b55857d604486871e07d90d2182c96ec5983828468fb8dc535a6c290,F128
F3180,Float64,8,0.000881,2,false,0.999118,true,0.0,-1.0,-0.99,-0.9999911836014987,0.0002967932885521344,-1.0,-1.0,-1.0,-1.0,-1.0,false,-1.0:9066; -0.99:8,442c7ad98dc428c6569487bfb4b8421fa97abd0fa7a8eb05e5ca2d44666fbe5f,F3178
F3181,Float64,8,0.000881,2,false,0.999008,true,0.0,-1.0,-0.99,-0.9999900815516861,0.0003147794585446821,-1.0,-1.0,-1.0,-1.0,-1.0,false,-1.0:9065; -0.99:9,290dcabf44f6a9ebf494284f19b75284a879b996c5ab4ef74910d132abe3bc4d,
F3182,Float64,9082,1.0,0,true,1.0,true,,,,,,,,,,,,,a85e5e34b55857d604486871e07d90d2182c96ec5983828468fb8dc535a6c290,F128
F3183,Float64,8,0.000881,2,false,0.999008,true,0.0,-1.0,-0.99,-0.9999900815516861,0.0003147794585446821,-1.0,-1.0,-1.0,-1.0,-1.0,false,-1.0:9065; -0.99:9,290dcabf44f6a9ebf494284f19b75284a879b996c5ab4ef74910d132abe3bc4d,F3181
F3184,Float64,8,0.000881,3,false,0.999229,true,0.0,-1.0,-0.98,-0.9999889795018735,0.0004197696018595068,-1.0,-1.0,-1.0,-1.0,-1.0,false,-1.0:9067; -0.99:4; -0.98:3,8266824b576197f066352ffab47e005dca290ea2fea2df9da7001263fd72988b,
F3185,Float64,1353,0.148976,4,false,0.999482,true,0.0,-1.0,-0.5,-0.9999301332643291,0.005693721042014134,-1.0,-1.0,-1.0,-1.0,-1.0,false,-1.0:7725; -0.99:2; -0.5:1; -0.98:1,6ed39e9f2f4ea6b223bd2c47e4bcd00ccc9c505ba618b07b5410e6fce1ba4458,
F3186,Float64,8,0.000881,3,false,0.999229,true,0.0,-1.0,-0.98,-0.9999889795018735,0.0004197696018595068,-1.0,-1.0,-1.0,-1.0,-1.0,false,-1.0:9067; -0.99:4; -0.98:3,8266824b576197f066352ffab47e005dca290ea2fea2df9da7001263fd72988b,F3184
F3187,Float64,8,0.000881,5,false,0.998347,true,0.0,-1.0,-0.93,-0.9999702446550583,0.0010546017875129239,-1.0,-1.0,-1.0,-1.0,-1.0,false,-1.0:9059; -0.99:12; -0.98:1; -0.94:1; -0.93:1,bbd8db783b197bec75e8f95d1c98d335304dc14b38fb2b3e61507eada24418de,
F3188,Float64,1353,0.148976,3,false,0.999741,true,0.0,-1.0,-0.5,-0.9999081381808772,0.006167905299048758,-1.0,-1.0,-1.0,-1.0,-1.0,false,-1.0:7727; -0.5:1; -0.79:1,f9281c2a4b37fd2eaeffb6a6f88e8b27b0e3962030011f81d148ec2bc47e1e14,
F3189,Float64,8,0.000881,5,false,0.998457,true,0.0,-1.0,-0.93,-0.9999713467048712,0.0010493944927098607,-1.0,-1.0,-1.0,-1.0,-1.0,false,-1.0:9060; -0.99:11; -0.94:1; -0.93:1; -0.98:1,46cf4c2d9bed1ad767bbbf9d9b6bea331c232231b97498829e6a08fb954cf2f2,
F3190,Float64,8,0.000881,3,false,0.999339,true,0.0,-1.0,-0.98,-0.9999922856513115,0.00031484118530292275,-1.0,-1.0,-1.0,-1.0,-1.0,false,-1.0:9068; -0.99:5; -0.98:1,d92e3aa6d1fb7c57cfc31794d327d2aa864ff36efbe46619d7506a6ca7e51d02,
F3191,Float64,11,0.001211,9,false,0.998236,true,0.0,-1.0,-0.76,-0.9999228309998897,0.0031030864983640524,-1.0,-1.0,-1.0,-1.0,-1.0,false,-1.0:9055; -0.99:7; -0.98:3; -0.76:1; -0.96:1,236f69228c0b67f0cec212635eaa00e7d8998e8445d0e2d8dc65b1a21bdc5c73,
F3192,Float64,8,0.000881,2,false,0.999339,true,0.0,-1.0,-0.99,-0.9999933877011239,0.00025705887703533537,-1.0,-1.0,-1.0,-1.0,-1.0,false,-1.0:9068; -0.99:6,9077ddc231011b54fdaf2b40ddf45a4423e0209e6c20ec1f1c04d18ad4d682c8,
F3193,Float64,8,0.000881,6,false,0.998237,true,0.0,-1.0,-0.85,-0.9999482036588054,0.0019883852661035915,-1.0,-1.0,-1.0,-1.0,-1.0,false,-1.0:9058; -0.99:9; -0.98:3; -0.96:2; -0.91:1,63e82e41383fda05dd83d002f8f22ba9099c923a0b5d9be5512eed8708b42325,
F3194,Float64,11,0.001211,7,false,0.998677,true,0.0,-1.0,-0.78,-0.9999261382427517,0.0031820954952677953,-1.0,-1.0,-1.0,-1.0,-1.0,false,-1.0:9059; -0.99:6; -0.94:2; -0.92:1; -0.78:1,41ab39adcb9a8176051225663dfb3b9f9922b29e9be3e31416304adf322977c6,
F3195,Float64,8,0.000881,4,false,0.998567,true,0.0,-1.0,-0.89,-0.9999724487546837,0.0012373722836992718,-1.0,-1.0,-1.0,-1.0,-1.0,false,-1.0:9061; -0.99:10; -0.98:2; -0.89:1,0f5d675413c8926100a7bef1542fa6ab6bbce5aae277a7a1566167ea08f674fb,
F3196,Float64,8,0.000881,4,false,0.998898,true,0.0,-1.0,-0.64,-0.9999493057086182,0.0037963458270162003,-1.0,-1.0,-1.0,-1.0,-1.0,false,-1.0:9064; -0.99:8; -0.64:1; -0.98:1,2be6e6d18f1d8804d70d9bf37766fa5cff7d40bced15c28529f1b137ae6ce2cd,
F3197,Float64,103,0.011341,7,false,0.998664,true,0.0,-1.0,-0.88,-0.9999610201581469,0.001596519946288322,-1.0,-1.0,-1.0,-1.0,-1.0,false,-1.0:8967; -0.99:7; -0.93:1; -0.97:1; -0.98:1,4670dc0c7ea18339c3a9538543680858ec83d97d3cf38132692baff542d2154e,
F3198,Float64,8,0.000881,4,false,0.998898,true,0.0,-1.0,-0.64,-0.9999482036588052,0.003800682857448176,-1.0,-1.0,-1.0,-1.0,-1.0,false,-1.0:9064; -0.99:7; -0.98:2; -0.64:1,f532baff621106a18c11c90483a06a8d67dad52d2b3cd28c74dbe45230df5808,
F3199,Float64,8,0.000881,5,false,0.999118,true,0.0,-1.0,-0.49,-0.9999294688119904,0.005385255464739463,-1.0,-1.0,-1.0,-1.0,-1.0,false,-1.0:9066; -0.99:3; -0.98:3; -0.96:1; -0.49:1,4776ce2fc18a9512ef47a7eebd06c8a8fc78f735d8106881ede56ab1ac5bf051,
F3200,Float64,103,0.011341,5,false,0.998775,true,0.0,-1.0,-0.93,-0.9999743846753536,0.0009494465580554457,-1.0,-1.0,-1.0,-1.0,-1.0,false,-1.0:8968; -0.99:6; -0.98:2; -0.97:2; -0.93:1,6bc9cbe3ef9b2294bdaf59c74eaf227d52cd4d146146cfbeef2abc398568dd11,
F3201,Float64,8,0.000881,6,false,0.999229,true,0.0,-1.0,-0.49,-0.9999173462640512,0.005513503667450441,-1.0,-1.0,-1.0,-1.0,-1.0,false,-1.0:9067; -0.99:3; -0.93:1; -0.91:1; -0.95:1,3e751759430e3bad64ee51a0bed084cb7da3916d0d3bece673224f2ea82bbfce,
F3202,Float64,8,0.000881,2,false,0.998567,true,0.0,-1.0,-0.99,-0.9999856733524354,0.00037823434906716615,-1.0,-1.0,-1.0,-1.0,-1.0,false,-1.0:9061; -0.99:13,acfb590a1dd87f7bf862c083c476b38f25e2d3cfc6b11f6c59cf56fc1c0cc661,
F3203,Float64,8,0.000881,3,false,0.998678,true,0.0,-1.0,-0.98,-0.9999856733524356,0.0004063277237246968,-1.0,-1.0,-1.0,-1.0,-1.0,false,-1.0:9062; -0.99:11; -0.98:1,b10ef88f3f3b20a22bafb2f66e99aaf0eee04fd002f7adf61bf732bf157f5e05,
F3204,Float64,8,0.000881,3,false,0.997906,true,0.0,-1.0,-0.98,-0.9999768569539345,0.0005243823534232298,-1.0,-1.0,-1.0,-1.0,-1.0,false,-1.0:9055; -0.99:17; -0.98:2,43c8387f7f98182e78c7b834f056976f16e39501fe9483a40778fc6d0894a0f1,
F3205,Float64,8,0.000881,3,false,0.998016,true,0.0,-1.0,-0.95,-0.9999757549041215,0.000679906682302428,-1.0,-1.0,-1.0,-1.0,-1.0,false,-1.0:9056; -0.99:17; -0.95:1,94bab2f8cb811e95631fb4cf91cf619d74ba5720f13b0f7dcf78ace31e71b43b,
F3206,Float64,8,0.000881,4,false,0.998457,true,0.0,-1.0,-0.95,-0.9999779590037469,0.0006960000804962949,-1.0,-1.0,-1.0,-1.0,-1.0,false,-1.0:9060; -0.99:11; -0.98:2; -0.95:1,8e9acbaac46b00140b89bd2021893ab761107f4c636f37dfd3c5e88f3654f400,
F3207,Float64,8,0.000881,5,false,0.997906,true,0.0,-1.0,-0.95,-0.9999691426052458,0.0008125747404269352,-1.0,-1.0,-1.0,-1.0,-1.0,false,-1.0:9055; -0.99:14; -0.98:3; -0.95:1; -0.97:1,a4580ee5f880d32b657b630349beae43c5748e147e6acd26cd13e8961e62a03f,
F3208,Float64,8,0.000881,3,false,0.998898,true,0.0,-1.0,-0.98,-0.9999878774520607,0.00037831140542701324,-1.0,-1.0,-1.0,-1.0,-1.0,false,-1.0:9064; -0.99:9; -0.98:1,9fdd806f47d7fa16abeb6587325f9018b72ccf9e553bcbfe29eacf3d1be7ad50,
F3209,Float64,8,0.000881,4,false,0.998567,true,0.0,-1.0,-0.94,-0.9999724487546837,0.001001052575239891,-1.0,-1.0,-1.0,-1.0,-1.0,false,-1.0:9061; -0.99:10; -0.94:2; -0.97:1,ce523f9198c9ea2acd16a60039bd08edc4f7158573caa2180e9d7644cc258f16,
F3210,Float64,8,0.000881,2,false,0.999229,true,0.0,-1.0,-0.99,-0.9999922856513115,0.00027764001100331106,-1.0,-1.0,-1.0,-1.0,-1.0,false,-1.0:9067; -0.99:7,ea2b82cdf27c0647eb18b2c94d8116caf00b35dd2ca3e8abeae4470f08461371,
F3211,Float64,8,0.000881,2,false,0.999008,true,0.0,-1.0,-0.99,-0.9999900815516861,0.0003147794585446821,-1.0,-1.0,-1.0,-1.0,-1.0,false,-1.0:9065; -0.99:9,81cd124091dac475e18ff12d7ef62e8c92bb7fd9c2e5543bb7aef3b341003c0e,
F3212,Float64,8,0.000881,4,false,0.999118,true,0.0,-1.0,-0.97,-0.9999878774520607,0.0004574303315645499,-1.0,-1.0,-1.0,-1.0,-1.0,false,-1.0:9066; -0.99:6; -0.97:1; -0.98:1,5306322128c755b3382e3e3a3b892e07d7cdee831407947409b3147968060882,
F3213,Float64,8,0.000881,2,false,0.999118,true,0.0,-1.0,-0.99,-0.9999911836014987,0.00029679328855213445,-1.0,-1.0,-1.0,-1.0,-1.0,false,-1.0:9066; -0.99:8,fc8f817f794f96bab69f9b79871c2d696f4f7a779ac298052d66a43a6d6a2d3a,
F3214,Float64,8,0.000881,3,false,0.998788,true,0.0,-1.0,-0.97,-0.9999856733524354,0.00045736660522315676,-1.0,-1.0,-1.0,-1.0,-1.0,false,-1.0:9063; -0.99:10; -0.97:1,0cc8a12d8addf90478745c4ccb30400a5d30c8682f1e14354b2abfcf95b701a6,
F3215,Float64,8,0.000881,3,false,0.999229,true,0.0,-1.0,-0.98,-0.9999878774520607,0.0004574303315645499,-1.0,-1.0,-1.0,-1.0,-1.0,false,-1.0:9067; -0.98:4; -0.99:3,85007ab19ab7d4c20d13630ea4fc5b3cdc3e71c659327d172cc9915c4d964d22,
F3216,Float64,8,0.000881,5,false,0.997796,true,0.0,-1.0,-0.93,-0.9999669385056204,0.0009500462009626937,-1.0,-1.0,-1.0,-1.0,-1.0,false,-1.0:9054; -0.99:16; -0.98:2; -0.97:1; -0.93:1,d16bfab5541915fc772238d93a49cde7cb2f7b9f49bae502909e60f34e3c30ba,
F3217,Float64,8,0.000881,5,false,0.998016,true,0.0,-1.0,-0.93,-0.999968040555433,0.0009558660671891992,-1.0,-1.0,-1.0,-1.0,-1.0,false,-1.0:9056; -0.99:13; -0.98:3; -0.97:1; -0.93:1,917b4b018aa6ee24bf27a05d7f0aa1d121547d5c3b977bb230e5169f6c0c16ea,
F3218,Float64,8,0.000881,4,false,0.998127,true,0.0,-1.0,-0.93,-0.9999724487546837,0.0008841359035035897,-1.0,-1.0,-1.0,-1.0,-1.0,false,-1.0:9057; -0.99:14; -0.98:2; -0.93:1,4a02b4ffac363afed5f1a220a9fcf2c468b8e74d3757d0c0e5330f3654d5dbba,
F3219,Float64,8,0.000881,7,false,0.998016,true,0.0,-1.0,-0.9,-0.9999471016089928,0.0016590136502927487,-1.0,-1.0,-1.0,-1.0,-1.0,false,-1.0:9056; -0.99:10; -0.93:2; -0.97:2; -0.98:2,38318d86c95fbf7aac47844c304e2576aeccb809597454dce7209622cef945ba,
F3220,Float64,8,0.000881,5,false,0.997575,true,0.0,-1.0,-0.93,-0.9999614282565573,0.0010331991767707563,-1.0,-1.0,-1.0,-1.0,-1.0,false,-1.0:9052; -0.99:17; -0.97:3; -0.98:1; -0.93:1,00a02e57d06aca59187c4e6e4472ee0b490c5b09fe9d85666d451df2d00eed43,
F3221,Float64,8,0.000881,5,false,0.998567,true,0.0,-1.0,-0.89,-0.9999691426052458,0.0013023841724592404,-1.0,-1.0,-1.0,-1.0,-1.0,false,-1.0:9061; -0.99:9; -0.98:2; -0.89:1; -0.96:1,17f05ad9285fe4f9d3aab1ef026dfaa780e126bbec259cd17e547993fed1c121,
F3222,Float64,8,0.000881,5,false,0.997796,true,0.0,-1.0,-0.96,-0.9999636323561824,0.0008838171538648436,-1.0,-1.0,-1.0,-1.0,-1.0,false,-1.0:9054; -0.99:12; -0.98:4; -0.97:3; -0.96:1,c6f1d5f3b4e791a329f7277b98b0ee39f67f0c6b7ad96748c2e2c994ae7f5d80,
F3223,Float64,8,0.000881,4,false,0.997575,true,0.0,-1.0,-0.97,-0.9999713467048712,0.0006292192950258328,-1.0,-1.0,-1.0,-1.0,-1.0,false,-1.0:9052; -0.99:19; -0.98:2; -0.97:1,86f32c83256d6b8d515279f5139fabed30fb86f6959fd500587d97b3cae3bb7f,
F3224,Float64,8,0.000881,5,false,0.998567,true,0.0,-1.0,-0.95,-0.9999779590037469,0.0007269787511041229,-1.0,-1.0,-1.0,-1.0,-1.0,false,-1.0:9061; -0.99:10; -0.98:1; -0.95:1; -0.97:1,1d578d03c2008b86959162cdd03462cf55d0ff14f60b86745b77e343ee4cefe3,
F3225,Float64,8,0.000881,4,false,0.997135,true,0.0,-1.0,-0.95,-0.9999636323561825,0.0008055350916922044,-1.0,-1.0,-1.0,-1.0,-1.0,false,-1.0:9048; -0.99:22; -0.98:3; -0.95:1,0c67d08d8cf26ab23c0dc2ec2639fad88e2c5940a6ef2a83bf567e00a4ff50cc,
F3226,Float64,8,0.000881,4,false,0.998788,true,0.0,-1.0,-0.95,-0.9999812651531849,0.000671929630766455,-1.0,-1.0,-1.0,-1.0,-1.0,false,-1.0:9063; -0.99:8; -0.98:2; -0.95:1,375439dae9cd47404a8eac63a550fdc690ecc8493546b1a58da543fe51b774a1,
F3227,Float64,1303,0.143471,2,false,0.999871,true,0.0,-1.0,-0.86,-0.9999820028281271,0.0015872240434240438,-1.0,-1.0,-1.0,-1.0,-1.0,false,-1.0:7778; -0.86:1,b5070180e3cb71df1ead8338f3b7a41dce8783d6b027859f8ebe14ace2313b61,
F3228,Float64,8,0.000881,4,false,0.998788,true,0.0,-1.0,-0.95,-0.9999812651531849,0.000671929630766455,-1.0,-1.0,-1.0,-1.0,-1.0,false,-1.0:9063; -0.99:8; -0.98:2; -0.95:1,375439dae9cd47404a8eac63a550fdc690ecc8493546b1a58da543fe51b774a1,F3226
F3229,Float64,8,0.000881,5,false,0.997245,true,0.0,-1.0,-0.94,-0.9999570200573067,0.0010436388451236806,-1.0,-1.0,-1.0,-1.0,-1.0,false,-1.0:9049; -0.99:18; -0.98:5; -0.95:1; -0.94:1,41e881abbda7ba3f020a7e77219948b833c960d439ef0dd0bd2aeeb2124bb88c,
F3230,Float64,1303,0.143471,1,true,1.0,true,0.0,-1.0,-1.0,-1.0,0.0,-1.0,-1.0,-1.0,-1.0,-1.0,true,-1.0:7779,2ac34027f8fb4e0bd8bf09a7f7e9c06b964fd0d00e84da9c3ca91b7a34b9aba0,
F3231,Float64,8,0.000881,5,false,0.997245,true,0.0,-1.0,-0.94,-0.9999570200573067,0.0010436388451236806,-1.0,-1.0,-1.0,-1.0,-1.0,false,-1.0:9049; -0.99:18; -0.98:5; -0.95:1; -0.94:1,41e881abbda7ba3f020a7e77219948b833c960d439ef0dd0bd2aeeb2124bb88c,F3229
F3232,Float64,7078,0.779344,2,false,0.999501,true,0.0,-1.0,-0.87,-0.9999351297405189,0.002903261197682666,-1.0,-1.0,-1.0,-1.0,-1.0,false,-1.0:2003; -0.87:1,3eecf9450e0410366532dd65df473f910c75642b53cb9f0fe7756b6a58e49448,
F3233,Float64,9082,1.0,0,true,1.0,true,,,,,,,,,,,,,a85e5e34b55857d604486871e07d90d2182c96ec5983828468fb8dc535a6c290,F128
F3234,Float64,7078,0.779344,2,false,0.999501,true,0.0,-1.0,-0.87,-0.9999351297405189,0.002903261197682666,-1.0,-1.0,-1.0,-1.0,-1.0,false,-1.0:2003; -0.87:1,3eecf9450e0410366532dd65df473f910c75642b53cb9f0fe7756b6a58e49448,F3232
F3235,Float64,7078,0.779344,2,false,0.999501,true,0.0,-1.0,-0.87,-0.9999351297405189,0.002903261197682666,-1.0,-1.0,-1.0,-1.0,-1.0,false,-1.0:2003; -0.87:1,3eecf9450e0410366532dd65df473f910c75642b53cb9f0fe7756b6a58e49448,F3232
F3236,Float64,9082,1.0,0,true,1.0,true,,,,,,,,,,,,,a85e5e34b55857d604486871e07d90d2182c96ec5983828468fb8dc535a6c290,F128
F3237,Float64,7078,0.779344,2,false,0.999501,true,0.0,-1.0,-0.87,-0.9999351297405189,0.002903261197682666,-1.0,-1.0,-1.0,-1.0,-1.0,false,-1.0:2003; -0.87:1,3eecf9450e0410366532dd65df473f910c75642b53cb9f0fe7756b6a58e49448,F3232
F3238,Float64,8,0.000881,3,false,0.999339,true,0.0,-1.0,-0.92,-0.9999702446550583,0.001465643801923882,-1.0,-1.0,-1.0,-1.0,-1.0,false,-1.0:9068; -0.92:3; -0.99:3,a13a8a19153d4871b4515e3a52c8095d313697e36f1b6af45274df728dec45b7,
F3239,Float64,8,0.000881,3,false,0.999339,true,0.0,-1.0,-0.92,-0.9999702446550583,0.001465643801923882,-1.0,-1.0,-1.0,-1.0,-1.0,false,-1.0:9068; -0.92:3; -0.99:3,a13a8a19153d4871b4515e3a52c8095d313697e36f1b6af45274df728dec45b7,F3238
F3240,Float64,5330,0.586875,1,true,1.0,true,0.0,-1.0,-1.0,-1.0,0.0,-1.0,-1.0,-1.0,-1.0,-1.0,true,-1.0:3752,67ffa29cf4c082a1ccdf89c4f37811cb280e47cf5a25c6eba3c417a79f989a70,
F3241,Float64,8,0.000881,7,false,0.999008,true,0.0,-1.0,-0.9,-0.9999636323561827,0.001442758309764515,-1.0,-1.0,-1.0,-1.0,-1.0,false,-1.0:9065; -0.97:2; -0.99:2; -0.98:2; -0.95:1,f451f4d11a404340a7033948865663542a54eef463e79d7b7f840b951e5a9065,
F3242,Float64,8,0.000881,7,false,0.999008,true,0.0,-1.0,-0.9,-0.9999636323561827,0.001442758309764515,-1.0,-1.0,-1.0,-1.0,-1.0,false,-1.0:9065; -0.98:2; -0.97:2; -0.99:2; -0.94:1,f451f4d11a404340a7033948865663542a54eef463e79d7b7f840b951e5a9065,F3241
F3243,Float64,5330,0.586875,1,true,1.0,true,0.0,-1.0,-1.0,-1.0,0.0,-1.0,-1.0,-1.0,-1.0,-1.0,true,-1.0:3752,67ffa29cf4c082a1ccdf89c4f37811cb280e47cf5a25c6eba3c417a79f989a70,F3240
F3244,Float64,8,0.000881,7,false,0.998127,true,0.0,-1.0,-0.9,-0.9999570200573067,0.0013959874257740588,-1.0,-1.0,-1.0,-1.0,-1.0,false,-1.0:9057; -0.99:10; -0.97:2; -0.98:2; -0.96:1,af762ebb4b1db4a4031159c1fdc0c75ed1b9bdd563dcb8542e104677f5c8cbb5,
F3245,Float64,8,0.000881,4,false,0.998678,true,0.0,-1.0,-0.93,-0.9999768569539345,0.0009088463890600273,-1.0,-1.0,-1.0,-1.0,-1.0,false,-1.0:9062; -0.99:10; -0.93:1; -0.96:1,ff02550056a51217c1445a95ec75c70a718cd14411280775f100532da3f7618e,
F3246,Float64,8,0.000881,8,false,0.998127,true,0.0,-1.0,-0.9,-0.9999537139078686,0.0014986791569526591,-1.0,-1.0,-1.0,-1.0,-1.0,false,-1.0:9057; -0.99:10; -0.98:2; -0.97:1; -0.96:1,62dfe0e3da10af27ea8db9c6e1ee87b319acaaf9ea1aa74acd0aea4230d1fe4d,
F3247,Float64,8,0.000881,5,false,0.998567,true,0.0,-1.0,-0.92,-0.9999669385056206,0.001196483052130862,-1.0,-1.0,-1.0,-1.0,-1.0,false,-1.0:9061; -0.99:8; -0.98:2; -0.95:2; -0.92:1,dcaee1519dfa1fc7b5ed83fc19bb4fcc3387a58acc6ab2c580c09516dd1488d4,
F3248,Float64,8,0.000881,5,false,0.998016,true,0.0,-1.0,-0.84,-0.9999559180074942,0.0018358456374789208,-1.0,-1.0,-1.0,-1.0,-1.0,false,-1.0:9056; -0.99:14; -0.96:2; -0.84:1; -0.98:1,9f3617ddaf916f930753a137ace092a9838b287904e7343b9846a8b8688a74a7,
F3249,Float64,8,0.000881,5,false,0.998457,true,0.0,-1.0,-0.91,-0.9999669385056206,0.0012327755996321902,-1.0,-1.0,-1.0,-1.0,-1.0,false,-1.0:9060; -0.99:9; -0.98:3; -0.91:1; -0.94:1,faea3c149a6ce230586d6e62f081ad70b15d15d0f60343f9bc5e37e970db3d9c,
F3250,Float64,8,0.000881,4,false,0.998567,true,0.0,-1.0,-0.97,-0.9999823672029976,0.0005139854467844779,-1.0,-1.0,-1.0,-1.0,-1.0,false,-1.0:9061; -0.99:11; -0.97:1; -0.98:1,d9c5a8672b12f4da2b9a0ae8d5618caadd076f4fb5a7cbcf465146544b29422e,
F3251,Float64,8,0.000881,4,false,0.997906,true,0.0,-1.0,-0.96,-0.9999691426052458,0.0007563819959304812,-1.0,-1.0,-1.0,-1.0,-1.0,false,-1.0:9055; -0.99:12; -0.98:6; -0.96:1,8860ba31ab3ce9d6735b054bbcd0e4ebb3fd5a0fe5d118d4aeb57c607b864730,
F3252,Float64,8,0.000881,4,false,0.998567,true,0.0,-1.0,-0.96,-0.9999757549041215,0.0007115863188296666,-1.0,-1.0,-1.0,-1.0,-1.0,false,-1.0:9061; -0.98:6; -0.99:6; -0.96:1,9e8f77e055217e938bfeb841a7d3d3ee8e2dbbc83a1146d1b2d2d7ee66811692,
F3253,Float64,8,0.000881,6,false,0.999229,true,0.0,-1.0,-0.31,-0.9998964073176109,0.007376210972097262,-1.0,-1.0,-1.0,-1.0,-1.0,false,-1.0:9067; -0.99:2; -0.95:2; -0.31:1; -0.98:1,f6a81558bafe26a15f901977367d704048996bf59b9ca185d4e86ead803644aa,
F3254,Float64,8,0.000881,7,false,0.999118,true,0.0,-1.0,-0.27,-0.9998931011681729,0.007778311375385381,-1.0,-1.0,-1.0,-1.0,-1.0,false,-1.0:9066; -0.99:3; -0.27:1; -0.89:1; -0.95:1,11928d9563f319b07c788388ed02588fafff9857713b6d953086287720bd98e2,
F3255,Float64,8,0.000881,7,false,0.998788,true,0.0,-1.0,-0.93,-0.9999658364558076,0.0012372073762445235,-1.0,-1.0,-1.0,-1.0,-1.0,false,-1.0:9063; -0.99:5; -0.98:2; -0.95:1; -0.94:1,b02d0ad23004ca1f253a4399a8c6fcf242fdbd98cc312a51cc60a252cc6e45bc,
F3256,Float64,3,0.00033,3,false,0.998568,true,0.0,-1.0,-0.98,-0.9999790725850864,0.0005839600493721653,-1.0,-1.0,-1.0,-1.0,-1.0,false,-1.0:9066; -0.99:7; -0.98:6,7752bd6d385a46d1f59841b60bd05fae6216ac3a8d5e9be369b9cb61f3546013,
F3257,Float64,3,0.00033,4,false,0.998348,true,0.0,-1.0,-0.97,-0.9999757682564158,0.0006464991267384746,-1.0,-1.0,-1.0,-1.0,-1.0,false,-1.0:9064; -0.99:9; -0.98:5; -0.97:1,dd6e2b13cb1d7772ec3366eb5bedec919c987e33b11ee94dd4fbf8bdfe141e6d,
F3258,Float64,3,0.00033,2,false,0.999449,true,0.0,-1.0,-0.99,-0.999994492785549,0.00023460992114209225,-1.0,-1.0,-1.0,-1.0,-1.0,false,-1.0:9074; -0.99:5,8ab1ba4c4570360ed936d390af4b4320e9ff46d58e0ee65e4c65d7d128ee73f7,
F3259,Float64,3,0.00033,4,false,0.998348,true,0.0,-1.0,-0.96,-0.9999724639277453,0.0007489844048574848,-1.0,-1.0,-1.0,-1.0,-1.0,false,-1.0:9064; -0.98:7; -0.99:7; -0.96:1,5ab403f6e2fd82b09bcbfa7ccecb8b1275c5f4a0ed3e15425bde265c75f94721,
F3260,Float64,3,0.00033,4,false,0.998238,true,0.0,-1.0,-0.94,-0.999970261041965,0.0008712698712818157,-1.0,-1.0,-1.0,-1.0,-1.0,false,-1.0:9063; -0.99:9; -0.98:6; -0.94:1,4435bfd38708a43065a74ef33a137f6284903257ef6cdd760703c71d650ee8d0,
F3261,Float64,3,0.00033,5,false,0.998128,true,0.0,-1.0,-0.95,-0.9999713624848553,0.0008391086594985554,-1.0,-1.0,-1.0,-1.0,-1.0,false,-1.0:9062; -0.99:14; -0.96:1; -0.97:1; -0.95:1,096ebbcc2456cf8f57ab08639651ffe39a9aafdbcf52bc49df1fa371dc857b77,
F3262,Float64,3,0.00033,4,false,0.997136,true,0.0,-1.0,-0.97,-0.9999614494988437,0.0007914141180612617,-1.0,-1.0,-1.0,-1.0,-1.0,false,-1.0:9053; -0.99:19; -0.98:5; -0.97:2,6ad479dec3da311cbcbea749ee439943f04b70935e516b27e76f41a76e2c8e38,
F3263,Float64,3,0.00033,4,false,0.997357,true,0.0,-1.0,-0.97,-0.999964753827514,0.0007559814880153389,-1.0,-1.0,-1.0,-1.0,-1.0,false,-1.0:9055; -0.99:18; -0.98:4; -0.97:2,2bf24cfd60d8cafa5d805a46c27afe02f2419d47c2b6d3d9eecaa0e8ed0134de,
F3264,Float64,3,0.00033,4,false,0.996806,true,0.0,-1.0,-0.94,-0.9999548408415024,0.0009665335519587562,-1.0,-1.0,-1.0,-1.0,-1.0,false,-1.0:9050; -0.99:21; -0.98:7; -0.94:1,f136d0a26da67bc2fe23a9ef5ace0509b98b1fd71110117e6e3d33134fbf02e2,
F3265,Float64,3,0.00033,7,false,0.997687,true,0.0,-1.0,-0.69,-0.9999251018834673,0.0034609375777908953,-1.0,-1.0,-1.0,-1.0,-1.0,false,-1.0:9058; -0.99:13; -0.98:4; -0.97:1; -0.92:1,d679ceee5c1afaa4916c1f361a0b30730eb6890533bd1c8bcdb4a1e4eada8059,
F3266,Float64,3,0.00033,7,false,0.997577,true,0.0,-1.0,-0.76,-0.999933913426589,0.0027600031458139473,-1.0,-1.0,-1.0,-1.0,-1.0,false,-1.0:9057; -0.99:15; -0.98:3; -0.76:1; -0.97:1,4298216d23cb544a9cef217e9a8ba8aea664bf440abca48f1cd55578e548812d,
F3267,Float64,3,0.00033,8,false,0.997797,true,0.0,-1.0,-0.58,-0.9999019715827735,0.004665395628282355,-1.0,-1.0,-1.0,-1.0,-1.0,false,-1.0:9059; -0.99:9; -0.98:4; -0.97:3; -0.91:1,19f44367e8a12ccdfdb4dc99ca889f07cc08feca103afe2e3f00906af9872955,
F3268,Float64,3,0.00033,2,false,0.999559,true,0.0,-1.0,-0.99,-0.9999955942284392,0.00020985305521817015,-1.0,-1.0,-1.0,-1.0,-1.0,false,-1.0:9075; -0.99:4,95591ba78479e07ec686e28bf5e236add67ec321cc79925de61ac8101f87e8f8,
F3269,Float64,3,0.00033,3,false,0.999229,true,0.0,-1.0,-0.98,-0.9999900870139883,0.0003782714745160296,-1.0,-1.0,-1.0,-1.0,-1.0,false,-1.0:9072; -0.99:5; -0.98:2,56979e0f990fb80f7d72d4afcc67da7d2c06c028e41a8fb144ed3320e04e70ee,
F3270,Float64,3,0.00033,2,false,0.999449,true,0.0,-1.0,-0.99,-0.999994492785549,0.00023460992114209225,-1.0,-1.0,-1.0,-1.0,-1.0,false,-1.0:9074; -0.99:5,48472153ded1fb39587bbbf592a9bc5ed834539ce14172d3a0d9ed05955e4ebf,
F3271,Float64,3,0.00033,3,false,0.999119,true,0.0,-1.0,-0.98,-0.999988985571098,0.0003925311286790211,-1.0,-1.0,-1.0,-1.0,-1.0,false,-1.0:9071; -0.99:6; -0.98:2,109c46f3ba75eec4cbdbf9a0f3f0f1e347939a69bd53b412a8c5d1fa5702a816,
F3272,Float64,3,0.00033,3,false,0.999009,true,0.0,-1.0,-0.98,-0.9999878841282079,0.00040628763109235873,-1.0,-1.0,-1.0,-1.0,-1.0,false,-1.0:9070; -0.99:7; -0.98:2,9a114ad43e3ca0e85c5f5ed44f9c6825ef299b399fcfca0d3e0f7fdc9a843141,
F3273,Float64,3,0.00033,3,false,0.998788,true,0.0,-1.0,-0.98,-0.999983478356647,0.0005030495999836762,-1.0,-1.0,-1.0,-1.0,-1.0,false,-1.0:9068; -0.99:7; -0.98:4,523fd1dabe04705ba4b0a78b4fbe402924cf135b6a4993af2ee1cda7d23e97ee,
F3274,Float64,3,0.00033,3,false,0.999449,true,0.0,-1.0,-0.98,-0.9999933913426587,0.00029676886100640575,-1.0,-1.0,-1.0,-1.0,-1.0,false,-1.0:9074; -0.99:4; -0.98:1,8f5d1cb5e9ecc4a2935245615b035dd4eeb20e2b1c8161a914e498cc083a94cd,
F3275,Float64,3,0.00033,4,false,0.999119,true,0.0,-1.0,-0.97,-0.9999878841282079,0.00045730444431044663,-1.0,-1.0,-1.0,-1.0,-1.0,false,-1.0:9071; -0.99:6; -0.97:1; -0.98:1,cab919035efc4dd322f242eea5b0fa4686c5cfabd9537e67f63338f4011a8eb3,
F3276,Float64,3,0.00033,2,false,0.999449,true,0.0,-1.0,-0.99,-0.999994492785549,0.00023460992114209225,-1.0,-1.0,-1.0,-1.0,-1.0,false,-1.0:9074; -0.99:5,48472153ded1fb39587bbbf592a9bc5ed834539ce14172d3a0d9ed05955e4ebf,F3270
F3277,Float64,3,0.00033,3,false,0.999009,true,0.0,-1.0,-0.98,-0.999988985571098,0.0003633893630505761,-1.0,-1.0,-1.0,-1.0,-1.0,false,-1.0:9070; -0.99:8; -0.98:1,d96857f0b57fc81bd7f076ee06133927eee4ce13810519633d5b627165ada18d,
F3278,Float64,3,0.00033,3,false,0.999009,true,0.0,-1.0,-0.98,-0.9999867826853177,0.00044506743626791773,-1.0,-1.0,-1.0,-1.0,-1.0,false,-1.0:9070; -0.99:6; -0.98:3,488d3543901bb4a34ea8da371ead057c6eff64781b079204d12a2e5b23c2260e,
F3279,Float64,3,0.00033,3,false,0.998678,true,0.0,-1.0,-0.98,-0.9999845797995373,0.0004449965591453481,-1.0,-1.0,-1.0,-1.0,-1.0,false,-1.0:9067; -0.99:10; -0.98:2,b2901bccc295409138ad8102bcc46bf97d31e24e7c860fdf01d66a304cba81dd,
F3280,Float64,3,0.00033,3,false,0.999449,true,0.0,-1.0,-0.98,-0.9999933913426587,0.00029676886100640575,-1.0,-1.0,-1.0,-1.0,-1.0,false,-1.0:9074; -0.99:4; -0.98:1,8f5d1cb5e9ecc4a2935245615b035dd4eeb20e2b1c8161a914e498cc083a94cd,F3274
F3281,Float64,3,0.00033,4,false,0.999119,true,0.0,-1.0,-0.97,-0.9999878841282079,0.00045730444431044663,-1.0,-1.0,-1.0,-1.0,-1.0,false,-1.0:9071; -0.99:6; -0.98:1; -0.97:1,cab919035efc4dd322f242eea5b0fa4686c5cfabd9537e67f63338f4011a8eb3,F3275
F3282,Float64,3,0.00033,2,false,0.999449,true,0.0,-1.0,-0.99,-0.999994492785549,0.00023460992114209225,-1.0,-1.0,-1.0,-1.0,-1.0,false,-1.0:9074; -0.99:5,48472153ded1fb39587bbbf592a9bc5ed834539ce14172d3a0d9ed05955e4ebf,F3270
F3283,Float64,3,0.00033,3,false,0.999009,true,0.0,-1.0,-0.98,-0.999988985571098,0.0003633893630505761,-1.0,-1.0,-1.0,-1.0,-1.0,false,-1.0:9070; -0.99:8; -0.98:1,d96857f0b57fc81bd7f076ee06133927eee4ce13810519633d5b627165ada18d,F3277
F3284,Float64,3,0.00033,3,false,0.999009,true,0.0,-1.0,-0.98,-0.9999867826853177,0.00044506743626791773,-1.0,-1.0,-1.0,-1.0,-1.0,false,-1.0:9070; -0.99:6; -0.98:3,488d3543901bb4a34ea8da371ead057c6eff64781b079204d12a2e5b23c2260e,F3278
F3285,Float64,3,0.00033,3,false,0.998678,true,0.0,-1.0,-0.98,-0.9999845797995373,0.0004449965591453481,-1.0,-1.0,-1.0,-1.0,-1.0,false,-1.0:9067; -0.99:10; -0.98:2,b2901bccc295409138ad8102bcc46bf97d31e24e7c860fdf01d66a304cba81dd,F3279
F3286,Float64,3,0.00033,2,false,0.999119,true,0.0,-1.0,-0.99,-0.9999911884568787,0.0002967116241786118,-1.0,-1.0,-1.0,-1.0,-1.0,false,-1.0:9071; -0.99:8,29bb645b5d7ac3dd5346095126075371294c7b55619ba7603abf449c5c3307b8,
F3287,Float64,9075,0.999229,1,true,1.0,true,0.0,-1.0,-1.0,-1.0,0.0,-1.0,-1.0,-1.0,-1.0,-1.0,true,-1.0:7,ab83a794ad98199cf11e651ca778f3fe5aa22648348347a1958a8856045d423d,
F3288,Float64,3,0.00033,2,false,0.999119,true,0.0,-1.0,-0.99,-0.9999911884568787,0.0002967116241786118,-1.0,-1.0,-1.0,-1.0,-1.0,false,-1.0:9071; -0.99:8,29bb645b5d7ac3dd5346095126075371294c7b55619ba7603abf449c5c3307b8,F3286
F3289,Float64,3,0.00033,2,false,0.998788,true,0.0,-1.0,-0.99,-0.9999878841282079,0.0003478676811248707,-1.0,-1.0,-1.0,-1.0,-1.0,false,-1.0:9068; -0.99:11,1491afeabfd072cb63af506706ab7b9f5d6de96d97379bd34bf6efd2b7b4a84a,
F3290,Float64,9075,0.999229,1,true,1.0,true,0.0,-1.0,-1.0,-1.0,0.0,-1.0,-1.0,-1.0,-1.0,-1.0,true,-1.0:7,ab83a794ad98199cf11e651ca778f3fe5aa22648348347a1958a8856045d423d,F3287
F3291,Float64,3,0.00033,2,false,0.998788,true,0.0,-1.0,-0.99,-0.9999878841282079,0.0003478676811248707,-1.0,-1.0,-1.0,-1.0,-1.0,false,-1.0:9068; -0.99:11,1491afeabfd072cb63af506706ab7b9f5d6de96d97379bd34bf6efd2b7b4a84a,F3289
F3292,Float64,3,0.00033,3,false,0.999339,true,0.0,-1.0,-0.96,-0.9999900870139883,0.00048083753976517154,-1.0,-1.0,-1.0,-1.0,-1.0,false,-1.0:9073; -0.99:5; -0.96:1,b47e8143f81d361ca25256abc65ec0ab42939f3d72d910e82950dbed36799086,
F3293,Float64,1346,0.148205,4,false,0.998449,true,0.0,-1.0,-0.67,-0.9999379524301966,0.0038112494925861442,-1.0,-1.0,-1.0,-1.0,-1.0,false,-1.0:7724; -0.99:10; -0.95:1; -0.67:1,5f45b47b4aab63c1088ca6b71f2818718ede17294484e019846241ad3c78cd09,
F3294,Float64,3,0.00033,3,false,0.999339,true,0.0,-1.0,-0.96,-0.9999900870139883,0.00048083753976517154,-1.0,-1.0,-1.0,-1.0,-1.0,false,-1.0:9073; -0.99:5; -0.96:1,b47e8143f81d361ca25256abc65ec0ab42939f3d72d910e82950dbed36799086,F3292
F3295,Float64,3,0.00033,5,false,0.998568,true,0.0,-1.0,-0.94,-0.9999724639277453,0.0009785177970720478,-1.0,-1.0,-1.0,-1.0,-1.0,false,-1.0:9066; -0.99:10; -0.96:1; -0.94:1; -0.95:1,cce2ccdffdbe4c17bd01f525ced4622a1decf4c18802fcf6b67f4c88638cec8b,
F3296,Float64,1346,0.148205,5,false,0.999483,true,0.0,-1.0,-0.86,-0.9999715615305068,0.0016937801973294813,-1.0,-1.0,-1.0,-1.0,-1.0,false,-1.0:7732; -0.97:1; -0.86:1; -0.99:1; -0.96:1,6eb5355176feca31bb79e46c2c5e8beaa22df5200a0005b7acb1fc3513c13b12,
F3297,Float64,3,0.00033,5,false,0.998568,true,0.0,-1.0,-0.94,-0.9999724639277453,0.0009785177970720478,-1.0,-1.0,-1.0,-1.0,-1.0,false,-1.0:9066; -0.99:10; -0.94:1; -0.95:1; -0.96:1,cce2ccdffdbe4c17bd01f525ced4622a1decf4c18802fcf6b67f4c88638cec8b,F3295
F3298,Float64,3,0.00033,3,false,0.999229,true,0.0,-1.0,-0.98,-0.9999900870139883,0.0003782714745160296,-1.0,-1.0,-1.0,-1.0,-1.0,false,-1.0:9072; -0.99:5; -0.98:2,52e500f6c423ff27aad71d40b58e55f6e2ab79c84bf70e7d9eb7cec4a9db2e17,
F3299,Float64,4,0.00044,8,false,0.997246,true,0.0,-1.0,-0.74,-0.9999162811191892,0.0031475497040940686,-1.0,-1.0,-1.0,-1.0,-1.0,false,-1.0:9053; -0.99:18; -0.95:2; -0.94:1; -0.96:1,05fe7a0fa7ae74addcc0bfeb843c587372ca9dfc2ba332c8415c2c727a3a3189,
F3300,Float64,3,0.00033,3,false,0.999449,true,0.0,-1.0,-0.98,-0.9999933913426587,0.00029676886100640575,-1.0,-1.0,-1.0,-1.0,-1.0,false,-1.0:9074; -0.99:4; -0.98:1,c958337284e7dfceecd9eb03d72a8d6610f9892418d2019986d38ffe9b793ade,
F3301,Float64,3,0.00033,7,false,0.998568,true,0.0,-1.0,-0.88,-0.9999570437272828,0.0017079163965567877,-1.0,-1.0,-1.0,-1.0,-1.0,false,-1.0:9066; -0.99:7; -0.98:2; -0.88:1; -0.96:1,f50edc5baf0a9591c1d58cb06e7b3538ae7489bd92ed9252bac49e7b6631bdf3,
F3302,Float64,4,0.00044,8,false,0.998678,true,0.0,-1.0,-0.73,-0.9999306014540646,0.0033132731742383102,-1.0,-1.0,-1.0,-1.0,-1.0,false,-1.0:9066; -0.99:6; -0.92:1; -0.97:1; -0.73:1,eb9df97b68050d39147375d43cfba896b7af595baf07b44bbe7e461e5c2e2342,
F3303,Float64,3,0.00033,4,false,0.998348,true,0.0,-1.0,-0.91,-0.9999724639277453,0.001064766613684198,-1.0,-1.0,-1.0,-1.0,-1.0,false,-1.0:9064; -0.99:13; -0.91:1; -0.97:1,1498a18fee996d96ff21f885bd2db13fe6daa8fe8af04ae2687163c409b5a1e4,
F3304,Float64,3,0.00033,4,false,0.999339,true,0.0,-1.0,-0.78,-0.9999669567132945,0.0023558820657541106,-1.0,-1.0,-1.0,-1.0,-1.0,false,-1.0:9073; -0.99:4; -0.78:1; -0.96:1,6eb315fecc92e180e82c4a79dc0f9fe5127ddc7fad3068560e3e1abcb68844ee,
F3305,Float64,97,0.01068,5,false,0.998331,true,0.0,-1.0,-0.9,-0.9999677239844184,0.0012253417614857029,-1.0,-1.0,-1.0,-1.0,-1.0,false,-1.0:8970; -0.99:11; -0.98:2; -0.96:1; -0.9:1,fec4c5ca7905487bbf1bb751cb18c543b802a792f05d705a6496635264f456c1,
F3306,Float64,3,0.00033,4,false,0.999339,true,0.0,-1.0,-0.78,-0.9999669567132945,0.0023558820657541106,-1.0,-1.0,-1.0,-1.0,-1.0,false,-1.0:9073; -0.99:4; -0.96:1; -0.78:1,bccabe5867cbecdb59b3eb07d409ea2a4ec34544bdb2107e5a08632c85c069d6,
F3307,Float64,3,0.00033,5,false,0.999339,true,0.0,-1.0,-0.7,-0.9999581451701728,0.003176076990144481,-1.0,-1.0,-1.0,-1.0,-1.0,false,-1.0:9073; -0.99:3; -0.7:1; -0.98:1; -0.97:1,1f50b8525cb1771516b0cc77a6998c499adb4aa4c77fa1122e3aaf21e8c2cd51,
F3308,Float64,97,0.01068,4,false,0.998998,true,0.0,-1.0,-0.94,-0.9999833055091818,0.0007230597068070768,-1.0,-1.0,-1.0,-1.0,-1.0,false,-1.0:8976; -0.99:7; -0.94:1; -0.98:1,2cd360a958796af28e3a996c617c3cb661402bb255c5ed68d3a9b14e1f862cd5,
F3309,Float64,3,0.00033,6,false,0.999339,true,0.0,-1.0,-0.7,-0.9999482321841613,0.0032833589490285156,-1.0,-1.0,-1.0,-1.0,-1.0,false,-1.0:9073; -0.99:2; -0.95:1; -0.94:1; -0.96:1,88f5882a85486207d950e553d8989d428481aac43c7144652596ac6276fe76a3,
F3310,Float64,3,0.00033,2,false,0.998678,true,0.0,-1.0,-0.99,-0.9999867826853179,0.0003633159085629589,-1.0,-1.0,-1.0,-1.0,-1.0,false,-1.0:9067; -0.99:12,3486ef1e1ecbf2439d2adbb0ffbf681860ad2a9c3a20d601fd3812e864f7ce34,
F3311,Float64,3,0.00033,3,false,0.998788,true,0.0,-1.0,-0.98,-0.9999845797995375,0.00046909572099404425,-1.0,-1.0,-1.0,-1.0,-1.0,false,-1.0:9068; -0.99:8; -0.98:3,1cd5980093d3df0a49e0b4a4aa1a2b3603395c1b25113adde68a9e4a531345da,
F3312,Float64,3,0.00033,3,false,0.997907,true,0.0,-1.0,-0.98,-0.999975768256416,0.0005548124294344851,-1.0,-1.0,-1.0,-1.0,-1.0,false,-1.0:9060; -0.99:16; -0.98:3,0583b6158264baf77657cceedcf0693091938b3a50a866ba9b707a3f586f02ce,
F3313,Float64,3,0.00033,4,false,0.998458,true,0.0,-1.0,-0.96,-0.9999801740279766,0.0005933537357200138,-1.0,-1.0,-1.0,-1.0,-1.0,false,-1.0:9065; -0.99:12; -0.96:1; -0.98:1,0dcdb55fced162938f0e9ceacd2dcfbd4c913d4f7077c10a653bdcfb4bea49f7,
F3314,Float64,3,0.00033,4,false,0.998788,true,0.0,-1.0,-0.97,-0.999983478356647,0.00052448809123512,-1.0,-1.0,-1.0,-1.0,-1.0,false,-1.0:9068; -0.99:8; -0.98:2; -0.97:1,c169ad1b37aaaa2b2a48e222cc7e9a411623c0ff8f90b05591f0641732412636,
F3315,Float64,3,0.00033,4,false,0.997577,true,0.0,-1.0,-0.96,-0.9999702610419652,0.0006875580245732237,-1.0,-1.0,-1.0,-1.0,-1.0,false,-1.0:9057; -0.99:19; -0.98:2; -0.96:1,c131064b26a3fcab76fe6b3629f0650733e91787af95f381d1366b9b0fbeccde,
F3316,Float64,3,0.00033,3,false,0.999229,true,0.0,-1.0,-0.98,-0.9999900870139883,0.0003782714745160296,-1.0,-1.0,-1.0,-1.0,-1.0,false,-1.0:9072; -0.99:5; -0.98:2,1a4b9071836cf55ef0b89c82eaec8e45fb406bf2e9bb621162e9f7c79f6a58e3,
F3317,Float64,3,0.00033,4,false,0.998568,true,0.0,-1.0,-0.94,-0.9999713624848553,0.0010062342429561734,-1.0,-1.0,-1.0,-1.0,-1.0,false,-1.0:9066; -0.99:8; -0.98:3; -0.94:2,0a0b9df13f01cd3da9dbb36be744a2461a17165500f3cce9f1e2de68f826e586,
F3318,Float64,3,0.00033,2,false,0.999229,true,0.0,-1.0,-0.99,-0.9999922898997687,0.0002775636083269085,-1.0,-1.0,-1.0,-1.0,-1.0,false,-1.0:9072; -0.99:7,005db2a8dc44fec0cb22c549dd8e2ca46015f50e688c4dbeaeca98203898e100,
F3319,Float64,3,0.00033,2,false,0.999229,true,0.0,-1.0,-0.99,-0.9999922898997687,0.00027756360832690847,-1.0,-1.0,-1.0,-1.0,-1.0,false,-1.0:9072; -0.99:7,469854ec03b7a1d38e06059b59541023071291d850907b22f5dcc14b4cf404ad,
F3320,Float64,3,0.00033,4,false,0.999009,true,0.0,-1.0,-0.96,-0.9999845797995375,0.0005934845762757948,-1.0,-1.0,-1.0,-1.0,-1.0,false,-1.0:9070; -0.99:7; -0.97:1; -0.96:1,3af69864a7ad1118aa46b6fb5349d0e4a2e3fa45b6ca438b9ac28ad158f7fbf9,
F3321,Float64,3,0.00033,2,false,0.999449,true,0.0,-1.0,-0.99,-0.999994492785549,0.00023460992114209225,-1.0,-1.0,-1.0,-1.0,-1.0,false,-1.0:9074; -0.99:5,d726e81b8dabae215ff8a1eba3f7c4b74061543f9d553638bf4c59b90aa9aed1,
F3322,Float64,3,0.00033,3,false,0.999229,true,0.0,-1.0,-0.98,-0.9999878841282079,0.00045730444431044663,-1.0,-1.0,-1.0,-1.0,-1.0,false,-1.0:9072; -0.98:4; -0.99:3,48b584429e28f4e682f96ea5a9ac70d587c6ddef951115277102cc864c7b431f,
F3323,Float64,3,0.00033,3,false,0.999119,true,0.0,-1.0,-0.98,-0.9999878841282079,0.00043254883768467514,-1.0,-1.0,-1.0,-1.0,-1.0,false,-1.0:9071; -0.99:5; -0.98:3,20a8f9d211868254f4e24c9a18b04d5fb2bdf5dc10a7c98358ec149be5b0b236,
F3324,Float64,3,0.00033,5,false,0.997246,true,0.0,-1.0,-0.94,-0.9999592466130632,0.0010112769399755381,-1.0,-1.0,-1.0,-1.0,-1.0,false,-1.0:9054; -0.99:20; -0.98:3; -0.94:1; -0.95:1,c8560952ae495b7eee62a285b203909081b03b962b65970bab4ce8fbe1f5a1f7,
F3325,Float64,3,0.00033,4,false,0.997907,true,0.0,-1.0,-0.95,-0.9999702610419652,0.000777759078363841,-1.0,-1.0,-1.0,-1.0,-1.0,false,-1.0:9060; -0.99:14; -0.98:4; -0.95:1,055a47c27194cbe6b4ba98690c831efb8abe905dbc8474b02978a4de7b30a599,
F3326,Float64,3,0.00033,4,false,0.998568,true,0.0,-1.0,-0.95,-0.9999779711421962,0.0007114621978077896,-1.0,-1.0,-1.0,-1.0,-1.0,false,-1.0:9066; -0.99:9; -0.98:3; -0.95:1,a08ae97916d1889bbc8942c20bc3129860815bd80055d16b2e3b65d5f57d4af9,
F3327,Float64,3,0.00033,7,false,0.998128,true,0.0,-1.0,-0.92,-0.999952637955722,0.0013875452765901234,-1.0,-1.0,-1.0,-1.0,-1.0,false,-1.0:9062; -0.99:8; -0.97:3; -0.96:2; -0.98:2,fc870a4b59b5b86e748c3fc320fe036843fc661a938d8c406cbfbf2d073ab388,
F3328,Float64,3,0.00033,5,false,0.998017,true,0.0,-1.0,-0.93,-0.999964753827514,0.001027688124823766,-1.0,-1.0,-1.0,-1.0,-1.0,false,-1.0:9061; -0.99:11; -0.98:5; -0.93:1; -0.96:1,a6429f1d0b7fd03f272056e9ce131d92d86df5c2c8d8d976654a29ca6af5b985,
F3329,Float64,3,0.00033,6,false,0.998238,true,0.0,-1.0,-0.89,-0.9999614494988435,0.0013957319851927365,-1.0,-1.0,-1.0,-1.0,-1.0,false,-1.0:9063; -0.99:11; -0.96:2; -0.97:1; -0.98:1,01d3eeeb6ee9666384f570b0ec78aa8db474cbe2d0c827585ecebbe0add202b6,
F3330,Float64,3,0.00033,4,false,0.997357,true,0.0,-1.0,-0.94,-0.9999625509417337,0.0009020339831584579,-1.0,-1.0,-1.0,-1.0,-1.0,false,-1.0:9055; -0.99:18; -0.98:5; -0.94:1,aed9e21d246b33a1bcca22e242d8e2cd8b268c77dc0062cddc55de8c3a18fd1d,
F3331,Float64,3,0.00033,3,false,0.998017,true,0.0,-1.0,-0.98,-0.9999768696993062,0.0005448436193441828,-1.0,-1.0,-1.0,-1.0,-1.0,false,-1.0:9061; -0.99:15; -0.98:3,434fd07cd661bf050c9abf8fb0dc33f945e4b5056fc59894d066aabc2a632498,
F3332,Float64,3,0.00033,6,false,0.998568,true,0.0,-1.0,-0.94,-0.9999713624848553,0.0009382612668522803,-1.0,-1.0,-1.0,-1.0,-1.0,false,-1.0:9066; -0.99:7; -0.98:3; -0.97:1; -0.94:1,eb4a8747bd4df0adf66016c147fdc163dc97d9380530d67782f1d4082864bb3e,
F3333,Float64,3,0.00033,4,false,0.997577,true,0.0,-1.0,-0.96,-0.999970261041965,0.0006875580245732237,-1.0,-1.0,-1.0,-1.0,-1.0,false,-1.0:9057; -0.99:19; -0.98:2; -0.96:1,63c403f56cf5b9364ea7c1a09bce50bce4ae562f27e97180e817f4af2445e25c,
F3334,Float64,3,0.00033,4,false,0.998788,true,0.0,-1.0,-0.97,-0.999982376913757,0.0005745626979600367,-1.0,-1.0,-1.0,-1.0,-1.0,false,-1.0:9068; -0.99:8; -0.97:2; -0.98:1,aa240a0b7ac44934d22adfc42691185f4f9134b419b4562968cfaae398f9de40,
F3335,Float64,1297,0.14281,2,false,0.999872,true,0.0,-1.0,-0.89,-0.9999858702633269,0.0012466239948682879,-1.0,-1.0,-1.0,-1.0,-1.0,false,-1.0:7784; -0.89:1,de7b34da0f8ec4f02785c50fca4b5d6d0ff041270a4ef93765d913edce6b3a55,
F3336,Float64,3,0.00033,4,false,0.998788,true,0.0,-1.0,-0.97,-0.999982376913757,0.0005745626979600367,-1.0,-1.0,-1.0,-1.0,-1.0,false,-1.0:9068; -0.99:8; -0.97:2; -0.98:1,aa240a0b7ac44934d22adfc42691185f4f9134b419b4562968cfaae398f9de40,F3334
F3337,Float64,3,0.00033,5,false,0.998458,true,0.0,-1.0,-0.96,-0.9999757682564158,0.0007267086141585392,-1.0,-1.0,-1.0,-1.0,-1.0,false,-1.0:9065; -0.99:10; -0.97:2; -0.98:1; -0.96:1,af0418ee20ad90de3e09fa0ad842d4c96fe52ddc2dc9665fd20ee993c7251e1c,
F3338,Float64,1297,0.14281,1,true,1.0,true,0.0,-1.0,-1.0,-1.0,0.0,-1.0,-1.0,-1.0,-1.0,-1.0,true,-1.0:7785,a77d86150f253d6405a2467838e7833383d2063626d83805642b6580b0d8bf66,
F3339,Float64,3,0.00033,5,false,0.998458,true,0.0,-1.0,-0.96,-0.9999757682564158,0.0007267086141585392,-1.0,-1.0,-1.0,-1.0,-1.0,false,-1.0:9065; -0.99:10; -0.97:2; -0.98:1; -0.96:1,af0418ee20ad90de3e09fa0ad842d4c96fe52ddc2dc9665fd20ee993c7251e1c,F3337
F3340,Float64,7076,0.779124,2,false,0.999501,true,0.0,-1.0,-0.87,-0.9999351944167497,0.002901814270230264,-1.0,-1.0,-1.0,-1.0,-1.0,false,-1.0:2005; -0.87:1,02909fdcaec7d7fa209a6dc7c5d268b99b522ee079b845d7892e0ad2ed9cf395,
F3341,Float64,9082,1.0,0,true,1.0,true,,,,,,,,,,,,,a85e5e34b55857d604486871e07d90d2182c96ec5983828468fb8dc535a6c290,F128
F3342,Float64,7076,0.779124,2,false,0.999501,true,0.0,-1.0,-0.87,-0.9999351944167497,0.002901814270230264,-1.0,-1.0,-1.0,-1.0,-1.0,false,-1.0:2005; -0.87:1,02909fdcaec7d7fa209a6dc7c5d268b99b522ee079b845d7892e0ad2ed9cf395,F3340
F3343,Float64,7076,0.779124,2,false,0.999501,true,0.0,-1.0,-0.87,-0.9999351944167497,0.002901814270230264,-1.0,-1.0,-1.0,-1.0,-1.0,false,-1.0:2005; -0.87:1,02909fdcaec7d7fa209a6dc7c5d268b99b522ee079b845d7892e0ad2ed9cf395,F3340
F3344,Float64,9082,1.0,0,true,1.0,true,,,,,,,,,,,,,a85e5e34b55857d604486871e07d90d2182c96ec5983828468fb8dc535a6c290,F128
F3345,Float64,7076,0.779124,2,false,0.999501,true,0.0,-1.0,-0.87,-0.9999351944167497,0.002901814270230264,-1.0,-1.0,-1.0,-1.0,-1.0,false,-1.0:2005; -0.87:1,02909fdcaec7d7fa209a6dc7c5d268b99b522ee079b845d7892e0ad2ed9cf395,F3340
F3346,Float64,3,0.00033,3,false,0.999119,true,0.0,-1.0,-0.95,-0.999964753827514,0.0012934260320590551,-1.0,-1.0,-1.0,-1.0,-1.0,false,-1.0:9071; -0.95:6; -0.99:2,7f6e569bf737e86720547f5cf925c413e3445c4e9a88b8a8c262b3357e4f3111,
F3347,Float64,3,0.00033,3,false,0.999119,true,0.0,-1.0,-0.95,-0.999964753827514,0.0012934260320590551,-1.0,-1.0,-1.0,-1.0,-1.0,false,-1.0:9071; -0.95:6; -0.99:2,7f6e569bf737e86720547f5cf925c413e3445c4e9a88b8a8c262b3357e4f3111,F3346
F3348,Float64,5327,0.586545,1,true,1.0,true,0.0,-1.0,-1.0,-1.0,0.0,-1.0,-1.0,-1.0,-1.0,-1.0,true,-1.0:3755,01a51b8a9bed88265d8b07a5864c0959b1a8bd100509beed1521e45e581a8cf3,
F3349,Float64,3,0.00033,7,false,0.998238,true,0.0,-1.0,-0.91,-0.9999361163123692,0.002001292331153111,-1.0,-1.0,-1.0,-1.0,-1.0,false,-1.0:9063; -0.99:6; -0.98:3; -0.91:3; -0.97:2,15ccf18af2bcad9605ade80de0d9272b19fa49ad28635255468c72bee43a22af,
F3350,Float64,3,0.00033,7,false,0.998238,true,0.0,-1.0,-0.91,-0.9999361163123692,0.002001292331153111,-1.0,-1.0,-1.0,-1.0,-1.0,false,-1.0:9063; -0.99:6; -0.98:3; -0.91:3; -0.97:2,15ccf18af2bcad9605ade80de0d9272b19fa49ad28635255468c72bee43a22af,F3349
F3351,Float64,5327,0.586545,1,true,1.0,true,0.0,-1.0,-1.0,-1.0,0.0,-1.0,-1.0,-1.0,-1.0,-1.0,true,-1.0:3755,01a51b8a9bed88265d8b07a5864c0959b1a8bd100509beed1521e45e581a8cf3,F3348
F3352,Float64,3,0.00033,6,false,0.997577,true,0.0,-1.0,-0.91,-0.999952637955722,0.0014496595314132707,-1.0,-1.0,-1.0,-1.0,-1.0,false,-1.0:9057; -0.99:17; -0.98:2; -0.93:1; -0.94:1,70e0d2246bf87ec62436040a244f9f4577f30a0bcfedf4e3c3e18a38c6b114b7,
F3353,Float64,3,0.00033,4,false,0.998238,true,0.0,-1.0,-0.95,-0.9999713624848552,0.0008776046466699177,-1.0,-1.0,-1.0,-1.0,-1.0,false,-1.0:9063; -0.99:13; -0.96:2; -0.95:1,eba94f7bdbd2eba673b2a5c0fd7c1a9c47d0dbf360eb9884bdba37f38879e5da,
F3354,Float64,3,0.00033,7,false,0.997797,true,0.0,-1.0,-0.91,-0.9999504350699417,0.0015734642737053582,-1.0,-1.0,-1.0,-1.0,-1.0,false,-1.0:9059; -0.99:14; -0.98:2; -0.93:1; -0.97:1,81d583158217c2e635bce4ab93ba2171b18de71c6dc309395bc37d1ad28e64ac,
F3355,Float64,3,0.00033,6,false,0.998788,true,0.0,-1.0,-0.91,-0.999963652384624,0.001434704518534934,-1.0,-1.0,-1.0,-1.0,-1.0,false,-1.0:9068; -0.99:6; -0.96:2; -0.98:1; -0.92:1,5626919c029393abb47a2c22b7206095cc7c689b908ccb5824b86ca07934d106,
F3356,Float64,3,0.00033,5,false,0.997797,true,0.0,-1.0,-0.86,-0.999958145170173,0.0016048752400905574,-1.0,-1.0,-1.0,-1.0,-1.0,false,-1.0:9059; -0.99:16; -0.97:2; -0.86:1; -0.98:1,3d9a1af90305ea5de8bd3c605a7f9edc0b66dbb5761a93cb23e899284f2a95f1,
F3357,Float64,3,0.00033,6,false,0.998458,true,0.0,-1.0,-0.9,-0.9999603480559532,0.0015057888554232206,-1.0,-1.0,-1.0,-1.0,-1.0,false,-1.0:9065; -0.99:9; -0.98:2; -0.92:1; -0.9:1,6e7e3d77cdffed26f545833d1e162678e97f87f1fdbae470e416400c8b7e4e10,
F3358,Float64,3,0.00033,3,false,0.998788,true,0.0,-1.0,-0.95,-0.9999834783566472,0.0006206706428260275,-1.0,-1.0,-1.0,-1.0,-1.0,false,-1.0:9068; -0.99:10; -0.95:1,6b8afe300e8d451e78eb214e712eea29b930b6ec8445b0e9d8059312c0bdb7f4,
F3359,Float64,3,0.00033,4,false,0.998128,true,0.0,-1.0,-0.94,-0.9999746668135258,0.0007779150463035404,-1.0,-1.0,-1.0,-1.0,-1.0,false,-1.0:9062; -0.99:15; -0.94:1; -0.98:1,d3c043a2e40db955d60da1f9b3a773fa8e8fb861cf674b3621baa86258fe4aac,
F3360,Float64,3,0.00033,5,false,0.998458,true,0.0,-1.0,-0.96,-0.9999757682564158,0.000711390576328153,-1.0,-1.0,-1.0,-1.0,-1.0,false,-1.0:9065; -0.99:9; -0.98:3; -0.97:1; -0.96:1,46211773f4334b82fe8c64a65e6bb2fd4c211c7ad13ba4f13293916ce910360e,
F3361,Float64,3,0.00033,6,false,0.999229,true,0.0,-1.0,-0.46,-0.9999107831258948,0.005830401561592576,-1.0,-1.0,-1.0,-1.0,-1.0,false,-1.0:9072; -0.99:2; -0.92:2; -0.46:1; -0.95:1,45761f2aee9c5e33f63e2e30f9dab8f8f6c1db1da7ea05d2a7d9cec5b5a357be,
F3362,Float64,3,0.00033,7,false,0.999339,true,0.0,-1.0,-0.4,-0.9999074787972243,0.006439858622007716,-1.0,-1.0,-1.0,-1.0,-1.0,false,-1.0:9073; -0.98:1; -0.91:1; -0.96:1; -0.99:1,365ae35f44cc082949295334589363440106f15c4bede4ec67702874ce40d8b7,
F3363,Float64,3,0.00033,8,false,0.998238,true,0.0,-1.0,-0.92,-0.9999548408415024,0.0013876187186073626,-1.0,-1.0,-1.0,-1.0,-1.0,false,-1.0:9063; -0.99:8; -0.97:2; -0.98:2; -0.94:1,c15e2af96b63b8c43a095a52a3078253e3ccca7b5020f1c59be06734e432c62d,
F3364,Float64,2,0.00022,4,false,0.998678,true,0.0,-1.0,-0.97,-0.9999790748898678,0.000620503581643198,-1.0,-1.0,-1.0,-1.0,-1.0,false,-1.0:9068; -0.99:6; -0.98:5; -0.97:1,ffdbf9f4458e5b61c195c36b2baffeb765e3ab01461ec77cc37482c971ca7b92,
F3365,Float64,2,0.00022,4,false,0.998458,true,0.0,-1.0,-0.96,-0.99997577092511,0.0006956970962475975,-1.0,-1.0,-1.0,-1.0,-1.0,false,-1.0:9066; -0.99:8; -0.98:5; -0.96:1,6e8d82126780ce67feff5340e796580c72967a87c5b661dee0507bb0dcd48259,
F3366,Float64,2,0.00022,2,false,0.999009,true,0.0,-1.0,-0.99,-0.9999900881057269,0.0003146755425564498,-1.0,-1.0,-1.0,-1.0,-1.0,false,-1.0:9071; -0.99:9,bd37b87a794f9569e7ab41f2984833d8fc1ef17f81537721a26a20503d2715db,
F3367,Float64,2,0.00022,4,false,0.998348,true,0.0,-1.0,-0.97,-0.9999746696035243,0.0006714910433018787,-1.0,-1.0,-1.0,-1.0,-1.0,false,-1.0:9065; -0.99:8; -0.98:6; -0.97:1,3bbaef6ca1c34c02248da29626570fe8df5d0bdc9855263b560160e9c038af1c,
F3368,Float64,2,0.00022,4,false,0.998018,true,0.0,-1.0,-0.96,-0.9999713656387665,0.0007265083857673163,-1.0,-1.0,-1.0,-1.0,-1.0,false,-1.0:9062; -0.99:12; -0.98:5; -0.96:1,473ef50299353940af98b6f95a667ee76b80ae87e0eb08a82d9fdc6ee91cfd38,
F3369,Float64,2,0.00022,3,false,0.998238,true,0.0,-1.0,-0.96,-0.9999724669603525,0.0008191752554421106,-1.0,-1.0,-1.0,-1.0,-1.0,false,-1.0:9064; -0.99:13; -0.96:3,2042b5235e26aea84e2746cc4be47e046337003e8b6c33eaa030edfb9bb10125,
F3370,Float64,2,0.00022,3,false,0.998238,true,0.0,-1.0,-0.98,-0.9999801762114537,0.0004918310343058397,-1.0,-1.0,-1.0,-1.0,-1.0,false,-1.0:9064; -0.99:14; -0.98:2,060fa23d1468a5d4b061ee6c8c6838383cf16dadb85bff1a51583b32338f47ec,
F3371,Float64,2,0.00022,3,false,0.998458,true,0.0,-1.0,-0.98,-0.9999834801762115,0.00043237919124944016,-1.0,-1.0,-1.0,-1.0,-1.0,false,-1.0:9066; -0.99:13; -0.98:1,87e8ed78f6bb4f82b0775b87a086638b4d3ce17304474ceaa82d30151bf0ba67,
F3372,Float64,2,0.00022,5,false,0.997026,true,0.0,-1.0,-0.94,-0.9999592511013217,0.0009318710104515185,-1.0,-1.0,-1.0,-1.0,-1.0,false,-1.0:9053; -0.99:22; -0.98:3; -0.94:1; -0.97:1,e2239f06ca284cdbe55182de3b55fc2c88fed2e9912fce83f758094fbf6dd80c,
F3373,Float64,2,0.00022,6,false,0.997577,true,0.0,-1.0,-0.74,-0.9999361233480176,0.0029037980510615994,-1.0,-1.0,-1.0,-1.0,-1.0,false,-1.0:9058; -0.99:17; -0.98:2; -0.93:1; -0.74:1,aced6645b459d93647b314b72967d68dd656c4b22911b411fc0fd2a3f4b10a6d,
F3374,Float64,2,0.00022,5,false,0.997687,true,0.0,-1.0,-0.8,-0.9999493392070483,0.0022107241631346077,-1.0,-1.0,-1.0,-1.0,-1.0,false,-1.0:9059; -0.99:16; -0.98:3; -0.96:1; -0.8:1,72168d489207774fdb8bc157c9cc3b10633f301448dce4dcb50c660f97de335c,
F3375,Float64,2,0.00022,7,false,0.996916,true,0.0,-1.0,-0.64,-0.9999052863436123,0.0041518339753097025,-1.0,-1.0,-1.0,-1.0,-1.0,false,-1.0:9052; -0.99:21; -0.98:3; -0.96:1; -0.95:1,b9df5ea9a4e720ba23cbbfefef643944bef76cec740e16166487a499b63776db,
F3376,Float64,2,0.00022,3,false,0.99978,true,0.0,-1.0,-0.98,-0.9999966960352422,0.00023463836666673697,-1.0,-1.0,-1.0,-1.0,-1.0,false,-1.0:9078; -0.98:1; -0.99:1,60a7d6967ec66701926404b7b8fc492a75035943cc74f22292bc48b6c0f2ad79,
F3377,Float64,2,0.00022,3,false,0.999339,true,0.0,-1.0,-0.98,-0.9999911894273128,0.0003634294486104468,-1.0,-1.0,-1.0,-1.0,-1.0,false,-1.0:9074; -0.99:4; -0.98:2,2c1ca0b27a27d4a97c3cbc0192cfcde4a02e5956b3a872bae073c1d28eaa3cac,
F3378,Float64,2,0.00022,2,false,0.999559,true,0.0,-1.0,-0.99,-0.9999955947136563,0.00020984150420818616,-1.0,-1.0,-1.0,-1.0,-1.0,false,-1.0:9076; -0.99:4,1bfc8520e94d539f137aff17950b20f58211e4505cf6498b206dae6d31ac0c4a,
F3379,Float64,2,0.00022,3,false,0.999009,true,0.0,-1.0,-0.98,-0.9999856828193832,0.0004807000638431783,-1.0,-1.0,-1.0,-1.0,-1.0,false,-1.0:9071; -0.99:5; -0.98:4,82a11930607a4b6ff859fd1bfa18a486dbbf0e820c494608d2834e8fa7b0c364,
F3380,Float64,2,0.00022,3,false,0.999009,true,0.0,-1.0,-0.98,-0.9999856828193832,0.0004807000638431783,-1.0,-1.0,-1.0,-1.0,-1.0,false,-1.0:9071; -0.99:5; -0.98:4,82a11930607a4b6ff859fd1bfa18a486dbbf0e820c494608d2834e8fa7b0c364,F3379
F3381,Float64,2,0.00022,3,false,0.998899,true,0.0,-1.0,-0.98,-0.9999845814977975,0.000491988840004025,-1.0,-1.0,-1.0,-1.0,-1.0,false,-1.0:9070; -0.99:6; -0.98:4,34d328959ee068126f08760cf3b7e58a5805b60eb37be3580f6ce01df6e350a1,
F3382,Float64,2,0.00022,2,false,0.99978,true,0.0,-1.0,-0.98,-0.9999955947136563,0.00029679339669958567,-1.0,-1.0,-1.0,-1.0,-1.0,false,-1.0:9078; -0.98:2,29232c148b6bfbd5f34637c526ae07df2c84de27aee6f96fd19f406370c21c8a,
F3383,Float64,2,0.00022,3,false,0.999339,true,0.0,-1.0,-0.97,-0.9999889867841409,0.0004921071610687263,-1.0,-1.0,-1.0,-1.0,-1.0,false,-1.0:9074; -0.99:4; -0.97:2,675affc8394143e0518a4b9fe81698a9a5ae2bf31f5486426b289ac56841e9a5,
F3384,Float64,2,0.00022,3,false,0.999559,true,0.0,-1.0,-0.98,-0.9999944933920704,0.00027760077140081326,-1.0,-1.0,-1.0,-1.0,-1.0,false,-1.0:9076; -0.99:3; -0.98:1,f3912645b2d932173e0126b09033836fe177b51be16581d279525461b68a93f0,
F3385,Float64,2,0.00022,2,false,0.998899,true,0.0,-1.0,-0.99,-0.9999889867841409,0.0003316788622549694,-1.0,-1.0,-1.0,-1.0,-1.0,false,-1.0:9070; -0.99:10,8448079238daaa2863789b52518463cd8489c742d69562be2d017e571daf592a,
F3386,Float64,2,0.00022,3,false,0.998899,true,0.0,-1.0,-0.98,-0.9999845814977975,0.0004919888400040248,-1.0,-1.0,-1.0,-1.0,-1.0,false,-1.0:9070; -0.99:6; -0.98:4,7597875443a4d0dcfb45bd906cd67a37c7d9059d2c1e8befc170b8fbb48308ae,
F3387,Float64,2,0.00022,2,false,0.998458,true,0.0,-1.0,-0.99,-0.9999845814977972,0.00039236117521520794,-1.0,-1.0,-1.0,-1.0,-1.0,false,-1.0:9066; -0.99:14,7c59a7c37b7d63d5e9211ee9fd1c57441d542dddeecc847664a3c2a7b91a7baf,
F3388,Float64,2,0.00022,2,false,0.99978,true,0.0,-1.0,-0.98,-0.9999955947136563,0.00029679339669958567,-1.0,-1.0,-1.0,-1.0,-1.0,false,-1.0:9078; -0.98:2,29232c148b6bfbd5f34637c526ae07df2c84de27aee6f96fd19f406370c21c8a,F3382
F3389,Float64,2,0.00022,3,false,0.999339,true,0.0,-1.0,-0.97,-0.9999889867841409,0.0004921071610687263,-1.0,-1.0,-1.0,-1.0,-1.0,false,-1.0:9074; -0.99:4; -0.97:2,675affc8394143e0518a4b9fe81698a9a5ae2bf31f5486426b289ac56841e9a5,F3383
F3390,Float64,2,0.00022,3,false,0.999559,true,0.0,-1.0,-0.98,-0.9999944933920704,0.00027760077140081326,-1.0,-1.0,-1.0,-1.0,-1.0,false,-1.0:9076; -0.99:3; -0.98:1,f3912645b2d932173e0126b09033836fe177b51be16581d279525461b68a93f0,F3384
F3391,Float64,2,0.00022,2,false,0.998899,true,0.0,-1.0,-0.99,-0.9999889867841409,0.0003316788622549694,-1.0,-1.0,-1.0,-1.0,-1.0,false,-1.0:9070; -0.99:10,8448079238daaa2863789b52518463cd8489c742d69562be2d017e571daf592a,F3385
F3392,Float64,2,0.00022,3,false,0.998899,true,0.0,-1.0,-0.98,-0.9999845814977975,0.0004919888400040248,-1.0,-1.0,-1.0,-1.0,-1.0,false,-1.0:9070; -0.99:6; -0.98:4,7597875443a4d0dcfb45bd906cd67a37c7d9059d2c1e8befc170b8fbb48308ae,F3386
F3393,Float64,2,0.00022,2,false,0.998458,true,0.0,-1.0,-0.99,-0.9999845814977972,0.00039236117521520794,-1.0,-1.0,-1.0,-1.0,-1.0,false,-1.0:9066; -0.99:14,7c59a7c37b7d63d5e9211ee9fd1c57441d542dddeecc847664a3c2a7b91a7baf,F3387
F3394,Float64,2,0.00022,2,false,0.998899,true,0.0,-1.0,-0.99,-0.9999889867841409,0.0003316788622549694,-1.0,-1.0,-1.0,-1.0,-1.0,false,-1.0:9070; -0.99:10,4aa3cb2eba33d60aa9c7eada2aa1e0232b711c2def440057a0c230a9797d7a27,
F3395,Float64,5845,0.643581,1,true,1.0,true,0.0,-1.0,-1.0,-1.0,0.0,-1.0,-1.0,-1.0,-1.0,-1.0,true,-1.0:3237,92e3901ae795084e475c34d225d2f69cdf49c0964b624876e861a25126212b94,
F3396,Float64,2,0.00022,2,false,0.998899,true,0.0,-1.0,-0.99,-0.9999889867841409,0.0003316788622549694,-1.0,-1.0,-1.0,-1.0,-1.0,false,-1.0:9070; -0.99:10,4aa3cb2eba33d60aa9c7eada2aa1e0232b711c2def440057a0c230a9797d7a27,F3394
F3397,Float64,2,0.00022,2,false,0.998678,true,0.0,-1.0,-0.99,-0.9999867841409693,0.0003632959281060653,-1.0,-1.0,-1.0,-1.0,-1.0,false,-1.0:9068; -0.99:12,6d1a230fa75127f0afa5edde6be5556bc88f9865faec654ba7d50721dcb55e02,
F3398,Float64,5845,0.643581,1,true,1.0,true,0.0,-1.0,-1.0,-1.0,0.0,-1.0,-1.0,-1.0,-1.0,-1.0,true,-1.0:3237,92e3901ae795084e475c34d225d2f69cdf49c0964b624876e861a25126212b94,F3395
F3399,Float64,2,0.00022,2,false,0.998678,true,0.0,-1.0,-0.99,-0.9999867841409693,0.0003632959281060653,-1.0,-1.0,-1.0,-1.0,-1.0,false,-1.0:9068; -0.99:12,6d1a230fa75127f0afa5edde6be5556bc88f9865faec654ba7d50721dcb55e02,F3397
F3400,Float64,2,0.00022,3,false,0.999119,true,0.0,-1.0,-0.97,-0.9999889867841412,0.00041963098410500635,-1.0,-1.0,-1.0,-1.0,-1.0,false,-1.0:9072; -0.99:7; -0.97:1,470a41005d03e42c9012af20753e97388f0671aabe6dcd7db0d8b8c6f8ba7f89,
F3401,Float64,111,0.012222,6,false,0.999331,true,0.0,-1.0,-0.83,-0.9999598706944599,0.0021269893138922535,-1.0,-1.0,-1.0,-1.0,-1.0,false,-1.0:8965; -0.99:2; -0.83:1; -0.97:1; -0.91:1,fbb3dad1df87640c36749f024719546ec3e9d27ead72a15ac2f42ea837d385a8,
F3402,Float64,2,0.00022,3,false,0.999119,true,0.0,-1.0,-0.97,-0.9999889867841412,0.00041963098410500635,-1.0,-1.0,-1.0,-1.0,-1.0,false,-1.0:9072; -0.99:7; -0.97:1,470a41005d03e42c9012af20753e97388f0671aabe6dcd7db0d8b8c6f8ba7f89,F3400
F3403,Float64,2,0.00022,4,false,0.998678,true,0.0,-1.0,-0.96,-0.9999746696035243,0.0008325809090612902,-1.0,-1.0,-1.0,-1.0,-1.0,false,-1.0:9068; -0.99:7; -0.96:3; -0.98:2,9aff8e44c87e46c52b273339e70e201830435ffcbd92aea4a2e5afd3489655c9,
F3404,Float64,111,0.012222,4,false,0.999443,true,0.0,-1.0,-0.89,-0.9999821647530933,0.001194362447711634,-1.0,-1.0,-1.0,-1.0,-1.0,false,-1.0:8966; -0.99:3; -0.89:1; -0.98:1,ecd10726754398b74ca54c49249b65f0a60fa460f502d531d45fc3d9934c0df7,
F3405,Float64,2,0.00022,5,false,0.998789,true,0.0,-1.0,-0.95,-0.9999746696035243,0.0008839098919039039,-1.0,-1.0,-1.0,-1.0,-1.0,false,-1.0:9069; -0.99:6; -0.96:2; -0.98:2; -0.95:1,37561f0cc44f2696426c8093449b44960b99bc7a777c7a18cabf3e2f12c808c2,
F3406,Float64,2,0.00022,2,false,0.999119,true,0.0,-1.0,-0.99,-0.9999911894273128,0.00029669529939176656,-1.0,-1.0,-1.0,-1.0,-1.0,false,-1.0:9072; -0.99:8,b11a69fc969a42ef4a78ef9a23cd3d280d3877455222b38d479ea32db0f48a55,
F3407,Float64,3,0.00033,7,false,0.998128,true,0.0,-1.0,-0.74,-0.9999306090979182,0.003002665844434376,-1.0,-1.0,-1.0,-1.0,-1.0,false,-1.0:9062; -0.99:10; -0.95:2; -0.97:2; -0.93:1,99a2d796cb4e3a487dd250d8996a259315fbe1d4316ab03f5d9da3a69b50f3b1,
F3408,Float64,2,0.00022,2,false,0.999229,true,0.0,-1.0,-0.99,-0.9999922907488987,0.00027754833535921774,-1.0,-1.0,-1.0,-1.0,-1.0,false,-1.0:9073; -0.99:7,6d8373471a81685df4ef5802d6f3a5024ed62dab5e4cbd54e3c1a5aaba406900,
F3409,Float64,2,0.00022,7,false,0.998458,true,0.0,-1.0,-0.92,-0.9999614537444933,0.001314377828500717,-1.0,-1.0,-1.0,-1.0,-1.0,false,-1.0:9066; -0.99:7; -0.98:3; -0.97:1; -0.92:1,21730140a0dc1d90d962bf2cebe4937f8be17ebbd768a976cb21c31570b51d89,
F3410,Float64,3,0.00033,8,false,0.998568,true,0.0,-1.0,-0.72,-0.9999306090979182,0.0032425244029900472,-1.0,-1.0,-1.0,-1.0,-1.0,false,-1.0:9066; -0.99:5; -0.98:2; -0.96:2; -0.94:1,d302707b3a4ca6751fd5841b1aa95d3e3b02397091dc9ff588694127c31aec1f,
F3411,Float64,2,0.00022,4,false,0.998899,true,0.0,-1.0,-0.93,-0.9999801762114537,0.0008393168843682622,-1.0,-1.0,-1.0,-1.0,-1.0,false,-1.0:9070; -0.99:7; -0.98:2; -0.93:1,df4cbc10f67275ad0a667d21dd501c553b152e1e38a6e457aa033465482871f6,
F3412,Float64,2,0.00022,5,false,0.999559,true,0.0,-1.0,-0.8,-0.9999691629955947,0.0021759439097877886,-1.0,-1.0,-1.0,-1.0,-1.0,false,-1.0:9076; -0.8:1; -0.99:1; -0.95:1; -0.98:1,e9f430995fcd5792d79da68697ff80500e3346cfc31ecc0dcdfda87a5376f528,
F3413,Float64,2,0.00022,5,false,0.998458,true,0.0,-1.0,-0.92,-0.9999702643171806,0.0010542535705082435,-1.0,-1.0,-1.0,-1.0,-1.0,false,-1.0:9066; -0.99:9; -0.98:3; -0.96:1; -0.92:1,5d4ba264a9537693f7c591a9328467d69cf4660eecfb7a793f71f6076fc558e1,
F3414,Float64,2,0.00022,5,false,0.999559,true,0.0,-1.0,-0.79,-0.9999669603524229,0.00228936653478351,-1.0,-1.0,-1.0,-1.0,-1.0,false,-1.0:9076; -0.99:1; -0.79:1; -0.95:1; -0.97:1,09cbf717576561afbca78cd07516c6f2cf8bae35dd9e62ae5585592fff81fa83,
F3415,Float64,2,0.00022,5,false,0.999449,true,0.0,-1.0,-0.65,-0.9999251101321586,0.004776376740543672,-1.0,-1.0,-1.0,-1.0,-1.0,false,-1.0:9075; -0.99:2; -0.98:1; -0.65:1; -0.71:1,d9342a15a50f5f6812225a18b0014ac3f31207922053aef500c3f3bd41bbc614,
F3416,Float64,2,0.00022,5,false,0.999119,true,0.0,-1.0,-0.67,-0.9999504405286342,0.0035164449758939196,-1.0,-1.0,-1.0,-1.0,-1.0,false,-1.0:9072; -0.99:5; -0.98:1; -0.67:1; -0.95:1,705f29907683ed440618d4051636ff484530748d3119c6d0a284d6b47503acfe,
F3417,Float64,2,0.00022,5,false,0.999339,true,0.0,-1.0,-0.62,-0.9999471365638767,0.004017782959103247,-1.0,-1.0,-1.0,-1.0,-1.0,false,-1.0:9074; -0.98:3; -0.99:1; -0.62:1; -0.97:1,13468bbb58291fd082c5404951f5b5b60a4412ce8e50d1d28098850f50cce7c9,
F3418,Float64,2,0.00022,3,false,0.998789,true,0.0,-1.0,-0.98,-0.9999867841409693,0.00039244154099242484,-1.0,-1.0,-1.0,-1.0,-1.0,false,-1.0:9069; -0.99:10; -0.98:1,9345e25080a00a2907cdc2717203ab47aa2ca2b1da9d508d5bb87571c32ff5fd,
F3419,Float64,2,0.00022,3,false,0.998899,true,0.0,-1.0,-0.98,-0.9999856828193832,0.0004572156161602247,-1.0,-1.0,-1.0,-1.0,-1.0,false,-1.0:9070; -0.99:7; -0.98:3,0c1fe457d21296acb2cb573d3464aedc2a0a54eee657b7c24215041030707998,
F3420,Float64,2,0.00022,4,false,0.997797,true,0.0,-1.0,-0.97,-0.9999724669603525,0.0006377545911335383,-1.0,-1.0,-1.0,-1.0,-1.0,false,-1.0:9060; -0.99:16; -0.98:3; -0.97:1,238b6c92d1ab9c8e64e8b914befbc1a7018e9c2c272f160f82996b5604e10905,
F3421,Float64,2,0.00022,4,false,0.998678,true,0.0,-1.0,-0.97,-0.9999801762114537,0.0005933210976331962,-1.0,-1.0,-1.0,-1.0,-1.0,false,-1.0:9068; -0.99:7; -0.98:4; -0.97:1,dfba129917d087ec6bcc9afddefc52f34e30f686fb7a8706845f7528e391d783,
F3422,Float64,2,0.00022,3,false,0.998678,true,0.0,-1.0,-0.98,-0.999979074889868,0.0006024933718423592,-1.0,-1.0,-1.0,-1.0,-1.0,false,-1.0:9068; -0.98:7; -0.99:5,dfd81ab5e28b9c08a2ddd1c7780555c9bfecdd8254d9d3bb8acbb8964714ba50,
F3423,Float64,2,0.00022,4,false,0.997577,true,0.0,-1.0,-0.96,-0.9999713656387667,0.0006631053518996697,-1.0,-1.0,-1.0,-1.0,-1.0,false,-1.0:9058; -0.99:20; -0.96:1; -0.98:1,fd18262d7e3e499559f8383a4dd4d454b441ab492c2ab647a26e30a1c90a8d6b,
F3424,Float64,2,0.00022,3,false,0.999009,true,0.0,-1.0,-0.97,-0.9999856828193832,0.0005245239887888437,-1.0,-1.0,-1.0,-1.0,-1.0,false,-1.0:9071; -0.99:7; -0.97:2,848807dedeaeb86a1813ad8a74071349ae31ba8c474f40cb26240da5af244ff7,
F3425,Float64,2,0.00022,4,false,0.998789,true,0.0,-1.0,-0.93,-0.9999724669603525,0.001115228821273127,-1.0,-1.0,-1.0,-1.0,-1.0,false,-1.0:9069; -0.99:7; -0.93:2; -0.98:2,3259556dc9b90ad6c0f4c4c9464638cc4c044887732060635a45bc4741bd19ca,
F3426,Float64,2,0.00022,3,false,0.999229,true,0.0,-1.0,-0.98,-0.9999911894273126,0.00033174467953417386,-1.0,-1.0,-1.0,-1.0,-1.0,false,-1.0:9073; -0.99:6; -0.98:1,a38bf289aff8e989cf110fca866322343b30e1e7794484d801d3b6863b113456,
F3427,Float64,2,0.00022,2,false,0.999339,true,0.0,-1.0,-0.99,-0.9999933920704844,0.00025697398783087837,-1.0,-1.0,-1.0,-1.0,-1.0,false,-1.0:9074; -0.99:6,bd50508bab1d74658039ff7fd8be08aa6f09fd3d7f053661c87cb8c9f24e8cff,
F3428,Float64,2,0.00022,4,false,0.999229,true,0.0,-1.0,-0.95,-0.9999856828193832,0.0006381880640715003,-1.0,-1.0,-1.0,-1.0,-1.0,false,-1.0:9073; -0.99:4; -0.98:2; -0.95:1,4b45600d0500ad5c28b428291b4839946debeb01f12ea625e6b265cd909e6385,
F3429,Float64,2,0.00022,2,false,0.999559,true,0.0,-1.0,-0.99,-0.9999955947136563,0.00020984150420818616,-1.0,-1.0,-1.0,-1.0,-1.0,false,-1.0:9076; -0.99:4,b4ca14703b09174d7cca00b23095383d1a6e463111890d6ea5428d408b0e704e,
F3430,Float64,2,0.00022,3,false,0.999229,true,0.0,-1.0,-0.98,-0.999987885462555,0.0004572792793294723,-1.0,-1.0,-1.0,-1.0,-1.0,false,-1.0:9073; -0.98:4; -0.99:3,fb5eefa06359cdff3569f851e9146d7a38095b30c515d95dbfa3a7834ccaa846,
F3431,Float64,2,0.00022,4,false,0.999449,true,0.0,-1.0,-0.97,-0.9999889867841412,0.0005139998926976376,-1.0,-1.0,-1.0,-1.0,-1.0,false,-1.0:9075; -0.97:2; -0.99:2; -0.98:1,dac7d0063f8bbd7d294902a26b750a0b9e340488f6789bbdf3c7648a891aa82b,
F3432,Float64,2,0.00022,5,false,0.998238,true,0.0,-1.0,-0.93,-0.9999702643171806,0.0009670776272796752,-1.0,-1.0,-1.0,-1.0,-1.0,false,-1.0:9064; -0.99:12; -0.98:2; -0.96:1; -0.93:1,b5f57e9fe2462fbff1608673b9105f51cad4ce351cf5ff6e30ab8dfe4957f9f0,
F3433,Float64,2,0.00022,4,false,0.998458,true,0.0,-1.0,-0.96,-0.99997577092511,0.0006956970962475975,-1.0,-1.0,-1.0,-1.0,-1.0,false,-1.0:9066; -0.99:8; -0.98:5; -0.96:1,511c028545414053d4ba7589ebb4cc723f8711e1f48f14e5d6635ff52c665a29,
F3434,Float64,2,0.00022,4,false,0.998348,true,0.0,-1.0,-0.97,-0.9999746696035243,0.0006714910433018787,-1.0,-1.0,-1.0,-1.0,-1.0,false,-1.0:9065; -0.99:8; -0.98:6; -0.97:1,71cca534a36623597fc2d661ae1eb80bb2291b59e5d4c80aebee1660ac41a828,
F3435,Float64,2,0.00022,6,false,0.998018,true,0.0,-1.0,-0.93,-0.9999603524229074,0.0011679327190170323,-1.0,-1.0,-1.0,-1.0,-1.0,false,-1.0:9062; -0.99:10; -0.98:5; -0.97:1; -0.93:1,09a2405e11872eb103f7ca299fdc75e60062ed6cf227a314803c2fee22f35316,
F3436,Float64,2,0.00022,5,false,0.997687,true,0.0,-1.0,-0.92,-0.999963656387665,0.001074740344009052,-1.0,-1.0,-1.0,-1.0,-1.0,false,-1.0:9059; -0.99:17; -0.98:2; -0.96:1; -0.92:1,513508b0bab8c7edd1c12fac32377a4dfadef5f6f567e94724b8f48d7baedd68,
F3437,Float64,2,0.00022,5,false,0.998568,true,0.0,-1.0,-0.89,-0.9999658590308369,0.0013393985886384376,-1.0,-1.0,-1.0,-1.0,-1.0,false,-1.0:9067; -0.99:7; -0.97:3; -0.98:2; -0.89:1,965f522f688d67b3553267e1939f435b60cc8c1587b859df9ffbb24a5a1b925e,
F3438,Float64,2,0.00022,5,false,0.997467,true,0.0,-1.0,-0.93,-0.9999625550660792,0.0009837483786611229,-1.0,-1.0,-1.0,-1.0,-1.0,false,-1.0:9057; -0.99:18; -0.98:3; -0.93:1; -0.97:1,f2b6326e36db2a6d62dd3a0449f4f91fc030a6436712c3a228702a05648c03f4,
F3439,Float64,2,0.00022,5,false,0.997907,true,0.0,-1.0,-0.96,-0.9999691629955948,0.0008123066112627422,-1.0,-1.0,-1.0,-1.0,-1.0,false,-1.0:9061; -0.99:15; -0.96:2; -0.97:1; -0.98:1,3f9307eece9157bc01d920728e0b9f3fa889224407bee1bfe830383d768c43fc,
F3440,Float64,2,0.00022,5,false,0.998899,true,0.0,-1.0,-0.94,-0.9999757709251103,0.0009265224168547611,-1.0,-1.0,-1.0,-1.0,-1.0,false,-1.0:9070; -0.99:6; -0.96:2; -0.94:1; -0.98:1,525eb9ef1d0e97168932da734cc058b81c59143a094755bdfdda1d2a79cf0fe7,
F3441,Float64,2,0.00022,4,false,0.997357,true,0.0,-1.0,-0.93,-0.9999647577092511,0.0009379846745364431,-1.0,-1.0,-1.0,-1.0,-1.0,false,-1.0:9056; -0.99:22; -0.97:1; -0.93:1,6c63d477d26211e70f0a778e880c5ef28eb7c97a27568d85ec60defcfdda29cc,
F3442,Float64,2,0.00022,3,false,0.998899,true,0.0,-1.0,-0.98,-0.9999845814977975,0.0004919888400040248,-1.0,-1.0,-1.0,-1.0,-1.0,false,-1.0:9070; -0.99:6; -0.98:4,03be7cbdab76102bc9cd22d02be5cd052b4042f00800bf58c3d97a4ef6ba1444,
F3443,Float64,246,0.027087,4,false,0.999434,true,0.0,-1.0,-0.89,-0.9999637845178815,0.0017987348757405304,-1.0,-1.0,-1.0,-1.0,-1.0,false,-1.0:8831; -0.89:2; -0.98:2; -0.94:1,ab3df792e6600396c8ede024ec1ba5e9529472a503a82885ebc6f3d2a4871947,
F3444,Float64,2,0.00022,3,false,0.998899,true,0.0,-1.0,-0.98,-0.9999845814977975,0.0004919888400040248,-1.0,-1.0,-1.0,-1.0,-1.0,false,-1.0:9070; -0.99:6; -0.98:4,03be7cbdab76102bc9cd22d02be5cd052b4042f00800bf58c3d97a4ef6ba1444,F3442
F3445,Float64,2,0.00022,3,false,0.998568,true,0.0,-1.0,-0.98,-0.9999812775330397,0.0005243852264382455,-1.0,-1.0,-1.0,-1.0,-1.0,false,-1.0:9067; -0.99:9; -0.98:4,9b5b193efda26ba4162e0a5911e4ea8bc366526e7fb2eb5beb0806eacbf76e67,
F3446,Float64,246,0.027087,3,false,0.999774,true,0.0,-1.0,-0.95,-0.9999932095971026,0.0005424063814541318,-1.0,-1.0,-1.0,-1.0,-1.0,false,-1.0:8834; -0.99:1; -0.95:1,5d17e97dc776318cb4e4982659ef49c565de6c8a5a2a94d9537cd6852507f5ed,
F3447,Float64,2,0.00022,3,false,0.998568,true,0.0,-1.0,-0.98,-0.9999812775330397,0.0005243852264382455,-1.0,-1.0,-1.0,-1.0,-1.0,false,-1.0:9067; -0.99:9; -0.98:4,9b5b193efda26ba4162e0a5911e4ea8bc366526e7fb2eb5beb0806eacbf76e67,F3445
F3448,Float64,7076,0.779124,2,false,0.999501,true,0.0,-1.0,-0.88,-0.9999401794616152,0.002678597787904859,-1.0,-1.0,-1.0,-1.0,-1.0,false,-1.0:2005; -0.88:1,1691d8b8d9a7353a718584596aaaec3d79581ebfd520cb556769b9fed4527c51,
F3449,Float64,9082,1.0,0,true,1.0,true,,,,,,,,,,,,,a85e5e34b55857d604486871e07d90d2182c96ec5983828468fb8dc535a6c290,F128
F3450,Float64,7076,0.779124,2,false,0.999501,true,0.0,-1.0,-0.88,-0.9999401794616152,0.002678597787904859,-1.0,-1.0,-1.0,-1.0,-1.0,false,-1.0:2005; -0.88:1,1691d8b8d9a7353a718584596aaaec3d79581ebfd520cb556769b9fed4527c51,F3448
F3451,Float64,7076,0.779124,2,false,0.999501,true,0.0,-1.0,-0.87,-0.9999351944167497,0.002901814270230264,-1.0,-1.0,-1.0,-1.0,-1.0,false,-1.0:2005; -0.87:1,02909fdcaec7d7fa209a6dc7c5d268b99b522ee079b845d7892e0ad2ed9cf395,F3340
F3452,Float64,9082,1.0,0,true,1.0,true,,,,,,,,,,,,,a85e5e34b55857d604486871e07d90d2182c96ec5983828468fb8dc535a6c290,F128
F3453,Float64,7076,0.779124,2,false,0.999501,true,0.0,-1.0,-0.87,-0.9999351944167497,0.002901814270230264,-1.0,-1.0,-1.0,-1.0,-1.0,false,-1.0:2005; -0.87:1,02909fdcaec7d7fa209a6dc7c5d268b99b522ee079b845d7892e0ad2ed9cf395,F3340
F3454,Float64,2,0.00022,6,false,0.999119,true,0.0,-1.0,-0.92,-0.9999724669603525,0.0011053094101111183,-1.0,-1.0,-1.0,-1.0,-1.0,false,-1.0:9072; -0.98:3; -0.97:2; -0.92:1; -0.96:1,c14d41f689a84c19beafc95bb0f793aadd31c003df4ef11a0dea9fcd0ffc173e,
F3455,Float64,2,0.00022,6,false,0.999119,true,0.0,-1.0,-0.92,-0.9999724669603525,0.0011053094101111183,-1.0,-1.0,-1.0,-1.0,-1.0,false,-1.0:9072; -0.98:3; -0.97:2; -0.96:1; -0.99:1,c14d41f689a84c19beafc95bb0f793aadd31c003df4ef11a0dea9fcd0ffc173e,F3454
F3456,Float64,5319,0.585664,1,true,1.0,true,0.0,-1.0,-1.0,-1.0,0.0,-1.0,-1.0,-1.0,-1.0,-1.0,true,-1.0:3763,25b9f1025f693d2f336c14a002c505eb7d4867bd4258ebad624fcae20f90e65a,
F3457,Float64,2,0.00022,8,false,0.997797,true,0.0,-1.0,-0.93,-0.999942731277533,0.0015835824921001224,-1.0,-1.0,-1.0,-1.0,-1.0,false,-1.0:9060; -0.99:11; -0.95:2; -0.93:2; -0.98:2,82fd0f893be9c8bfd361f3bdee603572553cce47773504275ae3e0f78de76899,
F3458,Float64,2,0.00022,8,false,0.997797,true,0.0,-1.0,-0.93,-0.999942731277533,0.0015835824921001224,-1.0,-1.0,-1.0,-1.0,-1.0,false,-1.0:9060; -0.99:11; -0.93:2; -0.98:2; -0.95:2,82fd0f893be9c8bfd361f3bdee603572553cce47773504275ae3e0f78de76899,F3457
F3459,Float64,5319,0.585664,1,true,1.0,true,0.0,-1.0,-1.0,-1.0,0.0,-1.0,-1.0,-1.0,-1.0,-1.0,true,-1.0:3763,25b9f1025f693d2f336c14a002c505eb7d4867bd4258ebad624fcae20f90e65a,F3456
F3460,Float64,2,0.00022,6,false,0.998018,true,0.0,-1.0,-0.9,-0.9999559471365639,0.0015700381198066452,-1.0,-1.0,-1.0,-1.0,-1.0,false,-1.0:9062; -0.99:14; -0.98:1; -0.9:1; -0.95:1,6781dd57ad5f1bb82fff6b680de378b19a878c5af2dedd489a6e81c314787816,
F3461,Float64,2,0.00022,4,false,0.998899,true,0.0,-1.0,-0.95,-0.9999779735682821,0.0007989251254839589,-1.0,-1.0,-1.0,-1.0,-1.0,false,-1.0:9070; -0.99:6; -0.97:3; -0.95:1,04c8557fa05896a69a3c145de0f2dee5abf647b64bd0fd2fccb82d2ae86a9c5f,
F3462,Float64,2,0.00022,6,false,0.998018,true,0.0,-1.0,-0.89,-0.9999504405286342,0.0017584815936442508,-1.0,-1.0,-1.0,-1.0,-1.0,false,-1.0:9062; -0.99:12; -0.98:3; -0.89:1; -0.9:1,b394d5b90956af6209a1135a41dc0e158b3f61a8e3bb397e5d938f29deb5c1ed,
F3463,Float64,2,0.00022,6,false,0.998789,true,0.0,-1.0,-0.92,-0.9999680616740088,0.0012457300588234305,-1.0,-1.0,-1.0,-1.0,-1.0,false,-1.0:9069; -0.99:6; -0.97:2; -0.98:1; -0.92:1,5fc7cb60e00b415bb134cf95f2e96b0946cd6bddfbba5c1112345ad57e978839,
F3464,Float64,2,0.00022,4,false,0.997797,true,0.0,-1.0,-0.87,-0.9999614537444935,0.001472452956944803,-1.0,-1.0,-1.0,-1.0,-1.0,false,-1.0:9060; -0.99:16; -0.98:3; -0.87:1,ee4b2ac8c4030249da3dd8a352f4d685be35ea2ad70e024ec3d582ebae7351b3,
F3465,Float64,2,0.00022,6,false,0.998018,true,0.0,-1.0,-0.91,-0.9999581497797355,0.0014151515273663948,-1.0,-1.0,-1.0,-1.0,-1.0,false,-1.0:9062; -0.99:13; -0.98:2; -0.91:1; -0.96:1,bc1ebd7592a228853faa656c11cc1a3e13dc5f4dfb940baf30b1d384c3c63ca5,
F3466,Float64,2,0.00022,3,false,0.998458,true,0.0,-1.0,-0.95,-0.9999801762114537,0.0006466136559421288,-1.0,-1.0,-1.0,-1.0,-1.0,false,-1.0:9066; -0.99:13; -0.95:1,dc95fb212e0f7ff94e46a1788d791364fc173e990bc4a2181367e3b7d07cb0d7,
F3467,Float64,2,0.00022,5,false,0.998348,true,0.0,-1.0,-0.94,-0.9999724669603525,0.0008838440234107801,-1.0,-1.0,-1.0,-1.0,-1.0,false,-1.0:9065; -0.99:11; -0.98:2; -0.96:1; -0.94:1,ce4371c9fb85f5860c8d656f4c75faa0db390edb88f054f6f3986d8b8ac8bd2e,
F3468,Float64,2,0.00022,5,false,0.998899,true,0.0,-1.0,-0.96,-0.9999812775330397,0.0006551067758259885,-1.0,-1.0,-1.0,-1.0,-1.0,false,-1.0:9070; -0.99:6; -0.98:2; -0.96:1; -0.97:1,870f3458d7edf864cc194d1f5884137e95034a045d8414410b11b6f1de981f58,
F3469,Float64,2,0.00022,7,false,0.999229,true,0.0,-1.0,-0.92,-0.999963656387665,0.0014947782314529863,-1.0,-1.0,-1.0,-1.0,-1.0,false,-1.0:9073; -0.92:2; -0.95:1; -0.94:1; -0.97:1,15e66d074497889e1e319d22f0b565713202757fe84b4d09f578292df24d81ec,
F3470,Float64,2,0.00022,5,false,0.999009,true,0.0,-1.0,-0.91,-0.9999614537444935,0.0015945428967646315,-1.0,-1.0,-1.0,-1.0,-1.0,false,-1.0:9071; -0.99:4; -0.92:2; -0.97:2; -0.91:1,d37a56ea1e076d0590ef200ea89a4194a90b91b585cd319fab2ce85fe17dad20,
F3471,Float64,2,0.00022,6,false,0.998899,true,0.0,-1.0,-0.92,-0.9999702643171806,0.0011822834699276575,-1.0,-1.0,-1.0,-1.0,-1.0,false,-1.0:9070; -0.99:5; -0.97:2; -0.94:1; -0.98:1,8db56f4b260d46e3fd013ea415dd3644dcefbe2d3706fd8b2fcba2bafcd942cf,
F3472,Float64,8,0.000881,505,false,0.765704,false,0.0,-1.0,283.77,1.8606953934317836,12.529568182142311,-1.0,-1.0,-1.0,-1.0,47.8,false,,a377d4f40a957e088c5772dba31a06279c9ad51ccb9b1798f28693b0a93d83c7,
F3473,Float64,8,0.000881,412,false,0.867534,false,0.00011,-1.0,275.42,0.9366707075159796,11.190289799509687,-1.0,-1.0,-1.0,-1.0,44.81,false,,799867c18fdeaee6f8feb5a93bfe5944a1b0f7032e96467bc8d6a16d0bae6503,
F3474,Float64,8,0.000881,413,false,0.865881,false,0.0,-1.0,586.28,6.283662111527441,31.959276255776484,-1.0,-1.0,-1.0,-1.0,152.17330000000777,false,,a0af4688af46398a7aca45f7b7da2660ed12551ecd138a15359da92375eb7805,
F3475,Float64,8,0.000881,895,false,0.769672,false,0.0,-1.0,1085.58,2.0778499008155165,24.786025859091307,-1.0,-1.0,-1.0,-1.0,60.5821000000001,false,,c5ea88a67e1c30187b0cca6cfc0e6bad36af0d21af2e3b9c14e92d95ef422412,
F3476,Float64,8,0.000881,458,false,0.873044,false,0.000331,-1.0,1960.96,0.8234119462199692,29.36838620308373,-1.0,-1.0,-1.0,-1.0,30.84630000000074,false,,ca89f26acacf3c98a86f0780d3f52419c7956c7ce56fb7cd0210f43463fe1c41,
F3477,Float64,8,0.000881,888,false,0.865881,false,0.0,-1.0,13877.97,7.34180405554331,152.55736307365993,-1.0,-1.0,-1.0,-1.0,160.35770000000022,false,,517730a7d63ae5820cc92e0d98e821cd18d2fa234301cedba873d033265b9a03,
F3478,Float64,8,0.000881,384,false,0.937955,false,0.0,-1.0,772.2,0.43653405333921097,15.084861078423707,-1.0,-1.0,-1.0,-1.0,29.45320000000007,false,,b2ac66c6498f5985b448e52b4d8158a368b3cdd2c7105468310e52ccb182f0d8,
F3479,Float64,8,0.000881,210,false,0.972008,false,0.00011,-1.0,577.02,0.3875380207185365,16.22178862946138,-1.0,-1.0,-1.0,-1.0,28.84060000000034,false,,e829f24a2112fbf36beb09ae90d1631d9ca1353aa7e2aae3714a4d7697f20e36,
F3480,Float64,8,0.000881,354,false,0.945228,false,0.0,-1.0,993.11,0.48625303063698483,16.990717823380525,-1.0,-1.0,-1.0,-1.0,33.25400000000009,false,,82c43a94f4dcdfcaaec7f195de4ae020fe966b01f9ebdce435f05b8df9d46ef7,
F3481,Float64,8,0.000881,417,false,0.938395,false,0.000331,-1.0,4867.88,1.5481904342076265,63.40058091237976,-1.0,-1.0,-1.0,-1.0,19.753700000000137,false,,da15edcbc2dfdcc185e96095ec3d3c1b8a8d2ac8ae8bc5986546c66cd0fc5e5a,
F3482,Float64,8,0.000881,238,false,0.972008,false,0.0,-1.0,1384.99,0.7216376460216002,29.056351522787597,-1.0,-1.0,-1.0,-1.0,17.892700000000005,false,,30521f30d75e3e952e2d5d699145cc8dcca50cb62ab80dd729891d4247236856,
F3483,Float64,8,0.000881,392,false,0.945449,false,0.00022,-1.0,7608.8,2.276779810447432,105.30792634812398,-1.0,-1.0,-1.0,-1.0,17.30380000000041,false,,bed55fe5c1d20a0a5e1906b538c5d145787a0571db9c2aab8f44001e1b02b26d,
F3484,Float64,8,0.000881,76,false,0.298215,false,0.137646,-1.0,0.07,-0.027296671809565787,0.15454840373962747,-0.7634999999999998,0.0,0.02,0.03,0.07,false,,746f3387ea5a1cc36216066edc0c11c4792dbfd13b024fc00d39c961be375f47,
F3485,Float64,8,0.000881,237,false,0.063919,false,0.005951,-1.0,1.99,-0.2080736169274851,0.5103965110615916,-1.0,-0.58,-0.26,0.13,1.25,false,,597eb5980f49aa32ba9b9e5b054fbe85c0b4529024a9a8a9d33aa525ce00c89e,
F3486,Float64,8,0.000881,242,false,0.038241,false,0.00518,-1.0,1.49,0.17757659246197927,0.5444447450099896,-1.0,-0.17,0.19,0.57,1.38,false,,f536361819fea50fbb9f7f70077e246a544fbef2256ffc219d819e3a65d47ffd,
F3487,Float64,8,0.000881,767,false,0.201455,false,0.000992,-1.0,1549.37,0.6251950628168392,19.821405199660468,-1.0,-0.99,-0.93,-0.52,22.382700000000003,false,,f6bb55f168f332226f14f703d9ef0b6cadb961cff5ce4742de0faa11342bd18c,
F3488,Float64,8,0.000881,753,false,0.2797,false,0.000441,-1.0,1567.12,0.6018294026890015,20.07116260590419,-1.0,-1.0,-0.96,-0.62,21.11950000000037,false,,05aa532d33c318aa39183b047fa503c79ff3049f185b2709241e005583664ddd,
F3489,Float64,8,0.000881,778,false,0.13996,false,0.000992,-1.0,1531.96,0.8698677540224816,21.032032256796445,-1.0,-0.99,-0.91,-0.51,27.715200000000333,false,,105fdcce7d04e468369c4ee46ebdc9160d3877e757bdf7f1ed2b7d649e5b6e28,
F3490,Float64,8,0.000881,110,false,0.264933,false,0.016641,-1.0,0.16,-0.0774641833810888,0.2763704806772475,-1.0,-0.03,0.03,0.06,0.12,false,,bec855412ec992bcf5096db517559461174be19e2cfb82abbed8f9a372f13cbc,
F3491,Float64,8,0.000881,242,false,0.13985,false,0.0054,-1.0,2.42,-0.27743773418558515,0.549960698229091,-1.0,-0.71,-0.33,0.07,1.3227000000000044,false,,498722847d48a818f10c05b6631c5dc64c94fdee90bdef7320e2ecb5219792cd,
F3492,Float64,8,0.000881,252,false,0.07527,false,0.004629,-1.0,1.67,0.13780471677319817,0.6012706468656593,-1.0,-0.24,0.17,0.57,1.43,false,,d02049f668a10a82040b62599de15d6f96dfcdb6a12921bb3429a6365e16791e,
F3493,Float64,8,0.000881,766,false,0.234186,false,0.000992,-1.0,1954.73,0.8526096539563589,25.726043429917695,-1.0,-0.99,-0.92,-0.53,22.792900000000117,false,,19b3a8e18591374130b774ca5ebbdd353e1cd016270da4a5abe7bda618bdbc04,
F3494,Float64,8,0.000881,680,false,0.335574,false,0.000551,-1.0,2291.05,0.6319296892219527,27.815617975167097,-1.0,-1.0,-0.97,-0.69,18.409000000000304,false,,944530d7ad6d538e800a5693bac1a9fe8790f66971d2f88680f3ec490cfb9d55,
F3495,Float64,8,0.000881,851,false,0.104364,false,0.001543,-1.0,1703.69,1.4169969142605245,29.378002679254692,-1.0,-0.98,-0.87,-0.4125,34.12480000000011,false,,1a9e6ed3d0e316465e18ab58dd57b7fa827e4018327e3cd9ae77bc2ef621ff8d,
F3496,Float64,8,0.000881,110,false,0.264933,false,0.016641,-1.0,0.16,-0.0774641833810888,0.2763704806772475,-1.0,-0.03,0.03,0.06,0.12,false,,bec855412ec992bcf5096db517559461174be19e2cfb82abbed8f9a372f13cbc,F3490
F3497,Float64,8,0.000881,242,false,0.13985,false,0.0054,-1.0,2.42,-0.27743773418558515,0.549960698229091,-1.0,-0.71,-0.33,0.07,1.3227000000000044,false,,498722847d48a818f10c05b6631c5dc64c94fdee90bdef7320e2ecb5219792cd,F3491
F3498,Float64,8,0.000881,252,false,0.07527,false,0.004629,-1.0,1.67,0.13780471677319817,0.6012706468656593,-1.0,-0.24,0.17,0.57,1.43,false,,d02049f668a10a82040b62599de15d6f96dfcdb6a12921bb3429a6365e16791e,F3492
F3499,Float64,8,0.000881,766,false,0.234186,false,0.000992,-1.0,1954.73,0.8526096539563589,25.726043429917695,-1.0,-0.99,-0.92,-0.53,22.792900000000117,false,,19b3a8e18591374130b774ca5ebbdd353e1cd016270da4a5abe7bda618bdbc04,F3493
F3500,Float64,8,0.000881,680,false,0.335574,false,0.000551,-1.0,2291.05,0.6319296892219527,27.815617975167097,-1.0,-1.0,-0.97,-0.69,18.409000000000304,false,,944530d7ad6d538e800a5693bac1a9fe8790f66971d2f88680f3ec490cfb9d55,F3494
F3501,Float64,8,0.000881,851,false,0.104364,false,0.001543,-1.0,1703.69,1.4169969142605245,29.378002679254692,-1.0,-0.98,-0.87,-0.4125,34.12480000000011,false,,1a9e6ed3d0e316465e18ab58dd57b7fa827e4018327e3cd9ae77bc2ef621ff8d,F3495
F3502,Float64,8,0.000881,572,false,0.891889,false,0.0,-1.0,130.83,0.5074917346264051,6.844278407222325,-1.0,-1.0,-1.0,-1.0,30.42,false,,850cf90833aa516d38347c749e25efb9b263d986d2e5cd0a0594c7fde8d58102,
F3503,Float64,9082,1.0,0,true,1.0,true,,,,,,,,,,,,,a85e5e34b55857d604486871e07d90d2182c96ec5983828468fb8dc535a6c290,F128
F3504,Float64,8,0.000881,572,false,0.891889,false,0.0,-1.0,130.83,0.5074917346264051,6.844278407222325,-1.0,-1.0,-1.0,-1.0,30.42,false,,850cf90833aa516d38347c749e25efb9b263d986d2e5cd0a0594c7fde8d58102,F3502
F3505,Float64,8,0.000881,741,false,0.891889,false,0.0,-1.0,314.54,0.4554011461318051,7.451564490475992,-1.0,-1.0,-1.0,-1.0,32.35,false,,a5511f413daf93229f2213c10cb12e23510e6e4c846ffba9dae197031a44b79b,
F3506,Float64,9082,1.0,0,true,1.0,true,,,,,,,,,,,,,a85e5e34b55857d604486871e07d90d2182c96ec5983828468fb8dc535a6c290,F128
F3507,Float64,8,0.000881,741,false,0.891889,false,0.0,-1.0,314.54,0.4554011461318051,7.451564490475992,-1.0,-1.0,-1.0,-1.0,32.35,false,,a5511f413daf93229f2213c10cb12e23510e6e4c846ffba9dae197031a44b79b,F3505
F3508,Float64,8,0.000881,444,false,0.897069,false,0.0,-1.0,549.07,2.9753537579898612,21.48677443431628,-1.0,-1.0,-1.0,-1.0,106.03,false,,9c41b384e8f88a661addd1262140d4f7a3dae0a7241d446abc46542bbb45cfeb,
F3509,Float64,1353,0.148976,5,false,0.999482,true,0.0,-1.0,5313.29,-0.10673696467848366,61.65319042408953,-1.0,-1.0,-1.0,-1.0,-1.0,false,-1.0:7725; 840.74:1; 5313.29:1; 651.42:1; 94.58:1,e5ec73cb2637eb770bbcfd6e156afbec386e2c75c8b5d5b494deef843fe09dfa,
F3510,Float64,8,0.000881,442,false,0.897399,false,0.0,-1.0,549.07,2.9986786422746308,21.592618485773688,-1.0,-1.0,-1.0,-1.0,106.99,false,,74c45db2eb0c38f78532b4c54bdd409474864b2c33d395539dc4600633fa67e3,
F3511,Float64,8,0.000881,416,false,0.898832,false,0.000331,-1.0,2409.88,1.337156711483359,39.87852987139692,-1.0,-1.0,-1.0,-1.0,34.61880000000019,false,,1294a3f432ca33fdbc7ffe6aa47e2aa05fef596981ed54d2705230a3d3f8bc45,
F3512,Float64,1353,0.148976,5,false,0.999482,true,0.0,-1.0,16793.44,1.8733251390865566,200.3492619066308,-1.0,-1.0,-1.0,-1.0,-1.0,false,-1.0:7725; 16793.44:1; 97.17:1; 5313.29:1; 0.03:1,5a19a4ce4bc45b82a3a0fe49abfc0f4b104b3150cc2cd1cf3e346782f361d8f9,
F3513,Float64,8,0.000881,424,false,0.899162,false,0.00011,-1.0,2494.3,1.3203460436411725,40.53353486098102,-1.0,-1.0,-1.0,-1.0,34.66990000000016,false,,798d24926ac1ee7191334c06f4895b447277801a5baa6c2a457cb32ee56548b7,
F3514,Float64,8,0.000881,538,false,0.871391,false,0.0,-1.0,153.48,2.3881110866211155,13.130799689567638,-1.0,-1.0,-1.0,-1.0,69.74,false,,9b4f030c2da158a612ab839988c3204e9cf1a394501fdb17cba12b11d2f8be13,
F3515,Float64,11,0.001211,40,false,0.995701,true,0.0,-1.0,1753.56,0.26414948737735633,35.098008554921805,-1.0,-1.0,-1.0,-1.0,-1.0,false,,5421d27447eecf81bcda15c96b33354317f8309874a11c79b5fb3dc0f68cbac0,
F3516,Float64,8,0.000881,506,false,0.874587,false,0.0,-1.0,176.78,2.541287194181177,14.042687066865824,-1.0,-1.0,-1.0,-1.0,73.48,false,,19442e64c0c0ea7fb249a6e2e353b8ab26d5a7efecc373d7f8376ca5d92a346f,
F3517,Float64,8,0.000881,263,false,0.881309,false,0.000661,-1.0,1719.39,-0.018027330835353787,27.254184490426006,-1.0,-1.0,-1.0,-1.0,4.150200000000114,false,,6a450f8982d46d7fa0402e3e41d53f7d9e0bfe2e40a9f0b2df90de78e526c4ce,
F3518,Float64,11,0.001211,38,false,0.995701,true,0.0,-1.0,2980.13,0.37940469628486384,46.16963956485714,-1.0,-1.0,-1.0,-1.0,-1.0,false,,9806c67b01e7055c1608c05a35dd72be274f395d83dd6647395fc7a14d763fd2,
F3519,Float64,8,0.000881,328,false,0.882081,false,0.00011,-1.0,477.12,-0.35240908089045625,9.763462894148724,-1.0,-1.0,-1.0,-1.0,6.341600000000035,false,,ebb5b36b6716faaf5e78cee194dfe5ac614436812ff9d58fbeeb160b5275026c,
F3520,Float64,8,0.000881,331,false,0.948975,false,0.0,-1.0,489.26,0.946251928587172,17.446119021871056,-1.0,-1.0,-1.0,-1.0,40.81350000000002,false,,9de40e2f8b837987368a730ab7535a925f8988820d54beefd32504fc41e02a80,
F3521,Float64,103,0.011341,48,false,0.994543,true,0.0,-1.0,2687.99,0.30874373538255934,39.12899602590733,-1.0,-1.0,-1.0,-1.0,-1.0,false,,ec49126b0d1a252775257087b48928747f7b8494aaa39d1672e24b1410113891,
F3522,Float64,8,0.000881,301,false,0.953604,false,0.0,-1.0,468.38,1.0154198809786203,18.157822158448084,-1.0,-1.0,-1.0,-1.0,44.35590000000008,false,,21814f21451b90fe1c1baff62c765602db393f7c392c6527b3c816f903dc03cf,
F3523,Float64,8,0.000881,208,false,0.958894,false,0.0,-1.0,1981.73,0.10854309014767469,26.829575523323108,-1.0,-1.0,-1.0,-1.0,5.315900000000074,false,,a73ee6182f907de278c1f60090348e19117cd6c9f031c368a8eac1e4fabe4761,
F3524,Float64,103,0.011341,39,false,0.994654,true,0.0,-1.0,1319.89,-0.26993206370419864,21.633486928960068,-1.0,-1.0,-1.0,-1.0,-1.0,false,,d94b71661be6f722747c03e1d7bd695712f90c14ccf896e36fd3b79e90ce154d,
F3525,Float64,8,0.000881,196,false,0.961428,false,0.0,-1.0,2852.69,0.37022261406215556,40.0752462109221,-1.0,-1.0,-1.0,-1.0,3.322700000000004,false,,f5b5d978254a803cff2d81df2edeceab0774210a5cf760921dec5b287981a399,
F3526,Float64,8,0.000881,402,false,0.320696,false,0.002425,-1.0,8.29,-0.24229777385937845,0.9718980876698399,-1.0,-1.0,-0.66,0.15,2.79,false,,e4a69713fa6678829be762f2c640d51d797ffd91776aea89f7d488d18d46ae72,
F3527,Float64,8,0.000881,533,false,0.409301,false,0.002094,-1.0,7.21,-0.15692307692307692,1.2177248598454484,-1.0,-1.0,-0.71,0.29,4.290800000000018,false,,bfbe432bb2cfa35348005780a48464040a844985d49ca9e76110894e72910684,
F3528,Float64,8,0.000881,548,false,0.650981,false,0.000661,-1.0,17.71,-0.31345382411284994,1.4094596871783691,-1.0,-1.0,-1.0,-0.29,4.993500000000022,false,,0215f101037b60856d10b91ffc289f9dcea96be7ce33526e8badeee41544908c,
F3529,Float64,8,0.000881,733,false,0.400705,false,0.000992,-1.0,4172.3,1.2056149437954597,48.013827502423844,-1.0,-1.0,-0.98,-0.74,26.28530000000017,false,,1a61e6baf4bd9b3ffeebbeb946dcee1dfa5d15249874326d879320c044bb70a0,
F3530,Float64,8,0.000881,665,false,0.481045,false,0.000331,-1.0,4178.4,0.8728730438615824,47.388319349349985,-1.0,-1.0,-0.99,-0.84,17.618800000000192,false,,6280f3ddce7559fdd2223a672a49a4f0fb7c8c7aedac179e8717c3518e3dffc1,
F3531,Float64,8,0.000881,719,false,0.665197,false,0.001543,-1.0,4166.2,1.666293806480053,53.10381719032087,-1.0,-1.0,-1.0,-0.9,35.104000000000084,false,,183be554a28c37466d9353bc27dbcc271c9663cc9cf30913d93411107705fb29,
F3532,Float64,8,0.000881,218,false,0.2635,false,0.003527,-1.0,1.36,-0.03663874807141282,0.7252539462234544,-1.0,-1.0,0.17,0.57,1.1,false,,03451a4744e00b3055ed049a16e080dbd5fc489dc6f789d52a6ab1a06ad2b5ff,
F3533,Float64,8,0.000881,393,false,0.369407,false,0.002755,-1.0,6.68,-0.3367665858496804,0.8402859943533875,-1.0,-1.0,-0.67,0.08,2.322700000000004,false,,b7abcf04827a11b6adadcf28e7fb1768609e0f3dd900f369d85610c815e56e11,
F3534,Float64,8,0.000881,547,false,0.357615,false,0.001322,-1.0,5.75,0.3694291381970465,1.4465120370322688,-1.0,-1.0,0.14,1.21,4.16,false,,55f1be88a3b23ce954618eaee0613d4970abe9befabe4d4623da39dec2a4bcb1,
F3535,Float64,8,0.000881,899,false,0.272427,false,0.003086,-1.0,45.64,0.4580813312761737,2.7121446125493334,-1.0,-1.0,-0.36,0.56,12.897000000000043,false,,81d14fe04fd64b2e32e81d56068a2b41348c1c4d95547d13de34f2b5f376edd9,
F3536,Float64,8,0.000881,689,false,0.394864,false,0.002314,-1.0,70.51,-0.13154066563808683,2.0267920655230904,-1.0,-1.0,-0.84,-0.05,7.6,false,,2a41687fd4e69097b2a9ea3b41e2f314ba4d6d60821ea6b533c2e6712861c718,
F3537,Float64,8,0.000881,1184,false,0.363015,false,0.001984,-1.0,89.93,1.1568745867313202,5.0937226616287665,-1.0,-1.0,-0.47,0.92,23.59,false,,8f29431a61d61669dcc6e2a4645c95dcddde109cf04db403f211e1b8aed49439,
F3538,Float64,8,0.000881,689,false,0.498898,false,0.000661,-1.0,30.71,0.15990191756667405,2.1967255575751365,-1.0,-1.0,-0.99,0.39,8.800800000000017,false,,c4a7ddac2019e2bd3bbc851f44d9c8aeb4020a750e157f0b955fe2ba8265473d,
F3539,Float64,8,0.000881,689,false,0.550364,false,0.000661,-1.0,32.12,0.08266585849680405,2.219377508075307,-1.0,-1.0,-1.0,0.15,9.02,false,,1f5413e79a007141de61cbda512a8c97f8cad250ea52cde7f98393937727bf06,
F3540,Float64,8,0.000881,484,false,0.879766,false,0.0,-1.0,319.47,0.8601113070310779,12.72716071642261,-1.0,-1.0,-1.0,-1.0,32.77590000000007,false,,1f9ba54fdebf524b0a4058ec6ff3bd39beb204f1224a898805e7f379269317e5,
F3541,Float64,8,0.000881,756,false,0.579348,false,0.000551,-1.0,5543.79,1.582884064359709,61.78184469879969,-1.0,-1.0,-1.0,-0.89,34.757400000000274,false,,c45d36c1d0a088de9d6efc5cb03cc923646a3608f40e8b863d69e2b9e2c6d19f,
F3542,Float64,8,0.000881,652,false,0.624532,false,0.000331,-1.0,5582.25,1.2004959224156933,61.790076766013755,-1.0,-1.0,-1.0,-0.93,23.686600000000254,false,,76af34fdd36fdef82caa2c1686c7c0e68cbdca24689c8d9136c9e55a9cda0490,
F3543,Float64,8,0.000881,595,false,0.88175,false,0.000331,-1.0,5505.73,2.892228344721181,77.08018152942485,-1.0,-1.0,-1.0,-1.0,59.537900000000334,false,,41dd4864eb78520e1d37a28d0899c7ae39a92ee50ef1cb964c02d491196c00f1,
F3544,Float64,8,0.000881,546,false,0.858166,false,0.0,-1.0,41.25,-0.36159025787965615,2.603245794330968,-1.0,-1.0,-1.0,-1.0,13.07,false,,59464f40249209ef097883292741b933547770d40f4641fdde933976da9cbb05,
F3545,Float64,8,0.000881,380,false,0.941261,false,0.00011,-1.0,207.51,-0.31718205862905,5.82366087537042,-1.0,-1.0,-1.0,-1.0,15.82,false,,4c608a4c19f30f6fa74fcf32e96af60f1fab41e03a93fd981133aed420e9fc1e,
F3546,Float64,8,0.000881,538,false,0.885717,false,0.00022,-1.0,56.07,-0.19716773198148557,3.7518709021999297,-1.0,-1.0,-1.0,-1.0,18.02,false,,cb7b9856a5a720f4b1c44a04d3913f2ac87730935fe4d3dbf2d93777905499c5,
F3547,Float64,8,0.000881,733,false,0.859819,false,0.00022,-1.0,1451.31,1.4917941370949968,25.547948689788292,-1.0,-1.0,-1.0,-1.0,56.173100000000666,false,,08bce3e0fb7b97db9917351b8308a1af6a72dccb4cb2f41989636d40beb8fccf,
F3548,Float64,8,0.000881,416,false,0.941702,false,0.000331,-1.0,2291.53,0.8942208507824554,34.85620932382678,-1.0,-1.0,-1.0,-1.0,23.7742000000002,false,,f029b9d6d8591c316855a6baea09d247077790d4414a2915bb8fd96915b6f276,
F3549,Float64,8,0.000881,675,false,0.88704,false,0.0,-1.0,2232.2,1.861091029314525,33.998228133890784,-1.0,-1.0,-1.0,-1.0,64.93050000000007,false,,7b0cb418010fe685972f012ad9e52dd68d089eee7f0dfb4cb464092108b81ed8,
F3550,Float64,8,0.000881,195,false,0.974873,false,0.0,-1.0,754.38,0.7101344500771435,19.08617185724845,-1.0,-1.0,-1.0,-1.0,44.22710000000075,false,,6e751fffac87f72378ee61ab96b7f374cb6ad8a3d471cd35239c5f427c91b335,
F3551,Float64,1303,0.143471,2,false,0.999871,true,0.0,-1.0,4014.48,-0.48380511633886103,45.52476001348839,-1.0,-1.0,-1.0,-1.0,-1.0,false,-1.0:7778; 4014.48:1,b197365e014df952d7458c441fbffea2bb7737d9a5cfc7329c671780d7290b13,
F3552,Float64,8,0.000881,195,false,0.974873,false,0.0,-1.0,755.97,0.7126923076923078,19.136391697709595,-1.0,-1.0,-1.0,-1.0,43.87890000000003,false,,c887dc5943990b54c6c9eea9d7b619545c3806a505fe30f883e7c56ca7e440f9,
F3553,Float64,8,0.000881,219,false,0.975204,false,0.0,-1.0,1424.18,1.25198258761296,35.85700703454098,-1.0,-1.0,-1.0,-1.0,29.727000000000917,false,,fed9bbe098800b481b4d67136060aab8f13f8a3c2aba98b99c7336140ea9f351,
F3554,Float64,1303,0.143471,2,false,0.999871,true,0.0,-1.0,-0.75,-0.999967862193084,0.0028343286489715055,-1.0,-1.0,-1.0,-1.0,-1.0,false,-1.0:7778; -0.75:1,bc233016f5b82bb375f4bf4ffb81b4dde2961265c833eb4fa4057f23fdbd27bb,
F3555,Float64,8,0.000881,219,false,0.975314,false,0.0,-1.0,1446.96,1.2661979281463522,36.12695802203057,-1.0,-1.0,-1.0,-1.0,30.0847000000007,false,,550cd24242806e8428c8502e8a4622bb524af9e71da6d4303f6c25b28f9325ea,
F3556,Float64,7078,0.779344,2,false,0.999501,true,0.0,-1.0,29.38,-0.9848403193612774,0.6784698091199958,-1.0,-1.0,-1.0,-1.0,-1.0,false,-1.0:2003; 29.38:1,9f72f9c1cfd3ed08295360c506e4005cf47afb66bc817785a0d830b0dbcaf7e1,
F3557,Float64,9082,1.0,0,true,1.0,true,,,,,,,,,,,,,a85e5e34b55857d604486871e07d90d2182c96ec5983828468fb8dc535a6c290,F128
F3558,Float64,7078,0.779344,2,false,0.999501,true,0.0,-1.0,29.38,-0.9848403193612774,0.6784698091199958,-1.0,-1.0,-1.0,-1.0,-1.0,false,-1.0:2003; 29.38:1,9f72f9c1cfd3ed08295360c506e4005cf47afb66bc817785a0d830b0dbcaf7e1,F3556
F3559,Float64,7078,0.779344,2,false,0.999501,true,0.0,-1.0,30.79,-0.9841367265469062,0.7099590267256308,-1.0,-1.0,-1.0,-1.0,-1.0,false,-1.0:2003; 30.79:1,67da89b591e7fe1b0c90f30f7d7ad90b858bdca9d080720dfa495512e0b5ad94,
F3560,Float64,9082,1.0,0,true,1.0,true,,,,,,,,,,,,,a85e5e34b55857d604486871e07d90d2182c96ec5983828468fb8dc535a6c290,F128
F3561,Float64,7078,0.779344,2,false,0.999501,true,0.0,-1.0,30.79,-0.9841367265469062,0.7099590267256308,-1.0,-1.0,-1.0,-1.0,-1.0,false,-1.0:2003; 30.79:1,67da89b591e7fe1b0c90f30f7d7ad90b858bdca9d080720dfa495512e0b5ad94,F3559
F3562,Float64,8,0.000881,70,false,0.991624,true,0.0,-1.0,8108.19,2.65582323121005,102.77062969643373,-1.0,-1.0,-1.0,-1.0,-1.0,false,,a0906506a7afe1ee6f96cdad2c099bd9eaa5afeca4a5082aa2246346bab8da87,
F3563,Float64,8,0.000881,70,false,0.991624,true,0.0,-1.0,8165.71,2.6730394533832924,103.45134390440936,-1.0,-1.0,-1.0,-1.0,-1.0,false,,c1616c178128505d0c0609d86f79aacf9dc445ae711577f1fe4d3a7fbf770bc7,
F3564,Float64,5330,0.586875,1,true,1.0,true,0.0,-1.0,-1.0,-1.0,0.0,-1.0,-1.0,-1.0,-1.0,-1.0,true,-1.0:3752,67ffa29cf4c082a1ccdf89c4f37811cb280e47cf5a25c6eba3c417a79f989a70,F3240
F3565,Float64,8,0.000881,72,false,0.991624,true,0.0,-1.0,62802.06,7.5397388141944015,663.7554375177266,-1.0,-1.0,-1.0,-1.0,-1.0,false,,5ef3521837e8dee48b87e4b9f4ddb70b2a47ec9c613f3b3177aa17fbe20ef91b,
F3566,Float64,8,0.000881,73,false,0.991624,true,0.0,-1.0,62859.16,7.546287194181176,664.3510666609415,-1.0,-1.0,-1.0,-1.0,-1.0,false,,ab993bddf78a3759b26532a53443c23a531636bd62ec36bd1a29fecb41b71b23,
F3567,Float64,5330,0.586875,1,true,1.0,true,0.0,-1.0,-1.0,-1.0,0.0,-1.0,-1.0,-1.0,-1.0,-1.0,true,-1.0:3752,67ffa29cf4c082a1ccdf89c4f37811cb280e47cf5a25c6eba3c417a79f989a70,F3240
F3568,Float64,8,0.000881,491,false,0.885277,false,0.000441,-1.0,128.62,0.5697002424509587,9.026655054617747,-1.0,-1.0,-1.0,-1.0,39.84,false,,1d8b725104f231aab6f7ddb9e4111a61c39906cee9fbf7f773c507e1ac00ebad,
F3569,Float64,8,0.000881,236,false,0.969363,false,0.0,-1.0,1495.43,1.3572404672691205,30.48963382539784,-1.0,-1.0,-1.0,-1.0,39.44,false,,de0138a13d03c7b15410c9c27ad75408a069c1790111b8079d34621249245b22,
F3570,Float64,8,0.000881,432,false,0.909963,false,0.000331,-1.0,172.15,0.4776867974432445,9.646747788027538,-1.0,-1.0,-1.0,-1.0,37.11,false,,c52081365b02cc23b4bec8b442d93c37ab8de2c8cce7a678bcdf8bfad5b1346a,
F3571,Float64,8,0.000881,515,false,0.887701,false,0.0,-1.0,10882.29,3.7982212916023803,122.0682743398901,-1.0,-1.0,-1.0,-1.0,77.44040000000153,false,,dc64eb9047fbba28e4070477f088a3a9b10b5e0305ab0458706f73ccdd2d5585,
F3572,Float64,8,0.000881,225,false,0.969583,false,0.00011,-1.0,40234.39,9.17441811769892,447.7236615346477,-1.0,-1.0,-1.0,-1.0,11.969100000000145,false,,bef06a11e72878c187ff25c882ea817f13b76fd15f076c9fa2a92dc4c151f7db,
F3573,Float64,8,0.000881,448,false,0.911946,false,0.00022,-1.0,1522.44,2.5661240908089042,46.01262156574984,-1.0,-1.0,-1.0,-1.0,53.178700000000354,false,,aed5b65bc56f140fbb6063d766dce786c0fe181592667864ba5dbd586a33ae0d,
F3574,Float64,8,0.000881,536,false,0.886489,false,0.0,-1.0,180.95,0.6446881199030196,8.157309720115434,-1.0,-1.0,-1.0,-1.0,37.41,false,,9ac695961aa8e8a854b3e2d2ca209ab9083bbab2ff46d7611e4ee26b77aa29b0,
F3575,Float64,8,0.000881,207,false,0.968041,false,0.0,-1.0,951.09,1.143533171699361,22.300134330390527,-1.0,-1.0,-1.0,-1.0,53.42670000000009,false,,38cf6bad6c53da3285499bc39ffb444314d0584177ea9b768891ba5ec4ba699e,
F3576,Float64,8,0.000881,454,false,0.912167,false,0.0,-1.0,179.95,0.5133337006832709,7.938970515022107,-1.0,-1.0,-1.0,-1.0,37.80320000000007,false,,ff8d52425ab58709707c0f810ca69dd63772737ef9aaec7f6ba4861dc56d8cde,
F3577,Float64,8,0.000881,277,false,0.910514,false,0.0,-1.0,20230.8,1.7452270222614064,212.86673335965983,-1.0,-1.0,-1.0,-1.0,4.131600000000035,false,,294cfa14f6fffa8dfdc0d1544e519c65772d32f0bccaee2207c581dd83a1bfb5,
F3578,Float64,8,0.000881,113,false,0.977849,false,0.0,-1.0,21439.58,1.7897707736389687,225.51496207032528,-1.0,-1.0,-1.0,-1.0,-0.7072999999999956,false,,63ca605d79e6cdac2d28819d089ce4cfa1e36d534d38b1cec2d664957cbb6166,
F3579,Float64,8,0.000881,352,false,0.921754,false,0.00011,-1.0,1373.83,-0.15894754242891787,19.921670972829656,-1.0,-1.0,-1.0,-1.0,9.538000000000174,false,,cdcd5c6da90767a0759cb45e0d2c1e5573e45c3aa783e750729c72fcd4be2449,
F3580,Float64,3,0.00033,581,false,0.713405,false,0.00033,-1.0,353.13,2.3141425267099898,14.777568927154512,-1.0,-1.0,-1.0,-0.65,57.24,false,,f4ddaa9d7777f0eca9e35b911e753c7fd7b6ad528b9e8034dfa86e860f13a482,
F3581,Float64,3,0.00033,484,false,0.833902,false,0.000441,-1.0,322.82,1.348999889855711,13.893434156776573,-1.0,-1.0,-1.0,-1.0,50.3,false,,563f04b942ff4b3d92e07df255d5e6d554e486edd571670fb17f15a47a64bd69,
F3582,Float64,3,0.00033,621,false,0.833021,false,0.0,-1.0,780.43,7.615191100341448,35.63854494978181,-1.0,-1.0,-1.0,-1.0,187.61,false,,b7d6c7bbb4947bb8c3a5020685cc68ce95594e83656e131aa0918ed43b4c00cf,
F3583,Float64,3,0.00033,944,false,0.718912,false,0.000551,-1.0,1510.29,2.7263035576605352,31.00628187677362,-1.0,-1.0,-1.0,-0.95,73.45319999999995,false,,edca3fc1f1c23e0489d9a20803275ec5e337fb3c4886ece68da54926e107e618,
F3584,Float64,3,0.00033,495,false,0.841062,false,0.00011,-1.0,2203.11,1.1555215332085031,35.576631693687716,-1.0,-1.0,-1.0,-1.0,34.46059999999985,false,,3719fc597982ab3aad47bab16afad670387caae715cf1893ebc2d4ebb5caa416,
F3585,Float64,3,0.00033,1022,false,0.833131,false,0.00011,-1.0,14035.49,8.887309175019276,157.92175652700848,-1.0,-1.0,-1.0,-1.0,208.92599999999948,false,,05e7190be2cf277db27ec0fa9faf54ade98db099a381c42e74522b745eca6566,
F3586,Float64,3,0.00033,537,false,0.911664,false,0.00011,-1.0,1038.97,0.5523284502698536,16.256418322818874,-1.0,-1.0,-1.0,-1.0,30.3281999999998,false,,2b1bc8c3d49950fe816dcec3903b31bec3016ef6a36cf05a5f55bca3297eb3d7,
F3587,Float64,3,0.00033,350,false,0.950766,false,0.0,-1.0,860.23,0.5211410948342328,17.411644724751184,-1.0,-1.0,-1.0,-1.0,28.678599999999587,false,,1874669822ad456ed79d92e4c45d0241e07b47f614fbc8abfee0d72f046b9e46,
F3588,Float64,3,0.00033,484,false,0.925542,false,0.00011,-1.0,1230.7,0.5700561735873995,17.995892729594598,-1.0,-1.0,-1.0,-1.0,31.381799999999874,false,,1f595dc6ceb165cf6795f60babb0f4571bb8ae822df3761ccafee21e5bea963c,
F3589,Float64,3,0.00033,518,false,0.912105,false,0.00011,-1.0,3566.79,1.4549531886771672,49.215236210625484,-1.0,-1.0,-1.0,-1.0,30.20419999999993,false,,8db3b99823464449e894a1d17d7d7210ac8e5fb8da32d93149582546b5fff036,
F3590,Float64,3,0.00033,383,false,0.950876,false,0.00011,-1.0,1254.68,1.088764181077211,30.17086078237759,-1.0,-1.0,-1.0,-1.0,28.553399999999364,false,,2d4f2b4965a7b41243ed2c1863f6fc339150d05d05ec21c94ec772922989af43,
F3591,Float64,3,0.00033,466,false,0.925653,false,0.0,-1.0,5741.48,1.7656889525278112,75.9814487334366,-1.0,-1.0,-1.0,-1.0,23.23619999999986,false,,cf686c1524590805cd8cb970d8ba0087e34b171dfde31cae68a58c75fa0e7a05,
F3592,Float64,3,0.00033,79,false,0.270294,false,0.140654,-1.0,0.07,-0.023445313360502255,0.14834053999326813,-0.66,0.0,0.02,0.04,0.07,false,,973a277b3738a395b166e6a760deced56eec17e620c5e6cc117b916516f1cf33,
F3593,Float64,3,0.00033,238,false,0.038771,false,0.00749,-1.0,1.98,-0.20199691595990746,0.4856128009830962,-1.0,-0.56,-0.26,0.11,1.21,false,,fddb2b9af5e3f0b11b1e09fdbea445426e06a7d271f404396b34e2ce12b0c991,
F3594,Float64,3,0.00033,245,false,0.034255,false,0.006609,-1.0,1.51,0.17884789073686527,0.535146561791145,-1.0,-0.16,0.19,0.55,1.3021999999999936,false,,f5793b79d2d26456a91ea4db57374c4580c5fac5c0002f083d03e7e4cf9ced0c,
F3595,Float64,3,0.00033,769,false,0.194625,false,0.001542,-1.0,854.9,0.5085747329000991,13.477837593486283,-1.0,-0.99,-0.94,-0.52,20.56739999999989,false,,2b8468decc5c25b7703832cdac222b1b35af9e6055f6697574248a3e4a78a5ad,
F3596,Float64,3,0.00033,773,false,0.253112,false,0.000991,-1.0,829.43,0.5026192311928627,13.396869334065883,-1.0,-1.0,-0.96,-0.58,21.62099999999964,false,,86f5098a48d1931ae3059143fd9fac1175fddcadddc48b3deb0fa99a392bf4fc,
F3597,Float64,3,0.00033,776,false,0.138562,false,0.000991,-1.0,882.05,0.6874512611521092,14.979249789866987,-1.0,-0.99,-0.92,-0.54,25.43059999999985,false,,edd6916e52f1fb9fa1e537ccd06c366f59eb333d3b50b622eb3b8e0cd12ff0d4,
F3598,Float64,3,0.00033,110,false,0.18328,false,0.030951,-1.0,0.15,-0.07969049454785769,0.2679771757935783,-1.0,-0.04,0.03,0.06,0.12,false,,c7da5b50bfbc0740cacaad7ecf0c0a4d5d6510e3c01595d7705a329230bcf496,
F3599,Float64,3,0.00033,240,false,0.108382,false,0.005507,-1.0,2.39,-0.2693633660094724,0.5271920726536325,-1.0,-0.67,-0.32,0.06,1.25,false,,0c4248157f9f68b6e24501d04bc4a930e8d610462e21db573ab729065b6c39b0,
F3600,Float64,3,0.00033,251,false,0.070492,false,0.004846,-1.0,1.59,0.13304879392003524,0.5911428730827698,-1.0,-0.24,0.16,0.55,1.3521999999999936,false,,122b82ce7e26066ae21da267aadf2b3b72c377964dcc495c4ec4ef48b8e8fb9d,
F3601,Float64,3,0.00033,767,false,0.22172,false,0.000771,-1.0,1041.86,0.6647714506002864,18.24569174833734,-1.0,-0.99,-0.93,-0.53,21.833999999999868,false,,bfa4fa32cf2a64b6859758386b4ab6418fd7ee273a78dbe9fb44ccab8c873f59,
F3602,Float64,3,0.00033,669,false,0.30554,false,0.001101,-1.0,1126.31,0.4697686969930608,17.80918178110809,-1.0,-1.0,-0.96,-0.66,18.512599999999786,false,,a9cf795da212e19c4ddfaca84e0f1ad4d11aa8dc96377324e5489124841cac67,
F3603,Float64,3,0.00033,824,false,0.103976,false,0.00022,-1.0,1425.61,1.1551217094393653,23.26565639167883,-1.0,-0.98,-0.88,-0.43,31.109599999999883,false,,ff7db2e948aba352d402a210317cbf64a12987907dcde2c5534c2c63bba1c7c5,
F3604,Float64,3,0.00033,110,false,0.18328,false,0.030951,-1.0,0.15,-0.07969049454785769,0.2679771757935783,-1.0,-0.04,0.03,0.06,0.12,false,,c7da5b50bfbc0740cacaad7ecf0c0a4d5d6510e3c01595d7705a329230bcf496,F3598
F3605,Float64,3,0.00033,240,false,0.108382,false,0.005507,-1.0,2.39,-0.2693633660094724,0.5271920726536325,-1.0,-0.67,-0.32,0.06,1.25,false,,0c4248157f9f68b6e24501d04bc4a930e8d610462e21db573ab729065b6c39b0,F3599
F3606,Float64,3,0.00033,251,false,0.070492,false,0.004846,-1.0,1.59,0.13304879392003524,0.5911428730827698,-1.0,-0.24,0.16,0.55,1.3521999999999936,false,,122b82ce7e26066ae21da267aadf2b3b72c377964dcc495c4ec4ef48b8e8fb9d,F3600
F3607,Float64,3,0.00033,767,false,0.22172,false,0.000771,-1.0,1041.86,0.6647714506002864,18.24569174833734,-1.0,-0.99,-0.93,-0.53,21.833999999999868,false,,bfa4fa32cf2a64b6859758386b4ab6418fd7ee273a78dbe9fb44ccab8c873f59,F3601
F3608,Float64,3,0.00033,669,false,0.30554,false,0.001101,-1.0,1126.31,0.4697686969930608,17.80918178110809,-1.0,-1.0,-0.96,-0.66,18.512599999999786,false,,a9cf795da212e19c4ddfaca84e0f1ad4d11aa8dc96377324e5489124841cac67,F3602
F3609,Float64,3,0.00033,824,false,0.103976,false,0.00022,-1.0,1425.61,1.1551217094393653,23.26565639167883,-1.0,-0.98,-0.88,-0.43,31.109599999999883,false,,ff7db2e948aba352d402a210317cbf64a12987907dcde2c5534c2c63bba1c7c5,F3603
F3610,Float64,3,0.00033,757,false,0.854499,false,0.00011,-1.0,237.43,0.7758001982597202,7.910884775805283,-1.0,-1.0,-1.0,-1.0,34.36999999999967,false,,8e49089c7f810514d7a96b9f04e100c7a1efa11ec18efba07b1cead3496b297e,
F3611,Float64,9075,0.999229,1,true,1.0,true,0.0,-1.0,-1.0,-1.0,0.0,-1.0,-1.0,-1.0,-1.0,-1.0,true,-1.0:7,ab83a794ad98199cf11e651ca778f3fe5aa22648348347a1958a8856045d423d,F3287
F3612,Float64,3,0.00033,757,false,0.854499,false,0.00011,-1.0,237.43,0.7758012997026105,7.910885935490564,-1.0,-1.0,-1.0,-1.0,34.36999999999967,false,,17be1e27c7bc59e6afe7a3ca2ebc6231fd5b6e4e662c5e38366c52aa6cb5e5bd,
F3613,Float64,3,0.00033,907,false,0.854499,false,0.00011,-1.0,258.8,0.6437559202555347,7.725387359897258,-1.0,-1.0,-1.0,-1.0,34.923399999999695,false,,6c371af1d600c748e9547b6b6eceefa1961ff17e760907723ccd714ad9b4d1ae,
F3614,Float64,9075,0.999229,1,true,1.0,true,0.0,-1.0,-1.0,-1.0,0.0,-1.0,-1.0,-1.0,-1.0,-1.0,true,-1.0:7,ab83a794ad98199cf11e651ca778f3fe5aa22648348347a1958a8856045d423d,F3287
F3615,Float64,3,0.00033,907,false,0.854499,false,0.00011,-1.0,258.8,0.643757021698425,7.725389664077398,-1.0,-1.0,-1.0,-1.0,34.923399999999695,false,,ab38ca92028a27938d9f5fea0ec5a222408b2bcaa85415fed080a9848bc71531,
F3616,Float64,3,0.00033,666,false,0.849983,false,0.00011,-1.0,648.54,3.486515034695451,22.745527533842452,-1.0,-1.0,-1.0,-1.0,109.51,false,,c3c52ca250e30bf9f3eb6d31a5936543b72f834fc9bd421e4445b7b88386dcce,
F3617,Float64,1346,0.148205,13,false,0.998449,true,0.0,-1.0,3425.55,-0.04053516028955532,44.73590358127055,-1.0,-1.0,-1.0,-1.0,-1.0,false,-1.0:7724; 212.74:1; 92.09:1; 282.06:1; 179.31:1,5d31773ac6d6422636d29c5e0269c0d1c2004cfb779c8facace790d200674aea,
F3618,Float64,3,0.00033,663,false,0.850204,false,0.00011,-1.0,648.54,3.5134111686309057,22.85299928559021,-1.0,-1.0,-1.0,-1.0,110.55,false,,cb74091c21ceea15c71cc0156437adb3c09f3e3a0ce511b05121756eead8472f,
F3619,Float64,3,0.00033,488,false,0.853618,false,0.0,-1.0,2232.04,1.6704427800418549,39.15669923316364,-1.0,-1.0,-1.0,-1.0,46.17759999999995,false,,6252ae46da5414f5ff21625966485b78f322a642efb0cf99c2ed14ced39053ff,
F3620,Float64,1346,0.148205,13,false,0.998449,true,0.0,-1.0,2265.65,-0.43402662874870734,30.880163650681638,-1.0,-1.0,-1.0,-1.0,-1.0,false,-1.0:7724; 22.83:1; 3.24:1; -0.82:1; 2265.65:1,5b6e220817ab9b7bc9fddab009aa537261973396c0ffb1af4ce0b793418f91f0,
F3621,Float64,3,0.00033,483,false,0.853398,false,0.00022,-1.0,2429.38,1.7695318867716707,41.82859829605276,-1.0,-1.0,-1.0,-1.0,45.62979999999961,false,,63a9ff6c66afe477197ac5ff5d17cc131df1cdfce6251dcfa40221b27a50cc73,
F3622,Float64,3,0.00033,730,false,0.836766,false,0.0,-1.0,170.25,2.5578918383081835,13.455865624711658,-1.0,-1.0,-1.0,-1.0,71.02,false,,6797829aed05c4574d387eb58bb6561c4355bd702b17deddbb40879af74f39e3,
F3623,Float64,4,0.00044,55,false,0.994052,true,0.0,-1.0,1450.44,0.1571469486671073,29.34516226894402,-1.0,-1.0,-1.0,-1.0,-1.0,false,,eb6ebcf9fd3c11155fa873c7e4be8ea61c2f3a1780d8f014276095775618483c,
F3624,Float64,3,0.00033,699,false,0.841282,false,0.00011,-1.0,192.62,2.7321610309505453,14.401432605337767,-1.0,-1.0,-1.0,-1.0,77.21,false,,3cd3a64001840ee5810f3338a76602cd98cde4dc4722980918f62faf81eb7d08,
F3625,Float64,3,0.00033,303,false,0.854389,false,0.00022,-1.0,1011.24,-0.1824176671439586,16.617028653270054,-1.0,-1.0,-1.0,-1.0,4.939799999999941,false,,6121ba0f95c3d79ad347b73a9f26b0c316a31b5e9de533a226e943b081acf2ed,
F3626,Float64,4,0.00044,53,false,0.994052,true,0.0,-1.0,1265.74,0.004562679004185977,27.845976777512167,-1.0,-1.0,-1.0,-1.0,-1.0,false,,484f7510d2c9cec2276246fba76778de1df3b8120d38a19a7a10fce5c8fee381,
F3627,Float64,3,0.00033,380,false,0.853839,false,0.00022,-1.0,427.39,-0.23412270073796673,10.022719919898027,-1.0,-1.0,-1.0,-1.0,7.59,false,,a57fa0b246f29f4b247e86e5229b2cd2ce029dcca5e5ac0c8004368d4dc67110,
F3628,Float64,3,0.00033,622,false,0.869259,false,0.0,-1.0,412.73,1.1937801519991191,11.794670345490042,-1.0,-1.0,-1.0,-1.0,45.497399999999566,false,,9c636bfe46528fce97fcb4f55510bd8114a81a4448bf3bb397203493c17a5d99,
F3629,Float64,97,0.01068,79,false,0.991208,true,0.0,-1.0,2708.88,0.3649304396215915,37.97860108137359,-1.0,-1.0,-1.0,-1.0,-1.0,false,,e7f2febfe84474b7e560bebeafade2b80f04b00768b7eea614bc7aa9fa1651a3,
F3630,Float64,3,0.00033,594,false,0.875757,false,0.00011,-1.0,281.66,1.3011521092631346,11.683892065474502,-1.0,-1.0,-1.0,-1.0,48.94539999999996,false,,7333f5ea45050309d748627aa4711da691f041a249776074a1a7cb05cc22b374,
F3631,Float64,3,0.00033,306,false,0.925322,false,0.0,-1.0,1441.04,0.017971142196277108,19.92287654446451,-1.0,-1.0,-1.0,-1.0,12.642199999999994,false,,9876f34b5cb396187e3fd2710fab3af02f2b9d43b580028abfa92f37cb32a644,
F3632,Float64,97,0.01068,62,false,0.991541,true,0.0,-1.0,871.84,-0.2706076794657763,17.06314238123573,-1.0,-1.0,-1.0,-1.0,-1.0,false,,b4ca24b3e9ebb0607af8a0c0acc3ad2653ddb51922f83a8c9088aa4f5d36a768,
F3633,Float64,3,0.00033,305,false,0.926093,false,0.0,-1.0,2131.21,0.23388368763079642,30.231590738922467,-1.0,-1.0,-1.0,-1.0,11.635399999999626,false,,f3fd9c3068809d30f36b63a2a8173d87b38fa689d68294bd61b9c6c38ad0653e,
F3634,Float64,3,0.00033,398,false,0.26732,false,0.004626,-1.0,9.42,-0.2580207071263355,0.9391512674840996,-1.0,-1.0,-0.66,0.12,2.64,false,,5fb983533ea6c97c6c0ec56b680e81fa07fa7987a869ed003b1b98308c025ea0,
F3635,Float64,3,0.00033,532,false,0.344862,false,0.002533,-1.0,8.28,-0.1608591254543452,1.1748806033280064,-1.0,-1.0,-0.66,0.26,4.132199999999993,false,,82308eca5926b213ac3cd5c614754d30239533b97cb4c8b290600278d6d5cd77,
F3636,Float64,3,0.00033,540,false,0.629585,false,0.000551,-1.0,22.74,-0.33999889855710985,1.3640538725746625,-1.0,-1.0,-1.0,-0.32,4.66,false,,491400765bd50aa0874da2216d2e78bbb9f9f400cee6504b9b8f7b4723782eee,
F3637,Float64,3,0.00033,731,false,0.372838,false,0.001101,-1.0,2175.7,0.8655270404229539,28.767130890995173,-1.0,-1.0,-0.97,-0.72,25.169599999999882,false,,2b04aec24e899a0622d0df89e2039be5a0cec0d1f69ed2afbba4fe1814d11304,
F3638,Float64,3,0.00033,661,false,0.442339,false,0.000881,-1.0,1923.63,0.5511212688622096,25.85356178616621,-1.0,-1.0,-0.99,-0.81,16.471799999999874,false,,d6834dda928f319e44dd6f9bf54e2ddc30eb84534c78f14bf055e8df57724d95,
F3639,Float64,3,0.00033,719,false,0.648419,false,0.000771,-1.0,2504.81,1.3395825531446195,37.04946081617429,-1.0,-1.0,-1.0,-0.9,34.41759999999994,false,,7dd478ac20269c927b41f8d93639946ba18a6e600ab9689b9c0154f7b679849b,
F3640,Float64,3,0.00033,223,false,0.251239,false,0.003084,-1.0,1.47,-0.0205639387597753,0.731231642515805,-1.0,-1.0,0.18,0.605,1.13,false,,b4d1209ce297cc605de409deb3850fea79f01edbc0aa832f90693d9ce82d9881,
F3641,Float64,3,0.00033,385,false,0.321401,false,0.002313,-1.0,5.92,-0.3177673752615927,0.8280285404938006,-1.0,-1.0,-0.61,0.1,2.21,false,,c913e4eedbf7c67bdc18b17e5eb74cb15c2bc9fec09cad9db473115e515de132,
F3642,Float64,3,0.00033,561,false,0.352462,false,0.001983,-1.0,5.89,0.39303447516246287,1.4642278288331756,-1.0,-1.0,0.16,1.25,4.2,false,,57c0d2b99deb8061f62f1f48041c3c160026dd7e121176d00b572e52e612b9bb,
F3643,Float64,3,0.00033,870,false,0.259059,false,0.003525,-1.0,63.51,0.4055512721665382,2.5434172871173546,-1.0,-1.0,-0.34,0.57,11.772999999999902,false,,314db9d5f6c6f85c03d4382a9572e933fb3f217ea80f2965fd9dc49c74d0a099,
F3644,Float64,3,0.00033,678,false,0.346514,false,0.002643,-1.0,93.36,-0.12592025553475053,2.038128153830306,-1.0,-1.0,-0.77,0.0,6.934399999999987,false,,fb8c542dcca994df7987dc3074b2c9974a9c503dcc53571f4c9373b082e03381,
F3645,Float64,3,0.00033,1186,false,0.356427,false,0.002974,-1.0,77.53,1.1302401145500607,4.845046907162844,-1.0,-1.0,-0.41,1.0350000000000001,22.39,false,,3594005cecc4af877c877f66f2487d3027a785e09f2304e692636f4168db1e16,
F3646,Float64,3,0.00033,719,false,0.430224,false,0.002533,-1.0,32.81,0.15421191761207184,2.1370779805604196,-1.0,-1.0,-0.83,0.35,8.694199999999928,false,,b0301cbea9b1d8dc97ac1eedde905eaa6bb07e915e537e6985fb0db283495c45,
F3647,Float64,3,0.00033,750,false,0.478357,false,0.001652,-1.0,33.85,0.06969269743363805,2.1145232914658427,-1.0,-1.0,-0.91,0.18,8.48,false,,f12017ea218f1e3ed46e2abecf12f9951d473f6381e5149493a09f54b5acce9c,
F3648,Float64,3,0.00033,608,false,0.856702,false,0.000441,-1.0,458.32,1.1283313140213678,17.07084991824704,-1.0,-1.0,-1.0,-1.0,37.97,false,,a27d14a1913bcdfe1b40adbe6eab87591592eeaa33f7ef051a0e1a8ec1630547,
F3649,Float64,3,0.00033,745,false,0.539817,false,0.000551,-1.0,3019.68,1.2330388809340234,36.5484656363874,-1.0,-1.0,-1.0,-0.86,34.23939999999884,false,,40b1d24886ab959030cfe90bfc45358ba4ab6e7e4bc034dda6198ece1eeaa825,
F3650,Float64,3,0.00033,661,false,0.581121,false,0.000771,-1.0,2634.46,0.8191937438043838,32.79520066841515,-1.0,-1.0,-1.0,-0.91,23.61399999999987,false,,802c11f3a857dd2fdfa5f2ff86164da995fe3c6155520cbd46eb1b0bece5e75b,
F3651,Float64,3,0.00033,629,false,0.859456,false,0.00011,-1.0,3538.5,2.787344421191761,57.24855867599172,-1.0,-1.0,-1.0,-1.0,61.217999999997446,false,,fce7e5c9d124563e3e1682dfe7de2658de4babe0556003355c71f35a19a77140,
F3652,Float64,3,0.00033,612,false,0.837427,false,0.000441,-1.0,36.65,-0.37405661416455555,2.479757570672429,-1.0,-1.0,-1.0,-1.0,12.19,false,,1fad0aa1f90912c74fce98d22db93fa073080970686b05a38a05f88571c9d08d,
F3653,Float64,3,0.00033,448,false,0.925542,false,0.0,-1.0,217.99,-0.2945544663509197,5.655047520563571,-1.0,-1.0,-1.0,-1.0,17.140799999999906,false,,c24327b758122bed3c98d9430d2d3512104e3ad64bc2e67844e6b4ead066faff,
F3654,Float64,3,0.00033,599,false,0.870911,false,0.000441,-1.0,61.72,-0.20551051877960128,3.588264984738295,-1.0,-1.0,-1.0,-1.0,17.741999999999933,false,,cfff3ae84d7e26bd346eb2bc738d9294bd2eb4730e7625d14fd62b8360cba767,
F3655,Float64,3,0.00033,763,false,0.840291,false,0.000441,-1.0,1719.36,1.2037360942835114,23.29716247268624,-1.0,-1.0,-1.0,-1.0,47.81459999999841,false,,674dcc6833bc9ac8b80b9bd2aa5998fc5169830b546b3320e4d43c294b213d48,
F3656,Float64,3,0.00033,471,false,0.926313,false,0.0,-1.0,1822.52,1.033935455446635,32.769290580056605,-1.0,-1.0,-1.0,-1.0,28.51719999999983,false,,887eb89044a6ec15deeeb22a21bab32ae476d377a79d5d68618fe95ea6ea6d55,
F3657,Float64,3,0.00033,724,false,0.873004,false,0.00033,-1.0,2842.78,1.536781583874876,34.57426159687979,-1.0,-1.0,-1.0,-1.0,54.42579999999975,false,,b22c8dd9dfbefe900fe1966dc7798e99ab90f5adbcb7e1a858331001f09d7368,
F3658,Float64,3,0.00033,276,false,0.965635,false,0.0,-1.0,669.22,0.6553243749311599,16.7015126037623,-1.0,-1.0,-1.0,-1.0,40.646199999999865,false,,f6a41c5f64861403bf041fe64ac5d80cfea253b85d755fb03317066803be1f53,
F3659,Float64,1297,0.14281,2,false,0.999872,true,0.0,-1.0,3761.02,-0.5167604367373153,42.634767283403626,-1.0,-1.0,-1.0,-1.0,-1.0,false,-1.0:7784; 3761.02:1,95a05f804db4cbfff43facd265b311af027f061e79927e7e3956e83005cfd503,
F3660,Float64,3,0.00033,280,false,0.965635,false,0.0,-1.0,670.65,0.6583709659654147,16.7537656378295,-1.0,-1.0,-1.0,-1.0,40.51059999999985,false,,f2b1c9ea740c14db5d1408b878393a958fcc3a32a4270262f780b725e70547ac,
F3661,Float64,3,0.00033,290,false,0.965965,false,0.0,-1.0,1042.76,0.9813712963982817,28.24040834067143,-1.0,-1.0,-1.0,-1.0,32.95459999999906,false,,3d256de562dd4fcabb714837027d6f0a264125f230c831014e020b2932e59021,
F3662,Float64,1297,0.14281,2,false,0.999872,true,0.0,-1.0,-0.58,-0.9999460500963391,0.004759837071315281,-1.0,-1.0,-1.0,-1.0,-1.0,false,-1.0:7784; -0.58:1,d341b2c21ef32870d20cb8fd53df44f599beb90be3ac56e658bb97072c158a0c,
F3663,Float64,3,0.00033,290,false,0.966076,false,0.00011,-1.0,1053.47,0.9911477034915737,28.399625199860605,-1.0,-1.0,-1.0,-1.0,33.2483999999992,false,,9f10b3b72d731ba003110d799e4fba1c7056f73ccc88f153f0641f7f560b38ba,
F3664,Float64,7076,0.779124,2,false,0.999501,true,0.0,-1.0,28.86,-0.9851146560319042,0.666524416223659,-1.0,-1.0,-1.0,-1.0,-1.0,false,-1.0:2005; 28.86:1,e81e3b5b25cafe868ec8bfc22ab04ff7cfd95e86d58ef16437878c552b38fde6,
F3665,Float64,9082,1.0,0,true,1.0,true,,,,,,,,,,,,,a85e5e34b55857d604486871e07d90d2182c96ec5983828468fb8dc535a6c290,F128
F3666,Float64,7076,0.779124,2,false,0.999501,true,0.0,-1.0,28.86,-0.9851146560319042,0.666524416223659,-1.0,-1.0,-1.0,-1.0,-1.0,false,-1.0:2005; 28.86:1,e81e3b5b25cafe868ec8bfc22ab04ff7cfd95e86d58ef16437878c552b38fde6,F3664
F3667,Float64,7076,0.779124,2,false,0.999501,true,0.0,-1.0,30.57,-0.9842622133599203,0.7046944347013032,-1.0,-1.0,-1.0,-1.0,-1.0,false,-1.0:2005; 30.57:1,8bb49e581572a26c5496c98e6b84a773ba02b5c3265f66dd2c6f556ae037e6f2,
F3668,Float64,9082,1.0,0,true,1.0,true,,,,,,,,,,,,,a85e5e34b55857d604486871e07d90d2182c96ec5983828468fb8dc535a6c290,F128
F3669,Float64,7076,0.779124,2,false,0.999501,true,0.0,-1.0,30.57,-0.9842622133599203,0.7046944347013032,-1.0,-1.0,-1.0,-1.0,-1.0,false,-1.0:2005; 30.57:1,8bb49e581572a26c5496c98e6b84a773ba02b5c3265f66dd2c6f556ae037e6f2,F3667
F3670,Float64,3,0.00033,139,false,0.982707,false,0.0,-1.0,7398.96,5.339069280757793,127.77807108812024,-1.0,-1.0,-1.0,-1.0,85.76,false,,3f5307601333fcc13c0bc9cea45354901d316332e7d9b5e26498d2ddb37837c8,
F3671,Float64,3,0.00033,139,false,0.982707,false,0.0,-1.0,7424.97,5.354582002423174,128.19525447297048,-1.0,-1.0,-1.0,-1.0,85.76,false,,5da716454fd69fad2801c9f18ac2227d8edc210a4d5c7e89f86bae3995c1aea5,
F3672,Float64,5327,0.586545,1,true,1.0,true,0.0,-1.0,-1.0,-1.0,0.0,-1.0,-1.0,-1.0,-1.0,-1.0,true,-1.0:3755,01a51b8a9bed88265d8b07a5864c0959b1a8bd100509beed1521e45e581a8cf3,F3348
F3673,Float64,3,0.00033,139,false,0.982707,false,0.0,-1.0,70013.35,14.664264786870802,875.5260323854129,-1.0,-1.0,-1.0,-1.0,2.0387999999999735,false,,079e8b286bcf9010f2cd454c5f062ef69a977b61cf4c4139099d5d19af688e33,
F3674,Float64,3,0.00033,139,false,0.982707,false,0.0,-1.0,70052.02,14.6714362815288,875.9998014156126,-1.0,-1.0,-1.0,-1.0,2.0387999999999735,false,,00bf5b9ee5df5f55eee0c8cdf3aaff5e49cfc06e533cf49666016b4395bd4b8a,
F3675,Float64,5327,0.586545,1,true,1.0,true,0.0,-1.0,-1.0,-1.0,0.0,-1.0,-1.0,-1.0,-1.0,-1.0,true,-1.0:3755,01a51b8a9bed88265d8b07a5864c0959b1a8bd100509beed1521e45e581a8cf3,F3348
F3676,Float64,3,0.00033,620,false,0.843155,false,0.0,-1.0,146.96,0.7753673312038771,9.695004780539026,-1.0,-1.0,-1.0,-1.0,41.28,false,,09e977bc222f248ed449a17626679a0cc68eebf6a8991c22a33e713e18b7e6a1,
F3677,Float64,3,0.00033,297,false,0.961009,false,0.00022,-1.0,1593.18,1.536160370084811,31.05672252090609,-1.0,-1.0,-1.0,-1.0,43.0497999999983,false,,660bd92170e860420f564774166677e6f56aeb993eda22c2af5b430831d56da7,
F3678,Float64,3,0.00033,589,false,0.871682,false,0.00022,-1.0,192.88,0.6961702830708227,10.4665490759086,-1.0,-1.0,-1.0,-1.0,40.47,false,,c956f1e4d02a6062df97e49a5a8580f12e13f0f290f3918a93e4e69e1af09dc0,
F3679,Float64,3,0.00033,598,false,0.84701,false,0.00022,-1.0,12264.89,4.880273157836766,139.84939742415392,-1.0,-1.0,-1.0,-1.0,96.03559999999935,false,,b929dbe92d8a02bd5c16896467a52a3f656dc7b910312d7a09ec5df4d4f59620,
F3680,Float64,3,0.00033,261,false,0.96167,false,0.0,-1.0,38620.39,10.299834783566473,435.0003080246686,-1.0,-1.0,-1.0,-1.0,18.451199999998718,false,,a6c665e8703801236ce8a47332e132efd887f9aaefafb625584c0443ce9b373f,
F3681,Float64,3,0.00033,546,false,0.874876,false,0.0,-1.0,2267.18,3.5487443551051876,59.690992688680524,-1.0,-1.0,-1.0,-1.0,72.57779999999805,false,,8a48e4f343a411cd7baab3ad172f375de6d66c27d17b06ff29ab58198e267fa6,
F3682,Float64,3,0.00033,753,false,0.822558,false,0.00011,-1.0,166.36,0.8117887432536622,7.809018876075028,-1.0,-1.0,-1.0,-1.0,35.13839999999953,false,,669c084ae7ca6c61e8082530dda71427ed433326ac798b8ae09269cd19dffa82,
F3683,Float64,3,0.00033,358,false,0.949334,false,0.0,-1.0,857.9,1.3426776076660425,20.46467995159568,-1.0,-1.0,-1.0,-1.0,60.763799999998824,false,,0f0c01e622515a08129a138961135f85b6b3f238c05ff8e83555f2ba61c40c01,
F3684,Float64,3,0.00033,691,false,0.858134,false,0.0,-1.0,197.46,0.6402885780372288,7.606634703514654,-1.0,-1.0,-1.0,-1.0,32.47959999999955,false,,c45f91182ef89d3ef98ff12ca76f8fb815be028c86aba42848d4ad455d65d7a2,
F3685,Float64,3,0.00033,336,false,0.860117,false,0.00011,-1.0,19558.03,1.781919814957594,206.41271091387094,-1.0,-1.0,-1.0,-1.0,4.80319999999996,false,,e32647189bdbd8b72c2093461b93b9287a9e8798b43e1161e067f9773e6e5397,
F3686,Float64,3,0.00033,140,false,0.965745,false,0.0,-1.0,21787.67,1.9678863310937327,230.04139120126933,-1.0,-1.0,-1.0,-1.0,-0.25340000000001967,false,,b82b31f18a5642cd4c3ee4bd52424302427ff22641f2920b0a4032679ee0634e,
F3687,Float64,3,0.00033,452,false,0.875317,false,0.00022,-1.0,634.37,-0.24768476704482872,11.079182090479808,-1.0,-1.0,-1.0,-1.0,10.01319999999996,false,,14876fbe7c309c06b57a841c50c65104902a89c1a8555df5bf335929b1a45986,
F3688,Float64,2,0.00022,663,false,0.643282,false,0.000441,-1.0,435.25,2.8697522026431717,17.360496962801054,-1.0,-1.0,-1.0,-0.51,68.72,false,,3b8de732c6d83ae7a6feba5264c73fc9c66b8ed2a13941f2c33498fca80a5392,
F3689,Float64,2,0.00022,578,false,0.784471,false,0.00033,-1.0,496.18,1.827827092511013,16.63963461742416,-1.0,-1.0,-1.0,-1.0,66.42,false,,9d32fe3809da6e2c4b20792db074a5a46740f6be20926c6e76a3d9b133c4ceca,
F3690,Float64,2,0.00022,871,false,0.79163,false,0.00011,-1.0,699.75,9.039747797356826,39.77698077165537,-1.0,-1.0,-1.0,-1.0,204.21,false,,6ea8ac7441bbff905f79f4e6adb8f47acd0c1c655907e687091b24182f9ffc90,
F3691,Float64,2,0.00022,981,false,0.657048,false,0.00022,-1.0,2156.89,3.5440814977973565,39.01484566497836,-1.0,-1.0,-1.0,-0.89,98.97219999999841,false,,5e1475c0a9a0e995eeddf9324f75c4d55984dbe09ea44a00b016fc792215aae6,
F3692,Float64,2,0.00022,532,false,0.799449,false,0.00011,-1.0,2472.03,1.6169361233480175,43.53115139051098,-1.0,-1.0,-1.0,-1.0,39.13279999999766,false,,7c14dc7da5e5ef703a935b0936ee7fa6b5b19a158daffa43b6b9049f7300aaef,
F3693,Float64,2,0.00022,1163,false,0.79163,false,0.00011,-1.0,13247.39,10.43042400881057,154.00473985306454,-1.0,-1.0,-1.0,-1.0,249.18759999999426,false,,077a859f412e213c391e10f4e2576a26f167b9d6bc7acd6358c6f7530e332ac5,
F3694,Float64,2,0.00022,702,false,0.860463,false,0.00022,-1.0,536.5,0.5038590308370043,13.385425751645515,-1.0,-1.0,-1.0,-1.0,26.643499999999694,false,,7c105cedd3bfd4206da5b9ff8bde024b687beb9fea886a6306133526f1e3f9a4,
F3695,Float64,2,0.00022,559,false,0.904626,false,0.0,-1.0,580.66,0.3175737885462555,13.731195561473104,-1.0,-1.0,-1.0,-1.0,25.166599999999598,false,,599864cfd22dcf05e922761072efbb59f7dd920e499395f480b6071191a7d38b,
F3696,Float64,2,0.00022,653,false,0.889978,false,0.0,-1.0,1054.55,0.7381310572687224,18.505055311745316,-1.0,-1.0,-1.0,-1.0,33.46,false,,bd6437708fb17ebb0fd15400865ec9d08d1c4a01b9d027253e514057cecf98d6,
F3697,Float64,2,0.00022,644,false,0.861564,false,0.000441,-1.0,1835.95,1.2548447136563876,33.3699488071226,-1.0,-1.0,-1.0,-1.0,35.16039999999979,false,,f0bcf93013b4a6bf4be8a72ec0cbde97efc7bc34541a52a528ad313278c66f29,
F3698,Float64,2,0.00022,564,false,0.905176,false,0.00011,-1.0,1393.77,1.065955947136564,27.462821420307456,-1.0,-1.0,-1.0,-1.0,31.485199999997274,false,,df1ebef61f379c0af064ca7d1b42718b288d9c2605bd30ed011ace779b9c8c96,
F3699,Float64,2,0.00022,558,false,0.890639,false,0.00011,-1.0,3738.24,1.3589515418502203,53.78524861984904,-1.0,-1.0,-1.0,-1.0,32.54609999999964,false,,b8dfa8a176baba214393b81ca845d705d91edcf077582683d3811a712420c2d2,
F3700,Float64,2,0.00022,81,false,0.363656,false,0.142841,-1.0,0.09,-0.02104955947136564,0.14438342923053812,-0.66,0.0,0.02,0.05,0.09,false,,fd3a57544a04cb688d6d3c4f9cbeec30e854b705bbe8a62ef39d788028531697,
F3701,Float64,2,0.00022,237,false,0.021916,false,0.005507,-1.0,1.99,-0.1959592511013216,0.47174687606768034,-1.0,-0.54,-0.26,0.09,1.19,false,,a1baf60476a74b7dd8bd01c53f3ebc0c510e90a5e417da01c7c425cbe9507ea0,
F3702,Float64,2,0.00022,243,false,0.031938,false,0.005727,-1.0,1.49,0.18027092511013215,0.5267363497103581,-1.0,-0.15,0.2,0.56,1.25,false,,876a0642231181e9d975748ab21907bdaad0b0e276e57e56c91c746ca506e25e,
F3703,Float64,2,0.00022,779,false,0.188436,false,0.001101,-1.0,437.55,0.44962004405286343,10.899426994543244,-1.0,-0.99,-0.94,-0.5375000000000001,18.604199999999985,false,,1e80c2a7ae9b64fe29d8082083ae3538a44cbfceda51aa087a6cd6d0e42e16b0,
F3704,Float64,2,0.00022,774,false,0.236454,false,0.000551,-1.0,450.01,0.4922070484581498,11.702021762190057,-1.0,-0.99,-0.95,-0.58,20.80149999999987,false,,744e060a77b3e2a0df8faeb0e64f6661a7f6b6e940c96cdc1aa880f902484746,
F3705,Float64,2,0.00022,752,false,0.144383,false,0.000991,-1.0,463.23,0.5334295154185023,11.5313585763898,-1.0,-0.99,-0.93,-0.57,22.58,false,,c1a1777b3b77580ca0324ee0fa0bb037e6a1141d75e1fc9abf962e24f0d747d1,
F3706,Float64,2,0.00022,114,false,0.135463,false,0.061454,-1.0,0.15,-0.07803414096916302,0.2627232026549023,-1.0,-0.05,0.02,0.07,0.13,false,,00a99ac6e1ead3ee71aadf4acaef7a038d21800f50442acbacaba0ab769eb60d,
F3707,Float64,2,0.00022,239,false,0.084141,false,0.005066,-1.0,2.33,-0.26194052863436124,0.5117445767975064,-1.0,-0.64,-0.32,0.05,1.25,false,,6b3b586dd0c737052c6b78b59769488f88f1387f9f1be410b686790dd593deeb,
F3708,Float64,2,0.00022,251,false,0.065859,false,0.006057,-1.0,1.6,0.13064977973568281,0.5830547656306576,-1.0,-0.24,0.15,0.56,1.31,false,,46f41ff210d9d7e525cfededf7fe5de67216d89dff84d472dd9e36971d701bf1,
F3709,Float64,2,0.00022,753,false,0.209141,false,0.000551,-1.0,751.12,0.5148182819383259,15.472069145573018,-1.0,-0.99,-0.93,-0.5475000000000001,19.23,false,,b05c43ff45a91729f3288a4540f47cd1b7bda3e0e96c51fb7dde686298ce0556,
F3710,Float64,2,0.00022,662,false,0.284802,false,0.001322,-1.0,768.46,0.38808149779735684,15.639652360807974,-1.0,-1.0,-0.96,-0.67,17.439899999999835,false,,af6f64e90f5f2650245bb5c62a719d838257626530d84abe67a62305eb3f40f8,
F3711,Float64,2,0.00022,797,false,0.110683,false,0.000661,-1.0,956.6,0.8666729074889865,18.292559484931314,-1.0,-0.98,-0.89,-0.47,26.772599999999947,false,,fcc10a153707c43abcbc2ccff99e05f10f1d1de9522e5c7574cd8c0358051556,
F3712,Float64,2,0.00022,114,false,0.135463,false,0.061454,-1.0,0.15,-0.07803414096916302,0.2627232026549023,-1.0,-0.05,0.02,0.07,0.13,false,,00a99ac6e1ead3ee71aadf4acaef7a038d21800f50442acbacaba0ab769eb60d,F3706
F3713,Float64,2,0.00022,239,false,0.084141,false,0.005066,-1.0,2.33,-0.26194052863436124,0.5117445767975064,-1.0,-0.64,-0.32,0.05,1.25,false,,6b3b586dd0c737052c6b78b59769488f88f1387f9f1be410b686790dd593deeb,F3707
F3714,Float64,2,0.00022,251,false,0.065859,false,0.006057,-1.0,1.6,0.13064977973568281,0.5830547656306576,-1.0,-0.24,0.15,0.56,1.31,false,,46f41ff210d9d7e525cfededf7fe5de67216d89dff84d472dd9e36971d701bf1,F3708
F3715,Float64,2,0.00022,753,false,0.209141,false,0.000551,-1.0,751.12,0.5148182819383259,15.472069145573018,-1.0,-0.99,-0.93,-0.5475000000000001,19.23,false,,b05c43ff45a91729f3288a4540f47cd1b7bda3e0e96c51fb7dde686298ce0556,F3709
F3716,Float64,2,0.00022,662,false,0.284802,false,0.001322,-1.0,768.46,0.38808149779735684,15.639652360807974,-1.0,-1.0,-0.96,-0.67,17.439899999999835,false,,af6f64e90f5f2650245bb5c62a719d838257626530d84abe67a62305eb3f40f8,F3710
F3717,Float64,2,0.00022,797,false,0.110683,false,0.000661,-1.0,956.6,0.8666729074889865,18.292559484931314,-1.0,-0.98,-0.89,-0.47,26.772599999999947,false,,fcc10a153707c43abcbc2ccff99e05f10f1d1de9522e5c7574cd8c0358051556,F3711
F3718,Float64,2,0.00022,973,false,0.798458,false,0.00011,-1.0,181.88,0.9648105726872246,8.024829106516032,-1.0,-1.0,-1.0,-1.0,34.054699999999066,false,,60ed41b95f0f0df42c8965ac4dce77c80bbcff2fdd6d1fcee8c1d45ce8d12840,
F3719,Float64,5845,0.643581,1,true,1.0,true,0.0,-1.0,-1.0,-1.0,0.0,-1.0,-1.0,-1.0,-1.0,-1.0,true,-1.0:3237,92e3901ae795084e475c34d225d2f69cdf49c0964b624876e861a25126212b94,F3395
F3720,Float64,2,0.00022,978,false,0.798458,false,0.00011,-1.0,181.88,0.9648590308370042,8.025004298375064,-1.0,-1.0,-1.0,-1.0,34.054699999999066,false,,3c41eb3ff5ff47c6783929ac1390229f2059c59a85df7316d1a9ed78fcf78df9,
F3721,Float64,2,0.00022,1040,false,0.798458,false,0.00011,-1.0,208.85,0.8008281938325992,7.977941502270774,-1.0,-1.0,-1.0,-1.0,33.52199999999982,false,,a0eed716245b49900d6d73b6bc791d245c738eadeeb2b006d63286e49a0ffaee,
F3722,Float64,5845,0.643581,1,true,1.0,true,0.0,-1.0,-1.0,-1.0,0.0,-1.0,-1.0,-1.0,-1.0,-1.0,true,-1.0:3237,92e3901ae795084e475c34d225d2f69cdf49c0964b624876e861a25126212b94,F3395
F3723,Float64,2,0.00022,1040,false,0.798458,false,0.00011,-1.0,208.85,0.8008303964757709,7.977961267419798,-1.0,-1.0,-1.0,-1.0,33.52199999999982,false,,2c667c09b3804195bc873114e45ac283f481e887d3487d7dfe9d5ad584acde38,
F3724,Float64,2,0.00022,919,false,0.765749,false,0.00022,-1.0,762.39,4.03111013215859,24.615318652374075,-1.0,-1.0,-1.0,-1.0,116.44,false,,fbef671b911b65c3ccac9d328e6040ef2bde6bd20550129f40ef58262dd1e6f8,
F3725,Float64,111,0.012222,28,false,0.996879,true,0.0,-1.0,1783.25,0.10961988630030098,32.31798932205578,-1.0,-1.0,-1.0,-1.0,-1.0,false,,7fecddb7284c8f8ec134f5dffc1e7a37a60b97473b0c34a19f533e54aa1220d6,
F3726,Float64,2,0.00022,901,false,0.76641,false,0.000441,-1.0,764.72,4.064617841409692,24.743869997942927,-1.0,-1.0,-1.0,-1.0,116.8,false,,6fe6f143e095f1d6c940d3bc6f0a32429c765484686856fea71c2fa22d083051,
F3727,Float64,2,0.00022,578,false,0.779626,false,0.00022,-1.0,3981.71,2.296921806167401,54.85585155024262,-1.0,-1.0,-1.0,-1.0,55.84099999999904,false,,63e90565e2299c135e6f2e44fed0beab47da8dd0a8689ae0bb86b0f37c97fe22,
F3728,Float64,111,0.012222,25,false,0.996879,true,0.0,-1.0,481.24,-0.821460260840486,7.42269213116351,-1.0,-1.0,-1.0,-1.0,-1.0,false,-1.0:8943; -0.97:4; 43.24:2; 10.48:1; 1.49:1,15c072006baed37f21f159a384dba0eb3f0f61464b856aa30cca5e5709a8f0dd,
F3729,Float64,2,0.00022,585,false,0.777423,false,0.0,-1.0,4087.26,2.549795154185022,58.026892813829356,-1.0,-1.0,-1.0,-1.0,60.5482999999998,false,,a7c26de09841fbc643d4d363761e901f7dbdbc525a4d603d88f8d9f557be3f3b,
F3730,Float64,2,0.00022,925,false,0.787115,false,0.00011,-1.0,208.81,2.685863436123348,13.744160615206466,-1.0,-1.0,-1.0,-1.0,71.22,false,,c4a2ccaeda36f8d1ad3b3f8eb573ba733714389f7f50e6e030f115fd83bcdf56,
F3731,Float64,3,0.00033,76,false,0.991629,true,0.0,-1.0,1434.66,0.1563266879612292,27.22781307699807,-1.0,-1.0,-1.0,-1.0,-1.0,false,,aaac0741a78763bb47feb56d2ef3aed74c9f8f88ca52624d17b0afe1790b526e,
F3732,Float64,2,0.00022,925,false,0.792511,false,0.00011,-1.0,228.73,2.8796024229074892,14.680733097507714,-1.0,-1.0,-1.0,-1.0,77.81,false,,fbec8b38a0233379b8f623e523a3f17e63ac6f43e0c6e0a48606ad0e28d90923,
F3733,Float64,2,0.00022,352,false,0.815859,false,0.00022,-1.0,1952.32,0.03345704845814978,24.177066413702978,-1.0,-1.0,-1.0,-1.0,6.540499999999956,false,,99a446c294b861079d7c5b659527c95b5c94cd0185ab822c20388725f42cae72,
F3734,Float64,3,0.00033,70,false,0.991629,true,0.0,-1.0,3447.54,0.25470205969820464,43.38346651127315,-1.0,-1.0,-1.0,-1.0,-1.0,false,,01d7213dea8bd42fd7be4a4a76d1ae45f8a97169d3e156118e75fccb41480f83,
F3735,Float64,2,0.00022,418,false,0.810463,false,0.0,-1.0,409.98,-0.23641740088105734,9.648377242286754,-1.0,-1.0,-1.0,-1.0,11.97,false,,3d7e78c28d097cdd05046c7c74a3d1aaad9c5f4f8c3002d9d5a3f4dbc63a7fe3,
F3736,Float64,2,0.00022,861,false,0.611454,false,0.000881,-1.0,197.43,1.377078193832599,8.013918091052414,-1.0,-1.0,-1.0,1.01,31.631799999999494,false,,3aa7c0fae856815a39a6c4406a96bfaa7e04c4134f55ad2eca60fb49244744d8,
F3737,Float64,2,0.00022,114,false,0.986784,false,0.0,-1.0,2934.91,0.4883986784140969,40.595284620050464,-1.0,-1.0,-1.0,-1.0,6.450499999999956,false,,808e16e601e5f18877b23dcdfdaed5d607827bf987360f3d667d4c599ae84530,
F3738,Float64,2,0.00022,868,false,0.617952,false,0.000551,-1.0,195.67,1.4758348017621146,8.17206910152027,-1.0,-1.0,-1.0,1.11,33.31969999999951,false,,ca6c4f97a9e36f66ebe929181016351dc4d74e03732679cb0c8f8064839f55a6,
F3739,Float64,2,0.00022,435,false,0.842511,false,0.0,-1.0,630.93,-0.12481718061674016,12.254906467274367,-1.0,-1.0,-1.0,-1.0,13.426199999999808,false,,ddd6f6291f075fa6f77dba1912914f7ab9a8f3dd4d7bc1d72a00af4a2797865d,
F3740,Float64,2,0.00022,89,false,0.987555,false,0.0,-1.0,676.16,-0.3339669603524229,13.448115386813804,-1.0,-1.0,-1.0,-1.0,-0.97,false,,949a1204116a5446b292928a35d4c9c1ec82af0e98a283c1dd48d8b510276170,
F3741,Float64,2,0.00022,435,false,0.841079,false,0.00011,-1.0,908.43,-0.015036343612334824,16.584144447910592,-1.0,-1.0,-1.0,-1.0,13.87209999999999,false,,4369fd901d434e6e9c4a7640c7930d1ef6a8c239c4dd4d0959ea89358217bf61,
F3742,Float64,2,0.00022,405,false,0.222247,false,0.000991,-1.0,7.09,-0.2645870044052863,0.9175357758252374,-1.0,-0.97,-0.65,0.11,2.572099999999991,false,,41f12f3eabaf409af68e334332842bb69125d69869e83a3cc861524b26126c19,
F3743,Float64,2,0.00022,544,false,0.289427,false,0.002203,-1.0,7.74,-0.16098568281938325,1.1509053168063688,-1.0,-1.0,-0.64,0.22,4.0020999999999916,false,,8659b458b4acb0b370e6b22cfb3912b9372c8e8df12622dd8c167d92dac0e10f,
F3744,Float64,2,0.00022,546,false,0.601542,false,0.000991,-1.0,19.83,-0.3525297356828194,1.3174034162815604,-1.0,-1.0,-1.0,-0.33,4.61,false,,afa0166da690f245a4cad1fd9217fe0168ab203447fd57a15d8b534ecd4eadde,
F3745,Float64,2,0.00022,704,false,0.357269,false,0.000771,-1.0,1083.72,0.6609008810572686,21.502691187555016,-1.0,-1.0,-0.97,-0.74,20.52249999999978,false,,30daa4cc796dfb8534b8705c28f1e8b6359020826282d1e32c718670abf1c470,
F3746,Float64,2,0.00022,638,false,0.415198,false,0.000991,-1.0,907.92,0.4477433920704846,20.612006442564912,-1.0,-1.0,-0.99,-0.81,16.384199999999982,false,,4c99868b5b72b48891c3bce475e032176746cc97b49427a888903219d48fbc47,
F3747,Float64,2,0.00022,665,false,0.630837,false,0.000441,-1.0,1344.44,0.9883766519823791,26.37511548353917,-1.0,-1.0,-1.0,-0.89,29.673099999999902,false,,fecebf93c314ba1cbb5681194fc3b9c72db17810bdc48f69c68bf23dfd6c4e5e,
F3748,Float64,2,0.00022,230,false,0.235793,false,0.005507,-1.0,1.46,-0.005715859030837002,0.7395300140838571,-1.0,-0.98,0.19,0.63,1.18,false,,83383922adcbcf0a0aa8ffa924e6a575886a42227339373e939b8fb69e605e05,
F3749,Float64,2,0.00022,389,false,0.276982,false,0.003084,-1.0,6.33,-0.29998568281938326,0.8198144666367584,-1.0,-1.0,-0.57,0.11,2.2,false,,6950bccdd05093c7a5a5aece3052f69bc48fd122ebb271bffc2d723a90a75300,
F3750,Float64,2,0.00022,553,false,0.346366,false,0.002203,-1.0,5.88,0.39286233480176214,1.4436662712116664,-1.0,-1.0,0.17,1.29,4.1,false,,2cf738fc290252b0d7eac76b310522c810e88464784f87817cfa7c81410dbb80,
F3751,Float64,2,0.00022,827,false,0.243722,false,0.003414,-1.0,40.2,0.3405,2.261958629708115,-1.0,-0.99,-0.31,0.56,10.342099999999991,false,,a5ab452674a994edabe314aa9a3729bd5ac6e2f7f538c290322ac5f2cead48b2,
F3752,Float64,2,0.00022,654,false,0.298899,false,0.002423,-1.0,57.82,-0.1322511013215859,1.8279030795492575,-1.0,-1.0,-0.71,0.01,6.740999999999913,false,,92b36222785d2306864440dfabc186784a2494d95611b9e37dee4cb236b621f5,
F3753,Float64,2,0.00022,1161,false,0.349009,false,0.002974,-1.0,73.32,1.0376321585903086,4.309673328117709,-1.0,-1.0,-0.35,1.1,20.894199999999984,false,,3d595d738fc2b3c521e053cd8a2f6533192fd1e4394c89be489d449915820ba1,
F3754,Float64,2,0.00022,726,false,0.362335,false,0.003855,-1.0,35.55,0.1431123348017621,2.1257458666509352,-1.0,-1.0,-0.77,0.35,8.41,false,,21c71a429231925509387e1178369769370cacdbabd979dd250ef70a9e318c0b,
F3755,Float64,2,0.00022,729,false,0.407489,false,0.001211,-1.0,36.31,0.05112665198237883,2.054907368308683,-1.0,-1.0,-0.82,0.17,8.398399999999965,false,,cab20af462124c31d463917aac87a3f06328531823311b19428f26ee2402978a,
F3756,Float64,2,0.00022,685,false,0.825,false,0.00033,-1.0,695.85,1.5367059471365638,23.41801304310639,-1.0,-1.0,-1.0,-1.0,41.76,false,,5b1d7a1ee6c062f22ffdf2cd9999fae93a21438d29177f6331f4e6c15120977e,
F3757,Float64,2,0.00022,733,false,0.507048,false,0.000551,-1.0,1621.12,1.1428898678414094,28.824701491914936,-1.0,-1.0,-1.0,-0.85,32.604699999999944,false,,76dcea6cc2a298c809a9a663bda2be3200c7cafe89e2e8c2ae09fb32a7d4faf0,
F3758,Float64,2,0.00022,656,false,0.545044,false,0.000441,-1.0,1399.11,0.7660088105726872,26.96690232790778,-1.0,-1.0,-1.0,-0.9,25.097299999999887,false,,d423475267b6a555484f4ac9ac0f49d9e5fcc15b7cb4501bd34d05792b0ca1fa,
F3759,Float64,2,0.00022,634,false,0.832489,false,0.0,-1.0,3579.69,2.7654273127753304,57.44954594290957,-1.0,-1.0,-1.0,-1.0,58.54039999999979,false,,d0369d9efbfeb44a0f0c78ec962b9d3fd4878c27d4f28d9db393259a1bd2b1dd,
F3760,Float64,2,0.00022,654,false,0.813767,false,0.00033,-1.0,38.16,-0.3631762114537445,2.437090767591178,-1.0,-1.0,-1.0,-1.0,12.024199999999983,false,,e2d4f61e7865b2e4dc7c009e5c44ce6743ecbca595f70cf41e2b5e00d99f60a4,
F3761,Float64,2,0.00022,525,false,0.907048,false,0.0,-1.0,129.57,-0.26461563876651983,5.305751652797662,-1.0,-1.0,-1.0,-1.0,16.380899999999748,false,,eea123d4dd599f06ca2209497819681aa3be2e903ccf650afee70360e2f7c286,
F3762,Float64,2,0.00022,674,false,0.855617,false,0.00033,-1.0,60.53,-0.13908920704845815,3.8743138026470327,-1.0,-1.0,-1.0,-1.0,19.76889999999992,false,,d7abb779385c6b34aef4fa7fcc2c5ec405c3715aba76583b7d43b0104b1ed2ac,
F3763,Float64,2,0.00022,787,false,0.817731,false,0.00022,-1.0,836.96,0.8886861233480176,15.013766289530274,-1.0,-1.0,-1.0,-1.0,42.91379999999932,false,,2d3f73d70fb0e4c250610b57d660ed770a8b637328a32c2ba91564640e3d5145,
F3764,Float64,2,0.00022,525,false,0.9087,false,0.00033,-1.0,1337.14,0.7359107929515419,23.68546219406891,-1.0,-1.0,-1.0,-1.0,27.055599999999686,false,,58c9da3fa6fc910c5dbacfbb1d3f3198f3053f630cb78ffdaa8bf6f69a236e95,
F3765,Float64,2,0.00022,779,false,0.85848,false,0.0,-1.0,1515.34,1.2016002202643172,21.805406635272902,-1.0,-1.0,-1.0,-1.0,51.34779999999984,false,,b4efd83365748a9f23ab0b6e38b0a6717fbe2969b3fdcca5cea50b78af70f8c8,
F3766,Float64,2,0.00022,392,false,0.95033,false,0.0,-1.0,637.14,0.732329295154185,16.401939892237415,-1.0,-1.0,-1.0,-1.0,43.660699999999416,false,,031108cb733a7bab9cc7101a474f685e35ada66e268fe54a0000ec15aea19bf9,
F3767,Float64,246,0.027087,6,false,0.999434,true,0.0,-1.0,3241.95,0.0052014486192847485,50.49778737061566,-1.0,-1.0,-1.0,-1.0,-1.0,false,-1.0:8831; 3241.95:1; 2761.97:1; 1999.14:1; 492.06:1,9383476066eb7eb49d3099c90a484e736a159524b88d4b6bf880ffdc98471d54,
F3768,Float64,2,0.00022,401,false,0.95033,false,0.0,-1.0,638.49,0.7343028634361234,16.454925350865217,-1.0,-1.0,-1.0,-1.0,43.34349999999969,false,,e9aa6337475cf1ba5a8b49c4b97b7a6c344a423bb1a4dc1cdc4d4ebc205dc421,
F3769,Float64,2,0.00022,378,false,0.951211,false,0.0,-1.0,1170.91,0.7622147577092513,22.36449637142029,-1.0,-1.0,-1.0,-1.0,35.45219999999929,false,,ea42d8228e8741f692343c0d159fa5dd1c49a87007cb5dbeb5c630fb8e74b21b,
F3770,Float64,246,0.027087,6,false,0.999434,true,0.0,-1.0,1521.92,-0.8071287913082843,16.26367954792102,-1.0,-1.0,-1.0,-1.0,-1.0,false,-1.0:8831; 31.39:1; 17.72:1; 128.73:1; -0.55:1,820d70bede7860ad41d928a093a192a3bbf9cdc50483a675a75935d49ef51604,
F3771,Float64,2,0.00022,378,false,0.951322,false,0.00011,-1.0,1179.52,0.7698634361233481,22.474259897333486,-1.0,-1.0,-1.0,-1.0,35.62219999999929,false,,28f5679784cee5253d97e7b6ef32913eb07eb13a479016bbbd81644746eed852,
F3772,Float64,7076,0.779124,2,false,0.999501,true,0.0,-1.0,26.55,-0.9862662013958126,0.6149614088064906,-1.0,-1.0,-1.0,-1.0,-1.0,false,-1.0:2005; 26.55:1,50d3a2039ac51f0bac55135677bcbab693c4e6d314e87edac8666f354526d3a4,
F3773,Float64,9082,1.0,0,true,1.0,true,,,,,,,,,,,,,a85e5e34b55857d604486871e07d90d2182c96ec5983828468fb8dc535a6c290,F128
F3774,Float64,7076,0.779124,2,false,0.999501,true,0.0,-1.0,26.55,-0.9862662013958126,0.6149614088064906,-1.0,-1.0,-1.0,-1.0,-1.0,false,-1.0:2005; 26.55:1,50d3a2039ac51f0bac55135677bcbab693c4e6d314e87edac8666f354526d3a4,F3772
F3775,Float64,7076,0.779124,2,false,0.999501,true,0.0,-1.0,26.61,-0.98623629112662,0.6163007077004431,-1.0,-1.0,-1.0,-1.0,-1.0,false,-1.0:2005; 26.61:1,aa742cb1de0c3246220e009d00ca40bf72815418ff078eb4e1ab55e470001f9f,
F3776,Float64,9082,1.0,0,true,1.0,true,,,,,,,,,,,,,a85e5e34b55857d604486871e07d90d2182c96ec5983828468fb8dc535a6c290,F128
F3777,Float64,7076,0.779124,2,false,0.999501,true,0.0,-1.0,26.61,-0.98623629112662,0.6163007077004431,-1.0,-1.0,-1.0,-1.0,-1.0,false,-1.0:2005; 26.61:1,aa742cb1de0c3246220e009d00ca40bf72815418ff078eb4e1ab55e470001f9f,F3775
F3778,Float64,2,0.00022,271,false,0.965969,false,0.0,-1.0,6619.29,7.575511013215859,148.58855243503405,-1.0,-1.0,-1.0,-1.0,142.07469999999734,false,,f9a82cc1cef5c02f67c47370895f170f5d3e6e5f036e0dfbdd692c4f9cc55f00,
F3779,Float64,2,0.00022,271,false,0.965969,false,0.0,-1.0,6629.71,7.584578193832599,148.8058208840806,-1.0,-1.0,-1.0,-1.0,142.12299999999712,false,,d04662a093aadfc0f9b3800c908c2ce5852a61eb37b941b2eaec2f08bb5f3b9c,
F3780,Float64,5319,0.585664,1,true,1.0,true,0.0,-1.0,-1.0,-1.0,0.0,-1.0,-1.0,-1.0,-1.0,-1.0,true,-1.0:3763,25b9f1025f693d2f336c14a002c505eb7d4867bd4258ebad624fcae20f90e65a,F3456
F3781,Float64,2,0.00022,245,false,0.965969,false,0.0,-1.0,79986.58,33.754320484581505,1353.8672284268316,-1.0,-1.0,-1.0,-1.0,13.665999999999476,false,,632484eefd73290c6efa8daffea73a3a41e0b7e3b268734c14ce8027b936b08c,
F3782,Float64,2,0.00022,246,false,0.965969,false,0.0,-1.0,80011.87,33.76076872246696,1354.152283771794,-1.0,-1.0,-1.0,-1.0,13.665999999999476,false,,c3fb549fd3813f9f0ef9043b362c3eb9bbfc93a1faa34c34cbbf95a657d93d11,
F3783,Float64,5319,0.585664,1,true,1.0,true,0.0,-1.0,-1.0,-1.0,0.0,-1.0,-1.0,-1.0,-1.0,-1.0,true,-1.0:3763,25b9f1025f693d2f336c14a002c505eb7d4867bd4258ebad624fcae20f90e65a,F3456
F3784,Float64,2,0.00022,699,false,0.785573,false,0.000881,-1.0,174.63,0.982283039647577,10.570377170243745,-1.0,-1.0,-1.0,-1.0,42.54,false,,12981c92eb8e1a83eb5c6312de62e129560d4a0d39076c5a0a05aed85156d559,
F3785,Float64,2,0.00022,355,false,0.953634,false,0.0,-1.0,987.45,1.7629218061674008,30.476289366038646,-1.0,-1.0,-1.0,-1.0,40.44949999999917,false,,601ca557d04fc6be1f306f1036e497c19b9315dd0aef01c7fcaee7691d0e089f,
F3786,Float64,2,0.00022,693,false,0.815198,false,0.000551,-1.0,217.33,0.9015110132158589,11.243530205560836,-1.0,-1.0,-1.0,-1.0,41.58099999999991,false,,fed2dc0dbd0f7396253601dda980576afb92c07a2dcb7e235ab8df0972c98a52,
F3787,Float64,2,0.00022,638,false,0.792291,false,0.00022,-1.0,8657.88,5.099251101321585,110.42190590828037,-1.0,-1.0,-1.0,-1.0,96.71959999999497,false,,f2a242a080482e898f2efcca89a977d19adc14e62cecb9220b2d9a60fbe4c1b5,
F3788,Float64,2,0.00022,290,false,0.954295,false,0.00011,-1.0,26872.66,11.773372246696036,363.7003841339443,-1.0,-1.0,-1.0,-1.0,22.022399999999617,false,,a96ff161315a858e6c25f3359890bdd19fb15ce778e8ed2774df9dbafa618c1f,
F3789,Float64,2,0.00022,603,false,0.820595,false,0.00022,-1.0,3313.51,4.109464757709251,69.22467415981745,-1.0,-1.0,-1.0,-1.0,62.823699999992165,false,,ea210e15170f861dafa6e48442132752a4bdef2159359c209d27cc960ebd0e28,
F3790,Float64,2,0.00022,926,false,0.727533,false,0.000991,-1.0,214.65,0.9813590308370046,7.858204887639344,-1.0,-1.0,-1.0,-0.4975,39.4848999999994,false,,c21c78eade56a176f5b8bec5b38ee9d0064cc2eb3f881ca53aee98fca8816e2d,
F3791,Float64,2,0.00022,566,false,0.918833,false,0.0,-1.0,1059.34,1.7761112334801763,21.901662181675302,-1.0,-1.0,-1.0,-1.0,72.64,false,,8301a4659eab826533fef5fafd1e0fce78f2a176ba60226929b5e869a5e2c4b1,
F3792,Float64,2,0.00022,902,false,0.780066,false,0.00033,-1.0,204.55,0.6665,7.125298144855673,-1.0,-1.0,-1.0,-1.0,27.61299999999974,false,,b66ea841ed849e9fc2ba7a2b9186e1e6de9383b65b92e2c3041abbc0e5a73291,
F3793,Float64,2,0.00022,354,false,0.803524,false,0.00033,-1.0,2989.25,-0.16313876651982367,33.2580675293516,-1.0,-1.0,-1.0,-1.0,5.398399999999965,false,,a55a2d2b09e4cf56e75caebb9ba157a071350858292a98141d0a5d9033590a0f,
F3794,Float64,2,0.00022,180,false,0.949229,false,0.0,-1.0,3099.55,-0.09850881057268719,36.51415769780098,-1.0,-1.0,-1.0,-1.0,1.3,false,,3f73a43893af9a2a2f89f71bccab86971553613faadb69d9abfb9d45ac8e520c,
F3795,Float64,2,0.00022,497,false,0.811454,false,0.00011,-1.0,368.97,-0.27936453744493395,8.565710454970445,-1.0,-1.0,-1.0,-1.0,10.578899999999923,false,,e50d8bd4646cdf30dad8cf2b5ef9d731771bbb2c4a7d3e7b9672720c6fc25211,
F3796,Float64,0,0.0,981,false,0.025875,false,0.0,1.0,21833.0,202.65404096014095,598.7284225415698,1.0,24.0,90.0,203.0,2059.6100000000097,true,,2f77c0801ff41b27596eea848efebb1efa2c79b87126cb0f455b9f1bfe8a884d,
F3797,Float64,0,0.0,710,false,0.063532,false,0.013874,0.0,21388.0,108.30433825148646,511.1581218194522,0.0,6.0,25.0,74.0,1506.3300000000036,true,,2f6fd4b7cf8b970b568d891be7318f085a944b9959fe48650a821407299d981f,
F3798,Float64,0,0.0,583,false,0.045475,false,0.013763,0.0,4760.0,94.34970270865448,183.03015605393097,0.0,14.0,50.5,118.0,833.760000000002,true,,653a43aa14a8a75819ba0c6f45b7098bfd9f044ceadc6195029d2dd6a20978bd,
F3799,Float64,0,0.0,8904,false,0.004955,false,0.0,59.0,62975790805.0,94286266.68926008,1345867252.7724566,47966.56,606464.375,1722078.955,5908305.7925,1077891927.0100276,false,,53384424cdcba92d034dd078b30845d1edc4f63ba174b159c1762816c6dedf14,
F3800,Float64,0,0.0,8614,false,0.013874,false,0.013874,0.0,38748440653.0,48268542.73059458,709334922.2097036,0.0,300644.0,873722.0,2924347.2575,593580442.2670077,false,,7e899313a1bc019e2bea109e27b17afbeabba1f90c4f000533d1fad189e57ee7,
F3801,Float64,0,0.0,8633,false,0.013763,false,0.013763,0.0,25636683699.0,46017723.95886699,646772388.888187,0.0,272571.5475,805204.115,2917845.935,584498340.0040001,false,,4f99c25a7e703e12713e41d7c7737ad3fb478982a525a2e14522d14ba9e5ef55,
F3802,Float64,0,0.0,693,false,0.029509,false,0.00033,0.0,9329.0,110.18641268443075,299.2732578557195,1.0,15.0,52.0,110.0,1125.1900000000005,true,,8e61c66d05435c7f5bae0ae71873a0c2356f70e45b67df1ae0d014b1aa6953ca,
F3803,Float64,0,0.0,526,false,0.082801,false,0.024554,0.0,9125.0,58.37458709535345,247.90255170864612,0.0,4.0,14.0,40.0,764.3300000000036,true,,8cb9a1be123953c13f4700d279dda77c9257b43f8b8753fdadbbcfb782b9bd68,
F3804,Float64,0,0.0,398,false,0.053072,false,0.015525,0.0,2576.0,51.811825589077294,100.03039804987193,0.0,9.0,29.0,64.0,438.14000000000306,true,,b3b89d49a7a7c707c560203e8c92bb05da1fc388f8710d6ae294e8b52a304b38,
F3805,Float64,0,0.0,8829,false,0.005836,false,0.00033,0.0,62975790805.0,52406150.14257543,900129433.4320217,32283.964,434924.25,1202788.3,3883186.785,612966346.0580081,false,,dbd79eb83e8d613a55f71abfbb29de21b148df553bcfc64fb3e81aae5e825a72,
F3806,Float64,0,0.0,8358,false,0.024554,false,0.024554,0.0,38748440653.0,27125727.866515085,507325243.4203707,0.0,200000.0,607818.0,1960994.935,321868709.5870013,false,,a06ed81de0856d79c07eb318afbda85e40bdf0b474f0cd1f1151fdc749f3350e,
F3807,Float64,0,0.0,8499,false,0.015525,false,0.015525,0.0,24227350152.0,25280422.275670554,402409501.8934071,0.0,191075.1325,581522.245,1926699.96,301623221.6540041,false,,171ad8afff46bb40aeed30655cb528fa7fc963b5d2f3b4388314b1720453cd06,
F3808,Float64,0,0.0,503,false,0.037437,false,0.000661,0.0,4878.0,63.375688174410925,165.946383434065,1.0,10.0,32.0,64.0,642.760000000002,true,,7c5d0409125c6ed258839def4a0a36c4a648cc4c4b176c65481902d16b0b9f08,
F3809,Float64,0,0.0,391,false,0.116824,false,0.043713,0.0,4778.0,33.18090728914336,135.67634688591767,0.0,3.0,9.0,24.0,435.0,true,,063c6295fc5051dd76f3526ae06582c596e850343642c417523b57cc8c638dc4,
F3810,Float64,0,0.0,276,false,0.063092,false,0.017067,0.0,1425.0,30.194780885267562,56.43485450086692,0.0,6.0,18.0,37.0,231.1900000000005,true,,28d8733b2faa9e225708bdb32c27e377e8ff991f09ff6f29797c89307207c15f,
F3811,Float64,0,0.0,8716,false,0.007597,false,0.000661,0.0,38005143038.0,29085669.053517945,525864566.83213884,20951.409000000003,315733.5825,841744.325,2659447.2875,374875718.75600725,false,,3ff0b6f33043f0bd3184f8b73f54b2f714eb8c0ebb0d7f2f597f4e9594b8d9ca,
F3812,Float64,0,0.0,7895,false,0.043713,false,0.043713,0.0,22703148589.0,14799490.022039197,288728491.49402577,0.0,130653.9725,401829.6,1231952.5,192689423.93000185,false,,2c12e1c0a4c840ec54fc8979b12f8142ba16dc465bf35473a2e83574157d6255,
F3813,Float64,0,0.0,8295,false,0.017067,false,0.017067,0.0,15301994449.0,14286179.031131908,246451869.16433257,0.0,135651.9725,445122.175,1350985.3175000001,183127515.27900058,false,,eaa49752a3ee5dd3cd1006b31d80a05a0bfd07dc50b8e37950dc6a804950f626,
F3814,Float64,0,0.0,2811,false,0.192579,false,0.000661,0.0,1.0,0.6696576309182999,0.2095431304081332,0.267857,0.509091,0.612903,0.842105,1.0,false,,9eb58cb982406c09d4554ce10cf4da99010d4ed930bfabaa56d70b3f378c62f8,
F3815,Float64,0,0.0,1499,false,0.220656,false,0.043713,0.0,1.0,0.6374591186963224,0.26219044468757685,0.0,0.484848,0.6,0.866667,1.0,false,,01f654d8dd2bcb8e672474783468e7d91138afb247659fd5456214947ae2067b,
F3816,Float64,0,0.0,1840,false,0.213389,false,0.017067,0.0,1.0,0.6657234071790354,0.23339363111498307,0.0,0.5,0.619718,0.875,1.0,false,,616c0ff67cbfed0591dbe7345f819139447a64f5517cd6d938d91b714fe232c3,
F3817,Float64,0,0.0,7225,false,0.193129,false,0.000771,0.0,1.0,0.7404058863686414,0.23499403372272806,0.16630093,0.546864,0.7606405,0.9925317499999999,1.0,false,,73ffa616400ecdd40b32ca3a134dd7d0c8f8696010031911b3459a34b87db411,
F3818,Float64,0,0.0,6549,false,0.220987,false,0.043713,0.0,1.0,0.6977516653820744,0.29511562965145655,0.0,0.51106475,0.7399395,0.997679,1.0,false,,2bbc8c809a72e37d575cbd23b614d42b99249edfa2372c89de1f6321aece9cbd,
F3819,Float64,0,0.0,6897,false,0.213389,false,0.017177,0.0,1.0,0.7375775598987007,0.24965934965220055,0.0,0.54864075,0.769436,0.995325,1.0,false,,42a378711d1b9393ab3ab74462f88d055cd3c767760c0609dd92178f8a59a162,
F3820,Float64,0,0.0,4054,false,0.150628,false,0.000661,0.0,1.0,0.4682808024664172,0.28641157248731836,0.11326713000000001,0.25,0.344121,0.647059,1.0,false,,dd0a947a939dd23a3ecc1249ce316c5624b5c5f461233778b5693330d98d8d13,
F3821,Float64,0,0.0,2271,false,0.159436,false,0.043713,0.0,1.0,0.4448832598546576,0.30269655192046024,0.0,0.230769,0.333333,0.615385,1.0,false,,46521b7f892de660f7d40d998e6d4912d84e81141f8470d234dfb548ce09572e,
F3822,Float64,0,0.0,2893,false,0.170777,false,0.017067,0.0,1.0,0.4672866619687293,0.2994539643159831,0.0,0.2455675,0.344828,0.666667,1.0,false,,6743ee1fbbc1c0bb65ae861cec7cb737f1773ec3e91f6379fb790f4a4aa57e84,
F3823,Float64,0,0.0,7598,false,0.150958,false,0.000771,0.0,1.0,0.5674230449240256,0.30923289907900053,0.07555162,0.2884835,0.4973685,0.9241565,1.0,false,,08ba88e4b5a46efd1791aaca7a16be05c767ea5bfcb707bfa68a171d4145304d,
F3824,Float64,0,0.0,7131,false,0.159656,false,0.043713,0.0,1.0,0.5322093131468839,0.33772286258568307,0.0,0.25370550000000003,0.46169,0.91400525,1.0,false,,7577507677d1a8f7ed9320e254ea0c7173665d4c3b933bd35fe481eb7241ef78,
F3825,Float64,0,0.0,7312,false,0.170777,false,0.017177,0.0,1.0,0.5639699960361154,0.31791509502568693,0.0,0.28337650000000003,0.497485,0.93122025,1.0,false,,9010c817e0d053f92e581bad1d345452068492e4f012bf969bb20a96511a85b3,
F3826,Float64,0,0.0,3946,false,0.232658,false,0.00033,0.0,1.0,0.6582617187844086,0.23608809082893734,0.25,0.46670775,0.583333,0.942526,1.0,false,,fd245a587d8053e19c2b5a9ec7f408ec58dd6b1be75ce5958a1c51c237e74d68,
F3827,Float64,0,0.0,2188,false,0.249615,false,0.024554,0.0,1.0,0.6418729714820525,0.2623157467177511,0.0,0.454545,0.578947,0.99737325,1.0,false,,94c3eb55a1a7cb675b7a21d5fcdfb6e5e9c4d6633a1f2f80a66392a1908d1d0f,
F3828,Float64,0,0.0,2888,false,0.248514,false,0.015525,0.0,1.0,0.6495198991411583,0.25405640785285627,0.0,0.45905799999999997,0.581514,0.98672375,1.0,false,,df1f9e93905d88c9181816e0eab42360c824ef250a7615029f4ef6a87b26a022,
F3829,Float64,0,0.0,6873,false,0.232988,false,0.00033,0.0,1.0,0.7309959861264038,0.24636091284599615,0.19466931999999998,0.5108849999999999,0.751606,0.999525,1.0,false,,5fc7aefe0591f5aba9b47319da70e71734cf5eeda388fcf2db88455804a8b294,
F3830,Float64,0,0.0,6512,false,0.249835,false,0.024554,0.0,1.0,0.7089555377670117,0.27943133847387286,0.0,0.49546225,0.7381595000000001,0.999999,1.0,false,,b2df7a1a6a508ad31776a39fa144c4fdbb456af98c9f4d9e055e839319b7d25b,
F3831,Float64,0,0.0,6635,false,0.248514,false,0.015525,0.0,1.0,0.7155078542171328,0.263134411126719,0.0,0.50201325,0.7348315000000001,0.9999867499999999,1.0,false,,aebfad69609b50d7db6094d39bd266df38bcaba4440b10b8e7d7da9730908c50,
F3832,Float64,2,0.00022,8890,false,0.003634,false,0.003414,-20282842662.0,45743264811.0,-75295245.94518833,937252876.4386162,-3183887626.73,103124.2,702458.5800000001,4032714.07,389592468.3409877,false,,7400fc461876481ceaa42337f092fb54894ef334355bfb582e19e7775b0ae76a,
F3833,Float64,2,0.00022,8896,false,0.003634,false,0.003304,-20282842662.0,45743264811.0,-73576783.11519052,953887874.6578407,-3211480555.11,108839.84,768382.96,4270794.03,418849027.03099906,false,,9b9bddcf156abb947bb5c483754bbc3ac29ee59aa10b914477a13c4c29b7364c,
F3834,Float64,2,0.00022,8904,false,0.003634,false,0.003194,-20282842662.0,45743264811.0,-70116426.52360792,993942136.6942927,-3211480555.11,119253.0,834711.0349999999,4619032.2700000005,422601147.49599886,false,,e28b7b56006b0128aec05b1179ff38a34f1b14e1d143c6ed32141250ee8fdc2b,
F3835,Float64,0,0.0,8893,false,0.003854,false,0.003634,-20282842662.0,16155853640.0,-48990505.04705462,588398315.1291351,-1747784739.52,43605.095,373639.97,2001507.1925000001,187897941.14000022,false,,62fd0c210e4685ae9883cb55a13c68f017689f268ba3e73c0dbccee76b38825f,
F3836,Float64,0,0.0,8898,false,0.003854,false,0.003523,-20282842662.0,16155853640.0,-48491501.882501654,585796605.4732286,-1747784739.52,44154.6925,381286.32999999996,2015514.865,190171325.53900126,false,,f3edc4e2c7ceb78dc4b535ae5f797edb6750f4943fcd953e658f1b5db184780e,
F3837,Float64,0,0.0,8906,false,0.003964,false,0.003413,-20282842662.0,16155853640.0,-46961832.58850803,602082471.6285455,-1747784739.52,47103.052500000005,398501.615,2091445.8025,192251346.48100019,false,,43a2263877888c0ef82d4c9233c53482aae859ea9de0c2d81e53f8898d39dff3,
F3838,Float64,2,0.00022,8662,false,0.004295,false,0.004185,-597198702.6,6504128801.0,1255294.1766453742,93270168.50677368,-80040310.22759998,29588.932500000003,123405.595,598079.0025,44640828.863899656,false,,11191d0b8b149ea50411820aabd2e87f8108504b5efcbbe2cd640d2ec68ae1c3,
F3839,Float64,2,0.00022,8657,false,0.004736,false,0.004405,-597198702.6,6504128801.0,1262087.6020936125,93271652.401807,-80040310.22759998,30448.2,124466.41,600000.0,44640828.863899656,false,,5dad779a188a88ede3f3006d1109bfa579d42bd906d373b3c6215cb82f300c34,
F3840,Float64,2,0.00022,8655,false,0.005176,false,0.004295,-597198702.6,6504128801.0,1350024.0286850217,93714948.7503162,-80040310.22759998,31057.3675,125184.535,600000.05,44640828.863899656,false,,b62d2d1bee7f87724a4be9d217996f3ec70dc84915364fff1e268bc761ac78ca,
F3841,Float64,2,0.00022,8053,false,0.020264,false,0.020264,-2446012436.0,1103391271.0,-3916279.394621145,40297352.716806926,-124782628.73099999,36.415,753.3499999999999,13751.880000000001,4417404.412499984,false,,aef9280fab364958463603c23a3120f5753ecd8268fc965f0e774e27a48abb68,
F3842,Float64,2,0.00022,8005,false,0.022907,false,0.022907,-2446012436.0,1103391271.0,-3934827.51932489,40279701.002536945,-124782628.73099999,33.66,695.8499999999999,12967.6675,4222258.356999901,false,,8bf7e59d43cff75c281b9bbdd945b488d431127c7ce08935fa4e717d4cd6117d,
F3843,Float64,2,0.00022,7923,false,0.028414,false,0.028414,-2446012436.0,1103391271.0,-3936237.171539648,40279612.78551207,-124782628.73099999,29.765,624.87,11963.244999999999,4222258.356999901,false,,86f75b7f4430da783ab22465f50ac74fea2c1774d28486480e45270c44ecbcb9,
F3844,Float64,7572,0.833737,1434,false,0.021192,false,0.021192,-1348591252.0,10685948774.0,10333538.078013245,288257471.77774704,-131178141.893,2371.6,52117.815,1500091.12,143170898.20500082,false,,a89b0b115b13344f337829595c03129ca48686f71faf9917913cae930cc15dae,
F3845,Float64,8114,0.893416,890,false,0.065083,false,0.065083,-1210964258.0,26227304416.0,32458716.788770664,845396509.690997,-21454671.6075,4340.58,50699.2,1461764.6099999999,126847546.66100015,false,,97c660598ae602ecefdd589817eda76a8a48454023b152a781764ae6d43a1994,
F3846,Float64,6905,0.760295,2041,false,0.034451,false,0.034451,-1348591252.0,26227304416.0,21600220.647772167,614257152.5939441,-93183885.26519997,3014.0,57662.4,1678257.0,147715535.7959968,false,,5dae145943aea43efef9319f1d625a52b53754f9cfee6d7e90790d70b7703beb,
F3847,Float64,0,0.0,1434,false,0.837261,false,0.837261,-1049832065.0,5342974387.0,872044.9513565295,60878824.9906837,-300898.3999999998,0.0,0.0,0.0,17908161.77700007,false,,159e64b572e6a3da741dca3ab78c7f5fdd683d0084d0d7379ba9d4a703dd7a19,
F3848,Float64,0,0.0,890,false,0.900352,false,0.900352,-1210964258.0,26227304416.0,3455292.2862100857,276180380.3557164,0.0,0.0,0.0,0.0,11177676.739200085,false,,385219638871d7fbceb63e7d7e0dc8b1c5493945c7793f23f52173b345a61558,
F3849,Float64,0,0.0,2041,false,0.768553,false,0.768553,-1210964258.0,26227304416.0,4009362.3301552525,282361287.1617058,-2890177.0044,0.0,0.0,0.0,26434883.860800084,false,,e464fe3c0d0b901f1526dc3b3b552a3118e70e5bd119d98253bc842c7bcba950,
F3850,Float64,7572,0.833737,1398,false,0.021192,false,0.021192,-99247565.24,534800694.6,653651.9033642383,15460024.281821098,-9878484.6349,277.76,5369.515,134903.3625,12820883.658900037,false,,21aa5817cf84d47e19c731222ba1d27e2e3d4669f7d20351e1dcf9d910c8f4b9,
F3851,Float64,8114,0.893416,843,false,0.065083,false,0.065083,-50456844.1,874243480.5,1204910.5144318182,28325421.31960142,-997181.2518000001,207.66,2538.355,67806.02,7111259.284300016,false,,43839b8a667c4a8f2fd929d746e8cd8f4212ce90f0ccf7fad536e488ad0c0230,
F3852,Float64,6905,0.760295,1944,false,0.03491,false,0.03491,-99247565.24,874243480.5,903444.2894993111,22764087.04289058,-5486884.206399998,271.77,4001.37,102746.91,11060989.553599972,false,,54835682527500db4fc1f0213050fc8935323ca362680a4b92c3e4694282666c,
F3853,Float64,7572,0.833737,1389,false,0.027152,false,0.027152,-99247565.24,533885683.9,494602.4698543046,15014030.806373086,-9878484.6349,172.535,3420.41,103998.26,11644854.970400045,false,,2d2636bf0922d4c05aeeb71ff23a67950fa3c1ec29690abeea8a1915e6fbfed0,
F3854,Float64,8114,0.893416,842,false,0.066116,false,0.066116,-50456844.1,874243480.5,1203348.3532128104,28325464.80071684,-997181.2518000001,206.755,2431.42,65001.2,7111259.284300016,false,,b0d2fe70f79ddac1d6a3295237d2715c9c3322582abaa90dbad2d77f81f71d88,
F3855,Float64,6905,0.760295,1922,false,0.045935,false,0.045935,-99247565.24,874243480.5,762292.5363389986,22549378.196074583,-5486884.206399998,140.0,2116.57,71426.4,7859219.285599981,false,,ef01c4065e82513ed708873434fbe29cf3ebf7f5d9f765a87d9c44a00cd44bfe,
F3856,Float64,32,0.003523,106,false,0.861215,false,0.001657,-0.4,6.19,0.9520983425414364,0.17358076518281548,0.11,1.0,1.0,1.0,1.0,false,,0167e723e148bb4705bd353d45c2175b2e866503f0cf4b01de81089cfb344e1b,
F3857,Float64,31,0.003413,104,false,0.909402,false,0.001878,0.0,1.84,0.9592663794055906,0.16506401993526848,0.07,1.0,1.0,1.0,1.0,false,,48e8d062ef489ad81748fba06818ce6f34fd737305a3b22851e3ad19464ceb65,
F3858,Float64,31,0.003413,108,false,0.798144,false,0.003646,-0.4,6.19,0.9184057010275107,0.2303351485582352,0.03,1.0,1.0,1.0,1.0,false,,b72260bcde954d488fef496c15461c20567c5561e3a7461c7f1684272b7fe541,
F3859,Float64,0,0.0,196,false,0.830874,false,0.001211,-1.0,7.74,1.0001453424355868,0.2444928795058147,0.14,1.0,1.0,1.0,1.73,false,,540d462171427b7e39f7246f7f37884707482285b6f686d2053c8cff7fd5c8b6,
F3860,Float64,0,0.0,176,false,0.890112,false,0.001101,-1.0,2.9,0.983635763047787,0.21467529423241166,0.08,1.0,1.0,1.0,1.5,false,,96f15aea26e112cb53fe6084f079b1cea8598b2d1c52739c93d659a6ad79b788,
F3861,Float64,0,0.0,225,false,0.757542,false,0.002422,-1.0,7.74,0.9942721867430081,0.3136047947894762,0.03,1.0,1.0,1.0,1.99,false,,75a942e271edb89dc554ae5fe6f916fb6235248912b7e8144091c8542baac39b,
F3862,Float64,33,0.003634,390,false,0.8612,false,0.8612,-3.52,180395.78,29.75034147419605,1966.1658569295057,0.0,0.0,0.0,0.0,7.950800000000017,false,,6d0a892541111da920a20a9f6d0e315fadba01bc49e9cc8b3bb5f4fe09908267,
F3863,Float64,32,0.003523,404,false,0.909503,false,0.909503,-2775.5,11288.9,5.6702198895027625,221.17265989034044,0.0,0.0,0.0,0.0,12.000400000000008,false,,1fd3c61f2638d66233a436d360495c00e80c30d0ebe9544851af65add2e358ad,
F3864,Float64,33,0.003634,643,false,0.79821,false,0.79821,-2775.5,416216.6,72.2932423472207,4557.509505351354,0.0,0.0,0.0,0.0,30.0,false,,b4e343e7c917e570de29cd796c0db3e43a9f78a340db9bb92d742376ccab1be0,
F3865,Float64,33,0.003634,323,false,0.833904,false,0.833904,-2.68,90197.39,14.817839540280694,983.0740686967257,-0.42519999999999997,0.0,0.0,0.0,3.587200000000048,false,,a74a760c222eff2b412df1693531e5565fdfe8b7457eb815839d8241b826ccd6,
F3866,Float64,32,0.003523,370,false,0.89326,false,0.89326,-1388.25,5643.95,2.706649723756906,104.47751553114277,-0.33,0.0,0.0,0.0,6.611400000000031,false,,4ec24259618887f8595a069c2cf027ed3ab5824ba7bc59e408b8d0cb3dd8d3d3,
F3867,Float64,33,0.003634,525,false,0.760305,false,0.760305,-1388.25,138738.2,24.68853574980661,1520.684312562164,-0.5,0.0,0.0,0.0,13.964400000000095,false,,f94664b3adda1f5930cefecbd117a79a74264f68a0fe3e63a95109edecfab912,
F3868,Float64,33,0.003634,6,false,0.307216,false,0.307216,0.0,5.0,1.3113051165874683,1.1724002865635346,0.0,0.0,1.0,2.0,4.0,true,0.0:2780; 1.0:2661; 2.0:2066; 3.0:1128; 4.0:381,793df9d4a029ab4448e0e7594a4679dbb4d783c50948bf289ce09c4cc44d0bcc,
F3869,Float64,32,0.003523,7,false,0.284641,false,0.284641,0.0,6.0,1.5137016574585636,1.3502936449403566,0.0,0.0,1.0,2.0,5.0,true,0.0:2576; 1.0:2471; 2.0:1903; 3.0:1169; 4.0:749,78719bfce3ccfd7925e4afc8c9242486b73d613a86521ee159e5fc68b6ecfe45,
F3870,Float64,31,0.003413,7,false,0.264833,false,0.264833,0.0,6.0,1.6219202298088609,1.3733181587102061,0.0,0.0,1.0,3.0,5.0,true,0.0:2397; 1.0:2277; 2.0:1950; 3.0:1399; 4.0:843,1019ef39234698e907828914e894b2b89eb8a7d6f20e650eb8296797d1982464,
F3871,Float64,2,0.00022,8161,false,0.065969,false,0.065969,0.0,6500500000.0,5171573.571087005,93831736.41784896,0.0,42472.167499999996,153158.03,751916.1599999999,61976998.94109882,false,,3a5639353b8f598ea75d57cb32117ba6f3411fedbc8dbdd2f385d23ace3b899e,
F3872,Float64,2,0.00022,8213,false,0.056718,false,0.056718,0.0,6500500000.0,5196915.121245595,93842094.97321858,0.0,44473.354999999996,156555.5,761893.7424999999,63454929.35129987,false,,9b9a93e21a3cbe969da415e8891e576adc4afd2a6a683e175df91b681eaacf80,
F3873,Float64,2,0.00022,8244,false,0.048348,false,0.048348,0.0,6500500000.0,5286261.200051762,94188017.3668306,0.0,45999.95,159997.005,766199.375,63791729.29419912,false,,bed4a0e1b6c0fecc90a4aa60d759d6c1c862b3357f779dbffe2005a2a9c57e54,
F3874,Float64,6,0.000661,2,false,0.99978,true,0.0,-1.0,-0.99,-0.9999977963860731,0.0001484293884446798,-1.0,-1.0,-1.0,-1.0,-1.0,false,-1.0:9074; -0.99:2,539c73fdfe22fba94b25c861150a024f5edb90612c68b89a525e9f0af3e46d8e,
F3875,Float64,4,0.00044,1,true,1.0,true,0.0,-1.0,-1.0,-1.0,0.0,-1.0,-1.0,-1.0,-1.0,-1.0,true,-1.0:9078,8e74c33fdcc1ca27bc7dee6a4aa68c7fd0472eba227388bac0d3125cce807dcd,
F3876,Float64,4,0.00044,1,true,1.0,true,0.0,-1.0,-1.0,-1.0,0.0,-1.0,-1.0,-1.0,-1.0,-1.0,true,-1.0:9078,8e74c33fdcc1ca27bc7dee6a4aa68c7fd0472eba227388bac0d3125cce807dcd,F3875
F3877,Float64,7447,0.819974,9,false,0.985321,false,0.0,-1.2,-0.7,-0.9997737003058105,0.009319876792807895,-1.0,-1.0,-1.0,-1.0,-0.99,false,-1.0:1611; -0.99:10; -1.01:4; -0.97:3; -0.98:3,12f48dd8605e757a045e48f8be20b121b8b61810884ef6bc41304cbf7ccda113,
F3878,Float64,8154,0.89782,11,false,0.97306,false,0.0,-1.36,-0.81,-0.9998922413793104,0.01408828475684716,-1.0,-1.0,-1.0,-1.0,-0.99,false,-1.0:903; -0.99:12; -0.98:4; -1.01:2; -0.95:1,a95412fe1d4915f4c88967b071a358e09c49809b0ccdb2407b0232a79d9ba97d,
F3879,Float64,6827,0.751707,9,false,0.987583,false,0.0,-1.02,-0.6,-0.9996363636363638,0.009325401453865182,-1.0,-1.0,-1.0,-1.0,-1.0,false,-1.0:2227; -0.99:13; -1.01:7; -0.98:2; -0.94:2,e5ed4161f6daafb0315fefd86bbd50a5617de2bb79a8710e4fcab63b27a18e6f,
F3880,Float64,0,0.0,838,false,0.320194,false,0.00011,-81.47,159.87,-0.41500330323717244,5.220055640581051,-3.4638,-1.02,-1.0,-0.98,16.823300000000035,false,,0a09c624be850fc887139b61ab439498aeec2f21989029068eb41f8a14270bcf,
F3881,Float64,0,0.0,853,false,0.310394,false,0.00011,-158.8,169.74,-0.3971801365338031,5.7399240699616385,-3.9314,-1.02,-1.0,-0.98,17.89380000000001,false,,0df928144d0807bdbb815e5c59e2e609b2e896e635f0ddf938fb78e1b47ed477,
F3882,Float64,0,0.0,874,false,0.302907,false,0.000551,-349.53,174.72,-0.40466527196652713,6.802256374874493,-4.1795,-1.02,-1.0,-0.97,18.43760000000002,false,,95bdf4f3d5acb7fc136685fe7c5631b7048b504432a21ca7ade962cff31bbd1c,
F3883,Float64,0,0.0,438,false,0.883396,false,0.00011,-3604.19,675.62,-0.9938361594362474,40.86969613277113,-2.2257000000000002,-1.0,-1.0,-1.0,4.29380000000001,false,,ade3f582b2afa022d8fd2d7380a3be439d08686f7de4b8df46cf29b8f7a5c8c7,
F3884,Float64,0,0.0,313,false,0.932394,false,0.0,-2037.19,1152.61,-0.8623221757322176,30.668552361950223,-1.4557,-1.0,-1.0,-1.0,0.9252000000000408,false,,066c7e5e2aeedeb08eb6a0a17d839415da7723fcbf69cfdff7441a4bffdf5d11,
F3885,Float64,0,0.0,554,false,0.838582,false,0.0,-673.87,4974.26,0.3938967187844087,61.15847287375338,-3.3242,-1.0,-1.0,-1.0,7.39760000000002,false,,86b10a87ce5db26fe5ea18ea5edb29f3cf40033189684adfe62760c2e3b6701a,
F3886,String,0,0.0,17,false,0.655803,false,,,,,,,,,,,,'Savings':5956; 'Current':2051; 'MSME Micro':337; 'MSME Small':242; 'Staff Loans':108,73be537381fd4f835ca2841b6fb094be84428fffc89655e7ef91150c43096435,
F3887,Float64,0,0.0,472,false,0.052301,false,0.052301,0.0,1510.0,103.81700066064744,93.5131680695887,0.0,27.0,94.0,150.0,434.0,true,,14dfba03ef2126c4aae97f5c61698f0132dc23dd6988f69e6be330b6985f5c2c,
F3888,Date,0,0.0,4292,false,0.002643,false,,,,,,,,,,,,,68e107a2c453ec42adf2a5694ad3bc5f7f51bd4f12953d002f1771f372e4f48e,
F3889,String,0,0.0,7,false,0.830654,false,,,,,,,,,,,,'G365D':7544; 'L365D':397; 'L7D':386; 'L180D':313; 'L90D':207,992daa5d6b31980b9a06a89c111c70eaef99a5e72c24bc3f5300848f35610c46,
F3890,String,0,0.0,4,false,0.319313,false,,,,,,,,,,,,'M':2900; 'SU':2390; 'R':2015; 'U':1777,e2cf709f73bd845489a8122819ccf4abe493b406c7a06406d47bf4169048225b,
F3891,String,0,0.0,7,false,0.435036,false,,,,,,,,,,,,'selfemployed':3951; 'salaried':1909; 'student':1185; 'agriculture':1112; 'housewife':660,51ed536e29c7cc3593af174dd6919912496cbfb6b284c1b7697c50c9826afff9,
F3892,String,2598,0.28606,3,false,0.772209,false,,,,,,,,,,,,'M':5007; 'F':1416; 'O':61,c9bf1c7f372a2c20f9a9df69c4ea448a4c4ff5b8288e098504367cfbdfc18f00,
F3893,String,0,0.0,2,false,0.708765,false,,,,,,,,,,,,'RETAIL':6437; 'CORPORATE':2645,7effc6c1621d492e23e9fb648a3f2645a9c2bfcca2aa40ff2def4dd987ccd344,
F3894,Float64,3,0.00033,95,false,0.032603,false,0.006609,-2.0,94.0,34.31468223372618,17.318345668425497,1.0,25.0,34.0,44.0,77.21999999999935,true,,51ebbd5100211027088201ac93a7ce929f951f1f9043108ca88b6294f01e8e63,
F3895,Float64,0,0.0,8,false,0.733979,false,0.0,400.0,900.0,612.3871393966086,66.74672405920872,400.0,600.0,600.0,600.0,900.0,true,600.0:6666; 700.0:1572; 500.0:399; 400.0:247; 900.0:124,6453aa579d1504799011354ea242b879becabafe359ef7f3add28803fc427014,
F3896,Float64,0,0.0,8,false,0.705571,false,0.0,400.0,900.0,618.7293547676724,71.30313806341077,400.0,600.0,600.0,600.0,900.0,true,600.0:6408; 700.0:1813; 500.0:355; 400.0:220; 900.0:190,81fbd1e140054ba0bbfbe37b486eb9bc47a5da5a73e63773f551e5fb9404a854,
F3897,Float64,0,0.0,10,false,0.768884,false,0.768884,0.0,15.0,0.2926668134772077,0.6553097888605991,0.0,0.0,0.0,0.0,3.0,true,0.0:6983; 1.0:1750; 2.0:226; 3.0:86; 4.0:15,95fcb9e2679e938e3cc72a0485bdd1eee1000b8a49bfcce5417ff5efd9f3ec19,
F3898,Float64,0,0.0,8,false,0.523563,false,0.309513,0.0,57.0,1.8561990750935917,2.1462235925744273,0.0,0.0,3.0,3.0,4.0,true,3.0:4755; 0.0:2811; 1.0:1151; 2.0:240; 4.0:86,144a4e6e249e56febd18a3455d931dd848e29df04e75b0f29e8d7be4c7926501,
F3899,Float64,0,0.0,9,false,0.576635,false,0.250826,0.0,57.0,2.0329222638185422,2.1127947866551815,0.0,0.0,3.0,3.0,4.0,true,3.0:5237; 0.0:2278; 1.0:1157; 2.0:258; 4.0:108,bd36090c6ecbd2d7fd343dba2a0244eda84c31ec7bfb51ff545e0eb11ae3913c,
F3900,Float64,0,0.0,2,false,0.822396,false,0.822396,0.0,1.0,0.17760405197093151,0.38217908458527416,0.0,0.0,0.0,0.0,1.0,true,0.0:7469; 1.0:1613,dc8986f5dd966f9ae9365cd5c7bdad7c735707e9827a0202de04ffaadaba057a,
F3901,Float64,0,0.0,2,false,0.985135,false,0.985135,0.0,1.0,0.014864567275930413,0.12101079255847286,0.0,0.0,0.0,0.0,1.0,true,0.0:8947; 1.0:135,8fe476205a69d33093475637a4876ce0dad81a6484b3ea2b4820e850eddde774,
F3902,Float64,0,0.0,2,false,0.983814,false,0.983814,0.0,1.0,0.016185862144902002,0.12618985700732144,0.0,0.0,0.0,0.0,1.0,true,0.0:8935; 1.0:147,3acd0ced6c2cc30f12b4f69ed8bcd61ac18653a6c8fdd17e2b5c0f2c6cb6d37a,
F3903,Float64,0,0.0,2,false,0.95948,false,0.95948,0.0,1.0,0.04051970931512883,0.1971747003855877,0.0,0.0,0.0,0.0,1.0,true,0.0:8714; 1.0:368,c500f3fb328658c02548446478237e3b0fdb05c9780b7ac1b15a77a0c9854f54,
F3904,Float64,0,0.0,2,false,0.951442,false,0.951442,0.0,1.0,0.048557586434706014,0.21494126461510843,0.0,0.0,0.0,0.0,1.0,true,0.0:8641; 1.0:441,db4194145455a01368599bdd780fd3fcae7ea30a8b146a818f7328e24d75b107,
F3905,Float64,0,0.0,2,false,0.999119,true,0.999119,0.0,1.0,0.0008808632459810614,0.02966626579000028,0.0,0.0,0.0,0.0,0.0,true,0.0:9074; 1.0:8,75a8c8486842717ff4af74b81aad2ba1e92daf68283e6e251f80785138f7a76b,
F3906,Float64,0,0.0,2,false,0.96917,false,0.96917,0.0,1.0,0.03083021360933715,0.17285748910052987,0.0,0.0,0.0,0.0,1.0,true,0.0:8802; 1.0:280,3d6fcd5dca53d6c36737c4b03717de7d55caf577fd25f045aa8666c38c0f3ce8,
F3907,Float64,0,0.0,2,false,0.94847,false,0.94847,0.0,1.0,0.05153049988989209,0.22107715275665624,0.0,0.0,0.0,0.0,1.0,true,0.0:8614; 1.0:468,c0edd45957d452c54da0f6c9088e1a782b5041b5cd430c4a1f6d0861ac748444,
F3908,Float64,0,0.0,2,false,0.69368,false,0.69368,0.0,1.0,0.3063201937899141,0.46096435075439796,0.0,0.0,0.0,1.0,1.0,true,0.0:6300; 1.0:2782,5a1ba229dd849e3c0ad2e7097bc85ba44cd702a1f3d1d10dbae2290162e53ead,
F3909,Float64,0,0.0,2,false,0.994384,true,0.994384,0.0,1.0,0.005615503193129267,0.07472596146599403,0.0,0.0,0.0,0.0,0.0,true,0.0:9031; 1.0:51,bec68ae2f172888d3f77c5be4fbea82b0946870e4e00eb83389287bc678353d2,
F3910,Float64,0,0.0,2,false,0.973574,false,0.973574,0.0,1.0,0.026425897379431844,0.16039815873981716,0.0,0.0,0.0,0.0,1.0,true,0.0:8842; 1.0:240,f6eb2cf4d121cf3f38927e60d6cc1efcdbc6d782eef1e527bf290526fa8c8da7,
F3911,Float64,0,0.0,1,true,1.0,true,1.0,0.0,0.0,0.0,0.0,0.0,0.0,0.0,0.0,0.0,true,0.0:9082,0261518ef16fb16049331e1f0853593538a52422d3416746870a953af35c314a,
F3912,Float64,0,0.0,2,false,0.990971,true,0.990971,0.0,1.0,0.00902884827130588,0.09459031752880216,0.0,0.0,0.0,0.0,0.0,true,0.0:9000; 1.0:82,b99fa3ccca282e9b9d89ac5639e49f54395bc2bd591366b5255759798d24c813,
F3913,Float64,0,0.0,2,false,0.576305,false,0.423695,0.0,1.0,0.5763047786831095,0.4941432795759967,0.0,0.0,1.0,1.0,1.0,true,1.0:5234; 0.0:3848,580bb063c9a2243c109e6beb0b8ee1f3fac1aae76008bc679d7a46e932e3fd40,
F3914,Float64,0,0.0,2,false,0.681017,false,0.681017,0.0,1.0,0.31898260295089187,0.4660822909804292,0.0,0.0,0.0,1.0,1.0,true,0.0:6185; 1.0:2897,747472021e3824de68b4e163064a0d16ee773672f0b56616fcc71d6bd4f2a03e,
F3915,Float64,0,0.0,2,false,0.997468,true,0.997468,0.0,1.0,0.0025324818321955517,0.050260007639923325,0.0,0.0,0.0,0.0,0.0,true,0.0:9059; 1.0:23,fdbe8ca12ee2a6a01bad7e3cd764f9d67ac0bc1ff864aef1db2afda5e962da5c,
F3916,Float64,0,0.0,2,false,0.780335,false,0.219665,0.0,1.0,0.7803347280334728,0.4140198549084317,0.0,1.0,1.0,1.0,1.0,true,1.0:7087; 0.0:1995,302b8f22d75f9edcf5aabc33d1df50a7a3423baeda8ea6ea0f7c19161ee5fcb5,
F3917,Float64,0,0.0,2,false,0.786281,false,0.786281,0.0,1.0,0.21371944505615503,0.40993102329665676,0.0,0.0,0.0,0.0,1.0,true,0.0:7141; 1.0:1941,0e321d01d4d6b659e356271515775c6c302ef8ef5b1230ffb06ebf3355ea0e8f,
F3918,Float64,0,0.0,2,false,0.979079,false,0.979079,0.0,1.0,0.02092050209205021,0.14311825419654453,0.0,0.0,0.0,0.0,1.0,true,0.0:8892; 1.0:190,19f888249a5f18ba404bf6d957cb6de109649a0ea5b575fa1e8313308aa23470,
F3919,Float64,0,0.0,18,false,0.844968,false,0.0,1.0,27.0,1.2807751596564634,1.0084439437669939,1.0,1.0,1.0,1.0,5.0,true,1.0:7674; 2.0:939; 3.0:271; 4.0:72; 5.0:41,82804dcc240969d111fe80418f382ea854a338342733dd7d1e7a15aad73607aa,
F3920,Float64,0,0.0,10,false,0.830214,false,0.830214,0.0,14.0,0.21063642369522131,0.5693535435476043,0.0,0.0,0.0,0.0,2.0,true,0.0:7540; 1.0:1332; 2.0:127; 3.0:46; 4.0:19,15b18df69fb22a74838b254077e51c1647a2807af22fb5b0adf6d56cf4ce780a,
F3921,Float64,0,0.0,11,false,0.715811,false,0.715811,0.0,11.0,0.336930191587756,0.6477812328453761,0.0,0.0,0.0,1.0,2.0,true,0.0:6501; 1.0:2290; 2.0:204; 3.0:46; 4.0:14,8d766b428ada98ba1bf6f87d7842febb2b5d645513c0639365fc8caa422238c9,
F3922,Float64,0,0.0,11,false,0.525105,false,0.525105,0.0,18.0,0.5624311825589078,0.7612549415590866,0.0,0.0,0.0,1.0,3.0,true,0.0:4769; 1.0:3800; 2.0:368; 3.0:98; 4.0:19,5e831431b8d4e5ac4606fbb943f3eee576c5c1c54b0db0d187b5b6535b0d0d39,
F3923,Float64,0,0.0,7,false,0.94869,false,0.94869,0.0,6.0,0.06650517507157014,0.3250922445035139,0.0,0.0,0.0,0.0,2.0,true,0.0:8616; 1.0:370; 2.0:66; 3.0:23; 5.0:3,0b82b11adf5b6afee1655b9f54e75f483f8d467bd3aa3835f4169caff53f7b53,
F3924,Float64,0,0.0,2,false,0.991081,true,0.991081,0.0,1.0,0.008918740365558247,0.09401700078097584,0.0,0.0,0.0,0.0,0.0,true,0.0:9001; 1.0:81,fe881548b14bbdbe0462f404b361603f1422b348260e69d852ceac14eb7ecc55,
