feature,target_corr,single_feature_cv_pr_auc,single_feature_cv_roc_auc,mutual_information_bits,label_reconstruction_rate,identifier_like,flag_high_corr,flag_high_single_ap,flag_label_copy,flag_perfect_separation,flag_identifier,suspicious
__UNNAMED__0,0.16284222311502222,1.0,1.0,0.03014964814352064,0.0,true,false,true,false,true,true,true
F1,-0.014360463966458969,0.009755306779171916,0.5404865101949534,0.0018310762627222177,0.0,false,false,false,false,false,false,false
F2,-0.014172760730141063,0.00959919575537967,0.5350163335184156,0.0015448594071246092,0.0,false,false,false,false,false,false,false
F3,-0.01796347829555885,0.009103310970781004,0.5091713303565919,0.0007995148490398815,0.0,false,false,false,false,false,false,false
F4,-0.01820806093353347,0.00971480757519904,0.5383375805879449,0.0016788966759121657,0.0,false,false,false,false,false,false,false
F5,-0.01426996472498028,0.009593598726699102,0.5347455580233204,0.0015438463159924754,0.0,false,false,false,false,false,false,false
F6,-0.022176664400087,0.009103965532635299,0.50913663898143,0.0007549977469542629,0.0,false,false,false,false,false,false,false
F7,0.01670196772628763,0.009413435647618245,0.5078497690326362,0.0009966441761129373,0.0,false,false,false,false,false,false,false
F8,0.05808542776672915,0.009052958292174052,0.49461706844962683,0.0004938383396849489,0.0,false,false,false,false,false,false,false
F9,0.010086062307474641,0.00933662428334111,0.505940602057499,0.00082719380565197,0.0,false,false,false,false,false,false,false
F10,-0.007122503261527258,0.009178264689943346,0.492481370303535,0.0010179310205618893,0.0,false,false,false,false,false,false,false
F11,0.05613848426041417,0.009403311908325402,0.5058708182953915,0.00049383833968495,0.0,false,false,false,false,false,false,false
F12,-0.014238586331968884,0.009277289428592048,0.49977532929236845,0.0008752129936025235,0.0,false,false,false,false,false,false,false
F13,0.031310269962150084,0.012343468315705609,0.5938196751169467,0.0011023402270187918,0.0,false,false,false,false,false,false,false
F14,0.02188254371807318,0.011540226523023866,0.5708585195044147,0.0012929336324118918,0.0,false,false,false,false,false,false,false
F15,0.032256376947382405,0.012232323498158117,0.5978004454905227,0.0016843024711655878,0.0,false,false,false,false,false,false,false
F16,0.022520846322113573,0.011808229251189416,0.5774973107487489,0.001168490850565301,0.0,false,false,false,false,false,false,false
F17,0.004254417150715431,0.009471632946618003,0.4827259614076058,0.0017646522212482242,0.0,false,false,false,false,false,false,false
F18,0.03595529152777963,0.012939638150300244,0.6134016989245263,0.0019038390350702105,0.0,false,false,false,false,false,false,false
F19,0.03594859905876225,0.0132928565113275,0.6035422368836485,0.0015474782648330198,0.0,false,false,false,false,false,false,false
F20,0.0312934960266835,0.013965035153156636,0.6021371147292898,0.003203068048658197,0.0,false,false,false,false,false,false,false
F21,0.036554778610745194,0.013265617914564565,0.6083038929897333,0.0021838700120024885,0.0,false,false,false,false,false,false,false
F22,0.027052182000421733,0.012929026673103253,0.5942408577025109,0.0019382011368028456,0.0,false,false,false,false,false,false,false
F23,0.011086426230285067,0.013018561996320264,0.5595281012182773,0.002649679405446556,0.0,false,false,false,false,false,false,false
F24,0.04106112647706081,0.014342244496355083,0.6320205208934396,0.0029743094899992864,0.0,false,false,false,false,false,false,false
F25,0.03594859905876225,0.0132928565113275,0.6035422368836485,0.0015474782648330198,0.0,false,false,false,false,false,false,false
F26,0.0312934960266835,0.013965035153156636,0.6021371147292898,0.003203068048658197,0.0,false,false,false,false,false,false,false
F27,0.036554778610745194,0.013265617914564565,0.6083038929897333,0.0021838700120024885,0.0,false,false,false,false,false,false,false
F28,0.027052182000421733,0.012929026673103253,0.5942408577025109,0.0019382011368028456,0.0,false,false,false,false,false,false,false
F29,0.011086426230285067,0.013018561996320264,0.5595281012182773,0.002649679405446556,0.0,false,false,false,false,false,false,false
F30,0.04106112647706081,0.014342244496355083,0.6320205208934396,0.0029743094899992864,0.0,false,false,false,false,false,false,false
F31,0.05966169682576405,0.011765411739376114,0.5533634642201319,0.0008274152744262547,0.0,false,false,false,false,false,false,false
F32,0.05966169682576405,0.011765411739376114,0.5533634642201319,0.0008274152744262547,0.0,false,false,false,false,false,false,false
F33,0.06651130631868361,0.012165770422461544,0.5640187454863492,0.0008469676784461455,0.0,false,false,false,false,false,false,false
F34,0.06651130631868361,0.012165770422461544,0.5640187454863492,0.0008469676784461455,0.0,false,false,false,false,false,false,false
F35,0.014300929209541033,0.00941112808120661,0.5262351997619333,0.0007223026619626917,0.0,false,false,false,false,false,false,false
F36,0.0,0.00892659283753514,0.5000555247084952,0.000021364475847114347,0.0,false,false,false,false,false,false,false
F37,0.014376378050652599,0.009410024064171626,0.5261796442063778,0.0007187464285708483,0.0,false,false,false,false,false,false,false
F38,0.014432845109202598,0.009406681565693163,0.5260129775397111,0.000719577684169507,0.0,false,false,false,false,false,false,false
F39,0.0,0.00892562090512089,0.4999444135973842,0.00002136447584711435,0.0,false,false,false,false,false,false,false
F40,0.014498013508141842,0.009405580137967473,0.5259574219841555,0.0007163072320801327,0.0,false,false,false,false,false,false,false
F41,0.02132069587387833,0.009620371691879764,0.5367739218952434,0.001756711440507195,0.0,false,false,false,false,false,false,false
F42,0.0,0.008959396531629088,0.500722098833981,0.0000985716529343855,0.0,false,false,false,false,false,false,false
F43,0.021477124160931126,0.00957706157469784,0.5346630575606145,0.0016611161535115297,0.0,false,false,false,false,false,false,false
F44,0.020869208453149726,0.00961811219422258,0.5366628107841322,0.001756310045092822,0.0,false,false,false,false,false,false,false
F45,0.0,0.008959199681833568,0.5007775926954162,0.00009857165293422573,0.0,false,false,false,false,false,false,false
F46,0.021058166652983552,0.009574812779208923,0.5345519464495034,0.0016607032821887692,0.0,false,false,false,false,false,false,false
F47,0.07924311852099447,0.011588810066653216,0.5353529003494791,0.0006639369714136361,0.5,false,false,false,false,false,false,false
F48,0.0,0.008943283509421914,0.5013887655006478,0.00008853714165215729,0.0,false,false,false,false,false,false,false
F49,0.08430178072983678,0.011836639535996432,0.5373951449448926,0.0007072529217414622,0.5,false,false,false,false,false,false,false
F50,0.0690494345240676,0.011481658405587855,0.5293810634886936,0.0006470836166521325,0.0,false,false,false,false,false,false,false
F51,0.0,0.008943283509421914,0.5013887655006478,0.00008853714165215729,0.0,false,false,false,false,false,false,false
F52,0.07421193662186064,0.011768858375909694,0.5314474093912966,0.0007132316895727968,0.0,false,false,false,false,false,false,false
F53,0.042279621294972515,0.01263067515773717,0.598181833894024,0.001965215382733962,0.0,false,false,false,false,false,false,false
F54,0.03213864583657968,0.011594022578843228,0.5713850423058359,0.001308598782194418,0.0,false,false,false,false,false,false,false
F55,0.056774318272569846,0.01196605721931016,0.5685675776302561,0.002728461633836418,0.0,false,false,false,false,false,false,false
F56,0.029699365557407847,0.0120520925051528,0.5753340994064662,0.002036848070141457,0.0,false,false,false,false,false,false,false
F57,0.023734583389126474,0.011233611862172818,0.5520091341320909,0.0011829206685248835,0.0,false,false,false,false,false,false,false
F58,0.05039284093480857,0.011851397060420234,0.5678135964315395,0.0026335625903731964,0.0,false,false,false,false,false,false,false
F59,0.05247076326400659,0.01894519539123938,0.6352992459708295,0.0049186235207992965,0.0,false,false,false,false,false,false,false
F60,0.032245707109155405,0.015796248375085573,0.6127026642787412,0.0038241763862092164,0.0,false,false,false,false,false,false,false
F61,0.0650989410261056,0.02463266730704484,0.6450016702775873,0.006832749464924957,0.0,false,false,false,false,false,false,false
F62,0.046741416151437516,0.02026518427134371,0.658857931028695,0.006524140204538193,0.0,false,false,false,false,false,false,false
F63,0.0212601214808297,0.015735669728814603,0.5830752034318263,0.004274710813480269,0.0,false,false,false,false,false,false,false
F64,0.06091920148519627,0.026582813543459177,0.6847244573866008,0.007315584379084621,0.0,false,false,false,false,false,false,false
F65,0.019103684179401066,0.010440643162744387,0.5300871495229593,0.0023453977468212844,0.0,false,false,false,false,false,false,false
F66,0.025675682670002985,0.010669609600246457,0.5401945047776653,0.0017830139300066155,0.0,false,false,false,false,false,false,false
F67,0.0,0.009539634548557713,0.5328298476155222,0.0019807484458225218,0.0,false,false,false,false,false,false,false
F68,0.009486273947727001,0.009370194071197607,0.47345084929215064,0.002337859803744884,0.0,false,false,false,false,false,false,false
F69,0.015471134611854434,0.010801689801272434,0.5305106747839798,0.0015462151633076422,0.0,false,false,false,false,false,false,false
F70,0.0,0.009530696131991753,0.5323854957122587,0.0019807484458228006,0.0,false,false,false,false,false,false,false
F71,-0.002871486210974029,0.009294320786596363,0.49234447105003387,0.000902934008507165,0.0,false,false,false,false,false,false,false
F72,-0.0368211695601221,0.009144784771986823,0.492159864889876,0.0007605599156726861,0.0,false,false,false,false,false,false,false
F73,0.024030060949926286,0.009211633378690487,0.48650641426059604,0.0010590451609631157,0.0,false,false,false,false,false,false,false
F74,-0.013584666115211311,0.009469928917672305,0.4847110247393423,0.0010008859471707537,0.0,false,false,false,false,false,false,false
F75,-0.04332757084035054,0.009612662396249838,0.5122082504318588,0.000680437897682666,0.0,false,false,false,false,false,false,false
F76,0.012930917815861868,0.009223779530448653,0.48644743660929113,0.000931264549861284,0.0,false,false,false,false,false,false,false
F77,0.09850023678460497,0.010743540320371173,0.5244822205256339,0.0004981145259686701,0.0,false,false,false,false,false,false,false
F78,0.09853701353372389,0.010743540320371173,0.5244822205256339,0.0004981145259686697,0.0,false,false,false,false,false,false,false
F79,0.09428402440804733,0.010731930360365396,0.5247356927478561,0.0004942280293628509,0.0,false,false,false,false,false,false,false
F80,0.09435811194040669,0.010731930360365396,0.5247356927478561,0.0004942280293628509,0.0,false,false,false,false,false,false,false
F81,0.11693926049040962,0.009840052692386622,0.5074994139058548,0.00025479357294426447,0.5,false,false,false,false,false,false,false
F82,0.11693926049040962,0.009840052692386622,0.5074994139058548,0.00025479357294426447,0.5,false,false,false,false,false,false,false
F83,0.1164356371983182,0.009839005056377276,0.5073883027947437,0.00025479357294426447,0.5,false,false,false,false,false,false,false
F84,0.1164356371983182,0.009839005056377276,0.5073883027947437,0.00025479357294426447,0.5,false,false,false,false,false,false,false
F85,0.00007371230017785848,0.009575665412654241,0.5340098864828182,0.0013924361998745869,0.0,false,false,false,false,false,false,false
F86,0.0,0.00907852865209044,0.5088880560182615,0.0005198366908458086,0.0,false,false,false,false,false,false,false
F87,0.0011951488367343774,0.00943490830213822,0.5270903201924856,0.001288873467905737,0.0,false,false,false,false,false,false,false
F88,0.001100289964268551,0.00956482047524029,0.5334925658584737,0.001569961178778453,0.0,false,false,false,false,false,false,false
F89,0.0,0.009077515835529876,0.5088325004627059,0.0005198366908458086,0.0,false,false,false,false,false,false,false
F90,0.0023814554378298776,0.009426618340596483,0.5266841106792522,0.0012180520417629731,0.0,false,false,false,false,false,false,false
F91,0.023539217255332704,0.010142722701999703,0.5183513587903235,0.000750072285142068,0.0,false,false,false,false,false,false,false
F92,0.03170602004413963,0.009120738398489373,0.493107958813731,0.00020800393440053097,0.0,false,false,false,false,false,false,false
F93,0.034744648001337544,0.010446647229743942,0.5237496933439302,0.0005717272604678516,0.0,false,false,false,false,false,false,false
F94,0.022353525110567405,0.010140774263306026,0.517668968741948,0.0006946265215073742,0.0,false,false,false,false,false,false,false
F95,0.032424210161382735,0.008818319287058956,0.4810322386936451,0.00019786920081657668,0.0,false,false,false,false,false,false,false
F96,0.03290183877075235,0.010460955776669171,0.5236643310225256,0.0005201023463455143,0.0,false,false,false,false,false,false,false
F97,-0.03871423165538242,0.010609790443192667,0.5323846647695725,0.0016420019701873462,0.0,false,false,false,false,false,false,false
F98,-0.05560456099205475,0.010542486466790775,0.524232941235443,0.0013219896863965557,0.0,false,false,false,false,false,false,false
F99,-0.026239167107485712,0.009219457471986723,0.5153895489252521,0.0009782020359398811,0.0,false,false,false,false,false,false,false
F100,-0.0390891911622169,0.01072350464266434,0.5335030500030846,0.001713402188186761,0.0,false,false,false,false,false,false,false
F101,-0.05671954890195201,0.010541148837592095,0.5241121940470617,0.0013283216271327153,0.0,false,false,false,false,false,false,false
F102,-0.024629248685337574,0.009219800413548179,0.5153536012128337,0.0009724331637291769,0.0,false,false,false,false,false,false,false
F103,-0.003525291302509546,0.009325450155422466,0.4936838176321796,0.0010970280929984257,0.0,false,false,false,false,false,false,false
F104,0.049572364826678116,0.009513896138776585,0.5061281945986797,0.0010201975871762042,0.0,false,false,false,false,false,false,false
F105,-0.01641787667244746,0.009187558052999173,0.4877674864272935,0.0008750955901118561,0.0,false,false,false,false,false,false,false
F106,0.0022661436681514955,0.009327248248245781,0.49312839703251277,0.0011079393187291655,0.0,false,false,false,false,false,false,false
F107,0.0477871409303872,0.009515165020164779,0.506357546347708,0.0010188071854493892,0.0,false,false,false,false,false,false,false
F108,-0.007708588725516745,0.00906343135975533,0.4807016915756678,0.0008170869011763893,0.0,false,false,false,false,false,false,false
F109,0.05048673197029726,0.01591704410763519,0.6314265289935148,0.0028743483749543598,0.0,false,false,false,false,false,false,false
F110,0.047203361415747894,0.015343571899393681,0.6323506387609642,0.0030159554700400987,0.0,false,false,false,false,false,false,false
F111,0.05169868804023805,0.016572372263212117,0.640470622598012,0.0022182978393428428,0.0,false,false,false,false,false,false,false
F112,0.036924617415748644,0.014745987242778136,0.6243706684830141,0.0028911606556658656,0.0,false,false,false,false,false,false,false
F113,0.02819011452069525,0.01456782615805216,0.6050501136578081,0.002688284046940622,0.0,false,false,false,false,false,false,false
F114,0.05017466859595099,0.016157717446186312,0.6626086155612532,0.0033501088773049497,0.0,false,false,false,false,false,false,false
F115,0.057591085060538096,0.0176898982752008,0.6444275882271286,0.003607083787235412,0.0,false,false,false,false,false,false,false
F116,0.06057503719527836,0.0196374371225218,0.6637672802509862,0.004468975485563983,0.0,false,false,false,false,false,false,false
F117,0.05784208409539391,0.018266137576310404,0.6525637248097462,0.003162437156433769,0.0,false,false,false,false,false,false,false
F118,0.048825773081938736,0.016861417664632557,0.6545099216393943,0.0031087063283918503,0.0,false,false,false,false,false,false,false
F119,0.04765398547835478,0.018885704104574665,0.6569199440534126,0.003793094317942389,0.0,false,false,false,false,false,false,false
F120,0.057749124621284224,0.018246764367148758,0.6816967219101226,0.003874180773441732,0.0,false,false,false,false,false,false,false
F121,0.057591085060538096,0.0176898982752008,0.6444275882271286,0.003607083787235412,0.0,false,false,false,false,false,false,false
F122,0.06057503719527836,0.0196374371225218,0.6637672802509862,0.004468975485563983,0.0,false,false,false,false,false,false,false
F123,0.05784208409539391,0.018266137576310404,0.6525637248097462,0.003162437156433769,0.0,false,false,false,false,false,false,false
F124,0.048825773081938736,0.016861417664632557,0.6545099216393943,0.0031087063283918503,0.0,false,false,false,false,false,false,false
F125,0.04765398547835478,0.018885704104574665,0.6569199440534126,0.003793094317942389,0.0,false,false,false,false,false,false,false
F126,0.057749124621284224,0.018246764367148758,0.6816967219101226,0.003874180773441732,0.0,false,false,false,false,false,false,false
F127,0.024575243787463598,0.011196867434632543,0.5293780928714258,0.0007642231227915781,0.0,false,false,false,false,false,false,false
F128,0.0,0.008918738132841702,0.5,0.0,0.0,false,false,false,false,false,false,false
F129,0.024575243787463598,0.011196867434632543,0.5293780928714258,0.0007642231227915781,0.0,false,false,false,false,false,false,false
F130,0.017243648471728244,0.010550643029406285,0.5075713398375267,0.0003731239245755408,0.0,false,false,false,false,false,false,false
F131,0.0,0.008918738132841702,0.5,0.0,0.0,false,false,false,false,false,false,false
F132,0.017243648471728244,0.010550643029406285,0.5075713398375267,0.0003731239245755408,0.0,false,false,false,false,false,false,false
F133,0.013279293608096761,0.009607729039179998,0.5059876908888671,0.0013066565715475257,0.0,false,false,false,false,false,false,false
F134,0.0,0.008930542386920629,0.5001110802640508,0.00003277338447355226,0.0,false,false,false,false,false,false,false
F135,0.01330002471566474,0.009604504146359296,0.5058835242222004,0.0013012127601983248,0.0,false,false,false,false,false,false,false
F136,0.01265640224853494,0.009697121814590131,0.5105357317829964,0.001300699768943197,0.0,false,false,false,false,false,false,false
F137,0.0,0.008929571524916528,0.4999999691529397,0.00003277338447355226,0.0,false,false,false,false,false,false,false
F138,0.01265137136439172,0.009695695688172598,0.5105220471424735,0.0012952488191790778,0.0,false,false,false,false,false,false,false
F139,-0.074581306535945,0.010526079704482381,0.5369946634585724,0.0018692966834705418,0.0,false,false,false,false,false,false,false
F140,0.0,0.008960060174152979,0.5001109568758098,0.00011722796114644635,0.0,false,false,false,false,false,false,false
F141,-0.07553055906404056,0.010515860918931428,0.5369693442595433,0.0017907700389771047,0.0,false,false,false,false,false,false,false
F142,-0.07686491149597839,0.010518859240240434,0.5353898146409221,0.0020307713273084354,0.0,false,false,false,false,false,false,false
F143,0.0,0.008959140699901804,0.4999998457646987,0.00011722796114660522,0.0,false,false,false,false,false,false,false
F144,-0.07770854075801545,0.010502229825988422,0.5356299913265324,0.0019526065996412225,0.0,false,false,false,false,false,false,false
F145,0.06562942168984635,0.009974529613280023,0.5194411687588232,0.0016594480257230385,0.0,false,false,false,false,false,false,false
F146,0.0,0.00897288489218705,0.5001667592078475,0.000158943615597805,0.0,false,false,false,false,false,false,false
F147,0.06656843056435073,0.00999839622208249,0.5214151596970455,0.00161709981496925,0.0,false,false,false,false,false,false,false
F148,0.06527840277967689,0.0100571323013032,0.5209868777512856,0.0019259915415810018,0.0,false,false,false,false,false,false,false
F149,0.0,0.008974853644398022,0.5001667900549078,0.00015894361559780546,0.0,false,false,false,false,false,false,false
F150,0.0662564041317293,0.010090305652226515,0.5228458961388553,0.0018819410797013755,0.0,false,false,false,false,false,false,false
F151,0.040239234399152786,0.013836924563084167,0.590268305802332,0.002414927793866683,0.0,false,false,false,false,false,false,false
F152,0.03833196537427396,0.012895681813264216,0.5761114805953845,0.0023274317987957305,0.0,false,false,false,false,false,false,false
F153,0.05369545127214756,0.011896859137481449,0.5635135096515009,0.002896874560839988,0.0,false,false,false,false,false,false,false
F154,0.03358036932606683,0.013402209541962137,0.5970470880375099,0.0027505731825741148,0.0,false,false,false,false,false,false,false
F155,0.030896946237113428,0.01237981925402505,0.5756371320807612,0.0018478131111478147,0.0,false,false,false,false,false,false,false
F156,0.05655524199603646,0.011964318014607955,0.5745361109069762,0.002619549868505131,0.0,false,false,false,false,false,false,false
F157,0.0809186319035015,0.025994759036684162,0.6848046787959123,0.006747822003418866,0.0,false,false,false,false,false,false,false
F158,0.06885796822946355,0.02309721205125521,0.6886734961150849,0.005880036127432034,0.0,false,false,false,false,false,false,false
F159,0.09307979175083744,0.03627257002885263,0.6896618401224084,0.008593027521545404,0.0,false,false,false,false,false,false,false
F160,0.07188553091492261,0.02519534017402624,0.7136020927689046,0.007003777513208111,0.0,false,false,false,false,false,false,false
F161,0.056142832508899336,0.021753099735738565,0.6717145266745417,0.004895820430626859,0.0,false,false,false,false,false,false,false
F162,0.07709222003046234,0.03501167386759158,0.7169818866515698,0.009008384740962924,0.0,false,false,false,false,false,false,false
F163,0.02697979331298877,0.01184320314697401,0.5498190521651007,0.003226460236742123,0.0,false,false,false,false,false,false,false
F164,0.0338690094336758,0.012401991505564331,0.562145617970953,0.0024065548665199695,0.0,false,false,false,false,false,false,false
F165,-0.040719179808303425,0.009862057881898905,0.5062086649392313,0.0020935943833370664,0.0,false,false,false,false,false,false,false
F166,0.019707756655362937,0.011483679842470906,0.540323440953283,0.0022639328952594284,0.0,false,false,false,false,false,false,false
F167,0.025541012709009932,0.011930782522807977,0.5460502956781454,0.0019260486463404049,0.0,false,false,false,false,false,false,false
F168,-0.041066894448451935,0.009649733204767379,0.49532585292121656,0.0020946175898821284,0.0,false,false,false,false,false,false,false
F169,0.05041178167704123,0.010075347990966934,0.5283274955271764,0.0016463842799432783,0.0,false,false,false,false,false,false,false
F170,0.03939007026027312,0.009550997771053176,0.5121604104972546,0.0008399013387699302,0.0,false,false,false,false,false,false,false
F171,0.04821390823256315,0.009671336255679187,0.5174762458356468,0.001276493749285855,0.0,false,false,false,false,false,false,false
F172,0.04469380059490337,0.009905137370512816,0.5186017008297858,0.0014376437016302961,0.0,false,false,false,false,false,false,false
F173,0.029531708557777155,0.009370537537884338,0.5008855843975569,0.0008653013394312363,0.0,false,false,false,false,false,false,false
F174,0.048036509446413106,0.009670063016939318,0.5176084833271639,0.0012812442460867447,0.0,false,false,false,false,false,false,false
F175,0.06302871338749931,0.010545580930965498,0.5172380612804071,0.00043833982644714503,0.0,false,false,false,false,false,false,false
F176,0.0,0.008945745077908126,0.5,8.541533938668534e-6,0.0,false,false,false,false,false,false,false
F177,0.06314859949771146,0.010548438693202086,0.517394486609654,0.00043833982644684113,0.0,false,false,false,false,false,false,false
F178,0.05940015766024403,0.010583277832678942,0.5189825791227096,0.0004338489891144582,0.0,false,false,false,false,false,false,false
F179,0.0,0.008945745077908126,0.5,8.541533938668534e-6,0.0,false,false,false,false,false,false,false
F180,0.059444320889598334,0.010583277832678942,0.5189825791227096,0.0004338489891144582,0.0,false,false,false,false,false,false,false
F181,0.0,0.008918738132841702,0.5,1.4231952855916404e-6,0.0,false,false,false,false,false,false,false
F182,0.0,0.008918738132841702,0.5,0.0,0.0,false,false,false,false,false,false,false
F183,0.0,0.008918738132841702,0.5,1.4231952855916404e-6,0.0,false,false,false,false,false,false,false
F184,0.0,0.008918738132841702,0.5,1.4231952855916404e-6,0.0,false,false,false,false,false,false,false
F185,0.0,0.008918738132841702,0.5,0.0,0.0,false,false,false,false,false,false,false
F186,0.0,0.008918738132841702,0.5,1.4231952855916404e-6,0.0,false,false,false,false,false,false,false
F187,-0.013796592757999365,0.008757781112714108,0.48507387292553517,0.0004936659054916525,0.5,false,false,false,false,false,false,false
F188,-0.013796592757999365,0.008757781112714108,0.48507387292553517,0.0004936659054916525,0.5,false,false,false,false,false,false,false
F189,0.0,0.008918738132841702,0.5,0.0,0.0,false,false,false,false,false,false,false
F190,-0.028303458031043557,0.008758278805751352,0.48510512292553526,0.0002581836079740336,0.66504329004329,false,false,false,false,false,false,false
F191,-0.028303458031043557,0.008758278805751352,0.48510512292553526,0.0002581836079740336,0.66504329004329,false,false,false,false,false,false,false
F192,0.0,0.008918738132841702,0.5,0.0,0.0,false,false,false,false,false,false,false
F193,0.005338365482431414,0.009638020570415138,0.48430552584257835,0.0018992169518797196,0.0,false,false,false,false,false,false,false
F194,0.0,0.009115350986355599,0.5108879017829601,0.0006568886083031344,0.0,false,false,false,false,false,false,false
F195,0.007823314677658507,0.009475844360135132,0.48481618531643644,0.001491238982831045,0.0,false,false,false,false,false,false,false
F196,0.0045490553712860425,0.00963668832856108,0.4839310190553179,0.0018970863525500385,0.0,false,false,false,false,false,false,false
F197,0.0,0.009113334408828163,0.5107768215189092,0.0006568886083032921,0.0,false,false,false,false,false,false,false
F198,0.007209850984632115,0.009484332480850382,0.4842198957641542,0.001488864362371594,0.0,false,false,false,false,false,false,false
F199,0.01820227216820469,0.010316929609115188,0.519204194497066,0.0008130541651014995,0.0,false,false,false,false,false,false,false
F200,0.03683468276222359,0.00965565435419773,0.5125415703830115,0.0003279684628511184,0.0,false,false,false,false,false,false,false
F201,0.022451850025276672,0.010447297667147663,0.519092160695946,0.0006014200719094439,0.0,false,false,false,false,false,false,false
F202,0.015582639410297545,0.010247704701548396,0.5126612044688318,0.0004515143493476714,0.0,false,false,false,false,false,false,false
F203,0.013852187970308441,0.009161141833035218,0.48791288030342617,0.000377677014455147,0.0,false,false,false,false,false,false,false
F204,0.02535265139992329,0.010577899701705524,0.522749148643818,0.0006112357893130223,0.0,false,false,false,false,false,false,false
F205,-0.03225516128311403,0.0101167463992577,0.5299003997189289,0.001501663816383041,0.0,false,false,false,false,false,false,false
F206,-0.04334732458271521,0.010117160295585598,0.5337094836338199,0.0013655957627807741,0.0,false,false,false,false,false,false,false
F207,-0.02369236176829096,0.009541485970139582,0.5128025418431299,0.0009789765126340113,0.0,false,false,false,false,false,false,false
F208,-0.034352568015660404,0.010225295710665164,0.5334294372362123,0.0015411455400046207,0.0,false,false,false,false,false,false,false
F209,-0.04418229221525924,0.01012663774664533,0.5336827483052262,0.0013594803100762907,0.0,false,false,false,false,false,false,false
F210,-0.024522581237879194,0.009479555473705234,0.5164240580532601,0.0009661950165279916,0.0,false,false,false,false,false,false,false
F211,0.0029911203238609367,0.009654477809689139,0.5242980751434388,0.0012337917497933092,0.0,false,false,false,false,false,false,false
F212,0.0808215508092812,0.009097643539785039,0.5094396149515701,0.001142266270920663,0.0,false,false,false,false,false,false,false
F213,-0.008067775713848254,0.009543082010473245,0.5064614546702448,0.000774850773035453,0.0,false,false,false,false,false,false,false
F214,-0.007916752626446694,0.00930854833096941,0.5201807888364489,0.0010097155571016714,0.0,false,false,false,false,false,false,false
F215,0.07769274570254017,0.00909581308571528,0.5093354482849035,0.00114226627092066,0.0,false,false,false,false,false,false,false
F216,-0.017264375246792495,0.009295602709294193,0.49620133105065084,0.0009580454086529073,0.0,false,false,false,false,false,false,false
F217,0.045527973982312425,0.014735799115340708,0.6419454474275366,0.002539545182844101,0.0,false,false,false,false,false,false,false
F218,0.041556883215434284,0.014460642647868161,0.6350521749672476,0.0028256578441069845,0.0,false,false,false,false,false,false,false
F219,0.04650313140196668,0.015088216703068208,0.6529025595801896,0.003981317652090733,0.0,false,false,false,false,false,false,false
F220,0.031111600123378918,0.012468032216665637,0.5960727374815371,0.001894967292068358,0.0,false,false,false,false,false,false,false
F221,0.020558328629675365,0.012245147225701811,0.563478164931066,0.0016468449289684592,0.0,false,false,false,false,false,false,false
F222,0.047337827420347124,0.01421250061455916,0.6450176955522169,0.0031860277618481403,0.0,false,false,false,false,false,false,false
F223,0.05462903433470944,0.0166111896315176,0.6589728449472515,0.0031873213634368695,0.0,false,false,false,false,false,false,false
F224,0.060872353492784526,0.019198157917639423,0.6774287972731198,0.003857855786588189,0.0,false,false,false,false,false,false,false
F225,0.054647988398418675,0.016945715417217937,0.6667545329301441,0.004172745037928104,0.0,false,false,false,false,false,false,false
F226,0.04280215853223496,0.01442029620242576,0.6338545711941078,0.0031590739758179226,0.0,false,false,false,false,false,false,false
F227,0.039548889926677745,0.01622149846410516,0.6123763282381248,0.0028613680767225363,0.0,false,false,false,false,false,false,false
F228,0.056710575297336835,0.01644394447282014,0.6737071740735902,0.004337794868093369,0.0,false,false,false,false,false,false,false
F229,0.05462903433470944,0.0166111896315176,0.6589728449472515,0.0031873213634368695,0.0,false,false,false,false,false,false,false
F230,0.060872353492784526,0.019198157917639423,0.6774287972731198,0.003857855786588189,0.0,false,false,false,false,false,false,false
F231,0.054647988398418675,0.016945715417217937,0.6667545329301441,0.004172745037928104,0.0,false,false,false,false,false,false,false
F232,0.04280215853223496,0.01442029620242576,0.6338545711941078,0.0031590739758179226,0.0,false,false,false,false,false,false,false
F233,0.039548889926677745,0.01622149846410516,0.6123763282381248,0.0028613680767225363,0.0,false,false,false,false,false,false,false
F234,0.056710575297336835,0.01644394447282014,0.6737071740735902,0.004337794868093369,0.0,false,false,false,false,false,false,false
F235,0.06142796518605334,0.013590127573562039,0.5540532445210177,0.0010290790723833166,0.0,false,false,false,false,false,false,false
F236,0.0,0.008918738132841702,0.5,0.0,0.0,false,false,false,false,false,false,false
F237,0.06142796518605334,0.013590127573562039,0.5540532445210177,0.0010290790723833166,0.0,false,false,false,false,false,false,false
F238,0.062253602042913386,0.013728609389490698,0.5638578114963364,0.0010924197131038935,0.0,false,false,false,false,false,false,false
F239,0.0,0.008918738132841702,0.5,0.0,0.0,false,false,false,false,false,false,false
F240,0.062253602042913386,0.013728609389490698,0.5638578114963364,0.0010924197131038935,0.0,false,false,false,false,false,false,false
F241,0.01713134969987446,0.009575899500348664,0.5324671324572767,0.0012936255362757526,0.0,false,false,false,false,false,false,false
F242,0.0,0.008927567981183734,0.5005000000000001,0.000032773384473710694,0.0,false,false,false,false,false,false,false
F243,0.01718348991724239,0.009572700644069305,0.5323039380128323,0.0012882931060432736,0.0,false,false,false,false,false,false,false
F244,0.016712146527429927,0.009556761275726675,0.5315714533592449,0.0012886908790589854,0.0,false,false,false,false,false,false,false
F245,0.0,0.008927567981183734,0.5005000000000001,0.000032773384473710694,0.0,false,false,false,false,false,false,false
F246,0.016770738409954782,0.009554868699502107,0.531463814470356,0.0012837309075942477,0.0,false,false,false,false,false,false,false
F247,-0.04634332781556028,0.009939516918735304,0.5240867639347059,0.001420268314867659,0.0,false,false,false,false,false,false,false
F248,0.0,0.008967287275766709,0.5009441976679623,0.00011722796114660522,0.0,false,false,false,false,false,false,false
F249,-0.047274182227987356,0.009921068699836324,0.5244184631677028,0.0013505906797683974,0.0,false,false,false,false,false,false,false
F250,-0.04886184414297027,0.01003978298695582,0.5285671559781603,0.0014032771279722303,0.0,false,false,false,false,false,false,false
F251,0.0,0.008959837037469718,0.5001108334875687,0.00011722796114660522,0.0,false,false,false,false,false,false,false
F252,-0.04977929020137826,0.010024279920213906,0.5289001499938306,0.0013309251223950053,0.0,false,false,false,false,false,false,false
F253,0.10935255392096736,0.014053999392106008,0.5365170042151601,0.0021262622417960748,0.0,false,false,false,false,false,false,false
F254,0.0,0.00896313277156857,0.5024997223764575,0.00015894361559764479,0.0,false,false,false,false,false,false,false
F255,0.1131151182643148,0.014302991065393844,0.5384485500520771,0.0021367919913008143,0.0,false,false,false,false,false,false,false
F256,0.09185598796186713,0.013537237025783891,0.5308448112749635,0.0019525208925226852,0.0,false,false,false,false,false,false,false
F257,0.0,0.00896313277156857,0.5024997223764575,0.00015894361559780517,0.0,false,false,false,false,false,false,false
F258,0.09573596341554122,0.013844705890091897,0.5327169208373707,0.0019194871633067673,0.0,false,false,false,false,false,false,false
F259,0.05703822713218911,0.015080244309394478,0.6143791758073764,0.003252452495282777,0.0,false,false,false,false,false,false,false
F260,0.049918606604898726,0.013597485862820141,0.592969936250921,0.0025386333011093555,0.0,false,false,false,false,false,false,false
F261,0.07760692546363011,0.013048439091073932,0.5656473229514829,0.0035644861960816574,0.0,false,false,false,false,false,false,false
F262,0.04309046496792958,0.014091357909942523,0.5956248805810497,0.0026961172254551043,0.0,false,false,false,false,false,false,false
F263,0.038849875169673864,0.012978098216548304,0.5805481815204334,0.0026981123069855653,0.0,false,false,false,false,false,false,false
F264,0.07122349610835851,0.012888283544992479,0.5655874257856021,0.003273504905877307,0.0,false,false,false,false,false,false,false
F265,0.08545517306958973,0.025984703461333768,0.7018213210117473,0.006769853016053649,0.0,false,false,false,false,false,false,false
F266,0.06604097204751073,0.02229797448993917,0.6782965355122246,0.004709764695647946,0.0,false,false,false,false,false,false,false
F267,0.10533113333973336,0.03686157786392702,0.7099230420282124,0.009433727017897114,0.0,false,false,false,false,false,false,false
F268,0.07674940781719697,0.02428754038296095,0.7083059242459707,0.0061852821024541964,0.0,false,false,false,false,false,false,false
F269,0.050963638673272034,0.020345434837330235,0.6235451416106884,0.004429463013011369,0.0,false,false,false,false,false,false,false
F270,0.09004217325681739,0.035115288132235085,0.7273180278612463,0.008894279111219996,0.0,false,false,false,false,false,false,false
F271,0.02670440712122044,0.0114224719969406,0.5415141125300759,0.002399939890892407,0.0,false,false,false,false,false,false,false
F272,0.037386335250145765,0.012196164485325173,0.5529289360848912,0.0023067154785150626,0.0,false,false,false,false,false,false,false
F273,-0.027096529023948834,0.009745541428311346,0.5075001388117711,0.001983613967314659,0.0,false,false,false,false,false,false,false
F274,0.01918737043772744,0.011177309517647348,0.5305474506038766,0.002267607254782125,0.0,false,false,false,false,false,false,false
F275,0.02833899372497816,0.011904355222768096,0.5395804402873494,0.0016844342057983027,0.0,false,false,false,false,false,false,false
F276,-0.027678273977764137,0.009762526233910626,0.5066638287371213,0.0019851524990905285,0.0,false,false,false,false,false,false,false
F277,0.024801086323825303,0.009821041278758734,0.5168021758745142,0.0012246521903609858,0.0,false,false,false,false,false,false,false
F278,-0.013390840537694767,0.009132030707755947,0.4869686613147016,0.0007977547487591319,0.0,false,false,false,false,false,false,false
F279,0.04866266161640342,0.009758123398394348,0.5188615699611328,0.0014284931597309703,0.0,false,false,false,false,false,false,false
F280,0.012676106196753134,0.009657672932613954,0.505774135896724,0.0012542488927903524,0.0,false,false,false,false,false,false,false
F281,-0.022591696999075882,0.00914874778573767,0.4878021083965698,0.0008194217884854411,0.0,false,false,false,false,false,false,false
F282,0.03768155545548777,0.00965270548783524,0.5065764197359492,0.0013825910918060847,0.0,false,false,false,false,false,false,false
F283,0.11169554458629073,0.011637681309245725,0.5190846493233607,0.000648251707365096,0.0,false,false,false,false,false,false,false
F284,0.0,0.00881227186277624,0.5001666358196064,8.541533938509895e-6,0.0,false,false,false,false,false,false,false
F285,0.11170928302734784,0.011637681309245725,0.51913693690506,0.000648251707365096,0.0,false,false,false,false,false,false,false
F286,0.10584754659664394,0.011638645365173622,0.5188832893535908,0.0006489191552516036,0.0,false,false,false,false,false,false,false
F287,0.10588153438552357,0.011638645365173622,0.5188832893535908,0.0006489191552516036,0.0,false,false,false,false,false,false,false
F288,0.03390289275093191,0.010841297472683866,0.5081740429699548,0.0005944349282992345,0.5,false,false,false,false,false,false,false
F289,0.03390289275093191,0.010841297472683866,0.5081740429699548,0.0005944349282992345,0.5,false,false,false,false,false,false,false
F290,0.0,0.008918738132841702,0.5,0.0,0.0,false,false,false,false,false,false,false
F291,0.016487948998334206,0.010727661109047503,0.5082122374143994,0.00020527244230503564,0.66504329004329,false,false,false,false,false,false,false
F292,0.016487948998334206,0.010727661109047503,0.5082122374143994,0.00020527244230503564,0.66504329004329,false,false,false,false,false,false,false
F293,0.0,0.008918738132841702,0.5,0.0,0.0,false,false,false,false,false,false,false
F294,0.0022952842713526325,0.009715608770933182,0.494665670828298,0.0019218209174117148,0.0,false,false,false,false,false,false,false
F295,0.0,0.009159333058165076,0.5022772842248134,0.0006568886083031344,0.0,false,false,false,false,false,false,false
F296,0.004595984669415136,0.009616540856021141,0.5168360365338065,0.0015109329246622283,0.0,false,false,false,false,false,false,false
F297,0.002637705597953866,0.00970896835547008,0.49384540746244826,0.0019143066519274519,0.0,false,false,false,false,false,false,false
F298,0.0,0.009144369825524325,0.4999449071503486,0.0006568886083031344,0.0,false,false,false,false,false,false,false
F299,0.005166239915644674,0.009751974924915367,0.5317566301900178,0.0014152751523264998,0.0,false,false,false,false,false,false,false
F300,0.03168416608570593,0.011275587266263282,0.5031733542412893,0.0007008398607155252,0.0,false,false,false,false,false,false,false
F301,0.06062300736990325,0.008820280754433425,0.48381437962932716,0.00048076716869673215,0.0,false,false,false,false,false,false,false
F302,0.04183943923620109,0.011748787351795156,0.5165983345309251,0.0006605521433828926,0.0,false,false,false,false,false,false,false
F303,0.032084374940039524,0.01119170884228172,0.5050637344494526,0.0007335339455805169,0.0,false,false,false,false,false,false,false
F304,0.05828470993614133,0.008819368132507135,0.4839880177316161,0.00047420313725427346,0.0,false,false,false,false,false,false,false
F305,0.04231261779337345,0.011689236646391536,0.5172132685227524,0.0007000202006486483,0.0,false,false,false,false,false,false,false
F306,-0.00504037954878516,0.009447634088166306,0.48878094198303046,0.0022971041297604323,0.0,false,false,false,false,false,false,false
F307,-0.011571275189129015,0.009568692492386824,0.5030062619532358,0.001799826492297062,0.0,false,false,false,false,false,false,false
F308,-0.0012509686010787654,0.009105732857182672,0.48883997577144866,0.000836666803711637,0.0,false,false,false,false,false,false,false
F309,-0.009586578191085092,0.009927466543426852,0.5218799044557672,0.0024622089676313236,0.0,false,false,false,false,false,false,false
F310,-0.011607466060745628,0.00960105094794312,0.5054296687025728,0.0017993073667665564,0.0,false,false,false,false,false,false,false
F311,-0.00664248242132715,0.009565598206601824,0.517738896192384,0.0012021933124247625,0.0,false,false,false,false,false,false,false
F312,0.025248837336710964,0.009612102072775967,0.5119230751434388,0.0010197999122584724,0.0,false,false,false,false,false,false,false
F313,0.06469457065495718,0.011135863656339038,0.5064677011999505,0.0006789166261830371,0.0,false,false,false,false,false,false,false
F314,0.018894126080940155,0.009515094867143012,0.5119755594885558,0.0008707994410552772,0.0,false,false,false,false,false,false,false
F315,-0.0005663340919112682,0.009130401714439202,0.48774877961317786,0.001023604981095237,0.0,false,false,false,false,false,false,false
F316,0.06083422847318268,0.010616908100330575,0.5066068368653217,0.0006756745209131255,0.0,false,false,false,false,false,false,false
F317,-0.007068787731789741,0.009087424445577589,0.4905964491177741,0.0008774823869335304,0.0,false,false,false,false,false,false,false
F318,0.00016283325363821024,0.009325821079207828,0.486688431535857,0.0009523631697335598,0.0,false,false,false,false,false,false,false
F319,-0.005830232841950662,0.009324272466865133,0.48205800165939044,0.0004124046278766981,0.0,false,false,false,false,false,false,false
F320,-0.0032641676537037896,0.008450027897939893,0.4650261115828897,0.002205792099248003,0.0,false,false,false,false,false,false,false
F321,-0.009892505753331785,0.012582434491546033,0.5067420792234161,0.001470172163013106,0.0,false,false,false,false,false,false,false
F322,-0.021489692007109647,0.012300445484280664,0.553704642913523,0.001201478037533036,0.0,false,false,false,false,false,false,false
F323,-0.0019881010799270614,0.010491669061409244,0.5198058859139623,0.0012337253750570615,0.0,false,false,false,false,false,false,false
F324,-0.00381169722485687,0.010171659579856971,0.5344927822415289,0.0011512558224549619,0.0,false,false,false,false,false,false,false
F325,-0.005721662720144134,0.009209265736990312,0.4648049787608918,0.0012285757923353184,0.0,false,false,false,false,false,false,false
F326,-0.006684496387686126,0.009635308151705943,0.5242785633571401,0.0031532570557453944,0.0,false,false,false,false,false,false,false
F327,-0.009819697384325097,0.011863105650440176,0.5113663724628292,0.002059901846629483,0.0,false,false,false,false,false,false,false
F328,-0.021772862037525577,0.01291487566806796,0.5607562358693247,0.001825832752990646,0.0,false,false,false,false,false,false,false
F329,-0.0024080942145387496,0.009255365096517027,0.47933754837998493,0.001982766920229007,0.0,false,false,false,false,false,false,false
F330,-0.00381169722485687,0.010171659579856971,0.5344927822415289,0.0011512558224549619,0.0,false,false,false,false,false,false,false
F331,-0.005721662720144134,0.009209265736990312,0.4648049787608918,0.0012285757923353184,0.0,false,false,false,false,false,false,false
F332,-0.006684496387686126,0.009635308151705943,0.5242785633571401,0.0031532570557453944,0.0,false,false,false,false,false,false,false
F333,-0.009819697384325097,0.011863105650440176,0.5113663724628292,0.002059901846629483,0.0,false,false,false,false,false,false,false
F334,-0.021772862037525577,0.01291487566806796,0.5607562358693247,0.001825832752990646,0.0,false,false,false,false,false,false,false
F335,-0.0024080942145387496,0.009255365096517027,0.47933754837998493,0.001982766920229007,0.0,false,false,false,false,false,false,false
F336,0.039879297518875895,0.01401152285162147,0.5299882193715909,0.0012834382916902085,0.0,false,false,false,false,false,false,false
F337,0.039879297518875895,0.01401152285162147,0.5299882193715909,0.0012834382916902085,0.0,false,false,false,false,false,false,false
F338,0.04629440398825306,0.014191873070932559,0.531464091186632,0.0008593594650566267,0.0,false,false,false,false,false,false,false
F339,0.04629440398825306,0.014191873070932559,0.531464091186632,0.0008593594650566267,0.0,false,false,false,false,false,false,false
F340,-0.003911162157609265,0.009158339814441014,0.48207204546403054,0.0009159761204927763,0.0,false,false,false,false,false,false,false
F341,0.0,0.00892562090512089,0.4999444135973842,0.000021364475847272895,0.0,false,false,false,false,false,false,false
F342,-0.0037931663148039318,0.009123249298675721,0.47867713754250546,0.0009187227097101864,0.0,false,false,false,false,false,false,false
F343,-0.0034741511822691455,0.009166303219531853,0.4828085533908177,0.001011101902520525,0.0,false,false,false,false,false,false,false
F344,0.0,0.00892562090512089,0.4999444135973842,0.000021364475847272895,0.0,false,false,false,false,false,false,false
F345,-0.0033580844703725997,0.009162045127845027,0.4825234226718635,0.0010066311748246938,0.0,false,false,false,false,false,false,false
F346,0.03202468710342509,0.009507124618078594,0.5033512137410951,0.0020244792782728224,0.0,false,false,false,false,false,false,false
F347,0.0,0.008950048769457295,0.4997221605281017,0.00009857165293438523,0.0,false,false,false,false,false,false,false
F348,0.03291933471080249,0.00934441399698992,0.49019783671380834,0.0019265839518295088,0.0,false,false,false,false,false,false,false
F349,0.030982497950564212,0.009520525213844402,0.5041944435371779,0.002025567315064953,0.0,false,false,false,false,false,false,false
F350,0.0,0.008948210445154581,0.4996111728052317,0.00009857165293438569,0.0,false,false,false,false,false,false,false
F351,0.03186011130686704,0.009483734231148518,0.503746700271817,0.0019287979635919095,0.0,false,false,false,false,false,false,false
F352,0.0487018527281905,0.012051780614696599,0.5345719355713782,0.0007647829458813637,0.0,false,false,false,false,false,false,false
F353,0.0,0.008951327602170687,0.500222191375162,0.00008853714165215729,0.0,false,false,false,false,false,false,false
F354,0.052477262914043234,0.012411791261097874,0.5367183391216935,0.0007879725253762695,0.0,false,false,false,false,false,false,false
F355,0.038898260348194505,0.011901977917163093,0.5343353928282399,0.0005422193093484178,0.0,false,false,false,false,false,false,false
F356,0.0,0.008949377291812314,0.5000555555555556,0.00008853714165215712,0.0,false,false,false,false,false,false,false
F357,0.04269137833579628,0.01224724190152499,0.5365238715419538,0.0006021849839120366,0.0,false,false,false,false,false,false,false
F358,0.015533271137868883,0.011924424577942832,0.5520639107993743,0.0010624692699203007,0.0,false,false,false,false,false,false,false
F359,0.005698230625321815,0.010593159793609334,0.5371272188335819,0.0010650891175222987,0.0,false,false,false,false,false,false,false
F360,0.028691141534965315,0.013460048100340571,0.5209085191868714,0.0019842923404614177,0.0,false,false,false,false,false,false,false
F361,0.004622963254459995,0.010845220125228792,0.5151917244595413,0.0011843296462314733,0.0,false,false,false,false,false,false,false
F362,0.000745410511531684,0.009808874392302895,0.4981614361620087,0.0009239920778579859,0.0,false,false,false,false,false,false,false
F363,0.018835088912547076,0.009438128218467576,0.47453011965937586,0.0017381254683246047,0.0,false,false,false,false,false,false,false
F364,-0.0065097156220560335,0.010744182112083283,0.5428291563918739,0.005833621527369339,0.0,false,false,false,false,false,false,false
F365,-0.00962120274608279,0.011186930425217869,0.5443282118140612,0.0041871728282405285,0.0,false,false,false,false,false,false,false
F366,-0.004860723739835127,0.010421059232575346,0.5248762448830171,0.0071448068622697505,0.0,false,false,false,false,false,false,false
F367,-0.008423847746837021,0.0129426235420909,0.5178952981595193,0.004763305089853285,0.0,false,false,false,false,false,false,false
F368,-0.015451027988100541,0.012728724175318376,0.5348892791268829,0.0038179199608206825,0.0,false,false,false,false,false,false,false
F369,-0.004293478195222486,0.013160420879229376,0.5291404743370605,0.006383771361759937,0.0,false,false,false,false,false,false,false
F370,0.011555425224977958,0.011055621133287206,0.5247238461158108,0.0019775263550040707,0.0,false,false,false,false,false,false,false
F371,0.011627210046760317,0.010934842422589937,0.5266397929799348,0.0017331694543381937,0.0,false,false,false,false,false,false,false
F372,0.0,0.009548788622648196,0.5099983651058054,0.001980748445822974,0.0,false,false,false,false,false,false,false
F373,0.001556878749534639,0.009689859064868944,0.48015203177791566,0.0015943608676244753,0.0,false,false,false,false,false,false,false
F374,0.0024048026302886934,0.009551568539586297,0.48140196033068045,0.00131257060247653,0.0,false,false,false,false,false,false,false
F375,0.0,0.009613115814880262,0.5129431488679129,0.0019807484458228275,0.0,false,false,false,false,false,false,false
F376,-0.02760624587928123,0.009944530323328024,0.5167296081652168,0.0013980382743792547,0.0,false,false,false,false,false,false,false
F377,-0.027970336542870122,0.009067843223073286,0.4885588234160035,0.0007383061468131672,0.0,false,false,false,false,false,false,false
F378,-0.01977415501082115,0.00972831795859683,0.51667741301129,0.0012852945505247564,0.0,false,false,false,false,false,false,false
F379,-0.03480177214638362,0.01000203051302714,0.5177083603245111,0.0012992657582086638,0.0,false,false,false,false,false,false,false
F380,-0.03443226707418859,0.009060660217073191,0.48782288389166506,0.00068932719407631,0.0,false,false,false,false,false,false,false
F381,-0.026128054821590883,0.00975257983975163,0.5176742338361404,0.0012097410963124403,0.0,false,false,false,false,false,false,false
F382,0.05955116617815138,0.011498452399890068,0.512988931689185,0.0008292114709032505,0.0,false,false,false,false,false,false,false
F383,0.0,0.008811301000772136,0.5001110802640508,7.1175511285414565e-6,0.0,false,false,false,false,false,false,false
F384,0.059606818836448486,0.011498452399890068,0.512988931689185,0.0008292114709032505,0.0,false,false,false,false,false,false,false
F385,0.05681572156411495,0.011447051588801733,0.5120273439909926,0.0008439063096907257,0.0,false,false,false,false,false,false,false
F386,0.0,0.008811301000772136,0.5001110802640508,7.1175511285414565e-6,0.0,false,false,false,false,false,false,false
F387,0.05691889678433347,0.011447051588801733,0.5120273439909926,0.0008477811361077575,0.0,false,false,false,false,false,false,false
F388,0.09487219679020012,0.012656159201275963,0.512617777932013,0.0005461628053650122,0.0,false,false,false,false,false,false,false
F389,0.09487219679020012,0.012656159201275963,0.512617777932013,0.0005461628053650122,0.0,false,false,false,false,false,false,false
F390,0.0,0.008918738132841702,0.5,0.0,0.0,false,false,false,false,false,false,false
F391,0.09461431956427631,0.012828660844968484,0.5125067285150224,0.0005348065564827086,0.0,false,false,false,false,false,false,false
F392,0.09461431956427631,0.012828660844968484,0.5125067285150224,0.0005348065564827086,0.0,false,false,false,false,false,false,false
F393,0.0,0.008918738132841702,0.5,0.0,0.0,false,false,false,false,false,false,false
F394,-0.0015115562965770908,0.00953397085366482,0.5050346161854525,0.0016449430060673522,0.0,false,false,false,false,false,false,false
F395,0.0,0.009121301739273191,0.5027779628601394,0.0005198366908459688,0.0,false,false,false,false,false,false,false
F396,-0.00025247408197068147,0.009400924206734055,0.5021602292707754,0.0014754487085591299,0.0,false,false,false,false,false,false,false
F397,-0.0007196120941007586,0.009555166273128994,0.5074615125084829,0.0018721032841877217,0.0,false,false,false,false,false,false,false
F398,0.0,0.009118233428192292,0.5024447529150471,0.0005198366908459688,0.0,false,false,false,false,false,false,false
F399,0.000710005675934735,0.009412264335312542,0.5042920811740391,0.0015031315681432215,0.0,false,false,false,false,false,false,false
F400,-0.016657438177023823,0.008608270431737538,0.4569850472277565,0.0012446749820487152,0.0,false,false,false,false,false,false,false
F401,-0.018018152268741938,0.008821450916156442,0.4812681781045751,0.00040347273323806585,0.0,false,false,false,false,false,false,false
F402,-0.011229742495668871,0.009459663624494085,0.4882961060349552,0.0016002308286713098,0.0,false,false,false,false,false,false,false
F403,-0.016070718536685208,0.008582819148462095,0.4569948318699126,0.0016798907149668699,0.0,false,false,false,false,false,false,false
F404,-0.015011935179622191,0.008827800540932119,0.4818928795004954,0.0006279055825411624,0.0,false,false,false,false,false,false,false
F405,-0.011682616952983197,0.008613447724192317,0.46019520734214475,0.0015764979291128733,0.0,false,false,false,false,false,false,false
F406,-0.03208653149739994,0.010363587581857991,0.5316255162346264,0.0014757682304819986,0.0,false,false,false,false,false,false,false
F407,-0.0604500290300655,0.010414431932155584,0.5277699699558707,0.001409696728168269,0.0,false,false,false,false,false,false,false
F408,-0.006452905510116221,0.00909838251093073,0.4798274930321934,0.001229232362788808,0.0,false,false,false,false,false,false,false
F409,-0.03198268249211408,0.010464488508716466,0.5393623225386769,0.0017404597114019007,0.0,false,false,false,false,false,false,false
F410,-0.06060780597744292,0.010470489614511557,0.5330684112947418,0.0014479707380349745,0.0,false,false,false,false,false,false,false
F411,-0.005413269575375587,0.009274205804769446,0.496245147938872,0.001254065801482516,0.0,false,false,false,false,false,false,false
F412,0.010237454391431878,0.009727893022413456,0.5061489392467148,0.0010761696125810435,0.0,false,false,false,false,false,false,false
F413,0.08244362367154894,0.01550259729877947,0.5063331790980319,0.001168393282051987,0.0,false,false,false,false,false,false,false
F414,-0.0037822550602064084,0.009228881879276988,0.49151077140785987,0.0008225018775071861,0.0,false,false,false,false,false,false,false
F415,0.015770599037650008,0.009897141716264065,0.5056422801375778,0.0010806933076532765,0.0,false,false,false,false,false,false,false
F416,0.07950666897042913,0.009274426687240512,0.49564567909803203,0.0011719833516862655,0.0,false,false,false,false,false,false,false
F417,0.005529144688235601,0.009246682075364424,0.49172258274723923,0.0008214488542573496,0.0,false,false,false,false,false,false,false
F418,0.000363256735694632,0.00946299482008562,0.4824671940379891,0.0011485651870227248,0.0,false,false,false,false,false,false,false
F419,-0.0022306445607248693,0.009274070164404236,0.44789851022307864,0.0010281554365014576,0.0,false,false,false,false,false,false,false
F420,-0.004658700724796255,0.009242240974033008,0.483535186629251,0.0019873409341148104,0.0,false,false,false,false,false,false,false
F421,-0.01565923861763782,0.016293531638705575,0.5333444242124019,0.0016416804670603756,0.0,false,false,false,false,false,false,false
F422,-0.020726269440412386,0.014152395475932375,0.552666775878869,0.0022669207651705133,0.0,false,false,false,false,false,false,false
F423,-0.005354321020451035,0.00916948978133406,0.4365941716520959,0.00207899505260146,0.0,false,false,false,false,false,false,false
F424,-0.0013487115734010559,0.010793877883646007,0.5633574787563554,0.001528980549863849,0.0,false,false,false,false,false,false,false
F425,-0.0011531995596889178,0.010521649033403703,0.4938541403559388,0.0019838877571025657,0.0,false,false,false,false,false,false,false
F426,-0.005494188673977752,0.010432201040210186,0.526479826362805,0.0029330600589798366,0.0,false,false,false,false,false,false,false
F427,-0.009325979637901579,0.010361678400042953,0.4578745363868294,0.0022432084799658366,0.0,false,false,false,false,false,false,false
F428,-0.009088232030692938,0.012092697912136376,0.5258796875056704,0.002933752795143176,0.0,false,false,false,false,false,false,false
F429,-0.0044037042996340125,0.009163176226995712,0.4371617331783722,0.003006554203909841,0.0,false,false,false,false,false,false,false
F430,-0.0013487115734010559,0.010793877883646007,0.5633574787563554,0.001528980549863849,0.0,false,false,false,false,false,false,false
F431,-0.0011531995596889178,0.010521649033403703,0.4938541403559388,0.0019838877571025657,0.0,false,false,false,false,false,false,false
F432,-0.005494188673977752,0.010432201040210186,0.526479826362805,0.0029330600589798366,0.0,false,false,false,false,false,false,false
F433,-0.009325979637901579,0.010361678400042953,0.4578745363868294,0.0022432084799658366,0.0,false,false,false,false,false,false,false
F434,-0.009088232030692938,0.012092697912136376,0.5258796875056704,0.002933752795143176,0.0,false,false,false,false,false,false,false
F435,-0.0044037042996340125,0.009163176226995712,0.4371617331783722,0.003006554203909841,0.0,false,false,false,false,false,false,false
F436,-0.006397862259612036,0.008551779719257347,0.4597615034584998,0.0011519475008167548,0.0,false,false,false,false,false,false,false
F437,0.0,0.008918738132841702,0.5,0.0,0.0,false,false,false,false,false,false,false
F438,-0.006397862259612036,0.008551779719257347,0.4597615034584998,0.0011519475008167548,0.0,false,false,false,false,false,false,false
F439,-0.011793399346873049,0.009275402294239083,0.4928087007082122,0.001085557612480623,0.0,false,false,false,false,false,false,false
F440,0.0,0.008918738132841702,0.5,0.0,0.0,false,false,false,false,false,false,false
F441,-0.011793399346873049,0.009275402294239083,0.4928087007082122,0.001085557612480623,0.0,false,false,false,false,false,false,false
F442,0.00025959058285770375,0.009987399506242913,0.5027921560235236,0.0017004397150009952,0.0,false,false,false,false,false,false,false
F443,0.0,0.008930603199707853,0.5000555247084952,0.00003277338447355209,0.0,false,false,false,false,false,false,false
F444,0.0002822713328461324,0.009992860577315169,0.5028021641934582,0.001692992392018569,0.0,false,false,false,false,false,false,false
F445,0.00004798335838832135,0.009871457149608524,0.4970622957516341,0.0016772304657936548,0.0,false,false,false,false,false,false,false
F446,0.0,0.008929632337703752,0.4999444135973842,0.00003277338447355209,0.0,false,false,false,false,false,false,false
F447,0.00004966397850157758,0.00987533293171967,0.4970625,0.0016739270317078622,0.0,false,false,false,false,false,false,false
F448,-0.07015039838545585,0.01050899219503777,0.5441863286055677,0.002046130831599785,0.0,false,false,false,false,false,false,false
F449,0.0,0.008959263063014847,0.4999999691529397,0.00011722796114676367,0.0,false,false,false,false,false,false,false
F450,-0.07087836047385852,0.010489450856928964,0.5436188379594851,0.001957887070373778,0.0,false,false,false,false,false,false,false
F451,-0.06980772973445805,0.010517004826800982,0.5460610162790824,0.0020358637090407234,0.0,false,false,false,false,false,false,false
F452,0.0,0.008958222370721847,0.4999999074588192,0.00011722796114660524,0.0,false,false,false,false,false,false,false
F453,-0.07057624855062151,0.01048501940474127,0.5445898768794026,0.0019543635079606013,0.0,false,false,false,false,false,false,false
F454,0.05227052805733103,0.011731936966596617,0.5182060019987081,0.0019064031588210371,0.0,false,false,false,false,false,false,false
F455,0.0,0.00897288489218705,0.4999445678326856,0.00015894361559764476,0.0,false,false,false,false,false,false,false
F456,0.052206877451546854,0.011594658592555356,0.520172836532355,0.0018795355198970797,0.0,false,false,false,false,false,false,false
F457,0.05279673427986757,0.01150672898112037,0.5192392383452548,0.0019449732315987523,0.0,false,false,false,false,false,false,false
F458,0.0,0.008974853644398022,0.5001667900549078,0.00015894361559764479,0.0,false,false,false,false,false,false,false
F459,0.052811177769332265,0.01146251537782934,0.521212826570569,0.0019084731402595105,0.0,false,false,false,false,false,false,false
F460,-0.0014719686779367366,0.010425294747996736,0.46968075265919806,0.001918756068074982,0.0,false,false,false,false,false,false,false
F461,0.00030050998729768113,0.009997724736661428,0.47828114044757264,0.001775016701288201,0.0,false,false,false,false,false,false,false
F462,0.018678048851870688,0.012755900562423563,0.49592760761994975,0.0023196168100820735,0.0,false,false,false,false,false,false,false
F463,-0.004465325705413933,0.01055884173143985,0.5089879503670801,0.0016439479623859327,0.0,false,false,false,false,false,false,false
F464,-0.0022536504718919876,0.010079615360924866,0.48562483397023437,0.0020860354058656484,0.0,false,false,false,false,false,false,false
F465,0.020306940691778297,0.012298388054201453,0.5078727661965212,0.002473502565437157,0.0,false,false,false,false,false,false,false
F466,0.004755204219438559,0.008597246803839042,0.45426152443903717,0.007413436801700913,0.0,false,false,false,false,false,false,false
F467,0.007936159603607744,0.012581406492396821,0.534621243463145,0.005059604815953295,0.0,false,false,false,false,false,false,false
F468,-0.004189440756825035,0.008911592760828122,0.4328427899986572,0.007230137782764594,0.0,false,false,false,false,false,false,false
F469,-0.0012917727541520941,0.009909041007157416,0.43812628809158316,0.0055388227131765175,0.0,false,false,false,false,false,false,false
F470,-0.002845589785659531,0.009944089901707026,0.4445908359734788,0.0046556498305602234,0.0,false,false,false,false,false,false,false
F471,-0.00966478280197124,0.015634300415357023,0.5397613024989749,0.007788655226767785,0.0,false,false,false,false,false,false,false
F472,-0.0018206186218484,0.009999442868387802,0.4826008064918545,0.002752134353166967,0.0,false,false,false,false,false,false,false
F473,-0.001303486249719138,0.009845842153820793,0.48238785755371927,0.002194426241874738,0.0,false,false,false,false,false,false,false
F474,-0.03713475979126791,0.009860116802089454,0.5182002745388364,0.00209359438333707,0.0,false,false,false,false,false,false,false
F475,-0.009002492294833521,0.010636860889561414,0.5239398859974306,0.0024579618665352644,0.0,false,false,false,false,false,false,false
F476,-0.008008477274890891,0.01049843241566253,0.5246200216020148,0.0020119531404703636,0.0,false,false,false,false,false,false,false
F477,-0.03540974109488625,0.009860347289490036,0.5056762601024123,0.0020930852410242316,0.0,false,false,false,false,false,false,false
F478,0.03031522737557699,0.010723140616363617,0.5065672311678697,0.0014550985831792184,0.0,false,false,false,false,false,false,false
F479,0.07250219389242563,0.011645087478257923,0.5126320215620951,0.0010524649095189139,0.0,false,false,false,false,false,false,false
F480,-0.005261185934076642,0.009340070426376258,0.4925443947035598,0.001405838942892727,0.0,false,false,false,false,false,false,false
F481,0.022158282722027738,0.009422863585572459,0.48628343435745575,0.0014734265095653755,0.0,false,false,false,false,false,false,false
F482,0.05843015347049938,0.011146813869416381,0.512371608751311,0.0010561781123929592,0.0,false,false,false,false,false,false,false
F483,-0.0056244385908517415,0.009492487065258633,0.5057939589888334,0.0014579365476612683,0.0,false,false,false,false,false,false,false
F484,0.02470778793268585,0.009023200893826041,0.48180578679509933,0.00039226355929641854,0.0,false,false,false,false,false,false,false
F485,0.0,0.008920645302372718,0.4998888580418287,8.54153393882738e-6,0.0,false,false,false,false,false,false,false
F486,0.024844065911391187,0.009126836206905478,0.4877120523320378,0.0003888834717011566,0.0,false,false,false,false,false,false,false
F487,0.02231437862082788,0.008983894515776938,0.4823298900302301,0.0006192426088121991,0.0,false,false,false,false,false,false,false
F488,0.0,0.008920645302372718,0.4998888580418287,8.54153393882738e-6,0.0,false,false,false,false,false,false,false
F489,0.022371207503730558,0.008984865150401745,0.4823823818602954,0.0006159329500076227,0.0,false,false,false,false,false,false,false
F490,-0.0014702309022222857,0.00920600235124025,0.4944002618144241,0.00022804113785370605,0.0,false,false,false,false,false,false,false
F491,-0.0014702309022222857,0.00920600235124025,0.4944002618144241,0.00022804113785370605,0.0,false,false,false,false,false,false,false
F492,0.0,0.008918738132841702,0.5,0.0,0.0,false,false,false,false,false,false,false
F493,-0.014768986347276634,0.00917166169189959,0.494382900703313,0.00023333718984463444,0.0,false,false,false,false,false,false,false
F494,-0.014768986347276634,0.00917166169189959,0.494382900703313,0.00023333718984463444,0.0,false,false,false,false,false,false,false
F495,0.0,0.008918738132841702,0.5,0.0,0.0,false,false,false,false,false,false,false
F496,-0.001729763631163245,0.009795588446549795,0.5018352823685461,0.002060391620070918,0.0,false,false,false,false,false,false,false
F497,0.0,0.009148376872378692,0.5003334258745141,0.0006568886083031344,0.0,false,false,false,false,false,false,false
F498,-0.00018519433977973353,0.009583053886877359,0.49893497144832394,0.0016638110564093295,0.0,false,false,false,false,false,false,false
F499,-0.0022246849616713617,0.009801662903331192,0.4996590968888017,0.002144302926858043,0.0,false,false,false,false,false,false,false
F500,0.0,0.009149272539693162,0.500611203652292,0.0006568886083031343,0.0,false,false,false,false,false,false,false
F501,-0.00045124206408939566,0.009649002134828454,0.5049490954326391,0.0016540298234218405,0.0,false,false,false,false,false,false,false
F502,-0.026082041407375432,0.009203055581906015,0.4952835188466465,0.002391766823570952,0.0,false,false,false,false,false,false,false
F503,-0.006502842259461312,0.009482839339999856,0.5116656860250115,0.0009799389720497155,0.0,false,false,false,false,false,false,false
F504,-0.028092615150736504,0.009806879196539478,0.5156037071361952,0.002129055351056328,0.0,false,false,false,false,false,false,false
F505,-0.02300616299722576,0.009129399121144202,0.48543112509208763,0.0015726874106166693,0.0,false,false,false,false,false,false,false
F506,-0.02621495040505245,0.009075066629600542,0.4889420722828276,0.0006914754976961425,0.0,false,false,false,false,false,false,false
F507,-0.019702311220320755,0.009528961156175603,0.5174886028050866,0.0017947372345359113,0.0,false,false,false,false,false,false,false
F508,-0.019647452751488364,0.009239833784764609,0.4828798043162295,0.0017315079472783245,0.0,false,false,false,false,false,false,false
F509,-0.03973487529918354,0.010136491669642918,0.5339332089697809,0.0015378914522719963,0.0,false,false,false,false,false,false,false
F510,0.001502288549719778,0.009895841938278475,0.501333841969603,0.0010932477902151692,0.0,false,false,false,false,false,false,false
F511,-0.022061721688758452,0.009778815489663263,0.5171355035374321,0.002049485136394193,0.0,false,false,false,false,false,false,false
F512,-0.039779912773772734,0.010139308389391465,0.5339568305598197,0.0015378914522719677,0.0,false,false,false,false,false,false,false
F513,-0.0011762583876913518,0.009771028515429016,0.5021316400565408,0.001255211611506125,0.0,false,false,false,false,false,false,false
F514,0.021451597140035514,0.009809348295644227,0.5244542750169658,0.0012250088007954155,0.0,false,false,false,false,false,false,false
F515,0.13698558627332902,0.008872030487330795,0.4846437492288235,0.001170178174997847,0.0,false,false,false,false,false,false,false
F516,0.0067629756726199424,0.00973905125301745,0.5061975522857671,0.0007460493829750187,0.0,false,false,false,false,false,false,false
F517,0.004672477908609081,0.009320012667854694,0.520666849821087,0.0010156892424618455,0.0,false,false,false,false,false,false,false
F518,0.1269061434702724,0.008870200033261038,0.48453958256215685,0.0011701781749978287,0.0,false,false,false,false,false,false,false
F519,-0.005574874461585309,0.009574001317240087,0.5062149943704115,0.000742722484805511,0.0,false,false,false,false,false,false,false
F520,0.0001179625663904212,0.010040159187393639,0.5223161537889263,0.0007489114902323498,0.0,false,false,false,false,false,false,false
F521,-0.005426882277437211,0.008869366170555079,0.45569312289741,0.0006894392588462589,0.0,false,false,false,false,false,false,false
F522,-0.005170451258661471,0.0095612735167564,0.5213556168187246,0.002757716336676542,0.0,false,false,false,false,false,false,false
F523,-0.01683404058854086,0.013499876961458416,0.5325041843129996,0.0014818447896684005,0.0,false,false,false,false,false,false,false
F524,-0.023309525122688548,0.012913660448600369,0.5585060687054758,0.0010435153458329771,0.0,false,false,false,false,false,false,false
F525,-0.006022530106163689,0.009159364070671047,0.47620660680522436,0.0012289785427781394,0.0,false,false,false,false,false,false,false
F526,-0.0030153561158727683,0.01116199440300012,0.5738553831976063,0.0016770179708276254,0.0,false,false,false,false,false,false,false
F527,-0.0028115253034676608,0.009017478141736271,0.4516834218371783,0.0013402355047483399,0.0,false,false,false,false,false,false,false
F528,-0.009107718627234671,0.00996040641789171,0.5418042740416544,0.0029525790772373267,0.0,false,false,false,false,false,false,false
F529,-0.013163758262350597,0.011184043064405905,0.5175198491760206,0.0013964931273555627,0.0,false,false,false,false,false,false,false
F530,-0.015762302339515127,0.01180839936000531,0.5368077878847263,0.0014380175371396728,0.0,false,false,false,false,false,false,false
F531,-0.006295851263838981,0.009220235354797737,0.47555282683821265,0.0021450581949003338,0.0,false,false,false,false,false,false,false
F532,-0.0030153561158727683,0.01116199440300012,0.5738553831976063,0.0016770179708276254,0.0,false,false,false,false,false,false,false
F533,-0.0028115253034676608,0.009017478141736271,0.4516834218371783,0.0013402355047483399,0.0,false,false,false,false,false,false,false
F534,-0.009107718627234671,0.00996040641789171,0.5418042740416544,0.0029525790772373267,0.0,false,false,false,false,false,false,false
F535,-0.013163758262350597,0.011184043064405905,0.5175198491760206,0.0013964931273555627,0.0,false,false,false,false,false,false,false
F536,-0.015762302339515127,0.01180839936000531,0.5368077878847263,0.0014380175371396728,0.0,false,false,false,false,false,false,false
F537,-0.006295851263838981,0.009220235354797737,0.47555282683821265,0.0021450581949003338,0.0,false,false,false,false,false,false,false
F538,0.016161225864457812,0.012811106632575519,0.5603579254716878,0.0008280510339517585,0.0,false,false,false,false,false,false,false
F539,0.0,0.008918738132841702,0.5,0.0,0.0,false,false,false,false,false,false,false
F540,0.016161225864457812,0.012811106632575519,0.5603579254716878,0.0008280510339517585,0.0,false,false,false,false,false,false,false
F541,0.016464363968901892,0.012748719121970831,0.5609698496069722,0.0010777470135973862,0.0,false,false,false,false,false,false,false
F542,0.0,0.008918738132841702,0.5,0.0,0.0,false,false,false,false,false,false,false
F543,0.016464363968901892,0.012748719121970831,0.5609698496069722,0.0010777470135973862,0.0,false,false,false,false,false,false,false
F544,0.00418412383876295,0.009583948772077392,0.532908104679499,0.0012872119978796497,0.0,false,false,false,false,false,false,false
F545,0.0,0.008927567981183734,0.5005000000000001,0.000032773384473710694,0.0,false,false,false,false,false,false,false
F546,0.0042856309768879,0.009580423380353132,0.5327171324572768,0.0012833563036612771,0.0,false,false,false,false,false,false,false
F547,0.004057710842342978,0.009575053701581977,0.5325297249984577,0.0014095554003587913,0.0,false,false,false,false,false,false,false
F548,0.0,0.008927567981183734,0.5005000000000001,0.000032773384473710694,0.0,false,false,false,false,false,false,false
F549,0.004175528599370213,0.009572959694747822,0.5324081972206799,0.0014076639266816765,0.0,false,false,false,false,false,false,false
F550,-0.03936506996456977,0.009791744325737978,0.5175128493883209,0.0013946332423186176,0.0,false,false,false,false,false,false,false
F551,0.0,0.00895793134306583,0.499888672959467,0.000117227961146764,0.0,false,false,false,false,false,false,false
F552,-0.040039227546437656,0.009773808791846996,0.5172504441069414,0.0013137974733697963,0.0,false,false,false,false,false,false,false
F553,-0.040843654198531934,0.009999266248458564,0.5334649008085559,0.0015466416065427228,0.0,false,false,false,false,false,false,false
F554,0.0,0.008958857564173233,0.4999997840705781,0.000117227961146764,0.0,false,false,false,false,false,false,false
F555,-0.04164048303878198,0.00998225191552911,0.5334720223967804,0.0014651342742078534,0.0,false,false,false,false,false,false,false
F556,0.07260269590522217,0.014430016316872745,0.5357700256393507,0.0019525208925226852,0.0,false,false,false,false,false,false,false
F557,0.0,0.00896313277156857,0.5024997223764575,0.00015894361559764476,0.0,false,false,false,false,false,false,false
F558,0.07202246991796925,0.014756080944681893,0.5377236264439146,0.0019194871633067673,0.0,false,false,false,false,false,false,false
F559,0.055826945917231946,0.012809863944778233,0.535403638773666,0.0016377088180090224,0.0,false,false,false,false,false,false,false
F560,0.0,0.00896313277156857,0.5024997223764575,0.00015894361559764476,0.0,false,false,false,false,false,false,false
F561,0.056941418497124814,0.013224102539079593,0.5374291350030667,0.0016006821109892497,0.0,false,false,false,false,false,false,false
F562,0.007811647435004123,0.011856087671132744,0.5495511996557831,0.0013616595098015106,0.0,false,false,false,false,false,false,false
F563,0.001285450722723998,0.010764080584613384,0.5422173458917159,0.0014991298689895451,0.0,false,false,false,false,false,false,false
F564,0.049158865091806975,0.024246455314221486,0.525029009165206,0.0022141314237638047,0.0,false,false,false,false,false,false,false
F565,-0.0004340747251946054,0.010586774400182264,0.5287538474903195,0.001224094034572806,0.0,false,false,false,false,false,false,false
F566,-0.0022196222805464286,0.010090309652971098,0.5228452846412486,0.0017829932407472811,0.0,false,false,false,false,false,false,false
F567,0.03627306478438835,0.01754788672977852,0.5304487133600432,0.0017929923432283986,0.0,false,false,false,false,false,false,false
F568,-0.001718916241013072,0.010029900900589087,0.5308717348613514,0.006462748910746481,0.0,false,false,false,false,false,false,false
F569,-0.0010749899363697525,0.011505853573617117,0.5234651469045881,0.0037904967713024307,0.0,false,false,false,false,false,false,false
F570,-0.006524501086244147,0.010831402737055313,0.5286205993039452,0.006319469482185496,0.0,false,false,false,false,false,false,false
F571,-0.004665487451189044,0.008862639372990675,0.43214647749253315,0.003839762932948764,0.0,false,false,false,false,false,false,false
F572,-0.011988288415761396,0.008739341853147937,0.42817049351667374,0.0037312950426498237,0.0,false,false,false,false,false,false,false
F573,-0.006971444245531552,0.011065481195376276,0.4895566185316437,0.005359461341664622,0.0,false,false,false,false,false,false,false
F574,0.005643030422268672,0.011695812701822664,0.5150159032472882,0.001824367735310489,0.0,false,false,false,false,false,false,false
F575,0.005402834777821876,0.011651220569763303,0.5210010816884593,0.0014084341617869446,0.0,false,false,false,false,false,false,false
F576,-0.023674900457360443,0.009496620162758236,0.49101036461225245,0.0019828502535191475,0.0,false,false,false,false,false,false,false
F577,-0.004946102345965054,0.009419027162229995,0.466533989377724,0.0019513981096782706,0.0,false,false,false,false,false,false,false
F578,-0.003877181887453048,0.010388570521175786,0.5136493557954367,0.001424662125402508,0.0,false,false,false,false,false,false,false
F579,-0.021470610675658544,0.009528806726241849,0.4937495989882164,0.001982850253518874,0.0,false,false,false,false,false,false,false
F580,-0.009532006257265838,0.00957625669499512,0.49902159679807506,0.001259616581824758,0.0,false,false,false,false,false,false,false
F581,-0.00024237217065315917,0.009149679967458515,0.48796527584983646,0.0008309341589986851,0.0,false,false,false,false,false,false,false
F582,-0.01232478649479334,0.009539278403140224,0.5061107216669751,0.0012401314519530624,0.0,false,false,false,false,false,false,false
F583,-0.017226230303529974,0.009639936742453262,0.5061836479733481,0.0013018565741359912,0.0,false,false,false,false,false,false,false
F584,-0.011516510900087802,0.009139504200518062,0.48679151821518907,0.0008331690585792343,0.0,false,false,false,false,false,false,false
F585,-0.015912419617378142,0.009354497340126725,0.49288532798136836,0.0012325347265074026,0.0,false,false,false,false,false,false,false
F586,0.05084241514547988,0.01210208855900412,0.5184901478798997,0.0008438454206865464,0.0,false,false,false,false,false,false,false
F587,0.0,0.00881227186277624,0.5001666358196064,8.541533938668639e-6,0.0,false,false,false,false,false,false,false
F588,0.05086730989334296,0.01210208855900412,0.5184901478798997,0.0008404653330912828,0.0,false,false,false,false,false,false,false
F589,0.04662251012999526,0.011801018743301575,0.5186681658111144,0.0005276545619284563,0.0,false,false,false,false,false,false,false
F590,0.0,0.00881227186277624,0.5001666358196064,8.541533938668639e-6,0.0,false,false,false,false,false,false,false
F591,0.046679169346911895,0.011801018743301575,0.5186681658111144,0.0005309642207330326,0.0,false,false,false,false,false,false,false
F592,0.035015833677385026,0.011649829218715612,0.508205292969955,0.0004751723886114585,0.0,false,false,false,false,false,false,false
F593,0.035015833677385026,0.011649829218715612,0.508205292969955,0.0004751723886114585,0.0,false,false,false,false,false,false,false
F594,0.0,0.008918738132841702,0.5,0.0,0.0,false,false,false,false,false,false,false
F595,0.025543758435853197,0.01139730396619036,0.5082434874143994,0.00011423665102271006,0.0,false,false,false,false,false,false,false
F596,0.025543758435853197,0.01139730396619036,0.5082434874143994,0.00011423665102271006,0.0,false,false,false,false,false,false,false
F597,0.0,0.008918738132841702,0.5,0.0,0.0,false,false,false,false,false,false,false
F598,0.003544454021995106,0.009658348716993925,0.4846438096754526,0.0020551084867559896,0.0,false,false,false,false,false,false,false
F599,0.0,0.009153037385358642,0.5022218829045592,0.0006568886083032916,0.0,false,false,false,false,false,false,false
F600,0.005832749279535148,0.009535491993599746,0.5063070094500877,0.0017177307083488212,0.0,false,false,false,false,false,false,false
F601,0.0029984099077252193,0.009710222841644526,0.4937104532748691,0.0021733030210766722,0.0,false,false,false,false,false,false,false
F602,0.0,0.00911109691719599,0.4983336109568758,0.0006568886083032933,0.0,false,false,false,false,false,false,false
F603,0.00532267653894626,0.009625055456199424,0.5169549823445942,0.0016900116282927333,0.0,false,false,false,false,false,false,false
F604,-0.024906892547521903,0.008720361382937806,0.48026468433477404,0.0007256260652119185,0.0,false,false,false,false,false,false,false
F605,-0.013228618078842045,0.008943074149537034,0.4973073156525242,0.0005542651011203428,0.0,false,false,false,false,false,false,false
F606,-0.02270922580805808,0.009693212130666953,0.5127553419850264,0.001487432242523373,0.0,false,false,false,false,false,false,false
F607,-0.02093375570676194,0.008736657792253142,0.47894968129996773,0.0010194320793299888,0.0,false,false,false,false,false,false,false
F608,-0.011462282118811116,0.008823377480742235,0.48414192460252653,0.0005506651388933101,0.0,false,false,false,false,false,false,false
F609,-0.01926825014972819,0.009906828452847441,0.5132340866593722,0.0010316296539150342,0.0,false,false,false,false,false,false,false
F610,-0.010027302146178859,0.009018496647089156,0.5055550620025911,0.0000227900363237928,0.5,false,false,false,false,false,false,false
F611,-0.00411535813552811,0.008935661805590078,0.5009442902091431,0.0000227900363237928,0.5,false,false,false,false,false,false,false
F612,-0.006780459336648935,0.008964512054019857,0.5025553396261337,0.0000227900363237928,0.5,false,false,false,false,false,false,false
F613,-0.006372798353306694,0.009018496647089156,0.5055550620025911,0.0000227900363237928,0.0,false,false,false,false,false,false,false
F614,-0.0035006617521034455,0.008935661805590078,0.5009442902091431,0.0000227900363237928,0.5,false,false,false,false,false,false,false
F615,-0.005471752266772828,0.008964512054019857,0.5025553396261337,0.0000227900363237928,0.5,false,false,false,false,false,false,false
F616,0.0,0.008918738132841702,0.5,0.0000227900363237928,0.0,false,false,false,false,false,false,false
F617,0.0,0.008918738132841702,0.5,0.0000227900363237928,0.0,false,false,false,false,false,false,false
F618,0.0,0.008918738132841702,0.5,0.0000227900363237928,0.0,false,false,false,false,false,false,false
F619,0.0,0.008918738132841702,0.5,0.0000227900363237928,0.0,false,false,false,false,false,false,false
F620,0.0,0.008918738132841702,0.5,0.0000227900363237928,0.0,false,false,false,false,false,false,false
F621,0.0,0.008918738132841702,0.5,0.0000227900363237928,0.0,false,false,false,false,false,false,false
F622,0.04252289965287091,0.011216122202078663,0.6004072546842169,0.0016826941822429406,0.5,false,false,false,false,false,false,false
F623,-0.011226527067156685,0.009042772414558035,0.506943827503239,0.0000227900363237928,0.5,false,false,false,false,false,false,false
F624,0.0014855771842149524,0.008776709739929757,0.4847829873018984,0.0000227900363237928,0.5,false,false,false,false,false,false,false
F625,-0.0022941774992850145,0.00977851538445013,0.5073811099861008,0.003914249608780233,0.0,false,false,false,false,false,false,false
F626,-0.006888218366767932,0.009042772414558035,0.506943827503239,0.0000227900363237928,0.0,false,false,false,false,false,false,false
F627,-0.0024171501928597055,0.008945597140545093,0.48861159400369436,0.0000227900363237928,0.0,false,false,false,false,false,false,false
F628,0.02545177064651676,0.010447981603948345,0.5663066206864016,0.0005054279393643091,0.5,false,false,false,false,false,false,false
F629,-0.010178303176387826,0.009020810944292846,0.505721759516318,0.0000227900363237928,0.5,false,false,false,false,false,false,false
F630,-0.001489160726095124,0.008800083799013963,0.4846999932862281,0.0000227900363237928,0.5,false,false,false,false,false,false,false
F631,-0.006037349604272271,0.008306639282701703,0.449639010802822,0.0015817942194816816,0.0,false,false,false,false,false,false,false
F632,-0.006182098173617766,0.009020810944292846,0.505721759516318,0.0000227900363237928,0.0,false,false,false,false,false,false,false
F633,-0.003549030796731649,0.008803660020844336,0.48477350727446267,0.0000227900363237928,0.0,false,false,false,false,false,false,false
F634,0.02545177064651676,0.010447981603948345,0.5663066206864016,0.0005054279393643091,0.5,false,false,false,false,false,false,false
F635,-0.010178303176387826,0.009020810944292846,0.505721759516318,0.0000227900363237928,0.5,false,false,false,false,false,false,false
F636,-0.001489160726095124,0.008800083799013963,0.4846999932862281,0.0000227900363237928,0.5,false,false,false,false,false,false,false
F637,-0.006037349604272271,0.008306639282701703,0.449639010802822,0.0015817942194816816,0.0,false,false,false,false,false,false,false
F638,-0.006182098173617766,0.009020810944292846,0.505721759516318,0.0000227900363237928,0.0,false,false,false,false,false,false,false
F639,-0.003549030796731649,0.008803660020844336,0.48477350727446267,0.0000227900363237928,0.0,false,false,false,false,false,false,false
F640,0.0,0.008918738132841702,0.5,0.0000227900363237928,0.0,false,false,false,false,false,false,false
F641,0.0,0.008918738132841702,0.5,0.0000227900363237928,0.0,false,false,false,false,false,false,false
F642,0.0,0.008918738132841702,0.5,0.0000227900363237928,0.0,false,false,false,false,false,false,false
F643,0.0,0.008918738132841702,0.5,0.0000227900363237928,0.0,false,false,false,false,false,false,false
F644,0.0,0.008918738132841702,0.5,0.0000227900363237928,0.0,false,false,false,false,false,false,false
F645,0.0,0.008918738132841702,0.5,0.0000227900363237928,0.0,false,false,false,false,false,false,false
F646,0.0,0.008918738132841702,0.5,0.0000227900363237928,0.0,false,false,false,false,false,false,false
F647,0.0,0.008918738132841702,0.5,0.0000227900363237928,0.0,false,false,false,false,false,false,false
F648,0.0,0.008918738132841702,0.5,0.0000227900363237928,0.0,false,false,false,false,false,false,false
F649,0.0,0.008918738132841702,0.5,0.0000227900363237928,0.0,false,false,false,false,false,false,false
F650,0.0,0.008918738132841702,0.5,0.0000227900363237928,0.0,false,false,false,false,false,false,false
F651,0.0,0.008918738132841702,0.5,0.0000227900363237928,0.0,false,false,false,false,false,false,false
F652,0.0,0.008918738132841702,0.5,0.0000227900363237928,0.0,false,false,false,false,false,false,false
F653,0.0,0.008918738132841702,0.5,0.0000227900363237928,0.0,false,false,false,false,false,false,false
F654,0.0,0.008918738132841702,0.5,0.0000227900363237928,0.0,false,false,false,false,false,false,false
F655,0.0,0.008918738132841702,0.5,0.0000227900363237928,0.0,false,false,false,false,false,false,false
F656,0.0,0.008918738132841702,0.5,0.0000227900363237928,0.0,false,false,false,false,false,false,false
F657,0.0,0.008918738132841702,0.5,0.0000227900363237928,0.0,false,false,false,false,false,false,false
F658,0.0,0.008918738132841702,0.5,0.0000227900363237928,0.0,false,false,false,false,false,false,false
F659,0.0,0.008918738132841702,0.5,0.0000227900363237928,0.0,false,false,false,false,false,false,false
F660,0.0,0.008918738132841702,0.5,0.0000227900363237928,0.0,false,false,false,false,false,false,false
F661,0.0,0.008918738132841702,0.5,0.0000227900363237928,0.0,false,false,false,false,false,false,false
F662,0.0,0.008918738132841702,0.5,0.0000227900363237928,0.0,false,false,false,false,false,false,false
F663,0.0,0.008918738132841702,0.5,0.0000227900363237928,0.0,false,false,false,false,false,false,false
F664,-0.01027779330919748,0.00902342826077677,0.5058329014744896,0.0000227900363237928,0.5,false,false,false,false,false,false,false
F665,-0.0019948095350991644,0.008922648708876152,0.5002222222222222,0.0000227900363237928,0.5,false,false,false,false,false,false,false
F666,-0.005738844186782348,0.008951285931760904,0.501833179098032,0.0000227900363237928,0.5,false,false,false,false,false,false,false
F667,-0.0023650977664246265,0.00902342826077677,0.5058329014744896,0.0000227900363237928,0.0,false,false,false,false,false,false,false
F668,-0.0010741874016749744,0.008922648708876152,0.5002222222222222,0.0000227900363237928,0.5,false,false,false,false,false,false,false
F669,-0.001815729147299697,0.008951285931760904,0.501833179098032,0.0000227900363237928,0.5,false,false,false,false,false,false,false
F670,0.04708578223222348,0.012285792016857488,0.5722293469858792,0.0000227900363237928,0.5,false,false,false,false,false,false,false
F671,-0.003734007740668105,0.008932496989562591,0.5007777469307175,0.0000227900363237928,0.5,false,false,false,false,false,false,false
F672,0.014324509757258751,0.010062006932148142,0.5072994206196267,0.0000227900363237928,0.5,false,false,false,false,false,false,false
F673,-0.004786402418874782,0.013355535759908731,0.5698658274224923,0.0000227900363237928,0.0,false,false,false,false,false,false,false
F674,-0.0021766904142729846,0.008932496989562591,0.5007777469307175,0.0000227900363237928,0.5,false,false,false,false,false,false,false
F675,-0.0043498593556246115,0.010853538929562492,0.5072820691482219,0.0000227900363237928,0.0,false,false,false,false,false,false,false
F676,-0.00299304012837657,0.008927625515725282,0.5004999691529398,0.0000227900363237928,0.5,false,false,false,false,false,false,false
F677,-0.0014103877204538866,0.008920646371015542,0.5001111111111112,0.0000227900363237928,0.5,false,false,false,false,false,false,false
F678,-0.0022303879273937633,0.008923679181112688,0.5002777469307176,0.0000227900363237928,0.5,false,false,false,false,false,false,false
F679,-0.0015190754494812707,0.008927625515725282,0.5004999691529398,0.0000227900363237928,0.5,false,false,false,false,false,false,false
F680,-0.0010649019080548618,0.008920646371015542,0.5001111111111112,0.0000227900363237928,0.5,false,false,false,false,false,false,false
F681,-0.0014604417561882891,0.008923679181112688,0.5002777469307176,0.0000227900363237928,0.5,false,false,false,false,false,false,false
F682,-0.004234902590426802,0.008936567357268489,0.5009999074588192,0.0000227900363237928,0.5,false,false,false,false,false,false,false
F683,-0.0009972397117356353,0.008945745077908124,0.5,0.0000227900363237928,0.5,false,false,false,false,false,false,false
F684,-0.003309295768363223,0.008929630195112231,0.5006110494169905,0.0000227900363237928,0.5,false,false,false,false,false,false,false
F685,-0.002595023957501928,0.008936567357268489,0.5009999074588192,0.0000227900363237928,0.5,false,false,false,false,false,false,false
F686,-0.0009972397117356355,0.008945745077908124,0.5,0.0000227900363237928,0.5,false,false,false,false,false,false,false
F687,-0.0020036562823033395,0.008929630195112231,0.5006110494169905,0.0000227900363237928,0.5,false,false,false,false,false,false,false
F688,0.0,0.008918738132841702,0.5,0.0000227900363237928,0.0,false,false,false,false,false,false,false
F689,0.0,0.008918738132841702,0.5,0.0000227900363237928,0.0,false,false,false,false,false,false,false
F690,0.0,0.008918738132841702,0.5,0.0000227900363237928,0.0,false,false,false,false,false,false,false
F691,0.0,0.008918738132841702,0.5,0.0000227900363237928,0.0,false,false,false,false,false,false,false
F692,0.0,0.008918738132841702,0.5,0.0000227900363237928,0.0,false,false,false,false,false,false,false
F693,0.0,0.008918738132841702,0.5,0.0000227900363237928,0.0,false,false,false,false,false,false,false
F694,0.0,0.008918738132841702,0.5,0.0000227900363237928,0.0,false,false,false,false,false,false,false
F695,0.0,0.008918738132841702,0.5,0.0000227900363237928,0.0,false,false,false,false,false,false,false
F696,0.0,0.008918738132841702,0.5,0.0000227900363237928,0.0,false,false,false,false,false,false,false
F697,0.0,0.008918738132841702,0.5,0.0000227900363237928,0.0,false,false,false,false,false,false,false
F698,0.0,0.008918738132841702,0.5,0.0000227900363237928,0.0,false,false,false,false,false,false,false
F699,0.0,0.008918738132841702,0.5,0.0000227900363237928,0.0,false,false,false,false,false,false,false
F700,0.0,0.008918738132841702,0.5,0.0000227900363237928,0.0,false,false,false,false,false,false,false
F701,0.0,0.008918738132841702,0.5,0.0000227900363237928,0.0,false,false,false,false,false,false,false
F702,0.0,0.008918738132841702,0.5,0.0000227900363237928,0.0,false,false,false,false,false,false,false
F703,0.0,0.008918738132841702,0.5,0.0000227900363237928,0.0,false,false,false,false,false,false,false
F704,0.0,0.008918738132841702,0.5,0.0000227900363237928,0.0,false,false,false,false,false,false,false
F705,0.0,0.008918738132841702,0.5,0.0000227900363237928,0.0,false,false,false,false,false,false,false
F706,-0.006078053300545392,0.008955107189650419,0.5020553087790733,0.0000227900363237928,0.5,false,false,false,false,false,false,false
F707,-0.0019948095350991644,0.008922587026380923,0.5002221605281016,0.0000227900363237928,0.5,false,false,false,false,false,false,false
F708,-0.005561606233389459,0.00894918344618816,0.5017220371398606,0.0000227900363237928,0.5,false,false,false,false,false,false,false
F709,-0.004304628082272529,0.008955107189650419,0.5020553087790733,0.0000227900363237928,0.0,false,false,false,false,false,false,false
F710,-0.0014323649306454932,0.008922587026380923,0.5002221605281016,0.0000227900363237928,0.5,false,false,false,false,false,false,false
F711,-0.0042409539294169935,0.00894918344618816,0.5017220371398606,0.0000227900363237928,0.5,false,false,false,false,false,false,false
F712,-0.0017274604223167355,0.008921616164376821,0.5001666358196064,0.0000227900363237928,0.5,false,false,false,false,false,false,false
F713,-0.0014103877204538866,0.008920646371015542,0.5001111111111112,0.0000227900363237928,0.5,false,false,false,false,false,false,false
F714,-0.0009972397117356353,0.008946961141739925,0.5,0.0000227900363237928,0.5,false,false,false,false,false,false,false
F715,-0.0010056922309823117,0.008921616164376821,0.5001666358196064,0.0000227900363237928,0.5,false,false,false,false,false,false,false
F716,-0.001018154800915262,0.008920646371015542,0.5001111111111112,0.0000227900363237928,0.5,false,false,false,false,false,false,false
F717,-0.0009972397117356355,0.008946961141739925,0.5,0.0000227900363237928,0.5,false,false,false,false,false,false,false
F718,-0.00824850465435659,0.008986208947134065,0.5037774384601148,0.000014239041623002663,0.5,false,false,false,false,false,false,false
F719,-0.0029910507048155448,0.008927627658316803,0.5004999074588192,0.000014239041623002663,0.5,false,false,false,false,false,false,false
F720,-0.004232086328263962,0.008936506406571319,0.5009998457646987,0.000014239041623002663,0.5,false,false,false,false,false,false,false
F721,-0.004567523079153163,0.008986208947134065,0.5037774384601147,0.000014239041623002663,0.5,false,false,false,false,false,false,false
F722,-0.00276907280566414,0.008927627658316803,0.5004999074588192,0.000014239041623002663,0.5,false,false,false,false,false,false,false
F723,-0.0036346329697287314,0.008936506406571319,0.5009998457646987,0.000014239041623002663,0.5,false,false,false,false,false,false,false
F724,0.0,0.008918738132841702,0.5,0.000014239041623002663,0.0,false,false,false,false,false,false,false
F725,0.0,0.008918738132841702,0.5,0.000014239041623002663,0.0,false,false,false,false,false,false,false
F726,0.0,0.008918738132841702,0.5,0.000014239041623002663,0.0,false,false,false,false,false,false,false
F727,0.0,0.008918738132841702,0.5,0.000014239041623002663,0.0,false,false,false,false,false,false,false
F728,0.0,0.008918738132841702,0.5,0.000014239041623002663,0.0,false,false,false,false,false,false,false
F729,0.0,0.008918738132841702,0.5,0.000014239041623002663,0.0,false,false,false,false,false,false,false
F730,0.047046596200030884,0.01176657137280593,0.6173486144226338,0.001963670162646037,0.5,false,false,false,false,false,false,false
F731,-0.00991878589702012,0.009015710716035633,0.5054439817385404,0.000014239041623002663,0.5,false,false,false,false,false,false,false
F732,0.006696843666878534,0.00909374646120703,0.49466595718428036,0.000014239041623002663,0.5,false,false,false,false,false,false,false
F733,-0.0018525536377331665,0.010213821578283445,0.5446619007958542,0.003369583302501639,0.0,false,false,false,false,false,false,false
F734,-0.006535310050680548,0.009015710716035633,0.5054439817385402,0.000014239041623002663,0.0,false,false,false,false,false,false,false
F735,-0.0047979885374432275,0.010031834275245136,0.5045423857887594,0.000014239041623002663,0.0,false,false,false,false,false,false,false
F736,0.036529791294339836,0.011479592738867603,0.5957227593239776,0.0009633999107903767,0.5,false,false,false,false,false,false,false
F737,-0.009175856683633897,0.00900179717663436,0.5046662348078228,0.000014239041623002663,0.5,false,false,false,false,false,false,false
F738,0.0020885093518064604,0.008827531615818264,0.49013848787710523,0.000014239041623002663,0.5,false,false,false,false,false,false,false
F739,-0.0068251036939832215,0.011168584414983347,0.5691033403737211,0.0015322487061180533,0.0,false,false,false,false,false,false,false
F740,-0.00602349033095637,0.00900179717663436,0.5046662348078228,0.000014239041623002663,0.0,false,false,false,false,false,false,false
F741,-0.0028978143079369896,0.008827896292394206,0.49013501758282435,0.000014239041623002663,0.0,false,false,false,false,false,false,false
F742,0.036529791294339836,0.011479592738867603,0.5957227593239776,0.0009633999107903767,0.5,false,false,false,false,false,false,false
F743,-0.009175856683633897,0.00900179717663436,0.5046662348078228,0.000014239041623002663,0.5,false,false,false,false,false,false,false
F744,0.0020885093518064604,0.008827531615818264,0.49013848787710523,0.000014239041623002663,0.5,false,false,false,false,false,false,false
F745,-0.0068251036939832215,0.011168584414983347,0.5691033403737211,0.0015322487061180533,0.0,false,false,false,false,false,false,false
F746,-0.00602349033095637,0.00900179717663436,0.5046662348078228,0.000014239041623002663,0.0,false,false,false,false,false,false,false
F747,-0.0028978143079369896,0.008827896292394206,0.49013501758282435,0.000014239041623002663,0.0,false,false,false,false,false,false,false
F748,0.0,0.008918738132841702,0.5,0.000014239041623002663,0.0,false,false,false,false,false,false,false
F749,0.0,0.008918738132841702,0.5,0.000014239041623002663,0.0,false,false,false,false,false,false,false
F750,0.0,0.008918738132841702,0.5,0.000014239041623002663,0.0,false,false,false,false,false,false,false
F751,0.0,0.008918738132841702,0.5,0.000014239041623002663,0.0,false,false,false,false,false,false,false
F752,0.0,0.008918738132841702,0.5,0.000014239041623002663,0.0,false,false,false,false,false,false,false
F753,0.0,0.008918738132841702,0.5,0.000014239041623002663,0.0,false,false,false,false,false,false,false
F754,0.0,0.008918738132841702,0.5,0.000014239041623002663,0.0,false,false,false,false,false,false,false
F755,0.0,0.008918738132841702,0.5,0.000014239041623002663,0.0,false,false,false,false,false,false,false
F756,0.0,0.008918738132841702,0.5,0.000014239041623002663,0.0,false,false,false,false,false,false,false
F757,0.0,0.008918738132841702,0.5,0.000014239041623002663,0.0,false,false,false,false,false,false,false
F758,0.0,0.008918738132841702,0.5,0.000014239041623002663,0.0,false,false,false,false,false,false,false
F759,0.0,0.008918738132841702,0.5,0.000014239041623002663,0.0,false,false,false,false,false,false,false
F760,0.0,0.008918738132841702,0.5,0.000014239041623002663,0.0,false,false,false,false,false,false,false
F761,0.0,0.008918738132841702,0.5,0.000014239041623002663,0.0,false,false,false,false,false,false,false
F762,0.0,0.008918738132841702,0.5,0.000014239041623002663,0.0,false,false,false,false,false,false,false
F763,0.0,0.008918738132841702,0.5,0.000014239041623002663,0.0,false,false,false,false,false,false,false
F764,0.0,0.008918738132841702,0.5,0.000014239041623002663,0.0,false,false,false,false,false,false,false
F765,0.0,0.008918738132841702,0.5,0.000014239041623002663,0.0,false,false,false,false,false,false,false
F766,0.0,0.008918738132841702,0.5,0.000014239041623002663,0.0,false,false,false,false,false,false,false
F767,0.0,0.008918738132841702,0.5,0.000014239041623002663,0.0,false,false,false,false,false,false,false
F768,0.0,0.008918738132841702,0.5,0.000014239041623002663,0.0,false,false,false,false,false,false,false
F769,0.0,0.008918738132841702,0.5,0.000014239041623002663,0.0,false,false,false,false,false,false,false
F770,0.0,0.008918738132841702,0.5,0.000014239041623002663,0.0,false,false,false,false,false,false,false
F771,0.0,0.008918738132841702,0.5,0.000014239041623002663,0.0,false,false,false,false,false,false,false
F772,-0.007276076422872725,0.008971229061094077,0.5029442593620828,0.000014239041623002663,0.5,false,false,false,false,false,false,false
F773,-0.001409450619708116,0.008920705914457799,0.5001111111111112,0.000014239041623002663,0.5,false,false,false,false,false,false,false
F774,-0.0038627086867237654,0.00893346999059617,0.5008332716392129,0.000014239041623002663,0.5,false,false,false,false,false,false,false
F775,-0.0016961818848358042,0.008971229061094077,0.5029442593620828,0.000014239041623002663,0.0,false,false,false,false,false,false,false
F776,-0.0010033488590806005,0.008920705914457799,0.5001111111111112,0.000014239041623002663,0.5,false,false,false,false,false,false,false
F777,-0.0014798798685039367,0.00893346999059617,0.5008332716392129,0.000014239041623002663,0.5,false,false,false,false,false,false,false
F778,0.060055898326343386,0.014311370114253602,0.5720883913439521,0.000014239041623002663,0.5,false,false,false,false,false,false,false
F779,-0.0029910507048155448,0.008927508379803537,0.5004999691529397,0.000014239041623002663,0.5,false,false,false,false,false,false,false
F780,0.017924178735583645,0.008819783767309708,0.4929165432784256,0.000014239041623002663,0.5,false,false,false,false,false,false,false
F781,-0.002006148668591053,0.020919606089111833,0.5721456656024431,0.000014239041623002663,0.0,false,false,false,false,false,false,false
F782,-0.0015799406205672293,0.008927508379803537,0.5004999691529397,0.000014239041623002663,0.5,false,false,false,false,false,false,false
F783,-0.0014773966771821376,0.008819783767309708,0.49290266210130174,0.000014239041623002663,0.5061728395061729,false,false,false,false,false,false,false
F784,-0.0019934839827561992,0.008922707248698437,0.500222191375162,0.000014239041623002663,0.5,false,false,false,false,false,false,false
F785,-0.0009965771543562654,0.008945745077908124,0.5,0.000014239041623002663,0.5,false,false,false,false,false,false,false
F786,-0.001409450619708116,0.008920704845814979,0.5001110802640508,0.000014239041623002663,0.5,false,false,false,false,false,false,false
F787,-0.001016338775058202,0.008922707248698437,0.500222191375162,0.000014239041623002663,0.5,false,false,false,false,false,false,false
F788,-0.0009965771543562654,0.008945745077908124,0.5,0.000014239041623002663,0.5,false,false,false,false,false,false,false
F789,-0.0010012422605455362,0.008920704845814979,0.5001110802640508,0.000014239041623002663,0.5,false,false,false,false,false,false,false
F790,-0.0028198340841517383,0.008926477974357175,0.5004444135973841,0.000014239041623002663,0.5,false,false,false,false,false,false,false
F791,0.0,0.008918738132841702,0.5,0.000014239041623002663,0.0,false,false,false,false,false,false,false
F792,-0.002441778573145134,0.008924530891209422,0.5003333024862731,0.000014239041623002663,0.5,false,false,false,false,false,false,false
F793,-0.0017353273023475886,0.008926477974357175,0.5004444135973841,0.000014239041623002663,0.5,false,false,false,false,false,false,false
F794,0.0,0.008918738132841702,0.5,0.000014239041623002663,0.0,false,false,false,false,false,false,false
F795,-0.0015059436207519629,0.008924530891209422,0.5003333024862731,0.000014239041623002663,0.5,false,false,false,false,false,false,false
F796,0.0,0.008918738132841702,0.5,0.000014239041623002663,0.0,false,false,false,false,false,false,false
F797,0.0,0.008918738132841702,0.5,0.000014239041623002663,0.0,false,false,false,false,false,false,false
F798,0.0,0.008918738132841702,0.5,0.000014239041623002663,0.0,false,false,false,false,false,false,false
F799,0.0,0.008918738132841702,0.5,0.000014239041623002663,0.0,false,false,false,false,false,false,false
F800,0.0,0.008918738132841702,0.5,0.000014239041623002663,0.0,false,false,false,false,false,false,false
F801,0.0,0.008918738132841702,0.5,0.000014239041623002663,0.0,false,false,false,false,false,false,false
F802,0.0,0.008918738132841702,0.5,0.000014239041623002663,0.0,false,false,false,false,false,false,false
F803,0.0,0.008918738132841702,0.5,0.000014239041623002663,0.0,false,false,false,false,false,false,false
F804,0.0,0.008918738132841702,0.5,0.000014239041623002663,0.0,false,false,false,false,false,false,false
F805,0.0,0.008918738132841702,0.5,0.000014239041623002663,0.0,false,false,false,false,false,false,false
F806,0.0,0.008918738132841702,0.5,0.000014239041623002663,0.0,false,false,false,false,false,false,false
F807,0.0,0.008918738132841702,0.5,0.000014239041623002663,0.0,false,false,false,false,false,false,false
F808,-0.0009965771543562654,0.008946961141739925,0.5,0.000014239041623002663,0.5,false,false,false,false,false,false,false
F809,-0.0009965771543562654,0.008946961141739925,0.5,0.000014239041623002663,0.5,false,false,false,false,false,false,false
F810,0.0,0.008918738132841702,0.5,0.000014239041623002663,0.0,false,false,false,false,false,false,false
F811,-0.0009965771543562656,0.008946961141739925,0.5,0.000014239041623002663,0.5,false,false,false,false,false,false,false
F812,-0.0009965771543562656,0.008946961141739925,0.5,0.000014239041623002663,0.5,false,false,false,false,false,false,false
F813,0.0,0.008918738132841702,0.5,0.000014239041623002663,0.0,false,false,false,false,false,false,false
F814,-0.005821592476155623,0.008952117545301782,0.5018887038065272,0.000014239041623002663,0.5,false,false,false,false,false,false,false
F815,-0.001409450619708116,0.008920646371015542,0.5001111111111112,0.000014239041623002663,0.5,false,false,false,false,false,false,false
F816,-0.0054672242353360585,0.008948148487726524,0.501666481584305,0.000014239041623002663,0.5,false,false,false,false,false,false,false
F817,-0.004386612767562483,0.008952117545301782,0.5018887038065272,0.000014239041623002663,0.0,false,false,false,false,false,false,false
F818,-0.0012085586645464363,0.008920646371015542,0.5001111111111112,0.000014239041623002663,0.5,false,false,false,false,false,false,false
F819,-0.0042047276364885165,0.008948148487726524,0.501666481584305,0.000014239041623002663,0.5,false,false,false,false,false,false,false
F820,0.0,0.008918738132841702,0.5,0.000014239041623002663,0.0,false,false,false,false,false,false,false
F821,0.0,0.008918738132841702,0.5,0.000014239041623002663,0.0,false,false,false,false,false,false,false
F822,0.0,0.008918738132841702,0.5,0.000014239041623002663,0.0,false,false,false,false,false,false,false
F823,0.0,0.008918738132841702,0.5,0.000014239041623002663,0.0,false,false,false,false,false,false,false
F824,0.0,0.008918738132841702,0.5,0.000014239041623002663,0.0,false,false,false,false,false,false,false
F825,0.0,0.008918738132841702,0.5,0.000014239041623002663,0.0,false,false,false,false,false,false,false
F826,-0.006231167883692339,0.00895712823902693,0.502166481584305,2.8465480065153133e-6,0.5,false,false,false,false,false,false,false
F827,-0.001724784509881509,0.008921617234786969,0.5001666358196064,2.8465480065153133e-6,0.5,false,false,false,false,false,false,false
F828,-0.001724784509881509,0.00892167570781908,0.5001666358196064,2.8465480065153133e-6,0.5,false,false,false,false,false,false,false
F829,-0.002489928246118532,0.00895712823902693,0.502166481584305,2.8465480065153133e-6,0.5,false,false,false,false,false,false,false
F830,-0.001664227816968311,0.008921617234786969,0.5001666358196064,2.8465480065153133e-6,0.5,false,false,false,false,false,false,false
F831,-0.0015809492204486835,0.00892167570781908,0.5001666358196064,2.8465480065153133e-6,0.5,false,false,false,false,false,false,false
F832,-0.0009956951128212706,0.008945745077908126,0.5,2.8465480065153133e-6,0.5,false,false,false,false,false,false,false
F833,0.0,0.008918738132841702,0.5,2.8465480065153133e-6,0.0,false,false,false,false,false,false,false
F834,0.0,0.008918738132841702,0.5,2.8465480065153133e-6,0.0,false,false,false,false,false,false,false
F835,-0.0009956951128212706,0.008945745077908126,0.5,2.8465480065153133e-6,0.5,false,false,false,false,false,false,false
F836,0.0,0.008918738132841702,0.5,2.8465480065153133e-6,0.0,false,false,false,false,false,false,false
F837,0.0,0.008918738132841702,0.5,2.8465480065153133e-6,0.0,false,false,false,false,false,false,false
F838,0.04687648731514149,0.012040959396282944,0.622857707047283,0.0017737671095252698,0.5,false,false,false,false,false,false,false
F839,-0.009167698100081778,0.009001662171724583,0.5046662039607626,2.8465480065153133e-6,0.5,false,false,false,false,false,false,false
F840,0.0050292511992453765,0.008829263875858674,0.49158287062742917,2.8465480065153133e-6,0.5,false,false,false,false,false,false,false
F841,-0.005289132773436905,0.011527063044179001,0.5947201810994619,0.0022374514473335553,0.0,false,false,false,false,false,false,false
F842,-0.006352514783053738,0.009001662171724583,0.5046662039607626,2.8465480065153133e-6,0.0,false,false,false,false,false,false,false
F843,-0.004289146965169898,0.008829934300560532,0.49160716268739596,2.8465480065153133e-6,0.0,false,false,false,false,false,false,false
F844,0.06269922570799992,0.01460897624938986,0.637557751140434,0.0023486518334349853,0.5,false,false,false,false,false,false,false
F845,-0.008658330445323595,0.008992756175124341,0.5041662348078229,2.8465480065153133e-6,0.5,false,false,false,false,false,false,false
F846,0.015848337661892666,0.008820640836507875,0.4928054013202542,2.8465480065153133e-6,0.5,false,false,false,false,false,false,false
F847,-0.006791276184616476,0.016119747030029056,0.6350985864107813,0.0024773108222915534,0.0,false,false,false,false,false,false,false
F848,-0.005980696087647405,0.008992756175124341,0.5041662348078229,2.8465480065153133e-6,0.0,false,false,false,false,false,false,false
F849,-0.0026523372188057676,0.008820822873244101,0.4928088716145352,2.8465480065153133e-6,0.5061172777770918,false,false,false,false,false,false,false
F850,0.06269922570799992,0.01460897624938986,0.637557751140434,0.0023486518334349853,0.5,false,false,false,false,false,false,false
F851,-0.008658330445323595,0.008992756175124341,0.5041662348078229,2.8465480065153133e-6,0.5,false,false,false,false,false,false,false
F852,0.015848337661892666,0.008820640836507875,0.4928054013202542,2.8465480065153133e-6,0.5,false,false,false,false,false,false,false
F853,-0.006791276184616476,0.016119747030029056,0.6350985864107813,0.0024773108222915534,0.0,false,false,false,false,false,false,false
F854,-0.005980696087647405,0.008992756175124341,0.5041662348078229,2.8465480065153133e-6,0.0,false,false,false,false,false,false,false
F855,-0.0026523372188057676,0.008820822873244101,0.4928088716145352,2.8465480065153133e-6,0.5061172777770918,false,false,false,false,false,false,false
F856,0.0,0.008918738132841702,0.5,2.8465480065153133e-6,0.0,false,false,false,false,false,false,false
F857,0.0,0.008918738132841702,0.5,2.8465480065153133e-6,0.0,false,false,false,false,false,false,false
F858,0.0,0.008918738132841702,0.5,2.8465480065153133e-6,0.0,false,false,false,false,false,false,false
F859,0.0,0.008918738132841702,0.5,2.8465480065153133e-6,0.0,false,false,false,false,false,false,false
F860,0.0,0.008918738132841702,0.5,2.8465480065153133e-6,0.0,false,false,false,false,false,false,false
F861,0.0,0.008918738132841702,0.5,2.8465480065153133e-6,0.0,false,false,false,false,false,false,false
F862,-0.0009956951128212706,0.008945745077908126,0.5,2.8465480065153133e-6,0.5,false,false,false,false,false,false,false
F863,0.0,0.008918738132841702,0.5,2.8465480065153133e-6,0.0,false,false,false,false,false,false,false
F864,-0.0009956951128212706,0.008945745077908126,0.5,2.8465480065153133e-6,0.5,false,false,false,false,false,false,false
F865,-0.0009956951128212706,0.008945745077908126,0.5,2.8465480065153133e-6,0.5,false,false,false,false,false,false,false
F866,0.0,0.008918738132841702,0.5,2.8465480065153133e-6,0.0,false,false,false,false,false,false,false
F867,-0.0009956951128212706,0.008945745077908126,0.5,2.8465480065153133e-6,0.5,false,false,false,false,false,false,false
F868,0.0,0.008918738132841702,0.5,2.8465480065153133e-6,0.0,false,false,false,false,false,false,false
F869,0.0,0.008918738132841702,0.5,2.8465480065153133e-6,0.0,false,false,false,false,false,false,false
F870,0.0,0.008918738132841702,0.5,2.8465480065153133e-6,0.0,false,false,false,false,false,false,false
F871,0.0,0.008918738132841702,0.5,2.8465480065153133e-6,0.0,false,false,false,false,false,false,false
F872,0.0,0.008918738132841702,0.5,2.8465480065153133e-6,0.0,false,false,false,false,false,false,false
F873,0.0,0.008918738132841702,0.5,2.8465480065153133e-6,0.0,false,false,false,false,false,false,false
F874,0.0,0.008918738132841702,0.5,2.8465480065153133e-6,0.0,false,false,false,false,false,false,false
F875,0.0,0.008918738132841702,0.5,2.8465480065153133e-6,0.0,false,false,false,false,false,false,false
F876,0.0,0.008918738132841702,0.5,2.8465480065153133e-6,0.0,false,false,false,false,false,false,false
F877,0.0,0.008918738132841702,0.5,2.8465480065153133e-6,0.0,false,false,false,false,false,false,false
F878,0.0,0.008918738132841702,0.5,2.8465480065153133e-6,0.0,false,false,false,false,false,false,false
F879,0.0,0.008918738132841702,0.5,2.8465480065153133e-6,0.0,false,false,false,false,false,false,false
F880,-0.004567882258918041,0.008939386037463542,0.5011666666666666,2.8465480065153133e-6,0.5,false,false,false,false,false,false,false
F881,-0.001724784509881509,0.008921676776461902,0.5001666666666666,2.8465480065153133e-6,0.5,false,false,false,false,false,false,false
F882,-0.0014082030874399958,0.008809360345406756,0.5,2.8465480065153133e-6,0.5,false,false,false,false,false,false,false
F883,-0.001929725735216959,0.008939386037463542,0.5011666666666666,2.8465480065153133e-6,0.5,false,false,false,false,false,false,false
F884,-0.0013859140444030795,0.008921676776461902,0.5001666666666666,2.8465480065153133e-6,0.5,false,false,false,false,false,false,false
F885,-0.0013432199710082208,0.008809360345406756,0.5,2.8465480065153133e-6,0.5,false,false,false,false,false,false,false
F886,0.08491210295456188,0.018871303151759798,0.5641204223869818,2.8465480065153133e-6,0.5,false,false,false,false,false,false,false
F887,-0.0009956951128212706,0.008945745077908126,0.5,2.8465480065153133e-6,0.5,false,false,false,false,false,false,false
F888,0.0366601677812837,0.008817218226288417,0.49347219137516196,2.8465480065153133e-6,0.5,false,false,false,false,false,false,false
F889,-0.0006014247443792032,0.03512808558501282,0.5641035641283165,2.8465480065153133e-6,0.0,false,false,false,false,false,false,false
F890,-0.0009956951128212706,0.008945745077908126,0.5,2.8465480065153133e-6,0.5,false,false,false,false,false,false,false
F891,-0.00046478222365300135,0.008817218226288417,0.49346872108088097,2.8465480065153133e-6,0.5061172777770918,false,false,false,false,false,false,false
F892,-0.0014082030874399958,0.008920646371015542,0.5001111111111112,2.8465480065153133e-6,0.5,false,false,false,false,false,false,false
F893,-0.0014082030874399958,0.008920646371015542,0.5001111111111112,2.8465480065153133e-6,0.5,false,false,false,false,false,false,false
F894,0.0,0.008918738132841702,0.5,2.8465480065153133e-6,0.0,false,false,false,false,false,false,false
F895,-0.0013821312003385038,0.008920646371015542,0.5001111111111112,2.8465480065153133e-6,0.5,false,false,false,false,false,false,false
F896,-0.0013821312003385038,0.008920646371015542,0.5001111111111112,2.8465480065153133e-6,0.5,false,false,false,false,false,false,false
F897,0.0,0.008918738132841702,0.5,2.8465480065153133e-6,0.0,false,false,false,false,false,false,false
F898,-0.0009956951128212706,0.008945745077908126,0.5,2.8465480065153133e-6,0.5,false,false,false,false,false,false,false
F899,0.0,0.008918738132841702,0.5,2.8465480065153133e-6,0.0,false,false,false,false,false,false,false
F900,0.0,0.008918738132841702,0.5,2.8465480065153133e-6,0.0,false,false,false,false,false,false,false
F901,-0.0009956951128212706,0.008945745077908126,0.5,2.8465480065153133e-6,0.5,false,false,false,false,false,false,false
F902,0.0,0.008918738132841702,0.5,2.8465480065153133e-6,0.0,false,false,false,false,false,false,false
F903,0.0,0.008918738132841702,0.5,2.8465480065153133e-6,0.0,false,false,false,false,false,false,false
F904,0.0,0.008918738132841702,0.5,2.8465480065153133e-6,0.0,false,false,false,false,false,false,false
F905,0.0,0.008918738132841702,0.5,2.8465480065153133e-6,0.0,false,false,false,false,false,false,false
F906,0.0,0.008918738132841702,0.5,2.8465480065153133e-6,0.0,false,false,false,false,false,false,false
F907,0.0,0.008918738132841702,0.5,2.8465480065153133e-6,0.0,false,false,false,false,false,false,false
F908,0.0,0.008918738132841702,0.5,2.8465480065153133e-6,0.0,false,false,false,false,false,false,false
F909,0.0,0.008918738132841702,0.5,2.8465480065153133e-6,0.0,false,false,false,false,false,false,false
F910,0.0,0.008918738132841702,0.5,2.8465480065153133e-6,0.0,false,false,false,false,false,false,false
F911,0.0,0.008918738132841702,0.5,2.8465480065153133e-6,0.0,false,false,false,false,false,false,false
F912,0.0,0.008918738132841702,0.5,2.8465480065153133e-6,0.0,false,false,false,false,false,false,false
F913,0.0,0.008918738132841702,0.5,2.8465480065153133e-6,0.0,false,false,false,false,false,false,false
F914,0.0,0.008918738132841702,0.5,2.8465480065153133e-6,0.0,false,false,false,false,false,false,false
F915,0.0,0.008918738132841702,0.5,2.8465480065153133e-6,0.0,false,false,false,false,false,false,false
F916,-0.0009956951128212706,0.008946961141739925,0.5,2.8465480065153133e-6,0.5,false,false,false,false,false,false,false
F917,-0.0009956951128212706,0.008946961141739925,0.5,2.8465480065153133e-6,0.5,false,false,false,false,false,false,false
F918,0.0,0.008918738132841702,0.5,2.8465480065153133e-6,0.0,false,false,false,false,false,false,false
F919,-0.0009956951128212703,0.008946961141739925,0.5,2.8465480065153133e-6,0.5,false,false,false,false,false,false,false
F920,-0.0009956951128212703,0.008946961141739925,0.5,2.8465480065153133e-6,0.5,false,false,false,false,false,false,false
F921,0.0,0.008918738132841702,0.5,2.8465480065153133e-6,0.0,false,false,false,false,false,false,false
F922,-0.005642142838761874,0.008950161838396245,0.5017775926954161,2.8465480065153133e-6,0.5,false,false,false,false,false,false,false
F923,0.0,0.008918738132841702,0.5,2.8465480065153133e-6,0.0,false,false,false,false,false,false,false
F924,-0.00546237763516388,0.008948148487726524,0.501666481584305,2.8465480065153133e-6,0.5,false,false,false,false,false,false,false
F925,-0.004213257193100499,0.008950161838396245,0.5017775926954161,2.8465480065153133e-6,0.0,false,false,false,false,false,false,false
F926,0.0,0.008918738132841702,0.5,2.8465480065153133e-6,0.0,false,false,false,false,false,false,false
F927,-0.004201002726198446,0.008948148487726524,0.501666481584305,2.8465480065153133e-6,0.5,false,false,false,false,false,false,false
F928,0.0,0.008918738132841702,0.5,2.8465480065153133e-6,0.0,false,false,false,false,false,false,false
F929,0.0,0.008918738132841702,0.5,2.8465480065153133e-6,0.0,false,false,false,false,false,false,false
F930,0.0,0.008918738132841702,0.5,2.8465480065153133e-6,0.0,false,false,false,false,false,false,false
F931,0.0,0.008918738132841702,0.5,2.8465480065153133e-6,0.0,false,false,false,false,false,false,false
F932,0.0,0.008918738132841702,0.5,2.8465480065153133e-6,0.0,false,false,false,false,false,false,false
F933,0.0,0.008918738132841702,0.5,2.8465480065153133e-6,0.0,false,false,false,false,false,false,false
F934,-0.039104258104644,0.010876953788336655,0.5881037658816998,0.0014582459266438894,0.5,false,false,false,false,false,false,false
F935,-0.0347766302384408,0.010218270857910852,0.5637417946819667,0.0013912332252234577,0.5,false,false,false,false,false,false,false
F936,-0.02267826833575989,0.009724810829964231,0.5404158610140335,0.0004913878752459384,0.5,false,false,false,false,false,false,false
F937,-0.018696157978322667,0.010986467770402788,0.5925047875317997,0.0018599592361800078,0.0,false,false,false,false,false,false,false
F938,-0.012703771851286112,0.010231427900438277,0.5641686408785243,0.0013855272282992997,0.0,false,false,false,false,false,false,false
F939,-0.014523467657832145,0.009766348630650967,0.5423694925522494,0.00089237401782638,0.0,false,false,false,false,false,false,false
F940,-0.014021672596397422,0.009249782412242951,0.517441020420754,0.0000227900363237928,0.5,false,false,false,false,false,false,false
F941,-0.00830682208449688,0.009050918726165643,0.5069707107162688,0.0000227900363237928,0.5,false,false,false,false,false,false,false
F942,-0.011874839066521727,0.009182275188326792,0.5138858967240422,0.0000227900363237928,0.5,false,false,false,false,false,false,false
F943,-0.005209331947012882,0.00925936124169561,0.5177116397526065,0.0000227900363237928,0.0,false,false,false,false,false,false,false
F944,-0.003599294083232085,0.009053399180187948,0.5070887662718243,0.0000227900363237928,0.0,false,false,false,false,false,false,false
F945,-0.006399383062420882,0.009190583998565477,0.5141009874915171,0.0000227900363237928,0.0,false,false,false,false,false,false,false
F946,0.010077875959249142,0.009019493695824898,0.5056106175581467,0.00016759135208644466,0.5,false,false,false,false,false,false,false
F947,0.011397810014020055,0.009203041345298082,0.5152253958403646,0.000133187424527915,0.5,false,false,false,false,false,false,false
F948,0.019391093010060447,0.009289765743777675,0.5201648158430501,0.0005509919506745333,0.5,false,false,false,false,false,false,false
F949,-0.004649054631870919,0.03392542186166091,0.8080105558186629,0.009002336727558027,0.0,false,false,false,false,false,false,false
F950,-0.004161987980272936,0.02137427860341507,0.7633454611045788,0.0069337550989568425,0.0,false,false,false,false,false,false,false
F951,-0.0049648029800496265,0.017470368662623643,0.7227876914785905,0.006520456701969652,0.0,false,false,false,false,false,false,false
F952,0.02146956333883106,0.009375215922930035,0.5244974705410576,0.0006673764786071625,0.5,false,false,false,false,false,false,false
F953,0.024259810084572835,0.009794126546603549,0.5443048732911635,0.0005640842857593069,0.5,false,false,false,false,false,false,false
F954,0.027676643993484254,0.009675471609568859,0.539440465173669,0.001077027120157938,0.5,false,false,false,false,false,false,false
F955,-0.004242484230462442,0.021600154915392675,0.7591841342681808,0.007862705333089175,0.0,false,false,false,false,false,false,false
F956,-0.0038393974998919686,0.014553248578266379,0.6859637432499374,0.005363481266519957,0.0,false,false,false,false,false,false,false
F957,-0.004445898831101037,0.01556989180012549,0.697681358032756,0.006349831462357002,0.0,false,false,false,false,false,false,false
F958,0.02146956333883106,0.009375215922930035,0.5244974705410576,0.0006673764786071625,0.5,false,false,false,false,false,false,false
F959,0.024259810084572835,0.009794126546603549,0.5443048732911635,0.0005640842857593069,0.5,false,false,false,false,false,false,false
F960,0.027676643993484254,0.009675471609568859,0.539440465173669,0.001077027120157938,0.5,false,false,false,false,false,false,false
F961,-0.004242484230462442,0.021600154915392675,0.7591841342681808,0.007862705333089175,0.0,false,false,false,false,false,false,false
F962,-0.0038393974998919686,0.014553248578266379,0.6859637432499374,0.005363481266519957,0.0,false,false,false,false,false,false,false
F963,-0.004445898831101037,0.01556989180012549,0.697681358032756,0.006349831462357002,0.0,false,false,false,false,false,false,false
F964,0.03312422769040263,0.011636545449920132,0.5542978202015583,0.0006537575364303687,0.5,false,false,false,false,false,false,false
F965,0.0,0.008918738132841702,0.5,0.0000227900363237928,0.0,false,false,false,false,false,false,false
F966,0.03312422769040263,0.011636545449920132,0.5542978202015583,0.0006537575364303687,0.5,false,false,false,false,false,false,false
F967,0.02414854236557926,0.012546841694140078,0.5534597371013925,0.0007081548886180343,0.0,false,false,false,false,false,false,false
F968,0.0,0.008918738132841702,0.5,0.0000227900363237928,0.0,false,false,false,false,false,false,false
F969,0.02414854236557926,0.012546841694140078,0.5534597371013925,0.0007081548886180343,0.0,false,false,false,false,false,false,false
F970,-0.018788244111146775,0.009501054074334346,0.528966700598433,0.0000227900363237928,0.5,false,false,false,false,false,false,false
F971,-0.00263932188495082,0.0089257467453285,0.5003888888888889,0.0000227900363237928,0.5,false,false,false,false,false,false,false
F972,-0.01868428569889833,0.009496123012682493,0.5287444783762107,0.0000227900363237928,0.5,false,false,false,false,false,false,false
F973,-0.0041444010565656626,0.009512928884230934,0.5287965617095441,0.0000227900363237928,0.0,false,false,false,false,false,false,false
F974,-0.0014759329895551482,0.0089257467453285,0.5003888888888889,0.0000227900363237928,0.5,false,false,false,false,false,false,false
F975,-0.0041910830582361685,0.00950793247911751,0.5285708672650996,0.0000227900363237928,0.0,false,false,false,false,false,false,false
F976,-0.032609040416952215,0.010072272016413903,0.5577776199134105,0.001221074260318414,0.5,false,false,false,false,false,false,false
F977,-0.006320709051589974,0.00895811746560322,0.5022218212104386,0.0000227900363237928,0.5,false,false,false,false,false,false,false
F978,-0.03194748018437169,0.010029851056773672,0.5558891011892448,0.0011711347081596016,0.5,false,false,false,false,false,false,false
F979,-0.002871341961106668,0.01007707697766284,0.5575292539003386,0.0008840154747014209,0.0,false,false,false,false,false,false,false
F980,-0.002144298547251423,0.00895811746560322,0.5022218212104386,0.0000227900363237928,0.0,false,false,false,false,false,false,false
F981,-0.0023972391475004925,0.010034195986240984,0.5556145913853233,0.0009498548723725758,0.0,false,false,false,false,false,false,false
F982,0.030435978660919225,0.010920484279938822,0.5364127218720174,0.0000227900363237928,0.5,false,false,false,false,false,false,false
F983,-0.006780459336648935,0.008964242321931281,0.5025554013202542,0.0000227900363237928,0.5,false,false,false,false,false,false,false
F984,0.0333589178713571,0.011183241583601518,0.5384125984837762,0.0000227900363237928,0.5,false,false,false,false,false,false,false
F985,-0.0038922982887276882,0.010544964424786257,0.5339826944589607,0.0000227900363237928,0.0,false,false,false,false,false,false,false
F986,-0.0035074732936804143,0.008964242321931281,0.5025554013202542,0.0000227900363237928,0.0,false,false,false,false,false,false,false
F987,-0.0036525890726456568,0.010825889999480162,0.5362376618563397,0.0000227900363237928,0.0,false,false,false,false,false,false,false
F988,-0.022599186621402142,0.010348454924334179,0.5568392931668318,0.0003730612222351645,0.5,false,false,false,false,false,false,false
F989,-0.02348977308088715,0.010365101662852209,0.5621093972847329,0.0004123336994389329,0.5,false,false,false,false,false,false,false
F990,-0.029498843516784223,0.01063740692750606,0.5751861093873047,0.0007097649707133891,0.5,false,false,false,false,false,false,false
F991,-0.0038885264402548406,0.013354926045911642,0.6622463477987901,0.0037956338139308234,0.0,false,false,false,false,false,false,false
F992,-0.0031670979121389037,0.012108048343232687,0.6272566453867314,0.0025183516646413964,0.0,false,false,false,false,false,false,false
F993,-0.005168862178238026,0.011162014447470298,0.6000276997528605,0.0026960969487251803,0.0,false,false,false,false,false,false,false
F994,0.054611369599131515,0.011986626944481932,0.6280132488123882,0.0033382111629817403,0.5,false,false,false,false,false,false,false
F995,0.04860789037635411,0.012044364492923598,0.6247488786186324,0.0020291939078976406,0.5,false,false,false,false,false,false,false
F996,0.06657402772104964,0.013524138655085616,0.6694801036461224,0.00451623632157677,0.5,false,false,false,false,false,false,false
F997,-0.020892960954952407,0.008905487134940581,0.5065279368896365,0.005394060167679427,0.0,false,false,false,false,false,false,false
F998,-0.01163907358962395,0.009868871464764749,0.5469436658963974,0.002660111149955466,0.0,false,false,false,false,false,false,false
F999,-0.018143692488843764,0.009723516162035626,0.5510734296124521,0.005077669194683396,0.0,false,false,false,false,false,false,false
F1000,-0.035167643377610316,0.011337314336117146,0.5939971793085178,0.0009376846890428103,0.5,false,false,false,false,false,false,false
F1001,-0.025758191667287024,0.010564779804797694,0.5686109432668125,0.0005170875246248703,0.5,false,false,false,false,false,false,false
F1002,-0.03419686649842649,0.010074804416444946,0.5578269171447962,0.0015996780521042174,0.5,false,false,false,false,false,false,false
F1003,-0.003576011760949431,0.012411528825780373,0.6343934045809699,0.0029396810907019524,0.0,false,false,false,false,false,false,false
F1004,-0.0031557893909980594,0.011350115645028441,0.6017824978316331,0.0018272807752517503,0.0,false,false,false,false,false,false,false
F1005,-0.0032143385941589614,0.010074804416444946,0.5578269171447962,0.0013855272282992997,0.0,false,false,false,false,false,false,false
F1006,-0.025598720474085988,0.009877071677614353,0.5473249737799988,0.0006298937842194976,0.5,false,false,false,false,false,false,false
F1007,-0.01987165925993252,0.009402237669551958,0.5255796625331606,0.0000227900363237928,0.5,false,false,false,false,false,false,false
F1008,-0.023120203358149603,0.00967986279902404,0.5387990159787772,0.0005284727309595868,0.5,false,false,false,false,false,false,false
F1009,-0.015459796007271489,0.00991805056473293,0.5487831316706767,0.0006453348084852727,0.0,false,false,false,false,false,false,false
F1010,-0.007210160810193674,0.00940798036611808,0.5257775791998273,0.0000227900363237928,0.0,false,false,false,false,false,false,false
F1011,-0.015448001815211209,0.009706393682244394,0.539503738278117,0.0005921856637696068,0.0,false,false,false,false,false,false,false
F1012,0.014597195946364822,0.010096944460745716,0.5125015115059535,0.0000227900363237928,0.5,false,false,false,false,false,false,false
F1013,-0.0014103877204538866,0.008920646371015542,0.5001111111111112,0.0000227900363237928,0.5,false,false,false,false,false,false,false
F1014,0.014597195946364822,0.010096944460745716,0.5125015115059535,0.0000227900363237928,0.5,false,false,false,false,false,false,false
F1015,0.025039118831715987,0.01445202998823043,0.5128313244185329,0.0000227900363237928,0.0,false,false,false,false,false,false,false
F1016,-0.0010739613356072451,0.008920646371015542,0.5001111111111112,0.0000227900363237928,0.5,false,false,false,false,false,false,false
F1017,0.025039118831715987,0.01445202998823043,0.5128313244185329,0.0000227900363237928,0.0,false,false,false,false,false,false,false
F1018,0.0,0.008918738132841702,0.5,0.0000227900363237928,0.0,false,false,false,false,false,false,false
F1019,0.0,0.008918738132841702,0.5,0.0000227900363237928,0.0,false,false,false,false,false,false,false
F1020,0.0,0.008918738132841702,0.5,0.0000227900363237928,0.0,false,false,false,false,false,false,false
F1021,0.0,0.008918738132841702,0.5,0.0000227900363237928,0.0,false,false,false,false,false,false,false
F1022,0.0,0.008918738132841702,0.5,0.0000227900363237928,0.0,false,false,false,false,false,false,false
F1023,0.0,0.008918738132841702,0.5,0.0000227900363237928,0.0,false,false,false,false,false,false,false
F1024,0.01744221253135449,0.01018966840000216,0.5085004935529644,0.0000227900363237928,0.5,false,false,false,false,false,false,false
F1025,0.017677481356008395,0.01018966840000216,0.5085560182614597,0.0000227900363237928,0.5,false,false,false,false,false,false,false
F1026,-0.0009972397117356353,0.008946961141739925,0.5,0.0000227900363237928,0.5,false,false,false,false,false,false,false
F1027,-0.00029638153142910696,0.01258732921871561,0.5085421602196311,0.0000227900363237928,0.0,false,false,false,false,false,false,false
F1028,-0.0002892956836762806,0.01258732921871561,0.5085976849281263,0.0000227900363237928,0.0,false,false,false,false,false,false,false
F1029,-0.0009972397117356355,0.008946961141739925,0.5,0.0000227900363237928,0.5,false,false,false,false,false,false,false
F1030,-0.027037585053143784,0.00982542057366673,0.5457161761984082,0.0007674186616820325,0.5,false,false,false,false,false,false,false
F1031,-0.01710542661658001,0.009207486633039188,0.5158318526744401,0.0000227900363237928,0.5,false,false,false,false,false,false,false
F1032,-0.02230377856284602,0.009581209842767035,0.5341617002899623,0.0000227900363237928,0.5,false,false,false,false,false,false,false
F1033,-0.0023711425722606045,0.009838230740835622,0.5457056554229132,0.0005909904523895809,0.0,false,false,false,false,false,false,false
F1034,-0.006838808538424916,0.009207486633039188,0.5158318526744401,0.0000227900363237928,0.0,false,false,false,false,false,false,false
F1035,-0.0022147539988133015,0.009591587468424803,0.5341616135326053,0.0000227900363237928,0.0,false,false,false,false,false,false,false
F1036,-0.0009761849628242805,0.008705608828065195,0.4833800747950486,0.000023481954895486556,0.5,false,false,false,false,false,false,false
F1037,-0.0046118641570852765,0.009004272002619306,0.5045878642221279,0.0000227900363237928,0.5,false,false,false,false,false,false,false
F1038,0.008112011072580977,0.009376196631829592,0.512185567749217,0.0000227900363237928,0.5,false,false,false,false,false,false,false
F1039,-0.004163725263448236,0.009121105701219257,0.48385480776384215,0.00003100059689058694,0.0,false,false,false,false,false,false,false
F1040,-0.003539441502313334,0.0090099393703119,0.5047815937405871,0.0000227900363237928,0.0,false,false,false,false,false,false,false
F1041,-0.0036982038288633683,0.010325700664680812,0.512428311205104,0.0000227900363237928,0.0,false,false,false,false,false,false,false
F1042,-0.041872793485312386,0.011248685568615682,0.6002121624515067,0.0015886246754993583,0.5,false,false,false,false,false,false,false
F1043,-0.036822784313366844,0.010471468624962696,0.5733789561354803,0.0014429624358827991,0.5,false,false,false,false,false,false,false
F1044,-0.025880499126130205,0.009942029958035125,0.5506084854819219,0.0006191263214330516,0.5,false,false,false,false,false,false,false
F1045,-0.019387686753882465,0.011417517070747738,0.6061354891345767,0.0022298455505454905,0.0,false,false,false,false,false,false,false
F1046,-0.012967341041519987,0.010493851089420098,0.5741944752915047,0.001409322937397853,0.0,false,false,false,false,false,false,false
F1047,-0.015916805355281078,0.010005451562168626,0.5528451474171938,0.0005841090539061563,0.0,false,false,false,false,false,false,false
F1048,-0.021426383262578893,0.00954108530408751,0.5322171633043371,0.000014239041623002663,0.5,false,false,false,false,false,false,false
F1049,-0.01591156998234105,0.009256861289505303,0.5180250323894133,0.000014239041623002663,0.5,false,false,false,false,false,false,false
F1050,-0.018228002544360918,0.009404581608034843,0.5253846628416312,0.000014239041623002663,0.5,false,false,false,false,false,false,false
F1051,-0.003978593188291399,0.009555193919417674,0.5325849296687026,0.000014239041623002663,0.0,false,false,false,false,false,false,false
F1052,-0.003082227317493816,0.009261145606887535,0.5182055879449688,0.000014239041623002663,0.0,false,false,false,false,false,false,false
F1053,-0.0031421629227361384,0.009416194436902814,0.5256621957708679,0.000014239041623002663,0.0,false,false,false,false,false,false,false
F1054,0.008248504654356599,0.008986208947134065,0.5037774384601148,0.00011148467695934563,0.5,false,false,false,false,false,false,false
F1055,0.007722909842129516,0.009073285361309798,0.5079423159972855,0.00006398282189422764,0.5,false,false,false,false,false,false,false
F1056,0.017972184328813513,0.00923783378467225,0.517442932938491,0.0004695542379456364,0.5,false,false,false,false,false,false,false
F1057,-0.004609032209617311,0.035991971131081546,0.8092741028949059,0.008554009932709734,0.0,false,false,false,false,false,false,false
F1058,-0.004441102046594737,0.025230063372590716,0.7811415140644449,0.007727216737878269,0.0,false,false,false,false,false,false,false
F1059,-0.004284632320007374,0.018883382097570123,0.7368938363264055,0.006892913648146471,0.0,false,false,false,false,false,false,false
F1060,0.01965433078852406,0.009301588515032986,0.5207200937750633,0.0005569348484386233,0.5,false,false,false,false,false,false,false
F1061,0.02510071861739072,0.009721418073821913,0.5408833672650997,0.0006494545107879523,0.5,false,false,false,false,false,false,false
F1062,0.0264994931212507,0.009613581134836301,0.5364409278795731,0.0009845184944275004,0.5,false,false,false,false,false,false,false
F1063,-0.004275897684421979,0.022300892373152807,0.7614473865962266,0.006858147321335303,0.0,false,false,false,false,false,false,false
F1064,-0.004113686173540282,0.015665650332463577,0.7004328545688125,0.005313516933903219,0.0,false,false,false,false,false,false,false
F1065,-0.0038438652246310986,0.016736770793362173,0.7128915461589967,0.007446741127601214,0.0,false,false,false,false,false,false,false
F1066,0.01965433078852406,0.009301588515032986,0.5207200937750633,0.0005569348484386233,0.5,false,false,false,false,false,false,false
F1067,0.02510071861739072,0.009721418073821913,0.5408833672650997,0.0006494545107879523,0.5,false,false,false,false,false,false,false
F1068,0.0264994931212507,0.009613581134836301,0.5364409278795731,0.0009845184944275004,0.5,false,false,false,false,false,false,false
F1069,-0.004275897684421979,0.022300892373152807,0.7614473865962266,0.006858147321335303,0.0,false,false,false,false,false,false,false
F1070,-0.004113686173540282,0.015665650332463577,0.7004328545688125,0.005313516933903219,0.0,false,false,false,false,false,false,false
F1071,-0.0038438652246310986,0.016736770793362173,0.7128915461589967,0.007446741127601214,0.0,false,false,false,false,false,false,false
F1072,0.02571698501875522,0.010769416404212806,0.5475643769075278,0.0004245369869663285,0.5,false,false,false,false,false,false,false
F1073,0.0,0.008918738132841702,0.5,0.000014239041623002663,0.0,false,false,false,false,false,false,false
F1074,0.02571698501875522,0.010769416404212806,0.5475643769075278,0.0004245369869663285,0.5,false,false,false,false,false,false,false
F1075,0.014613943908782541,0.011195832518831113,0.5451250560237051,0.00016093702242600986,0.0,false,false,false,false,false,false,false
F1076,0.0,0.008918738132841702,0.5,0.000014239041623002663,0.0,false,false,false,false,false,false,false
F1077,0.014613943908782541,0.011195832518831113,0.5451250560237051,0.00016093702242600986,0.0,false,false,false,false,false,false,false
F1078,-0.025092810379429342,0.009856375869966894,0.5464705836989616,0.0005964304478699972,0.5,false,false,false,false,false,false,false
F1079,-0.0031530182295841994,0.008928722359155516,0.5005555247084953,0.000014239041623002663,0.5,false,false,false,false,false,false,false
F1080,-0.02504908230958742,0.009854094077856387,0.5463594725878506,0.0005942661317610824,0.5,false,false,false,false,false,false,false
F1081,-0.004568567744999426,0.009881108293760104,0.5460385984048441,0.00026202408194443385,0.0,false,false,false,false,false,false,false
F1082,-0.0015152233191358755,0.008928722359155516,0.5005555247084953,0.000014239041623002663,0.5,false,false,false,false,false,false,false
F1083,-0.004331652088517934,0.009878485337942134,0.5459042029800074,0.00026036176718542654,0.0,false,false,false,false,false,false,false
F1084,-0.03829050100383612,0.010474749241421898,0.5748865408832421,0.0016799617646480207,0.5,false,false,false,false,false,false,false
F1085,-0.007206707799161207,0.00897000217131424,0.5028883953359246,0.000014239041623002663,0.5,false,false,false,false,false,false,false
F1086,-0.03751890282782445,0.010416615293520093,0.572498083853197,0.001612812254606753,0.5,false,false,false,false,false,false,false
F1087,-0.003647778101519937,0.010481636759244156,0.574683926504157,0.0008732310632578036,0.0,false,false,false,false,false,false,false
F1088,-0.0026480833535135776,0.00897000217131424,0.5028883953359246,0.000014239041623002663,0.0,false,false,false,false,false,false,false
F1089,-0.003022114825904185,0.010422890460220217,0.5722627897355499,0.001078712205127012,0.0,false,false,false,false,false,false,false
F1090,0.009378158314119539,0.009390902943773535,0.516965720750636,0.00007352359917547065,0.5,false,false,false,false,false,false,false
F1091,-0.00824850465435659,0.008986024059200338,0.503777469307175,0.000014239041623002663,0.5,false,false,false,false,false,false,false
F1092,0.011046940971178624,0.009469527474586752,0.5195765850852648,0.00009542955749904123,0.5,false,false,false,false,false,false,false
F1093,-0.005200192454855463,0.009611021619573713,0.5145655541991923,0.000016186303514865656,0.0,false,false,false,false,false,false,false
F1094,-0.0020745115781802075,0.008986024059200338,0.503777469307175,0.000014239041623002663,0.0,false,false,false,false,false,false,false
F1095,-0.004823308454751766,0.009779604490649152,0.517564652262904,0.000021617056526610988,0.0,false,false,false,false,false,false,false
F1096,-0.028843760428860065,0.010906537688773593,0.5690930837261797,0.0005669432256177156,0.5,false,false,false,false,false,false,false
F1097,-0.02874620858762632,0.010836251932352358,0.5735572004296815,0.0005827937293517809,0.5,false,false,false,false,false,false,false
F1098,-0.031229595829529666,0.010806727654710493,0.5807677152852628,0.0007795172472272762,0.5,false,false,false,false,false,false,false
F1099,-0.00388315929898718,0.014528323743645358,0.6813953569050237,0.004117127165374313,0.0,false,false,false,false,false,false,false
F1100,-0.0034796590619571776,0.013040662966142277,0.6465867172104821,0.0025000500644659376,0.0,false,false,false,false,false,false,false
F1101,-0.003329988383565984,0.011430096470873324,0.6093996465743432,0.003211047578447276,0.0,false,false,false,false,false,false,false
F1102,0.05240705599752135,0.011756608449635645,0.6207363964464186,0.003086280543732397,0.5,false,false,false,false,false,false,false
F1103,0.04973510119594523,0.011958951244577933,0.6224823863285829,0.0022860746004761436,0.5,false,false,false,false,false,false,false
F1104,0.0653706084756289,0.013374213940374927,0.6658139613794806,0.0043664937965709055,0.5,false,false,false,false,false,false,false
F1105,-0.011557905790628965,0.009282880584860948,0.5265667388623967,0.005478220025335848,0.0,false,false,false,false,false,false,false
F1106,-0.0053077011788475415,0.009553999577568141,0.5371780265502463,0.003000017844358079,0.0,false,false,false,false,false,false,false
F1107,-0.019906085187618234,0.009290486703258504,0.5311427380803331,0.0057380676004067195,0.0,false,false,false,false,false,false,false
F1108,-0.04166297219846144,0.012149689382396613,0.6112219582076769,0.001258746173737966,0.5,false,false,false,false,false,false,false
F1109,-0.03226101481963451,0.011256681222455923,0.5871134999437494,0.0007736175056465989,0.5,false,false,false,false,false,false,false
F1110,-0.037855197767062566,0.010336898828540194,0.5691585847368745,0.0019227808015133204,0.5,false,false,false,false,false,false,false
F1111,-0.003658660802582426,0.013515851508109314,0.6556524243974844,0.0026540714346623417,0.0,false,false,false,false,false,false,false
F1112,-0.0034700534216029638,0.01227457766465964,0.6239864263862125,0.0020888479009541472,0.0,false,false,false,false,false,false,false
F1113,-0.0024261427436264352,0.010336898828540194,0.5691585847368745,0.0013776050945867792,0.0,false,false,false,false,false,false,false
F1114,-0.026241360510295936,0.009974491899328548,0.5511849743969399,0.0006371619493763309,0.5,false,false,false,false,false,false,false
F1115,-0.01882453547895677,0.009426837796862455,0.5266066382873713,0.000014239041623002663,0.5,false,false,false,false,false,false,false
F1116,-0.026121007031151073,0.009841115706140345,0.5462981522610895,0.0006719096420148233,0.5,false,false,false,false,false,false,false
F1117,-0.017209500508687022,0.010035690479974024,0.5537918941637362,0.0008690615985104294,0.0,false,false,false,false,false,false,false
F1118,-0.008517191371921692,0.009442283756026881,0.5272557182737986,0.000014239041623002663,0.0,false,false,false,false,false,false,false
F1119,-0.016711241882015632,0.009871332473520117,0.5470965956413104,0.0005829144076515914,0.0,false,false,false,false,false,false,false
F1120,0.007947583979719808,0.008946481846322473,0.4896687642667654,0.000014239041623002663,0.5,false,false,false,false,false,false,false
F1121,-0.0019934839827561992,0.008922589165433894,0.5002222222222222,0.000014239041623002663,0.5,false,false,false,false,false,false,false
F1122,0.007947583979719808,0.008946481846322473,0.4896687642667654,0.000014239041623002663,0.5,false,false,false,false,false,false,false
F1123,0.020442071890535624,0.012922681069175629,0.5084812064285273,0.000014239041623002663,0.0,false,false,false,false,false,false,false
F1124,-0.0014747902146888564,0.008922589165433894,0.5002222222222222,0.000014239041623002663,0.5,false,false,false,false,false,false,false
F1125,0.020442071890535624,0.012922681069175629,0.5084812064285273,0.000014239041623002663,0.0,false,false,false,false,false,false,false
F1126,0.0,0.008918738132841702,0.5,0.000014239041623002663,0.0,false,false,false,false,false,false,false
F1127,0.0,0.008918738132841702,0.5,0.000014239041623002663,0.0,false,false,false,false,false,false,false
F1128,0.0,0.008918738132841702,0.5,0.000014239041623002663,0.0,false,false,false,false,false,false,false
F1129,0.0,0.008918738132841702,0.5,0.000014239041623002663,0.0,false,false,false,false,false,false,false
F1130,0.0,0.008918738132841702,0.5,0.000014239041623002663,0.0,false,false,false,false,false,false,false
F1131,0.0,0.008918738132841702,0.5,0.000014239041623002663,0.0,false,false,false,false,false,false,false
F1132,0.006590658871338963,0.008769535178137125,0.4866676229255352,0.000014239041623002663,0.5,false,false,false,false,false,false,false
F1133,0.006696843666878534,0.00945601608740248,0.5046120365229194,0.000014239041623002663,0.5,false,false,false,false,false,false,false
F1134,-0.0009965771543562654,0.008946961141739925,0.5,0.000014239041623002663,0.5,false,false,false,false,false,false,false
F1135,-0.0019736973402708275,0.010395272909012241,0.5046224840366463,0.000014239041623002663,0.0,false,false,false,false,false,false,false
F1136,-0.0019682678344114836,0.010395272909012241,0.5046780087451416,0.000014239041623002663,0.0,false,false,false,false,false,false,false
F1137,-0.0009965771543562654,0.008946961141739925,0.5,0.000014239041623002663,0.5,false,false,false,false,false,false,false
F1138,-0.03403963705988039,0.010263837092958092,0.5651028749460176,0.001227760487488017,0.5,false,false,false,false,false,false,false
F1139,-0.01957175781909532,0.009297455856298773,0.5205537047319391,0.000014239041623002663,0.5,false,false,false,false,false,false,false
F1140,-0.029078185608648784,0.009943292765340611,0.5511597260781047,0.0008846284285740016,0.5,false,false,false,false,false,false,false
F1141,-0.0029404836788154355,0.010280874053149246,0.5650611118822876,0.0005960870387732024,0.0,false,false,false,false,false,false,false
F1142,-0.007805783990534798,0.009297455856298773,0.5205537047319391,0.000014239041623002663,0.0,false,false,false,false,false,false,false
F1143,-0.0027335190958695747,0.009957186463393951,0.5511110417052254,0.0005829144076515914,0.0,false,false,false,false,false,false,false
F1144,0.0012799293466202418,0.008657684612518987,0.47658141627926387,0.00001541083823965903,0.5,false,false,false,false,false,false,false
F1145,-0.007441270880039902,0.009088477297278819,0.5091142847292536,0.000014239041623002663,0.5,false,false,false,false,false,false,false
F1146,0.009218047957954103,0.008766851598356678,0.4822782359473495,0.00007181840770681098,0.5,false,false,false,false,false,false,false
F1147,-0.0048867061052576535,0.008727616407463275,0.47852256711957414,0.000014365634689526203,0.0,false,false,false,false,false,false,false
F1148,-0.003934249710054167,0.009103204703876249,0.5096766131424807,0.000014239041623002663,0.0,false,false,false,false,false,false,false
F1149,-0.004719172964872869,0.009877015047373674,0.5151654634044992,0.00015715534057509492,0.0,false,false,false,false,false,false,false
F1150,-0.03651429235523643,0.011069566921811377,0.5930273350317362,0.0010815224686644331,0.5,false,false,false,false,false,false,false
F1151,-0.02749040481763168,0.010190096999065552,0.5605007330713148,0.0006516890727598639,0.5,false,false,false,false,false,false,false
F1152,-0.02856786249477295,0.010190813916524025,0.561918016679187,0.0007178769961540008,0.5,false,false,false,false,false,false,false
F1153,-0.014553854911662065,0.011497232146454834,0.6079299218299201,0.0018942034011383976,0.0,false,false,false,false,false,false,false
F1154,-0.00870101286043724,0.010310388919353658,0.5648865768336762,0.0009018753907735853,0.0,false,false,false,false,false,false,false
F1155,-0.016048126148806244,0.010282995625355545,0.5637209128098769,0.0007414773421242999,0.0,false,false,false,false,false,false,false
F1156,-0.027582402214928685,0.009924265248821737,0.5501868252205565,0.0007424127918296803,0.5,false,false,false,false,false,false,false
F1157,-0.026839539429220485,0.009736089610937863,0.5418558054167437,2.8465480065153133e-6,0.5,false,false,false,false,false,false,false
F1158,-0.021866997904698163,0.009619162473921087,0.535966145351348,0.00045207745077443894,0.5,false,false,false,false,false,false,false
F1159,-0.006380827978691964,0.009956205265048246,0.5509328999321366,0.0005813221554526663,0.0,false,false,false,false,false,false,false
F1160,-0.005252279200362023,0.009744370714632928,0.5421578887500771,2.8465480065153133e-6,0.0,false,false,false,false,false,false,false
F1161,-0.004310657012505718,0.0096430743385665,0.536434527114566,0.000570563378032559,0.0,false,false,false,false,false,false,false
F1162,0.006310898043861558,0.0089581098853091,0.5022220371398606,0.000059910154921993264,0.5,false,false,false,false,false,false,false
F1163,0.007435387883769502,0.009033478198496562,0.5060263896600654,0.00005135873523348932,0.5,false,false,false,false,false,false,false
F1164,0.017016541816761873,0.009205189036208383,0.5157207724103893,0.0004121182410461477,0.5,false,false,false,false,false,false,false
F1165,-0.004934815471555908,0.041046259712014754,0.807775721911937,0.009156181742871637,0.0,false,false,false,false,false,false,false
F1166,-0.005071885084005947,0.02967097720402397,0.7919219200798031,0.007999127067053585,0.0,false,false,false,false,false,false,false
F1167,-0.00435807248491075,0.020536152158226052,0.7498581927750742,0.0065911240644526,0.0,false,false,false,false,false,false,false
F1168,0.01830842192769629,0.009251465418940109,0.5181092602874946,0.0004754596319397888,0.5,false,false,false,false,false,false,false
F1169,0.024490959595004958,0.009616383960798666,0.5360234900363995,0.000658279362517881,0.5,false,false,false,false,false,false,false
F1170,0.02561685411993725,0.009569397939828674,0.534274446295268,0.0009125151222716649,0.5,false,false,false,false,false,false,false
F1171,-0.004650606151011412,0.02373290013075307,0.7716080823153803,0.00681670810404203,0.0,false,false,false,false,false,false,false
F1172,-0.0047387925152105916,0.017295188302941737,0.7240163495089874,0.00819885408479645,0.0,false,false,false,false,false,false,false
F1173,-0.003956109358368351,0.018209332212989628,0.7307973391235081,0.007830626469238336,0.0,false,false,false,false,false,false,false
F1174,0.01830842192769629,0.009251465418940109,0.5181092602874946,0.0004754596319397888,0.5,false,false,false,false,false,false,false
F1175,0.024490959595004958,0.009616383960798666,0.5360234900363995,0.000658279362517881,0.5,false,false,false,false,false,false,false
F1176,0.02561685411993725,0.009569397939828674,0.534274446295268,0.0009125151222716649,0.5,false,false,false,false,false,false,false
F1177,-0.004650606151011412,0.02373290013075307,0.7716080823153803,0.00681670810404203,0.0,false,false,false,false,false,false,false
F1178,-0.0047387925152105916,0.017295188302941737,0.7240163495089874,0.00819885408479645,0.0,false,false,false,false,false,false,false
F1179,-0.003956109358368351,0.018209332212989628,0.7307973391235081,0.007830626469238336,0.0,false,false,false,false,false,false,false
F1180,0.022128396480028317,0.010622299255836945,0.5463109256658429,0.0003220338117236673,0.5,false,false,false,false,false,false,false
F1181,0.0,0.008918738132841702,0.5,2.8465480065153133e-6,0.0,false,false,false,false,false,false,false
F1182,0.022128396480028317,0.010622299255836945,0.5463109256658429,0.0003220338117236673,0.5,false,false,false,false,false,false,false
F1183,0.014087143177643353,0.01150465117599472,0.5442006258777804,0.00014393374492270534,0.0,false,false,false,false,false,false,false
F1184,0.0,0.008918738132841702,0.5,2.8465480065153133e-6,0.0,false,false,false,false,false,false,false
F1185,0.014087143177643353,0.01150465117599472,0.5442006258777804,0.00014393374492270534,0.0,false,false,false,false,false,false,false
F1186,-0.0338888686643049,0.010560721945620084,0.5752228319052959,0.001045486400254476,0.5,false,false,false,false,false,false,false
F1187,-0.004675634621407825,0.008940469055515576,0.5012221605281016,2.8465480065153133e-6,0.5,false,false,false,false,false,false,false
F1188,-0.033793154040018224,0.010554855726895185,0.5749450541275182,0.0010393675412130976,0.5,false,false,false,false,false,false,false
F1189,-0.007058990209130875,0.010614291109395668,0.5757165002059496,0.0010340179517096674,0.0,false,false,false,false,false,false,false
F1190,-0.0016489722660094287,0.008940469055515576,0.5012221605281016,2.8465480065153133e-6,0.5,false,false,false,false,false,false,false
F1191,-0.006882281119747562,0.01060734419555421,0.5753843923628122,0.0010291315715163405,0.0,false,false,false,false,false,false,false
F1192,-0.03076089917208246,0.010303165484149699,0.5659116658138362,0.0008545552279446254,0.5,false,false,false,false,false,false,false
F1193,-0.008362420615754044,0.008988240555821096,0.5038883953359246,2.8465480065153133e-6,0.5,false,false,false,false,false,false,false
F1194,-0.029707831952891534,0.010233803522930388,0.5629676223811753,0.000794534920295382,0.5,false,false,false,false,false,false,false
F1195,-0.004464702497217808,0.010343649704697477,0.5649851680076066,0.0015474682955920306,0.0,false,false,false,false,false,false,false
F1196,-0.0031752305678649203,0.008988240555821096,0.5038883953359246,2.8465480065153133e-6,0.0,false,false,false,false,false,false,false
F1197,-0.00393869326766314,0.010269193474004058,0.5617872824148168,0.0003210838499861968,0.0,false,false,false,false,false,false,false
F1198,-0.027879747382575995,0.010506880639033569,0.5714429220512932,0.0006033911719271487,0.5,false,false,false,false,false,false,false
F1199,-0.010839559064977385,0.009035364648291697,0.506499444752915,2.8465480065153133e-6,0.5,false,false,false,false,false,false,false
F1200,-0.02708102726223165,0.010449448782744567,0.5692209157584929,0.0005691911768444486,0.5,false,false,false,false,false,false,false
F1201,-0.007364871859537722,0.010844889925175696,0.5789046259930032,0.0010265947517406654,0.0,false,false,false,false,false,false,false
F1202,-0.0027021344760799607,0.009035364648291697,0.506499444752915,2.8465480065153133e-6,0.0,false,false,false,false,false,false,false
F1203,-0.007119882613077211,0.010771421221250528,0.5759676001531465,0.0009974450246736453,0.0,false,false,false,false,false,false,false
F1204,-0.03265966701770004,0.011357729881224356,0.5735415038123338,0.0006878810132889012,0.5,false,false,false,false,false,false,false
F1205,-0.037323499827348894,0.011707074575352954,0.5904980666151339,0.000923411763411138,0.5,false,false,false,false,false,false,false
F1206,-0.033677968902373914,0.011084150568594351,0.5887172767126471,0.0008870772505946026,0.5,false,false,false,false,false,false,false
F1207,-0.00407012548213603,0.015955999597120886,0.7039256221806695,0.004794356667290319,0.0,false,false,false,false,false,false,false
F1208,-0.003978459748029603,0.01456238691411553,0.6750128231910014,0.0033171869234137723,0.0,false,false,false,false,false,false,false
F1209,-0.0033958976359894817,0.011823405431806034,0.6222591054397884,0.0033936096075859673,0.0,false,false,false,false,false,false,false
F1210,0.049691782814192814,0.011482196888202928,0.6117926614843605,0.0027833883569497067,0.5,false,false,false,false,false,false,false
F1211,0.0477638169107683,0.011615654841927978,0.6129290517613672,0.0022244120817219164,0.5,false,false,false,false,false,false,false
F1212,0.06446607272497792,0.013266677792267988,0.6631475414892962,0.004251115108521872,0.5,false,false,false,false,false,false,false
F1213,-0.010183163636145404,0.00977695746942522,0.5469726167697321,0.003949495219156439,0.0,false,false,false,false,false,false,false
F1214,-0.005615902553416867,0.00844817575141056,0.4803842283743963,0.004079581663348358,0.0,false,false,false,false,false,false,false
F1215,-0.02047213656290021,0.008706872792801554,0.4966664467679539,0.003593356055633214,0.0,false,false,false,false,false,false,false
F1216,-0.04992095436642393,0.013207799083830855,0.6286898618414606,0.001711481470430958,0.5,false,false,false,false,false,false,false
F1217,-0.04050739275382593,0.012168680747848368,0.606803471564454,0.0011597487723693273,0.5,false,false,false,false,false,false,false
F1218,-0.0395092422284628,0.010574730862468502,0.5784622277746931,0.0017784974059432714,0.5,false,false,false,false,false,false,false
F1219,-0.003898493380377625,0.015084141005702828,0.6836515045426833,0.0035228024989222865,0.0,false,false,false,false,false,false,false
F1220,-0.003968569762012965,0.013597681737714412,0.6528040780720951,0.0024417757386170766,0.0,false,false,false,false,false,false,false
F1221,-0.002794612173081364,0.010597638039367528,0.5795102566475414,0.0013649398174043251,0.0,false,false,false,false,false,false,false
F1222,-0.031036858274606977,0.010282787478878064,0.5643504380282559,0.0008917669015496622,0.5,false,false,false,false,false,false,false
F1223,-0.023185248919319338,0.009624552049273224,0.5363277808624838,2.8465480065153133e-6,0.5,false,false,false,false,false,false,false
F1224,-0.029588747006981275,0.010049853146142245,0.5555750971682398,0.0008617036179137835,0.5,false,false,false,false,false,false,false
F1225,-0.019314790275644787,0.010356422031930037,0.5672766962027269,0.0009645214648167193,0.0,false,false,false,false,false,false,false
F1226,-0.01043722268724762,0.009643547210325005,0.5370879025541365,2.8465480065153133e-6,0.0,false,false,false,false,false,false,false
F1227,-0.01839135921479375,0.010085210512637019,0.5565540710407799,0.0008704496961774087,0.0,false,false,false,false,false,false,false
F1228,0.005052277325860981,0.008887494611058451,0.49044086981451845,2.8465480065153133e-6,0.5,false,false,false,false,false,false,false
F1229,-0.002635232561530797,0.008925506034858015,0.500388888888889,2.8465480065153133e-6,0.5,false,false,false,false,false,false,false
F1230,0.005052277325860981,0.008887494611058451,0.49044086981451845,2.8465480065153133e-6,0.5,false,false,false,false,false,false,false
F1231,0.012891521823054784,0.012211882516892246,0.5066003029589589,2.8465480065153133e-6,0.0,false,false,false,false,false,false,false
F1232,-0.0017327703701838163,0.008925506034858015,0.500388888888889,2.8465480065153133e-6,0.5,false,false,false,false,false,false,false
F1233,0.012891521823054784,0.012211882516892246,0.5066003029589589,2.8465480065153133e-6,0.0,false,false,false,false,false,false,false
F1234,0.0,0.008918738132841702,0.5,2.8465480065153133e-6,0.0,false,false,false,false,false,false,false
F1235,0.0,0.008918738132841702,0.5,2.8465480065153133e-6,0.0,false,false,false,false,false,false,false
F1236,0.0,0.008918738132841702,0.5,2.8465480065153133e-6,0.0,false,false,false,false,false,false,false
F1237,0.0,0.008918738132841702,0.5,2.8465480065153133e-6,0.0,false,false,false,false,false,false,false
F1238,0.0,0.008918738132841702,0.5,2.8465480065153133e-6,0.0,false,false,false,false,false,false,false
F1239,0.0,0.008918738132841702,0.5,2.8465480065153133e-6,0.0,false,false,false,false,false,false,false
F1240,0.0014532726269723393,0.008730661038857715,0.4782518199765563,2.8465480065153133e-6,0.5,false,false,false,false,false,false,false
F1241,0.0015130710591136928,0.008730661038857715,0.47830734468505154,2.8465480065153133e-6,0.5,false,false,false,false,false,false,false
F1242,-0.0009956951128212706,0.008946961141739925,0.5,2.8465480065153133e-6,0.5,false,false,false,false,false,false,false
F1243,-0.0026640893016817275,0.011233324511105695,0.5018837644210007,2.8465480065153133e-6,0.0,false,false,false,false,false,false,false
F1244,-0.0026597442359908388,0.011233324511105695,0.5019392891294959,2.8465480065153133e-6,0.0,false,false,false,false,false,false,false
F1245,-0.0009956951128212703,0.008946961141739925,0.5,2.8465480065153133e-6,0.5,false,false,false,false,false,false,false
F1246,-0.04107667509868455,0.010879177144920208,0.5898280548569603,0.0017055196260355975,0.5,false,false,false,false,false,false,false
F1247,-0.02166437889399908,0.009383667692000896,0.5249977173175397,2.8465480065153133e-6,0.5,false,false,false,false,false,false,false
F1248,-0.03596974849439391,0.010476963085529908,0.5742184244047425,0.001298096822932788,0.5,false,false,false,false,false,false,false
F1249,-0.0034654405541358164,0.010931678324642102,0.5908610312716611,0.0018359038112406361,0.0,false,false,false,false,false,false,false
F1250,-0.002702825944658112,0.009383667692000896,0.5249977173175397,2.8465480065153133e-6,0.0,false,false,false,false,false,false,false
F1251,-0.0031349519851971244,0.010520511462961341,0.5750635096741824,0.0008565534548230239,0.0,false,false,false,false,false,false,false
F1252,0.0001451221890410903,0.008547912678740421,0.4708785832489575,2.8617286650170836e-6,0.5,false,false,false,false,false,false,false
F1253,-0.011261383483369846,0.009237696365261488,0.516841562240295,2.8465480065153133e-6,0.5,false,false,false,false,false,false,false
F1254,0.006390758167337404,0.008799668782599461,0.4830172271758972,0.00003146931496012222,0.5,false,false,false,false,false,false,false
F1255,-0.0035760901244688073,0.008747064082234315,0.4795589933016515,0.0001844304504480277,0.0,false,false,false,false,false,false,false
F1256,-0.0029766511506265337,0.00925629963701748,0.5175004191571132,2.8465480065153133e-6,0.0,false,false,false,false,false,false,false
F1257,-0.005669459920480074,0.00870480721289869,0.4692963546259704,0.0001516139410735821,0.0,false,false,false,false,false,false,false
F1258,-0.03725684301917286,0.010726531605720055,0.5825487038791085,0.0013219846438178326,0.5,false,false,false,false,false,false,false
F1259,-0.03445793261315593,0.01019622974145593,0.5627975044728238,0.0013655982250094813,0.5,false,false,false,false,false,false,false
F1260,-0.02160948095791268,0.009669847606968056,0.5378605213879,0.0004453632372881206,0.5,false,false,false,false,false,false,false
F1261,-0.018555403571689343,0.010902003735756722,0.589411858607963,0.001892743262980881,0.0,false,false,false,false,false,false,false
F1262,-0.012636018231868176,0.010209008317800824,0.5632069991979763,0.0013855272282992997,0.0,false,false,false,false,false,false,false
F1263,-0.014413178172699614,0.00972390055955097,0.5404038314543844,0.00089097997012402,0.0,false,false,false,false,false,false,false
F1264,-0.014021672596397422,0.009249782412242951,0.517441020420754,0.0000227900363237928,0.5,false,false,false,false,false,false,false
F1265,-0.00830682208449688,0.009050918726165643,0.5069707107162688,0.0000227900363237928,0.5,false,false,false,false,false,false,false
F1266,-0.011874839066521727,0.009182275188326792,0.5138858967240422,0.0000227900363237928,0.5,false,false,false,false,false,false,false
F1267,-0.005209331947012882,0.00925936124169561,0.5177116397526065,0.0000227900363237928,0.0,false,false,false,false,false,false,false
F1268,-0.003599294083232085,0.009053399180187948,0.5070887662718243,0.0000227900363237928,0.0,false,false,false,false,false,false,false
F1269,-0.006399383062420882,0.009190583998565477,0.5141009874915171,0.0000227900363237928,0.0,false,false,false,false,false,false,false
F1270,-0.04068253964777475,0.011053790997495943,0.5947966371260701,0.0015399320026263344,0.5,false,false,false,false,false,false,false
F1271,0.01526034412467299,0.00933591707620382,0.5221692233436037,0.00022923072679532393,0.5,false,false,false,false,false,false,false
F1272,0.013472044572228238,0.009274404194139638,0.5188366920338374,0.00018070358706538285,0.5,false,false,false,false,false,false,false
F1273,-0.004561467110501325,0.024837953310221168,0.777647118703117,0.007859781568853311,0.0,false,false,false,false,false,false,false
F1274,-0.004153582084095125,0.020193033205734262,0.7536431786716167,0.006788907370961285,0.0,false,false,false,false,false,false,false
F1275,-0.0049478421804677155,0.016612398840125043,0.7120382064657254,0.0068558364858923755,0.0,false,false,false,false,false,false,false
F1276,-0.01642098085812578,0.00982704883526793,0.5418091501453441,0.00022307232282319918,0.5,false,false,false,false,false,false,false
F1277,0.02650156975235005,0.009917804630973994,0.5500266328074817,0.0006764651147207335,0.5,false,false,false,false,false,false,false
F1278,0.02498823557336518,0.00971642263995578,0.5409182362376747,0.0006514422401561125,0.5,false,false,false,false,false,false,false
F1279,-0.00421937617782056,0.019521682943482693,0.7407691044236498,0.008641537738007599,0.0,false,false,false,false,false,false,false
F1280,-0.0038323374607161743,0.014133079240738592,0.677921772535592,0.0051092800954531834,0.0,false,false,false,false,false,false,false
F1281,-0.004438005484490145,0.015162698420743642,0.6909380868880033,0.006467557443641676,0.0,false,false,false,false,false,false,false
F1282,-0.01642098085812578,0.00982704883526793,0.5418091501453441,0.00022307232282319918,0.5,false,false,false,false,false,false,false
F1283,0.02650156975235005,0.009917804630973994,0.5500266328074817,0.0006764651147207335,0.5,false,false,false,false,false,false,false
F1284,0.02498823557336518,0.00971642263995578,0.5409182362376747,0.0006514422401561125,0.5,false,false,false,false,false,false,false
F1285,-0.00421937617782056,0.019521682943482693,0.7407691044236498,0.008641537738007599,0.0,false,false,false,false,false,false,false
F1286,-0.0038323374607161743,0.014133079240738592,0.677921772535592,0.0051092800954531834,0.0,false,false,false,false,false,false,false
F1287,-0.004438005484490145,0.015162698420743642,0.6909380868880033,0.006467557443641676,0.0,false,false,false,false,false,false,false
F1288,0.03312422769040263,0.011636545449920132,0.5542978202015583,0.0006537575364303687,0.5,false,false,false,false,false,false,false
F1289,0.0,0.008918738132841702,0.5,0.0000227900363237928,0.0,false,false,false,false,false,false,false
F1290,0.03312422769040263,0.011636545449920132,0.5542978202015583,0.0006537575364303687,0.5,false,false,false,false,false,false,false
F1291,0.02414854236557926,0.012546841694140078,0.5534597371013925,0.0007081548886180343,0.0,false,false,false,false,false,false,false
F1292,0.0,0.008918738132841702,0.5,0.0000227900363237928,0.0,false,false,false,false,false,false,false
F1293,0.02414854236557926,0.012546841694140078,0.5534597371013925,0.0007081548886180343,0.0,false,false,false,false,false,false,false
F1294,-0.018788244111146775,0.009501054074334346,0.528966700598433,0.0000227900363237928,0.5,false,false,false,false,false,false,false
F1295,-0.00263932188495082,0.0089257467453285,0.5003888888888889,0.0000227900363237928,0.5,false,false,false,false,false,false,false
F1296,-0.01868428569889833,0.009496123012682493,0.5287444783762107,0.0000227900363237928,0.5,false,false,false,false,false,false,false
F1297,-0.0041444010565656626,0.009512928884230934,0.5287965617095441,0.0000227900363237928,0.0,false,false,false,false,false,false,false
F1298,-0.0014759329895551482,0.0089257467453285,0.5003888888888889,0.0000227900363237928,0.5,false,false,false,false,false,false,false
F1299,-0.0041910830582361685,0.00950793247911751,0.5285708672650996,0.0000227900363237928,0.0,false,false,false,false,false,false,false
F1300,-0.032609040416952215,0.010072272016413903,0.5577776199134105,0.001221074260318414,0.5,false,false,false,false,false,false,false
F1301,-0.006320709051589974,0.00895811746560322,0.5022218212104386,0.0000227900363237928,0.5,false,false,false,false,false,false,false
F1302,-0.03194748018437169,0.010029851056773672,0.5558891011892448,0.0011711347081596016,0.5,false,false,false,false,false,false,false
F1303,-0.002871341961106668,0.01007707697766284,0.5575292539003386,0.0008840154747014209,0.0,false,false,false,false,false,false,false
F1304,-0.002144298547251423,0.00895811746560322,0.5022218212104386,0.0000227900363237928,0.0,false,false,false,false,false,false,false
F1305,-0.0023972391475004925,0.010034195986240984,0.5556145913853233,0.0009498548723725758,0.0,false,false,false,false,false,false,false
F1306,0.030435978660919225,0.010920484279938822,0.5364127218720174,0.0000227900363237928,0.5,false,false,false,false,false,false,false
F1307,-0.006780459336648935,0.008964242321931281,0.5025554013202542,0.0000227900363237928,0.5,false,false,false,false,false,false,false
F1308,0.0333589178713571,0.011183241583601518,0.5384125984837762,0.0000227900363237928,0.5,false,false,false,false,false,false,false
F1309,-0.0038922982887276882,0.010544964424786257,0.5339826944589607,0.0000227900363237928,0.0,false,false,false,false,false,false,false
F1310,-0.0035074732936804143,0.008964242321931281,0.5025554013202542,0.0000227900363237928,0.0,false,false,false,false,false,false,false
F1311,-0.0036525890726456568,0.010825889999480162,0.5362376618563397,0.0000227900363237928,0.0,false,false,false,false,false,false,false
F1312,-0.02005990562909964,0.010167125797807855,0.5510063916923423,0.00030099659195366376,0.5,false,false,false,false,false,false,false
F1313,-0.023400706675171117,0.010358470261801709,0.5618871750625106,0.00040945601933371393,0.5,false,false,false,false,false,false,false
F1314,-0.028844753388269646,0.010590077730137922,0.5733529302892728,0.0006792156803748567,0.5,false,false,false,false,false,false,false
F1315,-0.003885508974251545,0.013296007539501112,0.6608996805968361,0.003790094241235882,0.0,false,false,false,false,false,false,false
F1316,-0.0031670927933136056,0.012101998804482442,0.627126334929215,0.0025183732902700475,0.0,false,false,false,false,false,false,false
F1317,-0.005163109400448282,0.011139700392259254,0.5991711765749239,0.0026813340867089855,0.0,false,false,false,false,false,false,false
F1318,0.022048901451930725,0.010125017885925425,0.5557839018265088,0.00039373128914617855,0.5,false,false,false,false,false,false,false
F1319,0.04886990228953289,0.012070540678695155,0.6255266255493499,0.0020504663747767608,0.5,false,false,false,false,false,false,false
F1320,0.06327625365340152,0.0132898991165745,0.6621806830264958,0.0038254476530593996,0.5,false,false,false,false,false,false,false
F1321,-0.02052489171647905,0.008820690271757442,0.5048413636623444,0.005264890970195257,0.0,false,false,false,false,false,false,false
F1322,-0.011632118178096524,0.009872183867656818,0.546985128314698,0.002657593114163422,0.0,false,false,false,false,false,false,false
F1323,-0.01779590356641478,0.0097734055187367,0.5528936679150653,0.005048048888666882,0.0,false,false,false,false,false,false,false
F1324,-0.03498004352818449,0.01132142800934339,0.5934972101555781,0.0009281621382830631,0.5,false,false,false,false,false,false,false
F1325,-0.025717332459620965,0.010561131253386988,0.5684998321557015,0.0005155251070499262,0.5,false,false,false,false,false,false,false
F1326,-0.034104019957186725,0.010068433847345418,0.5575491702140786,0.001591623004402275,0.5,false,false,false,false,false,false,false
F1327,-0.0035741457885791602,0.012398435157619389,0.634037442093717,0.0029396810907019524,0.0,false,false,false,false,false,false,false
F1328,-0.003155784316636056,0.01134783890468152,0.6017234700538554,0.0018272807752517503,0.0,false,false,false,false,false,false,false
F1329,-0.003209016449162924,0.010069766132614339,0.5576047257696342,0.0013871122405270438,0.0,false,false,false,false,false,false,false
F1330,-0.02520716575232445,0.009855081571080946,0.5463250663211796,0.0006102450474972333,0.5,false,false,false,false,false,false,false
F1331,-0.019844780448132395,0.009401155374545398,0.525524106977605,0.0000227900363237928,0.5,false,false,false,false,false,false,false
F1332,-0.02286432831694014,0.00966681315098432,0.5381879665617867,0.0005165014739263344,0.5,false,false,false,false,false,false,false
F1333,-0.015357769950416883,0.009911370256824476,0.5484949700012338,0.0006404586469967328,0.0,false,false,false,false,false,false,false
F1334,-0.007193228961396459,0.00940798036611808,0.5257775791998273,0.0000227900363237928,0.0,false,false,false,false,false,false,false
F1335,-0.015335438783712789,0.00970123590099663,0.5392780438336726,0.0005909904523895809,0.0,false,false,false,false,false,false,false
F1336,0.014597195946364822,0.010096944460745716,0.5125015115059535,0.0000227900363237928,0.5,false,false,false,false,false,false,false
F1337,-0.0014103877204538866,0.008920646371015542,0.5001111111111112,0.0000227900363237928,0.5,false,false,false,false,false,false,false
F1338,0.014597195946364822,0.010096944460745716,0.5125015115059535,0.0000227900363237928,0.5,false,false,false,false,false,false,false
F1339,0.025039118831715987,0.01445202998823043,0.5128313244185329,0.0000227900363237928,0.0,false,false,false,false,false,false,false
F1340,-0.0010739613356072451,0.008920646371015542,0.5001111111111112,0.0000227900363237928,0.5,false,false,false,false,false,false,false
F1341,0.025039118831715987,0.01445202998823043,0.5128313244185329,0.0000227900363237928,0.0,false,false,false,false,false,false,false
F1342,0.0,0.008918738132841702,0.5,0.0000227900363237928,0.0,false,false,false,false,false,false,false
F1343,0.0,0.008918738132841702,0.5,0.0000227900363237928,0.0,false,false,false,false,false,false,false
F1344,0.0,0.008918738132841702,0.5,0.0000227900363237928,0.0,false,false,false,false,false,false,false
F1345,0.0,0.008918738132841702,0.5,0.0000227900363237928,0.0,false,false,false,false,false,false,false
F1346,0.0,0.008918738132841702,0.5,0.0000227900363237928,0.0,false,false,false,false,false,false,false
F1347,0.0,0.008918738132841702,0.5,0.0000227900363237928,0.0,false,false,false,false,false,false,false
F1348,0.01744221253135449,0.01018966840000216,0.5085004935529644,0.0000227900363237928,0.5,false,false,false,false,false,false,false
F1349,0.017677481356008395,0.01018966840000216,0.5085560182614597,0.0000227900363237928,0.5,false,false,false,false,false,false,false
F1350,-0.0009972397117356353,0.008946961141739925,0.5,0.0000227900363237928,0.5,false,false,false,false,false,false,false
F1351,-0.00029638153142910696,0.01258732921871561,0.5085421602196311,0.0000227900363237928,0.0,false,false,false,false,false,false,false
F1352,-0.0002892956836762806,0.01258732921871561,0.5085976849281263,0.0000227900363237928,0.0,false,false,false,false,false,false,false
F1353,-0.0009972397117356355,0.008946961141739925,0.5,0.0000227900363237928,0.5,false,false,false,false,false,false,false
F1354,-0.026233632975672272,0.009781874843686129,0.5436608674193348,0.000720749559683444,0.5,false,false,false,false,false,false,false
F1355,-0.016981097116342603,0.009203351523507593,0.5156096921463384,0.0000227900363237928,0.5,false,false,false,false,false,false,false
F1356,-0.021545778871123942,0.009546332733550572,0.5324396631501018,0.0000227900363237928,0.5,false,false,false,false,false,false,false
F1357,-0.0023149250708932624,0.009793603911699835,0.5435982787340367,0.0005909904523895809,0.0,false,false,false,false,false,false,false
F1358,-0.0066987338927767355,0.009203351523507593,0.5156096921463384,0.0000227900363237928,0.0,false,false,false,false,false,false,false
F1359,-0.0021742119312192164,0.009555851093117542,0.5323944490715036,0.0000227900363237928,0.0,false,false,false,false,false,false,false
F1360,-0.0008785775095826579,0.008705315259688526,0.48343559950354387,0.000023350043037165105,0.5,false,false,false,false,false,false,false
F1361,-0.004509721955342819,0.00900220588624982,0.5044767531110168,0.0000227900363237928,0.5,false,false,false,false,false,false,false
F1362,0.008153841927161872,0.009376867520623066,0.5122410924577123,0.0000227900363237928,0.5,false,false,false,false,false,false,false
F1363,-0.004163550527818206,0.009122111170974726,0.4840144972110629,0.000031173812429763805,0.0,false,false,false,false,false,false,false
F1364,-0.0035394400013905865,0.009007873253942417,0.5046704826294759,0.0000227900363237928,0.0,false,false,false,false,false,false,false
F1365,-0.0036975095292663095,0.010327130543427094,0.5124873062078802,0.0000227900363237928,0.0,false,false,false,false,false,false,false
F1366,-0.0406245672976529,0.011137309312102906,0.5964347239913919,0.001494811449836063,0.5,false,false,false,false,false,false,false
F1367,-0.03665734186855377,0.010459495153465417,0.5728790486766611,0.001429734702550377,0.5,false,false,false,false,false,false,false
F1368,-0.02549607582058773,0.009919006772877522,0.5496086397172231,0.0006002121949743694,0.5,false,false,false,false,false,false,false
F1369,-0.019321076319771067,0.011371914927440196,0.604585128586878,0.002166190228591387,0.0,false,false,false,false,false,false,false
F1370,-0.012934072285915959,0.010481423081618427,0.5736737460669997,0.001395040231737066,0.0,false,false,false,false,false,false,false
F1371,-0.01587103881193758,0.009984215105938613,0.5519329338412211,0.0005841090539061563,0.0,false,false,false,false,false,false,false
F1372,-0.021426383262578893,0.00954108530408751,0.5322171633043371,0.000014239041623002663,0.5,false,false,false,false,false,false,false
F1373,-0.01591156998234105,0.009256861289505303,0.5180250323894133,0.000014239041623002663,0.5,false,false,false,false,false,false,false
F1374,-0.018228002544360918,0.009404581608034843,0.5253846628416312,0.000014239041623002663,0.5,false,false,false,false,false,false,false
F1375,-0.003978593188291399,0.009555193919417674,0.5325849296687026,0.000014239041623002663,0.0,false,false,false,false,false,false,false
F1376,-0.003082227317493816,0.009261145606887535,0.5182055879449688,0.000014239041623002663,0.0,false,false,false,false,false,false,false
F1377,-0.0031421629227361384,0.009416194436902814,0.5256621957708679,0.000014239041623002663,0.0,false,false,false,false,false,false,false
F1378,-0.04580232290348815,0.01164311336210078,0.613571175962519,0.0018624868491956227,0.5,false,false,false,false,false,false,false
F1379,0.011541312742581609,0.009173570039414783,0.5133862977358258,0.00013193523048212347,0.5,false,false,false,false,false,false,false
F1380,0.01118199246573973,0.009163968978849515,0.5128311123449935,0.00012416795370272918,0.5,false,false,false,false,false,false,false
F1381,-0.004554302313457047,0.027306240820043563,0.7865000489923899,0.00809994137667177,0.0,false,false,false,false,false,false,false
F1382,-0.004434519503834822,0.023588720936771695,0.7726010232151347,0.007406660405355706,0.0,false,false,false,false,false,false,false
F1383,-0.004282259617837655,0.01830330838568228,0.7311685775966874,0.0070147975532119855,0.0,false,false,false,false,false,false,false
F1384,-0.028390531383135954,0.010753123444570866,0.5750026655489143,0.0005963061489910255,0.5,false,false,false,false,false,false,false
F1385,0.02694898945360482,0.00982016249929504,0.5455496020729225,0.0007541768453467123,0.5,false,false,false,false,false,false,false
F1386,0.024192390919871257,0.009600841848607055,0.535246082423345,0.0006520192228697074,0.5,false,false,false,false,false,false,false
F1387,-0.0042668202353191315,0.020618230013803383,0.7486647844289485,0.007106525918547741,0.0,false,false,false,false,false,false,false
F1388,-0.0041079356446962,0.015188742010676387,0.6928471650644341,0.005216387036963519,0.0,false,false,false,false,false,false,false
F1389,-0.00384276755928856,0.016552281215556075,0.7106376345929821,0.007370374097441787,0.0,false,false,false,false,false,false,false
F1390,-0.028390531383135954,0.010753123444570866,0.5750026655489143,0.0005963061489910255,0.5,false,false,false,false,false,false,false
F1391,0.02694898945360482,0.00982016249929504,0.5455496020729225,0.0007541768453467123,0.5,false,false,false,false,false,false,false
F1392,0.024192390919871257,0.009600841848607055,0.535246082423345,0.0006520192228697074,0.5,false,false,false,false,false,false,false
F1393,-0.0042668202353191315,0.020618230013803383,0.7486647844289485,0.007106525918547741,0.0,false,false,false,false,false,false,false
F1394,-0.0041079356446962,0.015188742010676387,0.6928471650644341,0.005216387036963519,0.0,false,false,false,false,false,false,false
F1395,-0.00384276755928856,0.016552281215556075,0.7106376345929821,0.007370374097441787,0.0,false,false,false,false,false,false,false
F1396,0.02571698501875522,0.010769416404212806,0.5475643769075278,0.0004245369869663285,0.5,false,false,false,false,false,false,false
F1397,0.0,0.008918738132841702,0.5,0.000014239041623002663,0.0,false,false,false,false,false,false,false
F1398,0.02571698501875522,0.010769416404212806,0.5475643769075278,0.0004245369869663285,0.5,false,false,false,false,false,false,false
F1399,0.014613943908782541,0.011195832518831113,0.5451250560237051,0.00016093702242600986,0.0,false,false,false,false,false,false,false
F1400,0.0,0.008918738132841702,0.5,0.000014239041623002663,0.0,false,false,false,false,false,false,false
F1401,0.014613943908782541,0.011195832518831113,0.5451250560237051,0.00016093702242600986,0.0,false,false,false,false,false,false,false
F1402,-0.025092810379429342,0.009856375869966894,0.5464705836989616,0.0005964304478699972,0.5,false,false,false,false,false,false,false
F1403,-0.0031530182295841994,0.008928722359155516,0.5005555247084953,0.000014239041623002663,0.5,false,false,false,false,false,false,false
F1404,-0.02504908230958742,0.009854094077856387,0.5463594725878506,0.0005942661317610824,0.5,false,false,false,false,false,false,false
F1405,-0.004568567744999426,0.009881108293760104,0.5460385984048441,0.00026202408194443385,0.0,false,false,false,false,false,false,false
F1406,-0.0015152233191358755,0.008928722359155516,0.5005555247084953,0.000014239041623002663,0.5,false,false,false,false,false,false,false
F1407,-0.004331652088517934,0.009878485337942134,0.5459042029800074,0.00026036176718542654,0.0,false,false,false,false,false,false,false
F1408,-0.03829050100383612,0.010474749241421898,0.5748865408832421,0.0016799617646480207,0.5,false,false,false,false,false,false,false
F1409,-0.007206707799161207,0.00897000217131424,0.5028883953359246,0.000014239041623002663,0.5,false,false,false,false,false,false,false
F1410,-0.03751890282782445,0.010416615293520093,0.572498083853197,0.001612812254606753,0.5,false,false,false,false,false,false,false
F1411,-0.003647778101519937,0.010481636759244156,0.574683926504157,0.0008732310632578036,0.0,false,false,false,false,false,false,false
F1412,-0.0026480833535135776,0.00897000217131424,0.5028883953359246,0.000014239041623002663,0.0,false,false,false,false,false,false,false
F1413,-0.003022114825904185,0.010422890460220217,0.5722627897355499,0.001078712205127012,0.0,false,false,false,false,false,false,false
F1414,0.009378158314119539,0.009390902943773535,0.516965720750636,0.00007352359917547065,0.5,false,false,false,false,false,false,false
F1415,-0.00824850465435659,0.008986024059200338,0.503777469307175,0.000014239041623002663,0.5,false,false,false,false,false,false,false
F1416,0.011046940971178624,0.009469527474586752,0.5195765850852648,0.00009542955749904123,0.5,false,false,false,false,false,false,false
F1417,-0.005200192454855463,0.009611021619573713,0.5145655541991923,0.000016186303514865656,0.0,false,false,false,false,false,false,false
F1418,-0.0020745115781802075,0.008986024059200338,0.503777469307175,0.000014239041623002663,0.0,false,false,false,false,false,false,false
F1419,-0.004823308454751766,0.009779604490649152,0.517564652262904,0.000021617056526610988,0.0,false,false,false,false,false,false,false
F1420,-0.02741658867073551,0.010789479960212137,0.5661488243640971,0.0005165376807117381,0.5,false,false,false,false,false,false,false
F1421,-0.028698134022631088,0.010832178736753312,0.5734460893185703,0.0005809757210292286,0.5,false,false,false,false,false,false,false
F1422,-0.03093335810119971,0.010784703296410177,0.57993444364605,0.0007649510358627826,0.5,false,false,false,false,false,false,false
F1423,-0.003882723394081297,0.014497356015376958,0.680833988039506,0.004119075363977054,0.0,false,false,false,false,false,false,false
F1424,-0.003479655035380923,0.01303541771133474,0.6464978691712665,0.002499362942876553,0.0,false,false,false,false,false,false,false
F1425,-0.003329423621122378,0.011420939239853066,0.6090767973856208,0.003209259418751522,0.0,false,false,false,false,false,false,false
F1426,0.0198597338664995,0.009985777608534464,0.5486480051024667,0.00031919777723262273,0.5,false,false,false,false,false,false,false
F1427,0.04989590321257391,0.011974882579759238,0.6229823554815226,0.002300556091905472,0.5,false,false,false,false,false,false,false
F1428,0.06333949703676127,0.013232457969554598,0.6608416157690172,0.003959025297499915,0.5,false,false,false,false,false,false,false
F1429,-0.011510412309786356,0.009259744624276155,0.5270085490586203,0.005499539192076758,0.0,false,false,false,false,false,false,false
F1430,-0.005307220203052596,0.009556107039776034,0.5372023321058018,0.0029989630491862288,0.0,false,false,false,false,false,false,false
F1431,-0.01984952581423412,0.009297038201249153,0.5313604843033827,0.005859357459556093,0.0,false,false,false,false,false,false,false
F1432,-0.041573884975173836,0.012142048301088192,0.610999766832515,0.001253683020496152,0.5,false,false,false,false,false,false,false
F1433,-0.032239859338395266,0.011253987085153757,0.587057944388194,0.000772644426549881,0.5,false,false,false,false,false,false,false
F1434,-0.03781994808819233,0.010334180072799706,0.5690475044728237,0.0019194762394401748,0.5,false,false,false,false,false,false,false
F1435,-0.003658409406882748,0.013509359890187677,0.6555170501455256,0.002653249781011428,0.0,false,false,false,false,false,false,false
F1436,-0.003470049422358252,0.012271568918679199,0.6239273986084346,0.002089520499455528,0.0,false,false,false,false,false,false,false
F1437,-0.002425768491371793,0.010335576284958249,0.5691030600283793,0.0013776050945867792,0.0,false,false,false,false,false,false,false
F1438,-0.026071805996459932,0.009965400288531023,0.5507405607995557,0.0006286538904022573,0.5,false,false,false,false,false,false,false
F1439,-0.01882453547895677,0.009426837796862455,0.5266066382873713,0.000014239041623002663,0.5,false,false,false,false,false,false,false
F1440,-0.02599063855838539,0.009834266821288996,0.5459648497748164,0.000664898529475699,0.5,false,false,false,false,false,false,false
F1441,-0.017140838917329013,0.01003446625685119,0.5537293941637362,0.0008704510351546812,0.0,false,false,false,false,false,false,false
F1442,-0.008517191371921692,0.009442283756026881,0.5272557182737986,0.000014239041623002663,0.0,false,false,false,false,false,false,false
F1443,-0.016651705932799597,0.009870130105747502,0.5470375678635326,0.0005829144076515914,0.0,false,false,false,false,false,false,false
F1444,0.007947583979719808,0.008946481846322473,0.4896687642667654,0.000014239041623002663,0.5,false,false,false,false,false,false,false
F1445,-0.0019934839827561992,0.008922589165433894,0.5002222222222222,0.000014239041623002663,0.5,false,false,false,false,false,false,false
F1446,0.007947583979719808,0.008946481846322473,0.4896687642667654,0.000014239041623002663,0.5,false,false,false,false,false,false,false
F1447,0.020442071890535624,0.012922681069175629,0.5084812064285273,0.000014239041623002663,0.0,false,false,false,false,false,false,false
F1448,-0.0014747902146888564,0.008922589165433894,0.5002222222222222,0.000014239041623002663,0.5,false,false,false,false,false,false,false
F1449,0.020442071890535624,0.012922681069175629,0.5084812064285273,0.000014239041623002663,0.0,false,false,false,false,false,false,false
F1450,0.0,0.008918738132841702,0.5,0.000014239041623002663,0.0,false,false,false,false,false,false,false
F1451,0.0,0.008918738132841702,0.5,0.000014239041623002663,0.0,false,false,false,false,false,false,false
F1452,0.0,0.008918738132841702,0.5,0.000014239041623002663,0.0,false,false,false,false,false,false,false
F1453,0.0,0.008918738132841702,0.5,0.000014239041623002663,0.0,false,false,false,false,false,false,false
F1454,0.0,0.008918738132841702,0.5,0.000014239041623002663,0.0,false,false,false,false,false,false,false
F1455,0.0,0.008918738132841702,0.5,0.000014239041623002663,0.0,false,false,false,false,false,false,false
F1456,0.006696843666878534,0.00945601608740248,0.5046120365229194,0.000014239041623002663,0.5,false,false,false,false,false,false,false
F1457,0.006803840111799329,0.00945601608740248,0.5046675612314147,0.000014239041623002663,0.5,false,false,false,false,false,false,false
F1458,-0.0009965771543562654,0.008946961141739925,0.5,0.000014239041623002663,0.5,false,false,false,false,false,false,false
F1459,-0.0019735895134046512,0.010395272909012241,0.5046780087451416,0.000014239041623002663,0.0,false,false,false,false,false,false,false
F1460,-0.001968160006521417,0.010395272909012241,0.5047335334536369,0.000014239041623002663,0.0,false,false,false,false,false,false,false
F1461,-0.0009965771543562654,0.008946961141739925,0.5,0.000014239041623002663,0.5,false,false,false,false,false,false,false
F1462,-0.033389902419001374,0.010220028474246181,0.5632141711394903,0.0011798110223083173,0.5,false,false,false,false,false,false,false
F1463,-0.019516546863721482,0.009295322277606877,0.5204425936208279,0.000014239041623002663,0.5,false,false,false,false,false,false,false
F1464,-0.028455245331618067,0.009907042452269709,0.5494932444937998,0.0008453895380540211,0.5,false,false,false,false,false,false,false
F1465,-0.002896216232391532,0.010236088907853807,0.5631272807545191,0.0005829144076515914,0.0,false,false,false,false,false,false,false
F1466,-0.007731423271794159,0.009295322277606877,0.5204425936208279,0.000014239041623002663,0.0,false,false,false,false,false,false,false
F1467,-0.002696918416709252,0.009920050682513767,0.5493994327996792,0.0005829144076515914,0.0,false,false,false,false,false,false,false
F1468,0.0012799293466202418,0.008657684612518987,0.47658141627926387,0.00001541083823965903,0.5,false,false,false,false,false,false,false
F1469,-0.007441270880039902,0.009088477297278819,0.5091142847292536,0.000014239041623002663,0.5,false,false,false,false,false,false,false
F1470,0.009218047957954103,0.008766851598356678,0.4822782359473495,0.00007181840770681098,0.5,false,false,false,false,false,false,false
F1471,-0.0048867061052576535,0.008727616407463275,0.47852256711957414,0.000014365634689526203,0.0,false,false,false,false,false,false,false
F1472,-0.003934249710054167,0.009103204703876249,0.5096766131424807,0.000014239041623002663,0.0,false,false,false,false,false,false,false
F1473,-0.004719172964872869,0.009877015047373674,0.5151654634044992,0.00015715534057509492,0.0,false,false,false,false,false,false,false
F1474,-0.03576095616698334,0.011005281440604593,0.5908608534474311,0.0010371833196371708,0.5,false,false,false,false,false,false,false
F1475,-0.027429501623073893,0.01018663825354215,0.5603340972517084,0.0006486891037548168,0.5,false,false,false,false,false,false,false
F1476,-0.028507358265902824,0.01018683916184204,0.5617513808595807,0.0007147078177541515,0.5,false,false,false,false,false,false,false
F1477,-0.014535438319437677,0.011486402030827115,0.6075447865292702,0.001885741003437058,0.0,false,false,false,false,false,false,false
F1478,-0.008692369108049535,0.01030635162042849,0.5646956412423381,0.0009142689300840738,0.0,false,false,false,false,false,false,false
F1479,-0.016035743408776084,0.01027884543979311,0.5635542789182117,0.0007432033774604528,0.0,false,false,false,false,false,false,false
F1480,-0.02756133726665353,0.009923120586266224,0.5501312696650009,0.0007412074489798148,0.5,false,false,false,false,false,false,false
F1481,-0.026839539429220485,0.009736089610937863,0.5418558054167437,2.8465480065153133e-6,0.5,false,false,false,false,false,false,false
F1482,-0.021866997904698163,0.009619162473921087,0.535966145351348,0.00045207745077443894,0.5,false,false,false,false,false,false,false
F1483,-0.006379603061567057,0.009955060602492733,0.5508808165988033,0.0005801244499923197,0.0,false,false,false,false,false,false,false
F1484,-0.005252279200362023,0.009744370714632928,0.5421578887500771,2.8465480065153133e-6,0.0,false,false,false,false,false,false,false
F1485,-0.004310657012505718,0.0096430743385665,0.536434527114566,0.000570563378032559,0.0,false,false,false,false,false,false,false
F1486,-0.046100417504695956,0.011960615552759141,0.6206356699074226,0.0017169169514076675,0.5,false,false,false,false,false,false,false
F1487,0.01122706997527817,0.009118802467468861,0.510692593620828,0.00012192216341247773,0.5,false,false,false,false,false,false,false
F1488,0.013021606537892869,0.00916814467407718,0.5133036430378185,0.0001677614969610753,0.5,false,false,false,false,false,false,false
F1489,-0.004921652607586454,0.030247639130605332,0.7900453979134686,0.008022680490149642,0.0,false,false,false,false,false,false,false
F1490,-0.005065902672189901,0.02731515873104229,0.7838354733481399,0.007513220855512857,0.0,false,false,false,false,false,false,false
F1491,-0.0043567537954591964,0.020006535652700642,0.7454688763368573,0.006693975412883555,0.0,false,false,false,false,false,false,false
F1492,-0.05171616629346101,0.01314666970697673,0.6194484908529393,0.0016870786894953795,0.5,false,false,false,false,false,false,false
F1493,0.026182966134533407,0.00970252395901348,0.5401897248442223,0.0007590210865734215,0.5,false,false,false,false,false,false,false
F1494,0.021675529185199372,0.009483846749922692,0.5295242920599667,0.0005064191070113851,0.5,false,false,false,false,false,false,false
F1495,-0.004644813674299356,0.02221971591425822,0.7624230007475876,0.006748926000650676,0.0,false,false,false,false,false,false,false
F1496,-0.004733327669271518,0.01671338142318211,0.7164753903967658,0.008141868687475021,0.0,false,false,false,false,false,false,false
F1497,-0.0039558788136255475,0.01812407946149277,0.7298603689671317,0.0077908219755715045,0.0,false,false,false,false,false,false,false
F1498,-0.05171616629346101,0.01314666970697673,0.6194484908529393,0.0016870786894953795,0.5,false,false,false,false,false,false,false
F1499,0.026182966134533407,0.00970252395901348,0.5401897248442223,0.0007590210865734215,0.5,false,false,false,false,false,false,false
F1500,0.021675529185199372,0.009483846749922692,0.5295242920599667,0.0005064191070113851,0.5,false,false,false,false,false,false,false
F1501,-0.004644813674299356,0.02221971591425822,0.7624230007475876,0.006748926000650676,0.0,false,false,false,false,false,false,false
F1502,-0.004733327669271518,0.01671338142318211,0.7164753903967658,0.008141868687475021,0.0,false,false,false,false,false,false,false
F1503,-0.0039558788136255475,0.01812407946149277,0.7298603689671317,0.0077908219755715045,0.0,false,false,false,false,false,false,false
F1504,0.022128396480028317,0.010622299255836945,0.5463109256658429,0.0003220338117236673,0.5,false,false,false,false,false,false,false
F1505,0.0,0.008918738132841702,0.5,2.8465480065153133e-6,0.0,false,false,false,false,false,false,false
F1506,0.022128396480028317,0.010622299255836945,0.5463109256658429,0.0003220338117236673,0.5,false,false,false,false,false,false,false
F1507,0.014087143177643353,0.01150465117599472,0.5442006258777804,0.00014393374492270534,0.0,false,false,false,false,false,false,false
F1508,0.0,0.008918738132841702,0.5,2.8465480065153133e-6,0.0,false,false,false,false,false,false,false
F1509,0.014087143177643353,0.01150465117599472,0.5442006258777804,0.00014393374492270534,0.0,false,false,false,false,false,false,false
F1510,-0.033869732407606774,0.010559320231566761,0.5751672763497404,0.001044261676702843,0.5,false,false,false,false,false,false,false
F1511,-0.004675634621407825,0.008940469055515576,0.5012221605281016,2.8465480065153133e-6,0.5,false,false,false,false,false,false,false
F1512,-0.033774001084040425,0.010553455989871556,0.5748894985719626,0.0010381451978390612,0.5,false,false,false,false,false,false,false
F1513,-0.007058942030294389,0.010612889395342344,0.5756644168726163,0.0010326591985735966,0.0,false,false,false,false,false,false,false
F1514,-0.0016489722660094287,0.008940469055515576,0.5012221605281016,2.8465480065153133e-6,0.5,false,false,false,false,false,false,false
F1515,-0.006882231895271442,0.010605944458530579,0.5753323090294788,0.0010277736747907934,0.0,false,false,false,false,false,false,false
F1516,-0.03076089917208246,0.010303165484149699,0.5659116658138362,0.0008545552279446254,0.5,false,false,false,false,false,false,false
F1517,-0.008362420615754044,0.008988240555821096,0.5038883953359246,2.8465480065153133e-6,0.5,false,false,false,false,false,false,false
F1518,-0.029707831952891534,0.010233803522930388,0.5629676223811753,0.000794534920295382,0.5,false,false,false,false,false,false,false
F1519,-0.004464702497217808,0.010343649704697477,0.5649851680076066,0.0015474682955920306,0.0,false,false,false,false,false,false,false
F1520,-0.0031752305678649203,0.008988240555821096,0.5038883953359246,2.8465480065153133e-6,0.0,false,false,false,false,false,false,false
F1521,-0.00393869326766314,0.010269193474004058,0.5617872824148168,0.0003210838499861968,0.0,false,false,false,false,false,false,false
F1522,-0.027879747382575995,0.010506880639033569,0.5714429220512932,0.0006033911719271487,0.5,false,false,false,false,false,false,false
F1523,-0.010839559064977385,0.009035364648291697,0.506499444752915,2.8465480065153133e-6,0.5,false,false,false,false,false,false,false
F1524,-0.02708102726223165,0.010449448782744567,0.5692209157584929,0.0005691911768444486,0.5,false,false,false,false,false,false,false
F1525,-0.007364871859537722,0.010844889925175696,0.5789046259930032,0.0010265947517406654,0.0,false,false,false,false,false,false,false
F1526,-0.0027021344760799607,0.009035364648291697,0.506499444752915,2.8465480065153133e-6,0.0,false,false,false,false,false,false,false
F1527,-0.007119882613077211,0.010771421221250528,0.5759676001531465,0.0009974450246736453,0.0,false,false,false,false,false,false,false
F1528,-0.03202024782815542,0.011303814065275987,0.5723748371456672,0.0006634164032742942,0.5,false,false,false,false,false,false,false
F1529,-0.03724196433479706,0.011699117257741047,0.5903313999484673,0.0009196934716500633,0.5,false,false,false,false,false,false,false
F1530,-0.03363846788121568,0.011082091570050063,0.5886061656015359,0.0008850039839390761,0.5,false,false,false,false,false,false,false
F1531,-0.0040701123500925755,0.015942691339023447,0.7037910225074668,0.004786915715853855,0.0,false,false,false,false,false,false,false
F1532,-0.0039784501551479445,0.014552238484620339,0.6748788362628967,0.003317390222087063,0.0,false,false,false,false,false,false,false
F1533,-0.003395897632340743,0.011823405431806034,0.6222591054397884,0.0033936096075859673,0.0,false,false,false,false,false,false,false
F1534,0.020541616284451048,0.009928075071563926,0.5476722390973788,0.00033849737216670213,0.5,false,false,false,false,false,false,false
F1535,0.04778126583098415,0.011617492781597608,0.6129846073169227,0.0022260227392460036,0.5,false,false,false,false,false,false,false
F1536,0.06214689015416432,0.013090731134557044,0.6572863995311248,0.003815602588674605,0.5,false,false,false,false,false,false,false
F1537,-0.01017646575929142,0.009772599177507961,0.5474064093386753,0.003938227792248442,0.0,false,false,false,false,false,false,false
F1538,-0.005615889593834569,0.00844817575141056,0.4803772839299518,0.00407830204680268,0.0,false,false,false,false,false,false,false
F1539,-0.020459149703593072,0.008704126700954232,0.4963750075983568,0.003844057099749121,0.0,false,false,false,false,false,false,false
F1540,-0.04987108259308525,0.013201302938617926,0.6285787507303494,0.0017083518884891602,0.5,false,false,false,false,false,false,false
F1541,-0.04046145332659051,0.01216339605057517,0.6066923604533428,0.0011572636493224703,0.5,false,false,false,false,false,false,false
F1542,-0.0395092422284628,0.010574730862468502,0.5784622277746931,0.0017784974059432714,0.5,false,false,false,false,false,false,false
F1543,-0.003898486784826675,0.015076555154090726,0.6835438656537944,0.0035222641824177673,0.0,false,false,false,false,false,false,false
F1544,-0.003968560195560768,0.013591511520765858,0.6526964391832062,0.002440260501675598,0.0,false,false,false,false,false,false,false
F1545,-0.002794612173081364,0.010597638039367528,0.5795102566475414,0.0013649398174043251,0.0,false,false,false,false,false,false,false
F1546,-0.0310171071464975,0.010281643598312268,0.5642948824727003,0.0008905777890909871,0.5,false,false,false,false,false,false,false
F1547,-0.023185248919319338,0.009624552049273224,0.5363277808624838,2.8465480065153133e-6,0.5,false,false,false,false,false,false,false
F1548,-0.029588747006981275,0.010049853146142245,0.5555750971682398,0.0008617036179137835,0.5,false,false,false,false,false,false,false
F1549,-0.019309460264365228,0.010356422031930037,0.5672766962027269,0.0009645214648167193,0.0,false,false,false,false,false,false,false
F1550,-0.01043722268724762,0.009643547210325005,0.5370879025541365,2.8465480065153133e-6,0.0,false,false,false,false,false,false,false
F1551,-0.01839135921479375,0.010085210512637019,0.5565540710407799,0.0008704496961774087,0.0,false,false,false,false,false,false,false
F1552,0.005052277325860981,0.008887494611058451,0.49044086981451845,2.8465480065153133e-6,0.5,false,false,false,false,false,false,false
F1553,-0.002635232561530797,0.008925506034858015,0.500388888888889,2.8465480065153133e-6,0.5,false,false,false,false,false,false,false
F1554,0.005052277325860981,0.008887494611058451,0.49044086981451845,2.8465480065153133e-6,0.5,false,false,false,false,false,false,false
F1555,0.012891521823054784,0.012211882516892246,0.5066003029589589,2.8465480065153133e-6,0.0,false,false,false,false,false,false,false
F1556,-0.0017327703701838163,0.008925506034858015,0.500388888888889,2.8465480065153133e-6,0.5,false,false,false,false,false,false,false
F1557,0.012891521823054784,0.012211882516892246,0.5066003029589589,2.8465480065153133e-6,0.0,false,false,false,false,false,false,false
F1558,0.0,0.008918738132841702,0.5,2.8465480065153133e-6,0.0,false,false,false,false,false,false,false
F1559,0.0,0.008918738132841702,0.5,2.8465480065153133e-6,0.0,false,false,false,false,false,false,false
F1560,0.0,0.008918738132841702,0.5,2.8465480065153133e-6,0.0,false,false,false,false,false,false,false
F1561,0.0,0.008918738132841702,0.5,2.8465480065153133e-6,0.0,false,false,false,false,false,false,false
F1562,0.0,0.008918738132841702,0.5,2.8465480065153133e-6,0.0,false,false,false,false,false,false,false
F1563,0.0,0.008918738132841702,0.5,2.8465480065153133e-6,0.0,false,false,false,false,false,false,false
F1564,0.0015130710591136928,0.008730661038857715,0.47830734468505154,2.8465480065153133e-6,0.5,false,false,false,false,false,false,false
F1565,0.0015730600873655998,0.008730661038857715,0.47836286939354683,2.8465480065153133e-6,0.5,false,false,false,false,false,false,false
F1566,-0.0009956951128212706,0.008946961141739925,0.5,2.8465480065153133e-6,0.5,false,false,false,false,false,false,false
F1567,-0.0026640029733127667,0.011233324511105695,0.5019392891294959,2.8465480065153133e-6,0.0,false,false,false,false,false,false,false
F1568,-0.00265965790731645,0.011233324511105695,0.5019948138379913,2.8465480065153133e-6,0.0,false,false,false,false,false,false,false
F1569,-0.0009956951128212703,0.008946961141739925,0.5,2.8465480065153133e-6,0.5,false,false,false,false,false,false,false
F1570,-0.040506123076052065,0.010832258418581594,0.5880504621615442,0.0016576091013468278,0.5,false,false,false,false,false,false,false
F1571,-0.02166437889399908,0.009383667692000896,0.5249977173175397,2.8465480065153133e-6,0.5,false,false,false,false,false,false,false
F1572,-0.035409181752934,0.010436139394197788,0.5725519428204375,0.0012564160142269848,0.5,false,false,false,false,false,false,false
F1573,-0.003424934874139624,0.010883318557323806,0.5890254436079447,0.0015344064001137849,0.0,false,false,false,false,false,false,false
F1574,-0.002702825944658112,0.009383667692000896,0.5249977173175397,2.8465480065153133e-6,0.0,false,false,false,false,false,false,false
F1575,-0.003098459129115562,0.010478399546388734,0.5733388288732113,0.0008565534548230239,0.0,false,false,false,false,false,false,false
F1576,0.0001451221890410903,0.008547912678740421,0.4708785832489575,2.8617286650170836e-6,0.5,false,false,false,false,false,false,false
F1577,-0.011261383483369846,0.009237696365261488,0.516841562240295,2.8465480065153133e-6,0.5,false,false,false,false,false,false,false
F1578,0.006390758167337404,0.008799668782599461,0.4830172271758972,0.00003146931496012222,0.5,false,false,false,false,false,false,false
F1579,-0.0035760901244688073,0.008747064082234315,0.4795589933016515,0.0001844304504480277,0.0,false,false,false,false,false,false,false
F1580,-0.0029766511506265337,0.00925629963701748,0.5175004191571132,2.8465480065153133e-6,0.0,false,false,false,false,false,false,false
F1581,-0.005669459920480074,0.00870480721289869,0.4692963546259704,0.0001516139410735821,0.0,false,false,false,false,false,false,false
F1582,-0.004014057742467416,0.01091558932123178,0.5897232595680322,0.0015364592179932985,0.0,false,false,false,false,false,false,false
F1583,-0.0036206994855467523,0.010223039173216607,0.5636458294774508,0.0013757622672596692,0.0,false,false,false,false,false,false,false
F1584,-0.019914437297778087,0.009713953592937972,0.5400345970194481,0.0004786137551855014,0.5,false,false,false,false,false,false,false
F1585,-0.0038114238562747087,0.010979306365218594,0.5923200960885927,0.002075081690719953,0.0,false,false,false,false,false,false,false
F1586,-0.003297028666235408,0.010227969307656513,0.5636666512431365,0.0013886974480286367,0.0,false,false,false,false,false,false,false
F1587,-0.00567910903387654,0.009751278268612659,0.5418897115527683,0.0006370168550279302,0.0,false,false,false,false,false,false,false
F1588,-0.006129025144009174,0.009249028601387687,0.5171494790702696,0.000018513828630388068,0.0,false,false,false,false,false,false,false
F1589,-0.0030935002358267166,0.009050058207309348,0.506925263356777,0.000018513828630388068,0.5,false,false,false,false,false,false,false
F1590,-0.008279863223598636,0.009186570983359978,0.5138584370565736,0.000018513828630388068,0.0,false,false,false,false,false,false,false
F1591,-0.0021520190401862595,0.009251684892705659,0.517284822475168,0.000018513828630388068,0.0,false,false,false,false,false,false,false
F1592,-0.0019412515676602848,0.009051374214468427,0.5069704022456659,0.000018513828630388068,0.0,false,false,false,false,false,false,false
F1593,-0.0023051976739010983,0.009189108860127693,0.513920861866864,0.000018513828630388068,0.0,false,false,false,false,false,false,false
F1594,-0.012983933411773252,0.008491747289149395,0.4730551130363305,0.004200279705793087,0.0,false,false,false,false,false,false,false
F1595,-0.012628285887165715,0.00998134851905519,0.5338828918574647,0.0018022881833071704,0.0,false,false,false,false,false,false,false
F1596,-0.008818399661805828,0.010179339039988269,0.5307179645340461,0.0038554262941611376,0.0,false,false,false,false,false,false,false
F1597,-0.003693581363471865,0.03787800754242755,0.8065309699948828,0.0091410623319773,0.0,false,false,false,false,false,false,false
F1598,-0.003435121603782088,0.023267148465165602,0.7665690073688183,0.00725964244574882,0.0,false,false,false,false,false,false,false
F1599,-0.003922814059117226,0.02080009993283253,0.7547394566562513,0.008329012515214833,0.0,false,false,false,false,false,false,false
F1600,-0.012517440879981682,0.008416671220856793,0.4709297451397735,0.004301241230370353,0.0,false,false,false,false,false,false,false
F1601,-0.012445964577991644,0.008551239802405278,0.4754770797269491,0.0019527814825226076,0.0,false,false,false,false,false,false,false
F1602,-0.007979358404354896,0.010282935575579471,0.5351174859056151,0.0043433371369161035,0.0,false,false,false,false,false,false,false
F1603,-0.005003339820744887,0.02295496522728665,0.764307985782227,0.0072502516397220315,0.0,false,false,false,false,false,false,false
F1604,-0.004539622852811898,0.015549498322230057,0.6989528867858452,0.00506674878440496,0.0,false,false,false,false,false,false,false
F1605,-0.0051904544765547485,0.01821402553262204,0.731626843338668,0.00831412328221925,0.0,false,false,false,false,false,false,false
F1606,-0.012517440879981682,0.008416671220856793,0.4709297451397735,0.004301241230370353,0.0,false,false,false,false,false,false,false
F1607,-0.012445964577991644,0.008551239802405278,0.4754770797269491,0.0019527814825226076,0.0,false,false,false,false,false,false,false
F1608,-0.007979358404354896,0.010282935575579471,0.5351174859056151,0.0043433371369161035,0.0,false,false,false,false,false,false,false
F1609,-0.005003339820744887,0.02295496522728665,0.764307985782227,0.0072502516397220315,0.0,false,false,false,false,false,false,false
F1610,-0.004539622852811898,0.015549498322230057,0.6989528867858452,0.00506674878440496,0.0,false,false,false,false,false,false,false
F1611,-0.0051904544765547485,0.01821402553262204,0.731626843338668,0.00831412328221925,0.0,false,false,false,false,false,false,false
F1612,0.02487975065370751,0.016011937005047525,0.5530417892610495,0.0006020298923155764,0.5,false,false,false,false,false,false,false
F1613,0.0,0.008918738132841702,0.5,0.000018513828630388068,0.0,false,false,false,false,false,false,false
F1614,0.02487975065370751,0.016011937005047525,0.5530417892610495,0.0006020298923155764,0.5,false,false,false,false,false,false,false
F1615,0.011142413065698013,0.012988924774693916,0.5516307395945608,0.000693934590215816,0.0,false,false,false,false,false,false,false
F1616,0.0,0.008918738132841702,0.5,0.000018513828630388068,0.0,false,false,false,false,false,false,false
F1617,0.011142413065698013,0.012988924774693916,0.5516307395945608,0.000693934590215816,0.0,false,false,false,false,false,false,false
F1618,-0.018450996972145955,0.00953279471483778,0.5310854039422542,0.000018513828630388068,0.5,false,false,false,false,false,false,false
F1619,-0.0009969083229589616,0.008809360345406756,0.5,0.000018513828630388068,0.5,false,false,false,false,false,false,false
F1620,-0.01844108334310466,0.00953279471483778,0.5310854039422542,0.000018513828630388068,0.5,false,false,false,false,false,false,false
F1621,-0.004644463239263687,0.009538753196651909,0.530439570608921,0.000018513828630388068,0.0,false,false,false,false,false,false,false
F1622,-0.0009969083229589618,0.008809360345406756,0.5,0.000018513828630388068,0.5,false,false,false,false,false,false,false
F1623,-0.004643346155152505,0.009538753196651909,0.530439570608921,0.000018513828630388068,0.0,false,false,false,false,false,false,false
F1624,-0.018360988884495683,0.010045041839827847,0.556048892590536,0.0011809601790230533,0.5,false,false,false,false,false,false,false
F1625,-0.003114594223461693,0.008974250804867778,0.5031108334875686,0.000018513828630388068,0.5,false,false,false,false,false,false,false
F1626,-0.020801132580947103,0.009985514277619536,0.553398843416693,0.0011109795010399498,0.5,false,false,false,false,false,false,false
F1627,-0.0034841493986255815,0.010047242291243983,0.5561436638323662,0.0008751453428329224,0.0,false,false,false,false,false,false,false
F1628,-0.002456210234739195,0.008974250804867778,0.5031108334875686,0.000018513828630388068,0.0,false,false,false,false,false,false,false
F1629,-0.0025659203986633885,0.009986925151287022,0.5534249872075426,0.0009212297414723166,0.0,false,false,false,false,false,false,false
F1630,0.00247183665910193,0.01118152479433901,0.5358797839027337,0.000018513828630388068,0.5,false,false,false,false,false,false,false
F1631,-0.004567144116945283,0.008972411673322394,0.5029997223764575,0.000018513828630388068,0.5,false,false,false,false,false,false,false
F1632,0.004275194119659464,0.011570782936131313,0.5382539667958615,0.000018513828630388068,0.5,false,false,false,false,false,false,false
F1633,-0.004814611445754414,0.010472849811595806,0.5339533327073196,0.000018513828630388068,0.0,false,false,false,false,false,false,false
F1634,-0.003149286853557883,0.008972411673322394,0.5029997223764575,0.000018513828630388068,0.0,false,false,false,false,false,false,false
F1635,-0.0038614491822236154,0.010695124136159962,0.5364294316792051,0.000018513828630388068,0.0,false,false,false,false,false,false,false
F1636,-0.012306290166002355,0.012021830585409475,0.6041005430443507,0.00147111566607403,0.0,false,false,false,false,false,false,false
F1637,-0.007832067629493365,0.011278278862891828,0.5807515644676342,0.0010359349699821095,0.0,false,false,false,false,false,false,false
F1638,-0.014128427515185183,0.011303387451008536,0.5971028083753398,0.002461422798790356,0.0,false,false,false,false,false,false,false
F1639,-0.004728586684486941,0.013765385446768974,0.6698463219870587,0.004010420134427043,0.0,false,false,false,false,false,false,false
F1640,-0.004362103234138509,0.012390745798551006,0.6374860083631824,0.003135726280460358,0.0,false,false,false,false,false,false,false
F1641,-0.0043876427988723985,0.011348086311478421,0.6043129890166321,0.0023504840380830605,0.0,false,false,false,false,false,false,false
F1642,-0.0021163556046884433,0.012176118756193328,0.5839964328550225,0.00499233635190167,0.0,false,false,false,false,false,false,false
F1643,-0.007817027910311922,0.011786659876174665,0.586973643455161,0.0031002147352753124,0.0,false,false,false,false,false,false,false
F1644,0.02118262727254983,0.013124069272028383,0.6289323931103998,0.0048662587059315,0.0,false,false,false,false,false,false,false
F1645,-0.020498674886078056,0.009510594492170522,0.5292873508000275,0.005783362620732686,0.0,false,false,false,false,false,false,false
F1646,-0.012880717304003985,0.010004709653162408,0.5416120561425569,0.0027218786536243535,0.0,false,false,false,false,false,false,false
F1647,-0.029877929904303453,0.008491993198533158,0.47850841750498085,0.007350522926981247,0.0,false,false,false,false,false,false,false
F1648,-0.007842131266168579,0.012039721488483862,0.6104739884432396,0.001336454723896695,0.0,false,false,false,false,false,false,false
F1649,-0.006525057980293828,0.011093460251026196,0.5827770462941793,0.0006136508574764456,0.0,false,false,false,false,false,false,false
F1650,-0.004808861931917361,0.010122252876674268,0.5599383058794497,0.00165620502474002,0.0,false,false,false,false,false,false,false
F1651,-0.004083376368469968,0.012574659775780187,0.6378699565056449,0.003083206226653075,0.0,false,false,false,false,false,false,false
F1652,-0.004246573886446719,0.011455594835157979,0.6047686860603949,0.0020426908337205503,0.0,false,false,false,false,false,false,false
F1653,-0.002657237706712111,0.010122252876674268,0.5599383058794497,0.0013855272282992997,0.0,false,false,false,false,false,false,false
F1654,-0.00955512754583931,0.009954022478313607,0.5490684862576346,0.000324319637632213,0.0,false,false,false,false,false,false,false
F1655,-0.010525178950191318,0.009414873765462349,0.5260344619501511,0.000018513828630388068,0.0,false,false,false,false,false,false,false
F1656,-0.008175103070928993,0.009725336757349412,0.539795917777161,0.0005535129751278801,0.0,false,false,false,false,false,false,false
F1657,-0.012861441172600078,0.009962735425682908,0.5503009304244556,0.0005875491795199979,0.0,false,false,false,false,false,false,false
F1658,-0.00619059556528685,0.00941676669114217,0.5261525175057067,0.000018513828630388068,0.0,false,false,false,false,false,false,false
F1659,-0.011701182368936027,0.009734403299193246,0.5405561358658769,0.0005863545390741399,0.0,false,false,false,false,false,false,false
F1660,0.017926236121063248,0.012690042180286739,0.5126022637886359,0.000018513828630388068,0.5,false,false,false,false,false,false,false
F1661,-0.0014099190143688455,0.008920646371015542,0.5001111111111112,0.000018513828630388068,0.5,false,false,false,false,false,false,false
F1662,0.018043842261716094,0.012863653291397853,0.5126057360108582,0.000018513828630388068,0.5,false,false,false,false,false,false,false
F1663,0.013544063231243195,0.01776395091044547,0.5127307533623296,0.000018513828630388068,0.0,false,false,false,false,false,false,false
F1664,-0.0011277214367692795,0.008920646371015542,0.5001111111111112,0.000018513828630388068,0.5,false,false,false,false,false,false,false
F1665,0.0135943959444056,0.01776395091044547,0.5127307533623296,0.000018513828630388068,0.0,false,false,false,false,false,false,false
F1666,0.0,0.008918738132841702,0.5,0.000018513828630388068,0.0,false,false,false,false,false,false,false
F1667,0.0,0.008918738132841702,0.5,0.000018513828630388068,0.0,false,false,false,false,false,false,false
F1668,0.0,0.008918738132841702,0.5,0.000018513828630388068,0.0,false,false,false,false,false,false,false
F1669,0.0,0.008918738132841702,0.5,0.000018513828630388068,0.0,false,false,false,false,false,false,false
F1670,0.0,0.008918738132841702,0.5,0.000018513828630388068,0.0,false,false,false,false,false,false,false
F1671,0.0,0.008918738132841702,0.5,0.000018513828630388068,0.0,false,false,false,false,false,false,false
F1672,0.013535366078559301,0.01007525192402962,0.5081599998457648,0.000018513828630388068,0.5,false,false,false,false,false,false,false
F1673,0.013535366078559301,0.01007525192402962,0.5081599998457648,0.000018513828630388068,0.5,false,false,false,false,false,false,false
F1674,0.0,0.008918738132841702,0.5,0.000018513828630388068,0.0,false,false,false,false,false,false,false
F1675,0.0010573662807351048,0.01295980396619036,0.5082120831790979,0.000018513828630388068,0.0,false,false,false,false,false,false,false
F1676,0.0010573662807351048,0.01295980396619036,0.5082120831790979,0.000018513828630388068,0.0,false,false,false,false,false,false,false
F1677,0.0,0.008918738132841702,0.5,0.000018513828630388068,0.0,false,false,false,false,false,false,false
F1678,-0.006153115423514603,0.00987358823619532,0.5476841627336665,0.0008048660929151614,0.0,false,false,false,false,false,false,false
F1679,-0.009752608366795656,0.009187470036808951,0.5147758961071011,0.000018513828630388068,0.5,false,false,false,false,false,false,false
F1680,-0.005561003135970611,0.00963569759268074,0.5363245843358628,0.000018513828630388068,0.0,false,false,false,false,false,false,false
F1681,-0.0037031033809590175,0.00988036152645861,0.547816101394287,0.0005863545390741399,0.0,false,false,false,false,false,false,false
F1682,-0.0050856552159121516,0.009187470036808951,0.514775896107101,0.000018513828630388068,0.0,false,false,false,false,false,false,false
F1683,-0.003192978110145619,0.009641412008718417,0.5364877517891296,0.000018513828630388068,0.0,false,false,false,false,false,false,false
F1684,-0.0035219493608479187,0.009109716429609524,0.48228396828377845,0.00001901928378902549,0.5,false,false,false,false,false,false,false
F1685,-0.0025049922753180255,0.008824422808643977,0.48362413764321205,0.000018513828630388068,0.5,false,false,false,false,false,false,false
F1686,-0.0026762671111785516,0.009682452640790632,0.5125195563557646,0.000018513828630388068,0.5,false,false,false,false,false,false,false
F1687,-0.003916649607726328,0.009129584006343418,0.4825159464558542,0.000025613668661529887,0.0,false,false,false,false,false,false,false
F1688,-0.004489718700390913,0.009022798180703367,0.5054493645505583,0.000018513828630388068,0.0,false,false,false,false,false,false,false
F1689,-0.0019820601384425893,0.010516018329639736,0.5135828657508719,0.000018513828630388068,0.0,false,false,false,false,false,false,false
F1690,-0.0035572058355348873,0.01135023194634835,0.6038699407418899,0.0017153609131697078,0.0,false,false,false,false,false,false,false
F1691,-0.0033307369366531994,0.010488578541816725,0.5739487938799434,0.0014305843172026302,0.0,false,false,false,false,false,false,false
F1692,-0.018075401054149714,0.009949259660202627,0.5500974160370237,0.0006143377194943987,0.5,false,false,false,false,false,false,false
F1693,-0.003597722751671874,0.011443479409830285,0.6067690047377454,0.0018453045448157115,0.0,false,false,false,false,false,false,false
F1694,-0.0032478541524034884,0.010491464120844252,0.5737683385773336,0.001372854154570765,0.0,false,false,false,false,false,false,false
F1695,-0.005909314766376998,0.010003103600874612,0.5524326507740799,0.0003785170901416234,0.0,false,false,false,false,false,false,false
F1696,-0.006774179227270519,0.009546535739914963,0.5320264108674193,9.965674358278266e-6,0.0,false,false,false,false,false,false,false
F1697,-0.004048606561189445,0.009255280070032717,0.5178827021253625,9.965674358278266e-6,0.0,false,false,false,false,false,false,false
F1698,-0.009347280455080022,0.009409975220638075,0.525249394626442,9.965674358278266e-6,0.0,false,false,false,false,false,false,false
F1699,-0.0030648837705446385,0.009552229810373342,0.5324393508236166,9.965674358278266e-6,0.0,false,false,false,false,false,false,false
F1700,-0.002766701494140785,0.009256951275199826,0.5179174243475847,9.965674358278266e-6,0.0,false,false,false,false,false,false,false
F1701,-0.0032287843756179943,0.009414363553357782,0.5256033029489791,9.965674358278266e-6,0.0,false,false,false,false,false,false,false
F1702,-0.017592277410983778,0.010031664176481632,0.5487869935638516,0.003778505992324421,0.0,false,false,false,false,false,false,false
F1703,-0.015809717737058727,0.010371950006861965,0.5537923057224926,0.0023261105232092595,0.0,false,false,false,false,false,false,false
F1704,-0.015452869458493277,0.008586874411194479,0.47741102403621083,0.004451328527995042,0.0,false,false,false,false,false,false,false
F1705,-0.0034517775985631605,0.04031252662746569,0.809685304188305,0.009655918287807682,0.0,false,false,false,false,false,false,false
F1706,-0.0033067653555163765,0.02909514983555906,0.7894640012538422,0.008505273699932309,0.0,false,false,false,false,false,false,false
F1707,-0.0035559353208470448,0.02283662404889256,0.770215450612042,0.007603699004725912,0.0,false,false,false,false,false,false,false
F1708,-0.017159949119834185,0.00997450765746596,0.5436138528704098,0.003935507086170355,0.0,false,false,false,false,false,false,false
F1709,-0.01563525103906884,0.01029612987494721,0.5465437455543942,0.002397056312574038,0.0,false,false,false,false,false,false,false
F1710,-0.014628625877848458,0.008521532662298652,0.47441545024913534,0.004478553185015868,0.0,false,false,false,false,false,false,false
F1711,-0.0047557511671623455,0.023873300194914675,0.7697082235540894,0.007338674750804187,0.0,false,false,false,false,false,false,false
F1712,-0.004010421270408912,0.01721187200577941,0.719313867817625,0.005541741633166392,0.0,false,false,false,false,false,false,false
F1713,-0.005582045141744701,0.01992713823488374,0.7490671476993536,0.00824562944624635,0.0,false,false,false,false,false,false,false
F1714,-0.017159949119834185,0.00997450765746596,0.5436138528704098,0.003935507086170355,0.0,false,false,false,false,false,false,false
F1715,-0.01563525103906884,0.01029612987494721,0.5465437455543942,0.002397056312574038,0.0,false,false,false,false,false,false,false
F1716,-0.014628625877848458,0.008521532662298652,0.47441545024913534,0.004478553185015868,0.0,false,false,false,false,false,false,false
F1717,-0.0047557511671623455,0.023873300194914675,0.7697082235540894,0.007338674750804187,0.0,false,false,false,false,false,false,false
F1718,-0.004010421270408912,0.01721187200577941,0.719313867817625,0.005541741633166392,0.0,false,false,false,false,false,false,false
F1719,-0.005582045141744701,0.01992713823488374,0.7490671476993536,0.00824562944624635,0.0,false,false,false,false,false,false,false
F1720,0.018103806907717197,0.013953262966276789,0.5448577645452961,0.0003817432811845302,0.5,false,false,false,false,false,false,false
F1721,0.0,0.008918738132841702,0.5,9.965674358278266e-6,0.0,false,false,false,false,false,false,false
F1722,0.018103806907717197,0.013953262966276789,0.5448577645452961,0.0003817432811845302,0.5,false,false,false,false,false,false,false
F1723,0.002909790270543751,0.011922062231441046,0.5429772789853494,0.00014572514888937243,0.0,false,false,false,false,false,false,false
F1724,0.0,0.008918738132841702,0.5,9.965674358278266e-6,0.0,false,false,false,false,false,false,false
F1725,0.002909790270543751,0.011922062231441046,0.5429772789853494,0.00014572514888937243,0.0,false,false,false,false,false,false,false
F1726,-0.018204420531523748,0.009889788821901353,0.5480735790846044,0.0006178362214294867,0.5,false,false,false,false,false,false,false
F1727,-0.0022420559119199364,0.00892659283753514,0.5004444135973842,9.965674358278266e-6,0.5,false,false,false,false,false,false,false
F1728,-0.018175688461942844,0.009887170175630653,0.5479522555551927,0.000615645085090169,0.5,false,false,false,false,false,false,false
F1729,-0.004647637025728232,0.009899351661453048,0.5471967408493104,0.0002410463245388748,0.0,false,false,false,false,false,false,false
F1730,-0.0014654459044732382,0.00892659283753514,0.5004444135973842,9.965674358278266e-6,0.5,false,false,false,false,false,false,false
F1731,-0.004582297027107755,0.009896793950640942,0.5470788895421208,0.00023942227746048242,0.0,false,false,false,false,false,false,false
F1732,-0.018172272199213423,0.01046511893511117,0.5739651264910924,0.001657708287826516,0.0,false,false,false,false,false,false,false
F1733,-0.002908384233761438,0.008986114081484118,0.5037774076130545,9.965674358278266e-6,0.5,false,false,false,false,false,false,false
F1734,-0.02097974748628,0.010385629815013073,0.5706909868518941,0.0015659459168072451,0.0,false,false,false,false,false,false,false
F1735,-0.0034756120155313955,0.010466798368832991,0.57395859054338,0.000961085380861396,0.0,false,false,false,false,false,false,false
F1736,-0.0025997371143186756,0.008986114081484118,0.5037774076130545,9.965674358278266e-6,0.0,false,false,false,false,false,false,false
F1737,-0.0027416953734438814,0.010386627011561178,0.5706288953486263,0.0008740996858777285,0.0,false,false,false,false,false,false,false
F1738,-0.0013012838230592695,0.009776061471233957,0.5179227304955852,0.00007643369592536251,0.5,false,false,false,false,false,false,false
F1739,-0.005377387564221615,0.008996241825981816,0.5043328706274292,9.965674358278266e-6,0.5,false,false,false,false,false,false,false
F1740,0.0002571853602309698,0.01000840593102966,0.5206432299321728,0.00009759108373871306,0.5,false,false,false,false,false,false,false
F1741,-0.005938069159519189,0.009516929748940677,0.5154551098155346,0.00001349596800222462,0.0,false,false,false,false,false,false,false
F1742,-0.0029546353703243967,0.008996241825981816,0.5043328706274292,9.965674358278266e-6,0.0,false,false,false,false,false,false,false
F1743,-0.00522142036433064,0.009668298926420058,0.5182534317354556,0.00001955980893413255,0.0,false,false,false,false,false,false,false
F1744,-0.013551851443606244,0.013107452379653741,0.6280035061313068,0.0018013652781744074,0.0,false,false,false,false,false,false,false
F1745,-0.008975613023610557,0.012147990096928366,0.6043244779588681,0.0017662965576481743,0.0,false,false,false,false,false,false,false
F1746,-0.016024836936411702,0.011568940108175541,0.6069008560739676,0.002490733648593727,0.0,false,false,false,false,false,false,false
F1747,-0.0043927083995724545,0.015123944425626454,0.6913918658570221,0.004558627921664509,0.0,false,false,false,false,false,false,false
F1748,-0.0037098325708544238,0.013462247815280163,0.6596715012629151,0.003199121616046272,0.0,false,false,false,false,false,false,false
F1749,-0.004782288861958557,0.011626284455333114,0.614001798655794,0.002966441736740391,0.0,false,false,false,false,false,false,false
F1750,-0.009629387531381262,0.010539519477990264,0.5560765644449525,0.005015787528456666,0.0,false,false,false,false,false,false,false
F1751,-0.011922958086541978,0.011186762285067816,0.5743493679074443,0.0032222614021153754,0.0,false,false,false,false,false,false,false
F1752,0.007841770293123133,0.011990924964799721,0.5975169950290871,0.004462905467260375,0.0,false,false,false,false,false,false,false
F1753,-0.021403004068234432,0.009944676762965171,0.5489495938621608,0.007189468609723618,0.0,false,false,false,false,false,false,false
F1754,-0.014409027563588226,0.009569267144017757,0.5285289719672803,0.0027708663824688763,0.0,false,false,false,false,false,false,false
F1755,-0.03496801159602562,0.008992135003450048,0.5069073539164879,0.0061913555259857644,0.0,false,false,false,false,false,false,false
F1756,-0.008806517757749195,0.013227272852189428,0.6358566904551937,0.0027467425248749802,0.0,false,false,false,false,false,false,false
F1757,-0.007336702670525032,0.01209988461915939,0.6089158332289977,0.0010054782404169652,0.0,false,false,false,false,false,false,false
F1758,-0.005808984245987532,0.01042601978370547,0.5728259608859275,0.0020273113296150843,0.0,false,false,false,false,false,false,false
F1759,-0.003746175755521094,0.013775790734680545,0.6619468235239682,0.003307721117888334,0.0,false,false,false,false,false,false,false
F1760,-0.003622951275728818,0.01245309171952893,0.6299543304736295,0.00216801342046136,0.0,false,false,false,false,false,false,false
F1761,-0.0032331112204001125,0.01042601978370547,0.5728259608859275,0.001372854154570765,0.0,false,false,false,false,false,false,false
F1762,-0.009985778205566452,0.010082766967190553,0.5545666007310752,0.0003205299085722269,0.0,false,false,false,false,false,false,false
F1763,-0.010020776152751883,0.00945101423237137,0.5276374872755876,9.965674358278266e-6,0.0,false,false,false,false,false,false,false
F1764,-0.008616455292814162,0.009909313856439414,0.5481594870133877,0.00042115666959363694,0.0,false,false,false,false,false,false,false
F1765,-0.012060274965915269,0.010104759311008375,0.5561913404590042,0.0005782813468998829,0.0,false,false,false,false,false,false,false
F1766,-0.004519312640400866,0.00945626539713936,0.5279082434912702,9.965674358278266e-6,0.0,false,false,false,false,false,false,false
F1767,-0.01208364012856839,0.00991968610176491,0.5490864083996545,0.0005794754229228308,0.0,false,false,false,false,false,false,false
F1768,0.005560414759745204,0.011191458087952648,0.5072277245665988,9.965674358278266e-6,0.5,false,false,false,false,false,false,false
F1769,-0.0019928218669941463,0.008922589165433894,0.5002222222222222,9.965674358278266e-6,0.5,false,false,false,false,false,false,false
F1770,0.005629573804094691,0.011191458087952648,0.5072346690110432,9.965674358278266e-6,0.5,false,false,false,false,false,false,false
F1771,0.006057904916947665,0.014063958092805594,0.5074673059719909,9.965674358278266e-6,0.0,false,false,false,false,false,false,false
F1772,-0.0012032749581108134,0.008922589165433894,0.5002222222222222,9.965674358278266e-6,0.5,false,false,false,false,false,false,false
F1773,0.006080643596401075,0.014063958092805594,0.5074673059719909,9.965674358278266e-6,0.0,false,false,false,false,false,false,false
F1774,0.0,0.008918738132841702,0.5,9.965674358278266e-6,0.0,false,false,false,false,false,false,false
F1775,0.0,0.008918738132841702,0.5,9.965674358278266e-6,0.0,false,false,false,false,false,false,false
F1776,0.0,0.008918738132841702,0.5,9.965674358278266e-6,0.0,false,false,false,false,false,false,false
F1777,0.0,0.008918738132841702,0.5,9.965674358278266e-6,0.0,false,false,false,false,false,false,false
F1778,0.0,0.008918738132841702,0.5,9.965674358278266e-6,0.0,false,false,false,false,false,false,false
F1779,0.0,0.008918738132841702,0.5,9.965674358278266e-6,0.0,false,false,false,false,false,false,false
F1780,0.004040980485253697,0.009044720361663247,0.495042376149053,9.965674358278266e-6,0.5,false,false,false,false,false,false,false
F1781,0.004040980485253697,0.009044720361663247,0.495042376149053,9.965674358278266e-6,0.5,false,false,false,false,false,false,false
F1782,0.0,0.008918738132841702,0.5,9.965674358278266e-6,0.0,false,false,false,false,false,false,false
F1783,-0.0011728662863715092,0.010918835066668828,0.504309737260164,9.965674358278266e-6,0.0,false,false,false,false,false,false,false
F1784,-0.0011728662863715092,0.010918835066668828,0.504309737260164,9.965674358278266e-6,0.0,false,false,false,false,false,false,false
F1785,0.0,0.008918738132841702,0.5,9.965674358278266e-6,0.0,false,false,false,false,false,false,false
F1786,-0.006811069206832801,0.01034496686566903,0.5673770590412733,0.0013027180073246197,0.0,false,false,false,false,false,false,false
F1787,-0.010052666852570875,0.009266002736831445,0.5189421309149238,9.965674358278266e-6,0.5,false,false,false,false,false,false,false
F1788,-0.006156610125656175,0.010039704683151579,0.5541461283083472,0.00096887385055315,0.0,false,false,false,false,false,false,false
F1789,-0.004658843844044069,0.010355594594669873,0.5682342872786723,0.0005782813468998829,0.0,false,false,false,false,false,false,false
F1790,-0.004978758031414567,0.009266002736831445,0.5189421309149238,9.965674358278266e-6,0.0,false,false,false,false,false,false,false
F1791,-0.003921604164267494,0.01004884716730611,0.554909662456043,0.0005806700743231901,0.0,false,false,false,false,false,false,false
F1792,-0.007507447642353867,0.008651770708842262,0.4762066609009882,0.00001362010728956884,0.0,false,false,false,false,false,false,false
F1793,-0.007274818822169888,0.00908831178821393,0.5087258181729105,9.965674358278266e-6,0.0,false,false,false,false,false,false,false
F1794,-0.005022114624597846,0.008830424170463239,0.48116530576694866,0.00008186831316345861,0.0,false,false,false,false,false,false,false
F1795,-0.003769340588766899,0.008680400295954061,0.4757842596297264,0.000023945880061758333,0.0,false,false,false,false,false,false,false
F1796,-0.004373661485187085,0.00909640519363616,0.5093091938075435,9.965674358278266e-6,0.0,false,false,false,false,false,false,false
F1797,-0.0021451346491981257,0.009970663680514283,0.516860547358403,0.00015461445107114085,0.0,false,false,false,false,false,false,false
F1798,-0.0033951054851583343,0.011299488191340527,0.600644652072378,0.0013503428972555544,0.0,false,false,false,false,false,false,false
F1799,-0.003242478132610584,0.010293741117866125,0.5652955943366612,0.0014621499895048691,0.0,false,false,false,false,false,false,false
F1800,-0.014907255593100632,0.01014123598591667,0.5573937600026129,0.0006617669295030873,0.5,false,false,false,false,false,false,false
F1801,-0.0034208498055296184,0.01146975354400854,0.6065344880340623,0.0019230814467076968,0.0,false,false,false,false,false,false,false
F1802,-0.0031739042508572403,0.010316161119465412,0.565134954868029,0.000912306320492669,0.0,false,false,false,false,false,false,false
F1803,-0.004514280766192221,0.010192200567412131,0.5595283765736536,0.0006547623988758494,0.0,false,false,false,false,false,false,false
F1804,-0.007777210782789715,0.009960700720667957,0.5508501623326547,0.0007564662604527485,0.0,false,false,false,false,false,false,false
F1805,-0.005575173807830611,0.00975973267407905,0.5429742002899623,5.693725892725461e-6,0.0,false,false,false,false,false,false,false
F1806,-0.009546234345411988,0.009617671969974926,0.5349455298753779,0.00043834799537730267,0.0,false,false,false,false,false,false,false
F1807,-0.005436555970265902,0.009970492991988971,0.5514573192362267,0.0005736499960019754,0.0,false,false,false,false,false,false,false
F1808,-0.0053754630287010914,0.009762507750012065,0.5430089225121846,5.693725892725461e-6,0.0,false,false,false,false,false,false,false
F1809,-0.004936313706668753,0.00962617744907442,0.5354763557282991,0.0005736499960019754,0.0,false,false,false,false,false,false,false
F1810,-0.02113753839150476,0.011236529089088483,0.5930701952074555,0.004660001561436873,0.0,false,false,false,false,false,false,false
F1811,-0.017879047664835043,0.011570167032606401,0.5910295332250057,0.002568818048791943,0.0,false,false,false,false,false,false,false
F1812,-0.019425238451070685,0.010410997438603155,0.561690325341223,0.0037219589770268735,0.0,false,false,false,false,false,false,false
F1813,-0.003367080153140236,0.041703140166737304,0.8146069170449968,0.009579657703901056,0.0,false,false,false,false,false,false,false
F1814,-0.0033076500695977343,0.03432490324210552,0.8023061207825718,0.00897565711209401,0.0,false,false,false,false,false,false,false
F1815,-0.003389149496173628,0.024847026924147773,0.7876686367958252,0.009225775102608441,0.0,false,false,false,false,false,false,false
F1816,-0.020689194850977286,0.011000692331214073,0.5864999090465355,0.004576137392393798,0.0,false,false,false,false,false,false,false
F1817,-0.0176982362052057,0.011120811822371629,0.5827936904379556,0.0026941828450042413,0.0,false,false,false,false,false,false,false
F1818,-0.018591388606006194,0.010251947264647057,0.5534848788164164,0.004226582256000546,0.0,false,false,false,false,false,false,false
F1819,-0.0040417403421172905,0.025050404006231663,0.7838024302493531,0.008714867197533237,0.0,false,false,false,false,false,false,false
F1820,-0.0035735659395219723,0.019310629934073877,0.7441379807151437,0.00972771890519286,0.0,false,false,false,false,false,false,false
F1821,-0.0043264909514552675,0.022031400296809472,0.7710922910020941,0.008762325869010953,0.0,false,false,false,false,false,false,false
F1822,-0.020689194850977286,0.011000692331214073,0.5864999090465355,0.004576137392393798,0.0,false,false,false,false,false,false,false
F1823,-0.0176982362052057,0.011120811822371629,0.5827936904379556,0.0026941828450042413,0.0,false,false,false,false,false,false,false
F1824,-0.018591388606006194,0.010251947264647057,0.5534848788164164,0.004226582256000546,0.0,false,false,false,false,false,false,false
F1825,-0.0040417403421172905,0.025050404006231663,0.7838024302493531,0.008714867197533237,0.0,false,false,false,false,false,false,false
F1826,-0.0035735659395219723,0.019310629934073877,0.7441379807151437,0.00972771890519286,0.0,false,false,false,false,false,false,false
F1827,-0.0043264909514552675,0.022031400296809472,0.7710922910020941,0.008762325869010953,0.0,false,false,false,false,false,false,false
F1828,0.011599128564919266,0.01381091938348851,0.5448439790847859,0.00013752587817514198,0.0,false,false,false,false,false,false,false
F1829,0.0,0.008918738132841702,0.5,5.693725892725461e-6,0.0,false,false,false,false,false,false,false
F1830,0.011599128564919266,0.01381091938348851,0.5448439790847859,0.00013752587817514198,0.0,false,false,false,false,false,false,false
F1831,0.0035460311791732676,0.013083734883978538,0.5428463590715762,0.00010767309149351942,0.0,false,false,false,false,false,false,false
F1832,0.0,0.008918738132841702,0.5,5.693725892725461e-6,0.0,false,false,false,false,false,false,false
F1833,0.0035460311791732676,0.013083734883978538,0.5428463590715762,0.00010767309149351942,0.0,false,false,false,false,false,false,false
F1834,-0.01878895018122826,0.010642339616226217,0.5791041594085349,0.0010895786871218934,0.0,false,false,false,false,false,false,false
F1835,-0.00268911251246308,0.008939430797260874,0.5011666049725461,5.693725892725461e-6,0.5,false,false,false,false,false,false,false
F1836,-0.019347892721715415,0.010633759031339585,0.5787575807784708,0.0010821408251702905,0.0,false,false,false,false,false,false,false
F1837,-0.0068710180546329895,0.01065628038006645,0.5778318963366396,0.0010568978983872851,0.0,false,false,false,false,false,false,false
F1838,-0.0022275327504496798,0.008939430797260874,0.5011666049725461,5.693725892725461e-6,0.5,false,false,false,false,false,false,false
F1839,-0.006777944693312926,0.010647272468709851,0.5774681608438303,0.0010501582821921198,0.0,false,false,false,false,false,false,false
F1840,-0.014869035867833709,0.010415164255173151,0.5697954753713442,0.0011176953535257596,0.0,false,false,false,false,false,false,false
F1841,-0.002699987230517798,0.009003243932830491,0.504721759516318,5.693725892725461e-6,0.5,false,false,false,false,false,false,false
F1842,-0.017270855643631827,0.0103159814617555,0.5657597514135212,0.000809047494987164,0.0,false,false,false,false,false,false,false
F1843,-0.0034189337079963246,0.01040278531982331,0.5671918907161236,0.0012263361701313068,0.0,false,false,false,false,false,false,false
F1844,-0.0027064396561835356,0.009003243932830491,0.5047217595163181,5.693725892725461e-6,0.0,false,false,false,false,false,false,false
F1845,-0.0038792168053639457,0.010300738067182241,0.5629846193382034,0.0009716937366428338,0.0,false,false,false,false,false,false,false
F1846,-0.014262328302703811,0.010626686475194984,0.5734898645859418,0.0006287471159958097,0.0,false,false,false,false,false,false,false
F1847,-0.005551732878498655,0.009044598445508967,0.506999321364674,5.693725892725461e-6,0.5,false,false,false,false,false,false,false
F1848,-0.01419772671367555,0.010528462942629315,0.5697574706590022,0.0005811387572096203,0.0,false,false,false,false,false,false,false
F1849,-0.002770835349661031,0.010891077785360909,0.580408597325197,0.000998754872585636,0.0,false,false,false,false,false,false,false
F1850,-0.0015024485684314982,0.009044598445508967,0.506999321364674,5.693725892725461e-6,0.0,false,false,false,false,false,false,false
F1851,-0.0064354659589106475,0.010786030652752337,0.5765467195739113,0.001014414663149792,0.0,false,false,false,false,false,false,false
F1852,-0.014200905150623982,0.014424174085049141,0.6508965353307712,0.0026135455405394254,0.0,false,false,false,false,false,false,false
F1853,-0.009842442984959357,0.013641798867485047,0.6317602259138895,0.0024412176351796128,0.0,false,false,false,false,false,false,false
F1854,-0.015407398211862466,0.012030534957394198,0.6187511140098275,0.002320075334907665,0.0,false,false,false,false,false,false,false
F1855,-0.003666608693974885,0.016666816188851314,0.7137372402042439,0.004740974197039656,0.0,false,false,false,false,false,false,false
F1856,-0.00332521618806539,0.01511971734710885,0.6886422089171594,0.004023121366913202,0.0,false,false,false,false,false,false,false
F1857,-0.0036640718644723232,0.012036931803570875,0.6269328290519428,0.0029623836046938808,0.0,false,false,false,false,false,false,false
F1858,-0.015709120139741246,0.008529523964710886,0.474413704895247,0.005251183420569606,0.0,false,false,false,false,false,false,false
F1859,-0.014734727280586177,0.00995945622236,0.541217449093278,0.003385953846043817,0.0,false,false,false,false,false,false,false
F1860,-0.005967268248366736,0.010965806416699687,0.562637878647665,0.004532778891326716,0.0,false,false,false,false,false,false,false
F1861,-0.021316508580769992,0.010654742420255417,0.5781830178767787,0.006618455283532154,0.0,false,false,false,false,false,false,false
F1862,-0.014782645906630892,0.007991744708006374,0.4539400149426789,0.004377544831911695,0.0,false,false,false,false,false,false,false
F1863,-0.039478660173719975,0.00945342843514045,0.5289248495298546,0.005733219516178761,0.0,false,false,false,false,false,false,false
F1864,-0.00922210675998631,0.014780939585380692,0.6630920404831375,0.0030138070893255594,0.0,false,false,false,false,false,false,false
F1865,-0.008542300795576968,0.013414565571778836,0.6375161749735986,0.00228558504640142,0.0,false,false,false,false,false,false,false
F1866,-0.0039726227213646,0.010698962195123353,0.5833583348756864,0.001390282850852434,0.0,false,false,false,false,false,false,false
F1867,-0.0033324691625263984,0.015348926895053705,0.6896910432158242,0.0036764191940417143,0.0,false,false,false,false,false,false,false
F1868,-0.0032653606985888137,0.013758792427203025,0.6588259624736439,0.003037312356793734,0.0,false,false,false,false,false,false,false
F1869,-0.002842341596330104,0.01070860213919561,0.5837539484237153,0.0013681049681291745,0.0,false,false,false,false,false,false,false
F1870,-0.010654375492241502,0.01039672894491817,0.5677768812850885,0.00038397141430770694,0.0,false,false,false,false,false,false,false
F1871,-0.009944168910454543,0.009659640223207097,0.5377336394904065,5.693725892725461e-6,0.0,false,false,false,false,false,false,false
F1872,-0.00916996983505471,0.010108612637169606,0.5570786272287,0.00045093682029929787,0.0,false,false,false,false,false,false,false
F1873,-0.013418190301833893,0.010419445544582653,0.5694120858782157,0.0008596793367437372,0.0,false,false,false,false,false,false,false
F1874,-0.005828205877641557,0.009663528254730097,0.5379245596582146,5.693725892725461e-6,0.0,false,false,false,false,false,false,false
F1875,-0.012554527558913784,0.010120098392205745,0.5580542002128447,0.0005748435022136291,0.0,false,false,false,false,false,false,false
F1876,-0.0023192448957861257,0.010115121030926263,0.5051174656055278,5.693725892725461e-6,0.0,false,false,false,false,false,false,false
F1877,-0.001992160190920301,0.008922589165433894,0.5002222222222222,5.693725892725461e-6,0.5,false,false,false,false,false,false,false
F1878,-0.002299767196417047,0.010115121030926263,0.50512093782775,5.693725892725461e-6,0.0,false,false,false,false,false,false,false
F1879,0.0005510591201362391,0.012556236234290192,0.5056824088741549,5.693725892725461e-6,0.0,false,false,false,false,false,false,false
F1880,-0.0012028754907623446,0.008922589165433894,0.5002222222222222,5.693725892725461e-6,0.5,false,false,false,false,false,false,false
F1881,0.0005582679330827384,0.012556236234290192,0.5056824088741549,5.693725892725461e-6,0.0,false,false,false,false,false,false,false
F1882,0.0,0.008918738132841702,0.5,5.693725892725461e-6,0.0,false,false,false,false,false,false,false
F1883,0.0,0.008918738132841702,0.5,5.693725892725461e-6,0.0,false,false,false,false,false,false,false
F1884,0.0,0.008918738132841702,0.5,5.693725892725461e-6,0.0,false,false,false,false,false,false,false
F1885,0.0,0.008918738132841702,0.5,5.693725892725461e-6,0.0,false,false,false,false,false,false,false
F1886,0.0,0.008918738132841702,0.5,5.693725892725461e-6,0.0,false,false,false,false,false,false,false
F1887,0.0,0.008918738132841702,0.5,5.693725892725461e-6,0.0,false,false,false,false,false,false,false
F1888,0.007644647672307587,0.009249402709574913,0.4833973139922265,5.693725892725461e-6,0.5,false,false,false,false,false,false,false
F1889,0.007644647672307587,0.009249402709574913,0.4833973139922265,5.693725892725461e-6,0.5,false,false,false,false,false,false,false
F1890,0.0,0.008918738132841702,0.5,5.693725892725461e-6,0.0,false,false,false,false,false,false,false
F1891,-0.001580258142553544,0.01289386372679197,0.5024945362144487,5.693725892725461e-6,0.0,false,false,false,false,false,false,false
F1892,-0.001580258142553544,0.01289386372679197,0.5024945362144487,5.693725892725461e-6,0.0,false,false,false,false,false,false,false
F1893,0.0,0.008918738132841702,0.5,5.693725892725461e-6,0.0,false,false,false,false,false,false,false
F1894,-0.007196634227496279,0.011024223416727905,0.593970886158924,0.0018371698321206073,0.0,false,false,false,false,false,false,false
F1895,-0.010149468229346054,0.009374564145392358,0.5245527484730704,5.693725892725461e-6,0.0,false,false,false,false,false,false,false
F1896,-0.006576726228266913,0.010614357617031982,0.5783804282887504,0.000640126977330582,0.0,false,false,false,false,false,false,false
F1897,-0.004163236666584892,0.011051398550001241,0.5953100325754029,0.0018393784269814728,0.0,false,false,false,false,false,false,false
F1898,-0.004463808591414792,0.009374564145392358,0.5245527484730704,5.693725892725461e-6,0.0,false,false,false,false,false,false,false
F1899,-0.003558021525588995,0.010637534605961152,0.5795650242421603,0.000861067618771323,0.0,false,false,false,false,false,false,false
F1900,-0.009377965145863865,0.008690150285803703,0.47543162216070967,0.0003794644028814654,0.0,false,false,false,false,false,false,false
F1901,-0.010557080413588684,0.009269996594439797,0.5181863470911222,5.693725892725461e-6,0.0,false,false,false,false,false,false,false
F1902,-0.0055505217359465035,0.009130807479113049,0.47944854188667885,0.00030441152205203944,0.0,false,false,false,false,false,false,false
F1903,-0.0036655719872255264,0.008667818662628791,0.47571245527176254,0.0004968798174704492,0.0,false,false,false,false,false,false,false
F1904,-0.004077294647410886,0.009279528987494644,0.5187169398899667,5.693725892725461e-6,0.0,false,false,false,false,false,false,false
F1905,-0.0021296005102374835,0.00867436754892094,0.4681812783067141,0.0001886524978189918,0.0,false,false,false,false,false,false,false
F1906,-0.02833001308661858,0.010948718307568375,0.5897345820268696,0.0015718570014653832,0.0,false,false,false,false,false,false,false
F1907,-0.02244582406441518,0.01022625632625521,0.5635000771176507,0.0008723656992307187,0.0,false,false,false,false,false,false,false
F1908,-0.02089797320430526,0.009744611406288047,0.5411775477403621,0.0003856684808793868,0.0,false,false,false,false,false,false,false
F1909,-0.008524290430994657,0.010975623025119449,0.5918966006539577,0.0016970881435111739,0.0,false,false,false,false,false,false,false
F1910,-0.007617618980452384,0.010227106677237576,0.5635833641803936,0.0008723656992307187,0.0,false,false,false,false,false,false,false
F1911,-0.006039778872329943,0.009753970337664645,0.5420175787416577,0.0008723656992307187,0.0,false,false,false,false,false,false,false
F1912,-0.009259666816740845,0.009247624683003209,0.5168579338639028,0.000018513828630388068,0.0,false,false,false,false,false,false,false
F1913,-0.006328578030113379,0.00905012017646606,0.5068349855789993,0.000018513828630388068,0.0,false,false,false,false,false,false,false
F1914,-0.008381630180545337,0.009186443173276337,0.5136363093034733,0.000018513828630388068,0.0,false,false,false,false,false,false,false
F1915,-0.002641598186304003,0.009251107436388606,0.5172223301869331,0.000018513828630388068,0.0,false,false,false,false,false,false,false
F1916,-0.0031832694387600637,0.009050681019874841,0.5068940133567771,0.000018513828630388068,0.0,false,false,false,false,false,false,false
F1917,-0.0018153365371704675,0.00918860062012698,0.5138653140230737,0.000018513828630388068,0.0,false,false,false,false,false,false,false
F1918,0.029831211034375447,0.011325749051521372,0.6019987818813439,0.0022594814598568772,0.0,false,false,false,false,false,false,false
F1919,-0.029464882370494615,0.011732808172388373,0.5883232912543142,0.001624488556359866,0.0,false,false,false,false,false,false,false
F1920,0.045068805899291305,0.0143505296457798,0.6385739689823736,0.0028355049957036966,0.0,false,false,false,false,false,false,false
F1921,-0.00464377032554809,0.03459646664841865,0.8108019323868729,0.009313484288857966,0.0,false,false,false,false,false,false,false
F1922,-0.004266243007279629,0.022992423788198105,0.7699291813870652,0.007276778745662963,0.0,false,false,false,false,false,false,false
F1923,-0.004441285134919612,0.017991056969993844,0.7286163637303894,0.007138621660499134,0.0,false,false,false,false,false,false,false
F1924,0.037738645068348196,0.011077058668638392,0.5893240382748509,0.0021569266584229854,0.0,false,false,false,false,false,false,false
F1925,-0.01698288204318832,0.009776476982092558,0.5384978917395202,0.0012843344758119066,0.0,false,false,false,false,false,false,false
F1926,0.05033860439481159,0.015304552418082961,0.6531913234477578,0.003054212830346653,0.0,false,false,false,false,false,false,false
F1927,-0.005398411988794597,0.021673163250244366,0.7649974378794642,0.007446595590305456,0.0,false,false,false,false,false,false,false
F1928,-0.004274252551361089,0.015314352670758266,0.6968381873224025,0.0049361533445959685,0.0,false,false,false,false,false,false,false
F1929,-0.006010459454432968,0.015831990596016067,0.7041259832500464,0.006146918738528354,0.0,false,false,false,false,false,false,false
F1930,0.037738645068348196,0.011077058668638392,0.5893240382748509,0.0021569266584229854,0.0,false,false,false,false,false,false,false
F1931,-0.01698288204318832,0.009776476982092558,0.5384978917395202,0.0012843344758119066,0.0,false,false,false,false,false,false,false
F1932,0.05033860439481159,0.015304552418082961,0.6531913234477578,0.003054212830346653,0.0,false,false,false,false,false,false,false
F1933,-0.005398411988794597,0.021673163250244366,0.7649974378794642,0.007446595590305456,0.0,false,false,false,false,false,false,false
F1934,-0.004274252551361089,0.015314352670758266,0.6968381873224025,0.0049361533445959685,0.0,false,false,false,false,false,false,false
F1935,-0.006010459454432968,0.015831990596016067,0.7041259832500464,0.006146918738528354,0.0,false,false,false,false,false,false,false
F1936,0.05763312886029981,0.03369686195554915,0.5553619675706669,0.0005703188319751547,0.0,false,false,false,false,false,false,false
F1937,0.0,0.008918738132841702,0.5,0.000018513828630388068,0.0,false,false,false,false,false,false,false
F1938,0.05763312886029981,0.03369686195554915,0.5553619675706669,0.0005703188319751547,0.0,false,false,false,false,false,false,false
F1939,0.03332480670249011,0.017697579308960983,0.5544068194231236,0.00044881158760747594,0.0,false,false,false,false,false,false,false
F1940,0.0,0.008918738132841702,0.5,0.000018513828630388068,0.0,false,false,false,false,false,false,false
F1941,0.03332480670249011,0.017697579308960983,0.5544068194231236,0.00044881158760747594,0.0,false,false,false,false,false,false,false
F1942,-0.014684316325646183,0.00953511416136695,0.5306930428311432,0.000018513828630388068,0.0,false,false,false,false,false,false,false
F1943,-0.0009969083229589618,0.008809360345406756,0.5,0.000018513828630388068,0.5,false,false,false,false,false,false,false
F1944,-0.014683064160892267,0.00953511416136695,0.5306930428311432,0.000018513828630388068,0.0,false,false,false,false,false,false,false
F1945,-0.0028967150697939295,0.00953311940468129,0.5304499872755877,0.000018513828630388068,0.0,false,false,false,false,false,false,false
F1946,-0.0009969083229589618,0.008809360345406756,0.5,0.000018513828630388068,0.5,false,false,false,false,false,false,false
F1947,-0.0028965769678612617,0.00953311940468129,0.5304499872755877,0.000018513828630388068,0.0,false,false,false,false,false,false,false
F1948,-0.023394804780015478,0.010055140491899888,0.5568691540284446,0.000876535742630973,0.0,false,false,false,false,false,false,false
F1949,-0.004307709120513189,0.008974250804867778,0.5031108334875686,0.000018513828630388068,0.0,false,false,false,false,false,false,false
F1950,-0.02303281606476936,0.009995364058134743,0.5542093009330328,0.0008737553282406078,0.0,false,false,false,false,false,false,false
F1951,-0.004679152227647314,0.01005321170493997,0.5566992193879217,0.0008723656992307187,0.0,false,false,false,false,false,false,false
F1952,-0.0034679460044024623,0.008974250804867778,0.5031108334875686,0.000018513828630388068,0.0,false,false,false,false,false,false,false
F1953,-0.0031421612727041796,0.00999279727219809,0.5539805427630983,0.0008723656992307187,0.0,false,false,false,false,false,false,false
F1954,0.01625278247040194,0.017169589552695236,0.5375441401019042,0.000018513828630388068,0.0,false,false,false,false,false,false,false
F1955,-0.0034610658913688916,0.008972411673322394,0.5029997223764575,0.000018513828630388068,0.0,false,false,false,false,false,false,false
F1956,0.02034164155393353,0.018346136153871928,0.5396867207715031,0.000018513828630388068,0.0,false,false,false,false,false,false,false
F1957,-0.0038241077053015353,0.010576249924514575,0.5342631273520884,0.000018513828630388068,0.0,false,false,false,false,false,false,false
F1958,-0.0024542787239894286,0.008972411673322394,0.5029997223764575,0.000018513828630388068,0.0,false,false,false,false,false,false,false
F1959,-0.003015970968950478,0.010851913211950347,0.536739634820706,0.000018513828630388068,0.0,false,false,false,false,false,false,false
F1960,-0.047349827849586225,0.01255454097916969,0.6301045725550075,0.0028085180012655804,0.0,false,false,false,false,false,false,false
F1961,-0.031164825725524443,0.011379883695523556,0.5861067907081396,0.001617853890355527,0.0,false,false,false,false,false,false,false
F1962,-0.04016100726604704,0.011263684901131278,0.5995688802381031,0.002017017565536947,0.0,false,false,false,false,false,false,false
F1963,-0.005032116632810892,0.013769040428448693,0.6724357826579641,0.004237592038802343,0.0,false,false,false,false,false,false,false
F1964,-0.004551745057994074,0.012288106733509083,0.6319159862168077,0.002671025493615614,0.0,false,false,false,false,false,false,false
F1965,-0.005507276606110259,0.011385190194724318,0.6071567815447482,0.002974368927073294,0.0,false,false,false,false,false,false,false
F1966,0.07242175104449564,0.019546924643978985,0.7272903361603757,0.005286371885208424,0.0,false,false,false,false,false,false,false
F1967,0.019217634176734524,0.012899095567421987,0.626275548056998,0.003322038043188216,0.0,false,false,false,false,false,false,false
F1968,0.07269354260812028,0.02075864726277904,0.7156571067997809,0.004684246843689957,0.0,false,false,false,false,false,false,false
F1969,-0.020465395089225864,0.009512084080233175,0.5343673799822539,0.004585554939853747,0.0,false,false,false,false,false,false,false
F1970,-0.01369916916402063,0.010563563715448518,0.5699559818120289,0.001949643193012256,0.0,false,false,false,false,false,false,false
F1971,-0.017715174240039704,0.010443942982821787,0.5759938271856957,0.004008510438179416,0.0,false,false,false,false,false,false,false
F1972,-0.035616526669626954,0.012186816794606734,0.6150386879974088,0.0018934769621252033,0.0,false,false,false,false,false,false,false
F1973,-0.02750830836107492,0.011107628376960058,0.5810247703028093,0.0006424513548784534,0.0,false,false,false,false,false,false,false
F1974,-0.023598399791827453,0.010122252876674268,0.5599383058794497,0.0013823577894734734,0.0,false,false,false,false,false,false,false
F1975,-0.004281560266252642,0.012515150482340176,0.6348070751134991,0.0027899549590977195,0.0,false,false,false,false,false,false,false
F1976,-0.004492014793914309,0.011391608002107294,0.600696120279039,0.0017282039393837956,0.0,false,false,false,false,false,false,false
F1977,-0.0034646724742760818,0.010122252876674268,0.5599383058794497,0.0013807733627790664,0.0,false,false,false,false,false,false,false
F1978,-0.02152127573807962,0.009969176518005527,0.5509572691097538,0.0008723656992307187,0.0,false,false,false,false,false,false,false
F1979,-0.012994692556656737,0.009415324960646163,0.525999739727929,0.000018513828630388068,0.0,false,false,false,false,false,false,false
F1980,-0.019380345280073086,0.009742237047738217,0.5413340177524832,0.0008751453428329224,0.0,false,false,false,false,false,false,false
F1981,-0.009372546885084522,0.009969809826435787,0.5510231642143254,0.0005863545390741399,0.0,false,false,false,false,false,false,false
F1982,-0.004277342094139713,0.00941604128696015,0.5260761286168179,0.000018513828630388068,0.0,false,false,false,false,false,false,false
F1983,-0.008545913507579547,0.009741229856394315,0.5412506034456166,0.0005863545390741399,0.0,false,false,false,false,false,false,false
F1984,0.019844900469366867,0.015183822705317266,0.5126022483651058,0.000018513828630388068,0.0,false,false,false,false,false,false,false
F1985,-0.0013256817549919912,0.008920646371015542,0.5001111111111112,0.000018513828630388068,0.5,false,false,false,false,false,false,false
F1986,0.019894798426328263,0.015183822705317266,0.5126022483651058,0.000018513828630388068,0.0,false,false,false,false,false,false,false
F1987,0.01025739573673609,0.01761285200934657,0.5127238012061202,0.000018513828630388068,0.0,false,false,false,false,false,false,false
F1988,-0.0012441593173822608,0.008920646371015542,0.5001111111111112,0.000018513828630388068,0.5,false,false,false,false,false,false,false
F1989,0.010267626530550378,0.01777310841960298,0.5127307456505645,0.000018513828630388068,0.0,false,false,false,false,false,false,false
F1990,0.0,0.008918738132841702,0.5,0.000018513828630388068,0.0,false,false,false,false,false,false,false
F1991,0.0,0.008918738132841702,0.5,0.000018513828630388068,0.0,false,false,false,false,false,false,false
F1992,0.0,0.008918738132841702,0.5,0.000018513828630388068,0.0,false,false,false,false,false,false,false
F1993,0.0,0.008918738132841702,0.5,0.000018513828630388068,0.0,false,false,false,false,false,false,false
F1994,0.0,0.008918738132841702,0.5,0.000018513828630388068,0.0,false,false,false,false,false,false,false
F1995,0.0,0.008918738132841702,0.5,0.000018513828630388068,0.0,false,false,false,false,false,false,false
F1996,-0.0012943770965937059,0.011094273663160056,0.5081461109568759,0.000018513828630388068,0.0,false,false,false,false,false,false,false
F1997,-0.0012943770965937059,0.011094273663160056,0.5081461109568759,0.000018513828630388068,0.0,false,false,false,false,false,false,false
F1998,0.0,0.008918738132841702,0.5,0.000018513828630388068,0.0,false,false,false,false,false,false,false
F1999,-0.0010861125363163305,0.013073440329826724,0.5082086109568758,0.000018513828630388068,0.0,false,false,false,false,false,false,false
F2000,-0.0010861125363163305,0.013073440329826724,0.5082086109568758,0.000018513828630388068,0.0,false,false,false,false,false,false,false
F2001,0.0,0.008918738132841702,0.5,0.000018513828630388068,0.0,false,false,false,false,false,false,false
F2002,-0.01689754494693953,0.009879313171850057,0.5477363733111235,0.0005863545390741399,0.0,false,false,false,false,false,false,false
F2003,-0.007964304883201784,0.009187470036808951,0.5147758961071011,0.000018513828630388068,0.0,false,false,false,false,false,false,false
F2004,-0.015236955819490347,0.009641357016989555,0.5364982590690357,0.000018513828630388068,0.0,false,false,false,false,false,false,false
F2005,-0.006228739896881172,0.009878645714897518,0.5476495311246838,0.0005863545390741399,0.0,false,false,false,false,false,false,false
F2006,-0.0031064215314998535,0.009187470036808951,0.514775896107101,0.000018513828630388068,0.0,false,false,false,false,false,false,false
F2007,-0.006659797736805469,0.009640770294418167,0.5364253096273675,0.000018513828630388068,0.0,false,false,false,false,false,false,false
F2008,-0.0017615601860179663,0.00986130524568696,0.49603638263328653,0.000026266549773282314,0.0,false,false,false,false,false,false,false
F2009,-0.00115921324639154,0.008825036692375847,0.48362966198880064,0.000018513828630388068,0.0,false,false,false,false,false,false,false
F2010,-0.0014391172459961269,0.010569764266070536,0.513322165676839,0.000018513828630388068,0.0,false,false,false,false,false,false,false
F2011,-0.004720937936973685,0.009072169746234102,0.48214313534964237,0.000027125642421796853,0.0,false,false,false,false,false,false,false
F2012,-0.004101595633415353,0.009022729271153126,0.5054416146802975,0.000018513828630388068,0.0,false,false,false,false,false,false,false
F2013,-0.003113485931269185,0.010550069220122749,0.5135668726842023,0.000018513828630388068,0.0,false,false,false,false,false,false,false
F2014,-0.029057492849072185,0.011396575437431888,0.603572406896314,0.0014868012065528883,0.0,false,false,false,false,false,false,false
F2015,-0.023553238200131325,0.010489064193331236,0.5735427694490716,0.0008699273462884035,0.0,false,false,false,false,false,false,false
F2016,-0.02178214698858574,0.009987871183664607,0.5516430075384771,0.00023296406377453454,0.0,false,false,false,false,false,false,false
F2017,-0.00962353935860597,0.01142353398415789,0.6057310552552503,0.0020642975398789355,0.0,false,false,false,false,false,false,false
F2018,-0.007965098616455495,0.010487669035281063,0.5734004873835523,0.0008643696017715214,0.0,false,false,false,false,false,false,false
F2019,-0.006896372493248702,0.009998116633909409,0.5525546525985926,0.0005818653003006173,0.0,false,false,false,false,false,false,false
F2020,-0.013514153916945543,0.009545434266094222,0.5317626068079462,9.965674358278266e-6,0.0,false,false,false,false,false,false,false
F2021,-0.010555824095403793,0.009255470401329716,0.5177611743475847,9.965674358278266e-6,0.0,false,false,false,false,false,false,false
F2022,-0.01137953204723033,0.009409142313634777,0.5250688911253008,9.965674358278266e-6,0.0,false,false,false,false,false,false,false
F2023,-0.003115330509543025,0.00955118805993449,0.5323282474242704,9.965674358278266e-6,0.0,false,false,false,false,false,false,false
F2024,-0.003953547713541557,0.009255981112865797,0.517813257680918,9.965674358278266e-6,0.0,false,false,false,false,false,false,false
F2025,-0.0020235511940023825,0.009413570350618036,0.5255199888950582,9.965674358278266e-6,0.0,false,false,false,false,false,false,false
F2026,0.03168422813425487,0.011990536158325061,0.621549689397321,0.002691906585106168,0.0,false,false,false,false,false,false,false
F2027,-0.030169883715778754,0.012003943368548075,0.5899582775364449,0.0015387597295853021,0.0,false,false,false,false,false,false,false
F2028,0.04623886966429291,0.015124871259570424,0.6429295529126884,0.002482149945773146,0.0,false,false,false,false,false,false,false
F2029,-0.004108159596448616,0.03415780290783664,0.807898387288471,0.009188034642073468,0.0,false,false,false,false,false,false,false
F2030,-0.004041846005318171,0.02699974892070378,0.7888909754883816,0.007935033328765616,0.0,false,false,false,false,false,false,false
F2031,-0.004007652792407973,0.01900557824243048,0.7377041131833078,0.006455009707382677,0.0,false,false,false,false,false,false,false
F2032,0.04030120658599024,0.012335642204018397,0.619023347482154,0.003101636486113883,0.0,false,false,false,false,false,false,false
F2033,-0.017185558209716494,0.009890508902916866,0.5400899029633137,0.001831231346129127,0.0,false,false,false,false,false,false,false
F2034,0.05315126237871788,0.01667798310235972,0.6636898710275337,0.003265896805218591,0.0,false,false,false,false,false,false,false
F2035,-0.005320924472903642,0.02165242134095237,0.7628946275761832,0.007499013478711428,0.0,false,false,false,false,false,false,false
F2036,-0.004519359674041302,0.016323536720811875,0.7105773956144553,0.005344328607063423,0.0,false,false,false,false,false,false,false
F2037,-0.006022937045336922,0.016682153054033165,0.7142668257104804,0.005940661711830626,0.0,false,false,false,false,false,false,false
F2038,0.04030120658599024,0.012335642204018397,0.619023347482154,0.003101636486113883,0.0,false,false,false,false,false,false,false
F2039,-0.017185558209716494,0.009890508902916866,0.5400899029633137,0.001831231346129127,0.0,false,false,false,false,false,false,false
F2040,0.05315126237871788,0.01667798310235972,0.6636898710275337,0.003265896805218591,0.0,false,false,false,false,false,false,false
F2041,-0.005320924472903642,0.02165242134095237,0.7628946275761832,0.007499013478711428,0.0,false,false,false,false,false,false,false
F2042,-0.004519359674041302,0.016323536720811875,0.7105773956144553,0.005344328607063423,0.0,false,false,false,false,false,false,false
F2043,-0.006022937045336922,0.016682153054033165,0.7142668257104804,0.005940661711830626,0.0,false,false,false,false,false,false,false
F2044,0.05018764736327062,0.02919663550236041,0.5491938972493495,0.00043836164018705366,0.0,false,false,false,false,false,false,false
F2045,0.0,0.008918738132841702,0.5,9.965674358278266e-6,0.0,false,false,false,false,false,false,false
F2046,0.05018764736327062,0.02919663550236041,0.5491938972493495,0.00043836164018705366,0.0,false,false,false,false,false,false,false
F2047,0.02678184595606372,0.017487926597163424,0.5477510946170066,0.00043971727196476105,0.0,false,false,false,false,false,false,false
F2048,0.0,0.008918738132841702,0.5,9.965674358278266e-6,0.0,false,false,false,false,false,false,false
F2049,0.02678184595606372,0.017487926597163424,0.5477510946170066,0.00043971727196476105,0.0,false,false,false,false,false,false,false
F2050,-0.01547376419813436,0.009893612985690846,0.5470633666663037,0.0002337680005202488,0.0,false,false,false,false,false,false,false
F2051,-0.0015271019924996809,0.00892659283753514,0.5004444135973842,9.965674358278266e-6,0.5,false,false,false,false,false,false,false
F2052,-0.015453643686353888,0.009891189866237188,0.546958995751271,0.00023296406377453454,0.0,false,false,false,false,false,false,false
F2053,-0.0028706058926297497,0.009894074043051582,0.5470733748362384,0.00023296406377453454,0.0,false,false,false,false,false,false,false
F2054,-0.0018312227402255826,0.00892659283753514,0.5004444135973842,9.965674358278266e-6,0.5,false,false,false,false,false,false,false
F2055,-0.00286558819125566,0.009891513324982722,0.5469555235290489,0.00023296406377453454,0.0,false,false,false,false,false,false,false
F2056,-0.024267125137641576,0.010477108939541624,0.5748670872754063,0.001372854154570765,0.0,false,false,false,false,false,false,false
F2057,-0.004267705057142962,0.008986114081484118,0.5037774076130545,9.965674358278266e-6,0.0,false,false,false,false,false,false,false
F2058,-0.023918491914321636,0.01039740153092233,0.5715896796623516,0.001372854154570765,0.0,false,false,false,false,false,false,false
F2059,-0.004534733752886722,0.010474344944447319,0.5746317931577591,0.001372854154570765,0.0,false,false,false,false,false,false,false
F2060,-0.0033546220342397224,0.008986114081484118,0.5037774076130545,9.965674358278266e-6,0.0,false,false,false,false,false,false,false
F2061,-0.0034759047947293133,0.010394047841473972,0.5713020979630054,0.0013744376063372205,0.0,false,false,false,false,false,false,false
F2062,0.007168748525951737,0.012585883070300997,0.5218691263568169,0.00015613060261728017,0.0,false,false,false,false,false,false,false
F2063,-0.0035483720323997926,0.008996241825981816,0.5043328706274292,9.965674358278266e-6,0.0,false,false,false,false,false,false,false
F2064,0.009330027310042314,0.012867236167834844,0.524139092456805,0.00015689242358521416,0.0,false,false,false,false,false,false,false
F2065,-0.004084836994012789,0.009942509394070093,0.5170957113967185,0.00015689242358521416,0.0,false,false,false,false,false,false,false
F2066,-0.0021191953206801204,0.008996241825981816,0.5043328706274292,9.965674358278266e-6,0.0,false,false,false,false,false,false,false
F2067,-0.0036408488956618614,0.010125527526757263,0.5198440001787314,0.00015613060261728017,0.0,false,false,false,false,false,false,false
F2068,-0.04957342251282545,0.013710577552727001,0.6501072919728691,0.0028966657829589265,0.0,false,false,false,false,false,false,false
F2069,-0.034815805230906306,0.012248635761741086,0.6061032958042555,0.00185292973258013,0.0,false,false,false,false,false,false,false
F2070,-0.041046877432800714,0.011518431609043336,0.6080573377671447,0.0020980729971322148,0.0,false,false,false,false,false,false,false
F2071,-0.004985262883414854,0.015045959635782591,0.6913483222828276,0.004419900655515783,0.0,false,false,false,false,false,false,false
F2072,-0.0048092276564609985,0.01330469483356245,0.6525997134625644,0.00294600594401648,0.0,false,false,false,false,false,false,false
F2073,-0.00485068224304852,0.011653299228768507,0.6160110498252604,0.0029660908759776695,0.0,false,false,false,false,false,false,false
F2074,0.07513665504794573,0.023859597914805224,0.7434447569977463,0.005324354100598472,0.0,false,false,false,false,false,false,false
F2075,0.022204223986659468,0.013245213748553242,0.6384607565286895,0.0035358715762331934,0.0,false,false,false,false,false,false,false
F2076,0.07501401527637204,0.025642028817665308,0.722211753387733,0.005009765170165449,0.0,false,false,false,false,false,false,false
F2077,-0.019926757474705934,0.009364483925806508,0.5287284435752831,0.003871029887679007,0.0,false,false,false,false,false,false,false
F2078,-0.012370705912334237,0.010767742325916123,0.5768591642306561,0.002102585257661308,0.0,false,false,false,false,false,false,false
F2079,-0.01745117965334723,0.010185792936234065,0.5669360137840995,0.0047004964368459095,0.0,false,false,false,false,false,false,false
F2080,-0.03707614117369598,0.013278907659676781,0.6367730863028165,0.0016100445014709704,0.0,false,false,false,false,false,false,false
F2081,-0.02920493643354761,0.012005260338887158,0.6029574300361455,0.0014366809061921897,0.0,false,false,false,false,false,false,false
F2082,-0.024259919437372348,0.01042601978370547,0.5728259608859275,0.001376021252993411,0.0,false,false,false,false,false,false,false
F2083,-0.004443417412365669,0.013653047668942719,0.6567863092581101,0.0027939965016833346,0.0,false,false,false,false,false,false,false
F2084,-0.004751420985079197,0.01233190679375178,0.6233663418425855,0.001815435258009253,0.0,false,false,false,false,false,false,false
F2085,-0.003145247715005131,0.01042601978370547,0.5728259608859275,0.001372854154570765,0.0,false,false,false,false,false,false,false
F2086,-0.021865818230126226,0.010104094064942837,0.5561603391634277,0.0008643696017715214,0.0,false,false,false,false,false,false,false
F2087,-0.013900599162708941,0.009453655825816165,0.5276479020143131,9.965674358278266e-6,0.0,false,false,false,false,false,false,false
F2088,-0.01998998245171263,0.00992133237161227,0.5492671721728669,0.0005818653003006173,0.0,false,false,false,false,false,false,false
F2089,-0.01086993889167572,0.010110225319006457,0.5567366104478993,0.0005782813468998829,0.0,false,false,false,false,false,false,false
F2090,-0.004592044051547719,0.009455373962238297,0.5278179849929051,9.965674358278266e-6,0.0,false,false,false,false,false,false,false
F2091,-0.011092099628157444,0.009925013458681187,0.5496177663643655,0.0005782813468998829,0.0,false,false,false,false,false,false,false
F2092,0.011254903350212595,0.01272810261240205,0.5072450413350608,9.965674358278266e-6,0.0,false,false,false,false,false,false,false
F2093,-0.0015377937347013694,0.008922589165433894,0.5002222222222222,9.965674358278266e-6,0.5,false,false,false,false,false,false,false
F2094,0.011322608435123427,0.01272810261240205,0.5072450413350608,9.965674358278266e-6,0.0,false,false,false,false,false,false,false
F2095,0.007165516127974373,0.014554625513620073,0.5075089417915972,9.965674358278266e-6,0.0,false,false,false,false,false,false,false
F2096,-0.0015717773632176954,0.008922589165433894,0.5002222222222222,9.965674358278266e-6,0.5,false,false,false,false,false,false,false
F2097,0.007173023753582296,0.014554625513620073,0.5075089417915972,9.965674358278266e-6,0.0,false,false,false,false,false,false,false
F2098,0.0,0.008918738132841702,0.5,9.965674358278266e-6,0.0,false,false,false,false,false,false,false
F2099,0.0,0.008918738132841702,0.5,9.965674358278266e-6,0.0,false,false,false,false,false,false,false
F2100,0.0,0.008918738132841702,0.5,9.965674358278266e-6,0.0,false,false,false,false,false,false,false
F2101,0.0,0.008918738132841702,0.5,9.965674358278266e-6,0.0,false,false,false,false,false,false,false
F2102,0.0,0.008918738132841702,0.5,9.965674358278266e-6,0.0,false,false,false,false,false,false,false
F2103,0.0,0.008918738132841702,0.5,9.965674358278266e-6,0.0,false,false,false,false,false,false,false
F2104,-0.004366074095331187,0.00987716840000216,0.5041812650379418,9.965674358278266e-6,0.0,false,false,false,false,false,false,false
F2105,-0.004366074095331187,0.00987716840000216,0.5041812650379418,9.965674358278266e-6,0.0,false,false,false,false,false,false,false
F2106,0.0,0.008918738132841702,0.5,9.965674358278266e-6,0.0,false,false,false,false,false,false,false
F2107,-0.002007874264328952,0.010521356996493389,0.5042819594823863,9.965674358278266e-6,0.0,false,false,false,false,false,false,false
F2108,-0.002007874264328952,0.010521356996493389,0.5042819594823863,9.965674358278266e-6,0.0,false,false,false,false,false,false,false
F2109,0.0,0.008918738132841702,0.5,9.965674358278266e-6,0.0,false,false,false,false,false,false,false
F2110,-0.016486565218562888,0.01035106600190661,0.5677693873773828,0.0005794754229228308,0.0,false,false,false,false,false,false,false
F2111,-0.00892520145144264,0.009266002736831445,0.5189421309149238,9.965674358278266e-6,0.0,false,false,false,false,false,false,false
F2112,-0.01468333226108492,0.010046140376665735,0.5546252255691282,0.0005794754229228308,0.0,false,false,false,false,false,false,false
F2113,-0.007089328021874227,0.010352613572512168,0.5679427632796594,0.0005782813468998829,0.0,false,false,false,false,false,false,false
F2114,-0.0038371214244125587,0.009266002736831445,0.5189421309149238,9.965674358278266e-6,0.0,false,false,false,false,false,false,false
F2115,-0.007406299586560687,0.010047661673253622,0.5547916878740207,0.0005782813468998829,0.0,false,false,false,false,false,false,false
F2116,-0.003799764972858472,0.009380558882841093,0.4775752118240411,0.000010086036883075165,0.0,false,false,false,false,false,false,false
F2117,-0.0027979654528954125,0.009047038269337676,0.48811764751245673,9.965674358278266e-6,0.0,false,false,false,false,false,false,false
F2118,-0.0028841559304072168,0.010714676039522239,0.5186375211846722,0.00015689242358521416,0.0,false,false,false,false,false,false,false
F2119,-0.004955085863892372,0.008625686647685035,0.47275823729917654,0.000018506998443959795,0.0,false,false,false,false,false,false,false
F2120,-0.004074842936519723,0.009095938132069128,0.5092571297536227,9.965674358278266e-6,0.0,false,false,false,false,false,false,false
F2121,-0.003273897495831197,0.010291481627113505,0.5178352667181995,0.00009387347534885473,0.0,false,false,false,false,false,false,false
F2122,-0.028830603469013515,0.011409492430576342,0.6019452119918853,0.0013888265970228846,0.0,false,false,false,false,false,false,false
F2123,-0.023520496881403816,0.010316049416095393,0.5648325618166015,0.0015557548873003765,0.0,false,false,false,false,false,false,false
F2124,-0.02196244084257614,0.01019619328554679,0.5598125460437737,0.0006492162746705413,0.0,false,false,false,false,false,false,false
F2125,-0.010809886098799177,0.011467002611192104,0.6059393608035477,0.001687106116961485,0.0,false,false,false,false,false,false,false
F2126,-0.00789441067085049,0.01031914646081865,0.5650336787523635,0.0010449273545662992,0.0,false,false,false,false,false,false,false
F2127,-0.007983950061839287,0.01020543921954921,0.5605492291863997,0.0006497370561834614,0.0,false,false,false,false,false,false,false
F2128,-0.017860087709457323,0.009964527195081584,0.5508814354679499,0.0005736499960019754,0.0,false,false,false,false,false,false,false
F2129,-0.01587069779886409,0.009761312338984047,0.5428943391788512,5.693725892725461e-6,0.0,false,false,false,false,false,false,false
F2130,-0.013753716148696105,0.009621437979900517,0.5350115213770128,0.00037294554405139954,0.0,false,false,false,false,false,false,false
F2131,-0.00424192286353116,0.009970313760561223,0.551422608581652,0.0005736499960019754,0.0,false,false,false,false,false,false,false
F2132,-0.003452708207360395,0.009761451729533716,0.5429047558455179,5.693725892725461e-6,0.0,false,false,false,false,false,false,false
F2133,-0.0027289311456883316,0.009625942790137723,0.535455537818496,0.00037294554405139954,0.0,false,false,false,false,false,false,false
F2134,0.032941424777282464,0.012512101641809274,0.6334397529694831,0.00241963997969177,0.0,false,false,false,false,false,false,false
F2135,-0.03192356932394665,0.01245406185890255,0.5975832756085036,0.00184719902222856,0.0,false,false,false,false,false,false,false
F2136,0.04762084227339241,0.01576725510711866,0.6494631725793223,0.0030892131431248843,0.0,false,false,false,false,false,false,false
F2137,-0.00399337514532923,0.03339383004940025,0.800654502944987,0.008531208573870857,0.0,false,false,false,false,false,false,false
F2138,-0.004029297077582066,0.0286310641794775,0.7899531780183849,0.00790554334527812,0.0,false,false,false,false,false,false,false
F2139,-0.0038624151203279417,0.019601405091330727,0.7413008341408005,0.00635143687766808,0.0,false,false,false,false,false,false,false
F2140,0.04166830122298419,0.01639385571475214,0.6640842086186687,0.00438312603626294,0.0,false,false,false,false,false,false,false
F2141,-0.018787927680908586,0.010058758493474568,0.5465305532193444,0.0027434907327029846,0.0,false,false,false,false,false,false,false
F2142,0.05554786445535131,0.01939762967853235,0.6724495278585245,0.0036593364708230043,0.0,false,false,false,false,false,false,false
F2143,-0.004824487990391009,0.02166034035355053,0.7643042996719325,0.007540229985116778,0.0,false,false,false,false,false,false,false
F2144,-0.0045173155800708265,0.01718983414468988,0.7236633755575153,0.007607437908162529,0.0,false,false,false,false,false,false,false
F2145,-0.004928359938010798,0.01726437565191564,0.7211859395016568,0.006900528617496438,0.0,false,false,false,false,false,false,false
F2146,0.04166830122298419,0.01639385571475214,0.6640842086186687,0.00438312603626294,0.0,false,false,false,false,false,false,false
F2147,-0.018787927680908586,0.010058758493474568,0.5465305532193444,0.0027434907327029846,0.0,false,false,false,false,false,false,false
F2148,0.05554786445535131,0.01939762967853235,0.6724495278585245,0.0036593364708230043,0.0,false,false,false,false,false,false,false
F2149,-0.004824487990391009,0.02166034035355053,0.7643042996719325,0.007540229985116778,0.0,false,false,false,false,false,false,false
F2150,-0.0045173155800708265,0.01718983414468988,0.7236633755575153,0.007607437908162529,0.0,false,false,false,false,false,false,false
F2151,-0.004928359938010798,0.01726437565191564,0.7211859395016568,0.006900528617496438,0.0,false,false,false,false,false,false,false
F2152,0.046326145409504485,0.03241943431478973,0.5526260299742699,0.0004358511427141359,0.0,false,false,false,false,false,false,false
F2153,0.0,0.008918738132841702,0.5,5.693725892725461e-6,0.0,false,false,false,false,false,false,false
F2154,0.046326145409504485,0.03241943431478973,0.5526260299742699,0.0004358511427141359,0.0,false,false,false,false,false,false,false
F2155,0.027828982865201086,0.018441813758754637,0.5500420553169445,0.0002332084788298468,0.0,false,false,false,false,false,false,false
F2156,0.0,0.008918738132841702,0.5,5.693725892725461e-6,0.0,false,false,false,false,false,false,false
F2157,0.027828982865201086,0.018441813758754637,0.5500420553169445,0.0002332084788298468,0.0,false,false,false,false,false,false,false
F2158,-0.016878161424392742,0.010632375788092147,0.5754950907810839,0.0008609528293255615,0.0,false,false,false,false,false,false,false
F2159,-0.0019939456383001623,0.008939430797260874,0.5011666049725461,5.693725892725461e-6,0.5,false,false,false,false,false,false,false
F2160,-0.01687602185928944,0.01062413345354273,0.5751952850268369,0.0008594774766244656,0.0,false,false,false,false,false,false,false
F2161,-0.00376890042274484,0.010640215138878948,0.5762771577745478,0.0008079234605544202,0.0,false,false,false,false,false,false,false
F2162,-0.0015704967978529371,0.008939430797260874,0.5011666049725461,5.693725892725461e-6,0.5,false,false,false,false,false,false,false
F2163,-0.003719986646370433,0.010631546360950032,0.5759373193405624,0.0008067996544561626,0.0,false,false,false,false,false,false,false
F2164,-0.023748291527809873,0.010453449403938329,0.5713280143701938,0.0014711355019587152,0.0,false,false,false,false,false,false,false
F2165,-0.004403863845189362,0.009003243932830491,0.5047217595163181,5.693725892725461e-6,0.0,false,false,false,false,false,false,false
F2166,-0.02335982208596351,0.010353912118972504,0.5673962451189064,0.0010387135531532395,0.0,false,false,false,false,false,false,false
F2167,-0.004832522773605368,0.010437212428183334,0.5699226795752541,0.001157603211777028,0.0,false,false,false,false,false,false,false
F2168,-0.003714102842525317,0.009003243932830491,0.5047217595163181,5.693725892725461e-6,0.0,false,false,false,false,false,false,false
F2169,-0.0043903410521143466,0.01033493573232003,0.5657384901906347,0.0008609528293255616,0.0,false,false,false,false,false,false,false
F2170,-0.008206508835675495,0.010653805892645668,0.5582947188245093,0.0006475781613302478,0.0,false,false,false,false,false,false,false
F2171,-0.004129419070271941,0.009044598445508967,0.506999321364674,5.693725892725461e-6,0.0,false,false,false,false,false,false,false
F2172,-0.007541000412839699,0.010561283204295285,0.5552481195768146,0.0006495788732604486,0.0,false,false,false,false,false,false,false
F2173,-0.004939827017190022,0.01077564108109454,0.5695427713770128,0.0003163251970629819,0.0,false,false,false,false,false,false,false
F2174,-0.002399312267789276,0.009044598445508967,0.506999321364674,5.693725892725461e-6,0.0,false,false,false,false,false,false,false
F2175,-0.005664493100053264,0.010672933562357979,0.5657174772185387,0.0003140872616504169,0.0,false,false,false,false,false,false,false
F2176,-0.04927687412637736,0.014573743970446269,0.6591377934780243,0.0029401247113371564,0.0,false,false,false,false,false,false,false
F2177,-0.035595111089431766,0.013445313419827224,0.6225627509725896,0.0018310449110458312,0.0,false,false,false,false,false,false,false
F2178,-0.0406752460351696,0.011855001581590738,0.6167726592071218,0.0021175300911320557,0.0,false,false,false,false,false,false,false
F2179,-0.004140357221884577,0.016306670188229948,0.7088475733343496,0.004653229335768623,0.0,false,false,false,false,false,false,false
F2180,-0.004290342338837362,0.014793016398828693,0.6779974046508294,0.0032125818642562047,0.0,false,false,false,false,false,false,false
F2181,-0.003840724252173152,0.012040979833529886,0.6275415300096533,0.002997737565819546,0.0,false,false,false,false,false,false,false
F2182,0.07486487617886402,0.02808461159663785,0.7434556094925476,0.005453411609091882,0.0,false,false,false,false,false,false,false
F2183,0.021159264359246338,0.013135309879500309,0.6371813079062829,0.0034642043848094797,0.0,false,false,false,false,false,false,false
F2184,0.07578323737391876,0.03387281940568054,0.7256133738337089,0.0047325155441773304,0.0,false,false,false,false,false,false,false
F2185,-0.018391224449334408,0.009233637948145499,0.5217292898280912,0.003206142057821609,0.0,false,false,false,false,false,false,false
F2186,-0.011695776226866888,0.010656261938601624,0.5764948072603093,0.0028838037877464665,0.0,false,false,false,false,false,false,false
F2187,-0.015944837953872328,0.010031792343312872,0.558325841353569,0.003351920791185292,0.0,false,false,false,false,false,false,false
F2188,-0.03738342432281782,0.014536702934165997,0.6544744411692124,0.002257799836016778,0.0,false,false,false,false,false,false,false
F2189,-0.029756276213535722,0.013049241610265033,0.6219048886466487,0.0010446051448036763,0.0,false,false,false,false,false,false,false
F2190,-0.02423819313128541,0.010703438783530765,0.5833271022271578,0.0013696878355145261,0.0,false,false,false,false,false,false,false
F2191,-0.004042574251937313,0.015037694139004142,0.6790337334151688,0.0033641605036791034,0.0,false,false,false,false,false,false,false
F2192,-0.004244877001692096,0.013476756237981202,0.6464166893483286,0.0019962967943119104,0.0,false,false,false,false,false,false,false
F2193,-0.003336484738672791,0.010708515517110443,0.5837470078351533,0.0013681049681291745,0.0,false,false,false,false,false,false,false
F2194,-0.02299434584531118,0.010412983941021173,0.5688395278086248,0.0008596793367437372,0.0,false,false,false,false,false,false,false
F2195,-0.015577166660806387,0.009662330314980755,0.5378065349497193,5.693725892725461e-6,0.0,false,false,false,false,false,false,false
F2196,-0.02095249572535518,0.010115708223520302,0.557662116725276,0.0005736499960019754,0.0,false,false,false,false,false,false,false
F2197,-0.013337446820124098,0.01042097998726242,0.5695720471651551,0.0008596793367437372,0.0,false,false,false,false,false,false,false
F2198,-0.006574220029541043,0.009662846739112517,0.5378551190696527,5.693725892725461e-6,0.0,false,false,false,false,false,false,false
F2199,-0.012930868862590827,0.010122596143331735,0.5583043660157937,0.0005736499960019754,0.0,false,false,false,false,false,false,false
F2200,0.007258818998223481,0.012049724181820716,0.5052243760728425,5.693725892725461e-6,0.0,false,false,false,false,false,false,false
F2201,-0.0015668956902578821,0.008922589165433894,0.5002222222222222,5.693725892725461e-6,0.5,false,false,false,false,false,false,false
F2202,0.0072927282296385695,0.012058459332065301,0.505231320517287,5.693725892725461e-6,0.0,false,false,false,false,false,false,false
F2203,0.004526622097816024,0.013926535156719873,0.5057578843725163,5.693725892725461e-6,0.0,false,false,false,false,false,false,false
F2204,-0.0016278616109078597,0.008922589165433894,0.5002222222222222,5.693725892725461e-6,0.5,false,false,false,false,false,false,false
F2205,0.00453057816440992,0.013926535156719873,0.5057578843725163,5.693725892725461e-6,0.0,false,false,false,false,false,false,false
F2206,0.0,0.008918738132841702,0.5,5.693725892725461e-6,0.0,false,false,false,false,false,false,false
F2207,0.0,0.008918738132841702,0.5,5.693725892725461e-6,0.0,false,false,false,false,false,false,false
F2208,0.0,0.008918738132841702,0.5,5.693725892725461e-6,0.0,false,false,false,false,false,false,false
F2209,0.0,0.008918738132841702,0.5,5.693725892725461e-6,0.0,false,false,false,false,false,false,false
F2210,0.0,0.008918738132841702,0.5,5.693725892725461e-6,0.0,false,false,false,false,false,false,false
F2211,0.0,0.008918738132841702,0.5,5.693725892725461e-6,0.0,false,false,false,false,false,false,false
F2212,-0.004707574811521655,0.009119562676912728,0.483404258436671,5.693725892725461e-6,0.0,false,false,false,false,false,false,false
F2213,-0.004707574811521655,0.009119562676912728,0.483404258436671,5.693725892725461e-6,0.0,false,false,false,false,false,false,false
F2214,0.0,0.008918738132841702,0.5,5.693725892725461e-6,0.0,false,false,false,false,false,false,false
F2215,-0.0029257653751993073,0.01073327187359576,0.5023278695477822,5.693725892725461e-6,0.0,false,false,false,false,false,false,false
F2216,-0.0029257653751993073,0.01073327187359576,0.5023278695477822,5.693725892725461e-6,0.0,false,false,false,false,false,false,false
F2217,0.0,0.008918738132841702,0.5,5.693725892725461e-6,0.0,false,false,false,false,false,false,false
F2218,-0.01642489103523408,0.011024687332323318,0.5930706808218382,0.0015376627080332735,0.0,false,false,false,false,false,false,false
F2219,-0.008913510510578634,0.009374564145392358,0.5245527484730704,5.693725892725461e-6,0.0,false,false,false,false,false,false,false
F2220,-0.014650571648786114,0.010614895020734741,0.5776229501447998,0.0005760375836629368,0.0,false,false,false,false,false,false,false
F2221,-0.007307706658578447,0.011043039446759146,0.5946077343786857,0.0015364718038218266,0.0,false,false,false,false,false,false,false
F2222,-0.003838529693282609,0.009374564145392358,0.5245527484730704,5.693725892725461e-6,0.0,false,false,false,false,false,false,false
F2223,-0.007603384931155758,0.010631429918020907,0.5790501450719099,0.0005736499960019754,0.0,false,false,false,false,false,false,false
F2224,-0.0058746910324973325,0.008851933700306297,0.4728753481635112,0.00010427336591564064,0.0,false,false,false,false,false,false,false
F2225,-0.004902569384421148,0.008947257005834541,0.4838419690359023,5.693725892725461e-6,0.0,false,false,false,false,false,false,false
F2226,-0.0037985037337086567,0.010791287463007983,0.5189263729436806,0.00010629914953525334,0.0,false,false,false,false,false,false,false
F2227,-0.005276049742359919,0.008541324401907895,0.46567994916132294,0.0004968798174704492,0.0,false,false,false,false,false,false,false
F2228,-0.004347209692295314,0.00927635843838143,0.5183852868141519,5.693725892725461e-6,0.0,false,false,false,false,false,false,false
F2229,-0.003292550651398373,0.0101611144816803,0.5160649736620542,0.000056377708978598464,0.0,false,false,false,false,false,false,false
F2230,-0.040421432987073694,0.594490824694077,0.5911764705882353,0.038884092071840556,1.0,false,false,false,true,false,false,true
F2231,-0.0011849665102855564,0.009472834914765896,0.5285200795082978,0.0017529694382743479,0.0,false,false,false,false,false,false,false
F2232,-0.01547397586716828,0.009413020489231021,0.52644169905608,0.0014655987107227814,0.0,false,false,false,false,false,false,false
F2233,0.020834330644034393,0.008799495620042667,0.48676954161268426,0.0007255847238130582,0.0,false,false,false,false,false,false,false
F2234,-0.0009973143710988567,0.009438045470454749,0.5264647938645197,0.0016065376421560975,0.0,false,false,false,false,false,false,false
F2235,-0.008868416485535737,0.0094097886164265,0.5262750323894132,0.0014659511282735834,0.0,false,false,false,false,false,false,false
F2236,-0.0002775238291203995,0.009146673245290681,0.49319666736072554,0.0007980744863907228,0.0,false,false,false,false,false,false,false
F2237,-0.0094970359536082,0.008962782402278822,0.48735763117712383,0.0006805971417093913,0.0,false,false,false,false,false,false,false
F2238,-0.023170384994378936,0.009024184567582694,0.5058882719476834,0.00015711671378105103,0.0,false,false,false,false,false,false,false
F2239,-0.005183407283237107,0.009419773535714462,0.5063437596397063,0.0005300408444809055,0.0,false,false,false,false,false,false,false
F2240,-0.002910669200909129,0.009873288952732033,0.512117641048183,0.0007090783228486749,0.0,false,false,false,false,false,false,false
F2241,-0.005967118304884589,0.009023184171175615,0.5058327163921279,0.00015500568319140536,0.0,false,false,false,false,false,false,false
F2242,-0.0030512871992182332,0.010099871039948801,0.5121007233635634,0.0006514747693323807,0.0,false,false,false,false,false,false,false
F2243,-0.02496903050529713,0.012681832721964399,0.5969765380888613,0.0011519158794931223,0.0,false,false,false,false,false,false,false
F2244,-0.020150687515271618,0.01178236405923356,0.5706910002340748,0.001489466043414394,0.0,false,false,false,false,false,false,false
F2245,-0.012303080825831232,0.012842212972698417,0.6070478841638451,0.0017003378551194407,0.0,false,false,false,false,false,false,false
F2246,-0.0005048298504289295,0.012128191725694052,0.5800369739442139,0.0012300270274947312,0.0,false,false,false,false,false,false,false
F2247,-0.0003495822978132042,0.016639250303007076,0.4729830029295635,0.0017699618617070716,0.0,false,false,false,false,false,false,false
F2248,-0.0017917753463857883,0.013404488557430433,0.6188552000431858,0.002236049807566883,0.0,false,false,false,false,false,false,false
F2249,-0.028933869020207365,0.013797125141510727,0.6070785047477255,0.0016833104346839862,0.0,false,false,false,false,false,false,false
F2250,-0.026480412200204157,0.014666832018241299,0.6049748518207023,0.002337117171496087,0.0,false,false,false,false,false,false,false
F2251,-0.007571180597601313,0.013852672392744939,0.6153311774413635,0.0022170579244101024,0.0,false,false,false,false,false,false,false
F2252,-0.00018838573101178984,0.013468456471013506,0.5970748195446973,0.002104632282275952,0.0,false,false,false,false,false,false,false
F2253,-0.0011064357240833053,0.012006985446924221,0.5073862209584,0.002606877268287863,0.0,false,false,false,false,false,false,false
F2254,-0.0015411848399750827,0.014935021229446501,0.6364960711959224,0.002883493601603268,0.0,false,false,false,false,false,false,false
F2255,-0.028933869020207365,0.013797125141510727,0.6070785047477255,0.0016833104346839862,0.0,false,false,false,false,false,false,false
F2256,-0.026480412200204157,0.014666832018241299,0.6049748518207023,0.002337117171496087,0.0,false,false,false,false,false,false,false
F2257,-0.007571180597601313,0.013852672392744939,0.6153311774413635,0.0022170579244101024,0.0,false,false,false,false,false,false,false
F2258,-0.00018838573101178984,0.013468456471013506,0.5970748195446973,0.002104632282275952,0.0,false,false,false,false,false,false,false
F2259,-0.0011064357240833053,0.012006985446924221,0.5073862209584,0.002606877268287863,0.0,false,false,false,false,false,false,false
F2260,-0.0015411848399750827,0.014935021229446501,0.6364960711959224,0.002883493601603268,0.0,false,false,false,false,false,false,false
F2261,-0.03270871772094727,0.009090982993050018,0.4889578147171324,0.0007642477394650352,0.0,false,false,false,false,false,false,false
F2262,-0.03270871772094727,0.009090982993050018,0.4889578147171324,0.0007642477394650352,0.0,false,false,false,false,false,false,false
F2263,-0.024329207018279828,0.009043244193757766,0.48877737483805295,0.0010645114491540722,0.0,false,false,false,false,false,false,false
F2264,-0.024329207018279828,0.009043244193757766,0.48877737483805295,0.0010645114491540722,0.0,false,false,false,false,false,false,false
F2265,-0.020347815699528062,0.009100493149648971,0.5100545376025665,0.00046107738684720016,0.0,false,false,false,false,false,false,false
F2266,-0.020551002045456863,0.00909739234884594,0.5098878709358998,0.0004580243964523112,0.0,false,false,false,false,false,false,false
F2267,-0.0027569664397133473,0.009097480737673287,0.5098878709358998,0.00044043122154876054,0.0,false,false,false,false,false,false,false
F2268,0.0,0.008809360345406756,0.5,5.693725892725461e-6,0.0,false,false,false,false,false,false,false
F2269,-0.002729546074801827,0.00909438106405619,0.5097212042692332,0.00043622503782171727,0.0,false,false,false,false,false,false,false
F2270,-0.013641439151745772,0.00924565243575085,0.5178313591214758,0.0011490363909642132,0.0,false,false,false,false,false,false,false
F2271,0.0,0.008937419606992994,0.5008888271947682,0.00005133446387275913,0.0,false,false,false,false,false,false,false
F2272,-0.014452705861490413,0.009228771819285102,0.5169425319267074,0.0011114223891271222,0.0,false,false,false,false,false,false,false
F2273,-0.00182359706268932,0.009241432617490655,0.5176091677463138,0.0011497671669377413,0.0,false,false,false,false,false,false,false
F2274,0.0,0.008934436556770323,0.5008888271947685,0.00005133446387275853,0.0,false,false,false,false,false,false,false
F2275,-0.0016126979175022755,0.009226707964922507,0.5168314208155962,0.0011117963790536788,0.0,false,false,false,false,false,false,false
F2276,-0.04211614236895789,0.008833939714819487,0.4895321137176878,0.0005561240043775202,0.5,false,false,false,false,false,false,false
F2277,0.0,0.008925563439247304,0.5003887655006478,0.0000656304592775039,0.0,false,false,false,false,false,false,false
F2278,-0.04291902643870878,0.008831325389400653,0.4900909872601641,0.0006648392304553237,0.5,false,false,false,false,false,false,false
F2279,-0.006467103379747402,0.008832702223609283,0.48968489149546546,0.0006518070903007267,0.0,false,false,false,false,false,false,false
F2280,0.0,0.008926537517799434,0.500444290209143,0.0000656304592775039,0.0,false,false,false,false,false,false,false
F2281,0.03244650788068049,0.0088309603104219,0.4901916508575483,0.000744670383397222,0.0,false,false,false,false,false,false,false
F2282,-0.02496973301553078,0.012612228248174252,0.6011038203176884,0.0019140475514849288,0.0,false,false,false,false,false,false,false
F2283,-0.022517480228351185,0.011486718857752518,0.5695835691092095,0.0013124249938274632,0.0,false,false,false,false,false,false,false
F2284,-0.00893867106032436,0.011572817411876744,0.5729814950526759,0.0026618183527647808,0.0,false,false,false,false,false,false,false
F2285,0.11259905024538158,0.00898483255142446,0.43631216782706045,0.0017621407608218447,0.0,false,false,false,false,false,false,false
F2286,-0.0018597162352279684,0.011126103658975827,0.5490697040360657,0.0014533133038103726,0.0,false,false,false,false,false,false,false
F2287,-0.0021190940080802636,0.01155143841777624,0.5736754324485671,0.002296328575646596,0.0,false,false,false,false,false,false,false
F2288,-0.032859882898294265,0.020669801033918002,0.6393824636276868,0.005283320118341574,0.0,false,false,false,false,false,false,false
F2289,-0.027371923785356692,0.01661826020298772,0.6122504094039986,0.0037759042518794757,0.0,false,false,false,false,false,false,false
F2290,-0.03865751632901772,0.02691366555317636,0.6535475904363225,0.007087158992026141,0.0,false,false,false,false,false,false,false
F2291,-0.0020394294153106224,0.022512870454200074,0.6653602238044949,0.007654910422860402,0.0,false,false,false,false,false,false,false
F2292,0.02024744286744958,0.01204380937797216,0.4646401713100564,0.003973291024658838,0.0,false,false,false,false,false,false,false
F2293,-0.0017511650947471887,0.029243926734459292,0.6935619796826746,0.007746622522001258,0.0,false,false,false,false,false,false,false
F2294,-0.018498808321584976,0.01025907620117656,0.5304525405502752,0.002029164695816903,0.0,false,false,false,false,false,false,false
F2295,-0.024096018336154795,0.010509227203108004,0.5441648976104416,0.0013309417124043445,0.0,false,false,false,false,false,false,false
F2296,0.0,0.009300088655901992,0.5207196002220987,0.0015948444183860495,0.0,false,false,false,false,false,false,false
F2297,-0.002139750144162725,0.009274854925733034,0.4775337035887833,0.0020588958976105855,0.0,false,false,false,false,false,false,false
F2298,-0.002448169446749817,0.009187916613593316,0.4766415139510366,0.0010691699302021436,0.0,false,false,false,false,false,false,false
F2299,0.0,0.009288403447305252,0.5201085816521684,0.0015948444183862013,0.0,false,false,false,false,false,false,false
F2300,-0.010321742705666877,0.009132226835258108,0.4765200139582948,0.00090876468330557,0.0,false,false,false,false,false,false,false
F2301,-0.00733624266840474,0.009089551917597067,0.49393719152939725,0.000700341740720534,0.0,false,false,false,false,false,false,false
F2302,-0.008836918854125582,0.009097438000366633,0.4826280249398483,0.0007463084204531344,0.0,false,false,false,false,false,false,false
F2303,-0.0015547469304938008,0.009134799958466295,0.4762669986581528,0.0008859136407204729,0.0,false,false,false,false,false,false,false
F2304,-0.0018945545860219052,0.009441691098238177,0.5060898767659943,0.0007574301676780669,0.0,false,false,false,false,false,false,false
F2305,-0.002322016618842599,0.009090785556200099,0.4817116185452527,0.0007434596772437576,0.0,false,false,false,false,false,false,false
F2306,-0.07275976444603777,0.00900296900687279,0.5047217286692579,0.00034046493712637445,0.0,false,false,false,false,false,false,false
F2307,-0.07282003778452456,0.00900296900687279,0.5047217286692579,0.0003404649371263763,0.0,false,false,false,false,false,false,false
F2308,-0.014256597137184907,0.00900296900687279,0.5047217286692579,0.00034046493712637705,0.0,false,false,false,false,false,false,false
F2309,-0.014259548222288091,0.00900296900687279,0.5047217286692579,0.00034046493712637705,0.0,false,false,false,false,false,false,false
F2310,-0.024609185370014486,0.008920705914457799,0.5001111111111112,0.00012907636038995588,0.5,false,false,false,false,false,false,false
F2311,-0.024609185370014486,0.008920705914457799,0.5001111111111112,0.00012907636038995588,0.5,false,false,false,false,false,false,false
F2312,0.0,0.008918738132841702,0.5,0.0,0.0,false,false,false,false,false,false,false
F2313,-0.01824837575577029,0.008920705914457799,0.5001111111111112,0.00012907636038995588,0.5,false,false,false,false,false,false,false
F2314,-0.01824837575577029,0.008920705914457799,0.5001111111111112,0.00012907636038995588,0.5,false,false,false,false,false,false,false
F2315,0.03534354898244491,0.008865824849801503,0.48403655376642607,0.0008816689195508953,0.0,false,false,false,false,false,false,false
F2316,0.0,0.008987873199038909,0.503888457030045,0.0004135877607206925,0.0,false,false,false,false,false,false,false
F2317,0.057761142167360044,0.008855899313381401,0.4867382626935653,0.0006192216166519362,0.0,false,false,false,false,false,false,false
F2318,-0.0009916419579004963,0.008865222140665506,0.48450185082361646,0.0009411192317999211,0.0,false,false,false,false,false,false,false
F2319,0.0,0.008985843093935303,0.503777345918934,0.0004135877607208461,0.0,false,false,false,false,false,false,false
F2320,-0.0016246285698012807,0.008855430205396761,0.4870542445554939,0.000663612871632649,0.0,false,false,false,false,false,false,false
F2321,-0.05412272468055108,0.00935599030345159,0.5235529644024924,0.0007403892156046069,0.0,false,false,false,false,false,false,false
F2322,-0.05013697018108692,0.009066086174347749,0.5081659571842803,0.00018034901995943144,0.0,false,false,false,false,false,false,false
F2323,-0.054362264327698175,0.009174185308762382,0.5140538898143007,0.0005799383829463321,0.0,false,false,false,false,false,false,false
F2324,-0.004462428636796269,0.009335482877362527,0.5224975630822382,0.0007427920673065554,0.0,false,false,false,false,false,false,false
F2325,-0.006619426205755599,0.009064090962855329,0.5080548460731691,0.00018034901995959266,0.0,false,false,false,false,false,false,false
F2326,-0.009429995870182688,0.00917110762414415,0.5138872231476339,0.0005771889496821149,0.0,false,false,false,false,false,false,false
F2327,0.0016012561307653707,0.00974177985852158,0.5413542981068977,0.0016486599395259475,0.0,false,false,false,false,false,false,false
F2328,-0.023181191994950598,0.009629044288809546,0.5371627490900118,0.0016563569097475454,0.0,false,false,false,false,false,false,false
F2329,0.036777260797957546,0.008908381727590587,0.48865119890728825,0.0010728725307166346,0.0,false,false,false,false,false,false,false
F2330,-0.00366050585251909,0.00972508504105851,0.540422201105595,0.0020054206773088864,0.0,false,false,false,false,false,false,false
F2331,-0.0031736525406727435,0.009626706153357468,0.5370516379789007,0.0016519978367181502,0.0,false,false,false,false,false,false,false
F2332,-0.0014569097088632907,0.009087780667529828,0.49205377243670007,0.0009308320927466626,0.0,false,false,false,false,false,false,false
F2333,-0.007915648687954854,0.009177696419962765,0.4939055771484978,0.0009169378715230926,0.0,false,false,false,false,false,false,false
F2334,-0.02629039490586226,0.009016125256330729,0.4931077314300697,0.0003635293323416733,0.0,false,false,false,false,false,false,false
F2335,-0.008421202810742802,0.009070449774364763,0.4900238968320069,0.0008175990255351844,0.0,false,false,false,false,false,false,false
F2336,-0.0033695115055174035,0.009128573054330439,0.489863981815658,0.0009633121815206485,0.0,false,false,false,false,false,false,false
F2337,-0.002561544630049524,0.009019364835488514,0.49284756153988524,0.0003620342396792939,0.0,false,false,false,false,false,false,false
F2338,-0.00530353286715538,0.009057817277611525,0.4886418906934419,0.0006130856334603876,0.0,false,false,false,false,false,false,false
F2339,-0.03759887730995016,0.01707292764444176,0.6366851473446125,0.0033664741869302815,0.0,false,false,false,false,false,false,false
F2340,-0.032189395673981075,0.01623218825041573,0.6397458894024017,0.003050477540660692,0.0,false,false,false,false,false,false,false
F2341,-0.038113952298822876,0.01786123457767667,0.6470827759314906,0.0026014517235260753,0.0,false,false,false,false,false,false,false
F2342,-0.0019502378679272171,0.015498028231189512,0.6289903574584563,0.0026408053373749973,0.0,false,false,false,false,false,false,false
F2343,-0.0010871879431182153,0.010895718633484767,0.4600642547667781,0.002757760890640934,0.0,false,false,false,false,false,false,false
F2344,-0.007576639171904694,0.017139044176220686,0.6698671282158061,0.0036495057402894443,0.0,false,false,false,false,false,false,false
F2345,-0.04128561690058866,0.019019897127793915,0.6481429561645128,0.0038449124850575196,0.0,false,false,false,false,false,false,false
F2346,-0.03481189461633221,0.02124581391180614,0.6674929894385109,0.004612420804223436,0.0,false,false,false,false,false,false,false
F2347,-0.04055990507464651,0.01978012591254104,0.6578068498845957,0.0034732628365043137,0.0,false,false,false,false,false,false,false
F2348,-0.0030852777770429335,0.01785435570840475,0.6585703997960465,0.003491054406985816,0.0,false,false,false,false,false,false,false
F2349,-0.0010922341772638179,0.02011485102370061,0.6619534477033456,0.004119509785579121,0.0,false,false,false,false,false,false,false
F2350,-0.007062059659220776,0.019556503510038462,0.6890673245029088,0.004022927530969453,0.0,false,false,false,false,false,false,false
F2351,-0.04128561690058866,0.019019897127793915,0.6481429561645128,0.0038449124850575196,0.0,false,false,false,false,false,false,false
F2352,-0.03481189461633221,0.02124581391180614,0.6674929894385109,0.004612420804223436,0.0,false,false,false,false,false,false,false
F2353,-0.04055990507464651,0.01978012591254104,0.6578068498845957,0.0034732628365043137,0.0,false,false,false,false,false,false,false
F2354,-0.0030852777770429335,0.01785435570840475,0.6585703997960465,0.003491054406985816,0.0,false,false,false,false,false,false,false
F2355,-0.0010922341772638179,0.02011485102370061,0.6619534477033456,0.004119509785579121,0.0,false,false,false,false,false,false,false
F2356,-0.007062059659220776,0.019556503510038462,0.6890673245029088,0.004022927530969453,0.0,false,false,false,false,false,false,false
F2357,0.0013962577620006617,0.008568990407632319,0.46149705002304453,0.0007961173556568157,0.0,false,false,false,false,false,false,false
F2358,0.0013962577620006617,0.008568990407632319,0.46149705002304453,0.0007961173556568157,0.0,false,false,false,false,false,false,false
F2359,-0.000875919379120433,0.008621978371727828,0.4584755013100928,0.0005200917563297955,0.0,false,false,false,false,false,false,false
F2360,0.0,0.008918738132841702,0.5,0.0,0.0,false,false,false,false,false,false,false
F2361,-0.000875919379120433,0.008621978371727828,0.4584755013100928,0.0005200917563297955,0.0,false,false,false,false,false,false,false
F2362,-0.023904621275783515,0.0093153538418383,0.5214422851502252,0.0008121501465803091,0.0,false,false,false,false,false,false,false
F2363,-0.02408666730968613,0.009312036531731169,0.5212756493306188,0.0008094146569441134,0.0,false,false,false,false,false,false,false
F2364,-0.0043893900177222125,0.00931430595196105,0.5213867604417299,0.0007978573018735491,0.0,false,false,false,false,false,false,false
F2365,0.0,0.008925681650896782,0.5003888271947684,0.000022790036323951266,0.0,false,false,false,false,false,false,false
F2366,-0.004434385199288203,0.009310989840127076,0.5212201246221235,0.0007932669171098448,0.0,false,false,false,false,false,false,false
F2367,0.019556427378808458,0.009368956595350763,0.5239997205619247,0.0018482896802211998,0.0,false,false,false,false,false,false,false
F2368,0.0,0.00894028103697839,0.5012220988339811,0.00007707870294154515,0.0,false,false,false,false,false,false,false
F2369,0.02225346648020854,0.009345217027108298,0.5227874256495121,0.0017906257018342933,0.0,false,false,false,false,false,false,false
F2370,-0.0008732815591394594,0.009358731919194115,0.5234311548050646,0.0019250163274080975,0.0,false,false,false,false,false,false,false
F2371,0.0,0.00894028103697839,0.5012220988339811,0.00007707870294154497,0.0,false,false,false,false,false,false,false
F2372,-0.0008179409063707517,0.009335979090118438,0.5222678795004955,0.0018617791952066757,0.0,false,false,false,false,false,false,false
F2373,-0.03980698187860385,0.0091738115815275,0.5136502714541303,0.00040893213361049006,0.0,false,false,false,false,false,false,false
F2374,0.0,0.00894408393145404,0.501444166820902,0.00010430917487177596,0.0,false,false,false,false,false,false,false
F2375,-0.039738288700395,0.009137337057027805,0.5116610833487568,0.0003001096994173953,0.0,false,false,false,false,false,false,false
F2376,-0.004987898996253901,0.00925174477001151,0.518164353137146,0.0005297340252107837,0.0,false,false,false,false,false,false,false
F2377,0.0,0.00894408393145404,0.501444166820902,0.00010430917487177626,0.0,false,false,false,false,false,false,false
F2378,-0.005214400307216403,0.009218327490367221,0.5163869146770312,0.0005566485267487729,0.0,false,false,false,false,false,false,false
F2379,-0.023073240530223176,0.014867458467788202,0.6011174456456653,0.00245617742615238,0.0,false,false,false,false,false,false,false
F2380,-0.015245107831126708,0.013813442176987042,0.5878147991266653,0.002556516671528649,0.0,false,false,false,false,false,false,false
F2381,-0.027610148082208654,0.011837994218938719,0.5683698775734614,0.0026819113858861476,0.0,false,false,false,false,false,false,false
F2382,-0.0014459161921970812,0.014041573000155683,0.6072100241378247,0.0019577767913975374,0.0,false,false,false,false,false,false,false
F2383,-0.0013058626527112636,0.012878100846749679,0.5792383182636371,0.0017664767550715865,0.0,false,false,false,false,false,false,false
F2384,-0.001984379316549779,0.011778239517970975,0.5714273092426866,0.0027034923788805416,0.0,false,false,false,false,false,false,false
F2385,-0.04069559860744588,0.0320560822443889,0.6857361145133604,0.007675124853496629,0.0,false,false,false,false,false,false,false
F2386,-0.04091801909692316,0.026052698324524854,0.6847436041115502,0.006233729927236061,0.0,false,false,false,false,false,false,false
F2387,-0.05052390379381764,0.045882941652029156,0.6952534239102823,0.00897120690508937,0.0,false,false,false,false,false,false,false
F2388,-0.0026751209061400567,0.02990831703199571,0.7207983903051318,0.008233240244459428,0.0,false,false,false,false,false,false,false
F2389,-0.0012953643184472913,0.024186999440595908,0.6722027848317746,0.005011580234345622,0.0,false,false,false,false,false,false,false
F2390,0.0322858050793343,0.04245527161677069,0.7244106375406909,0.009913250748491267,0.0,false,false,false,false,false,false,false
F2391,-0.02383843329078199,0.0120363824320802,0.5491561664180756,0.0022073590086677045,0.0,false,false,false,false,false,false,false
F2392,-0.02649654270217909,0.012539785902793036,0.5692213504525444,0.0020060146967328988,0.0,false,false,false,false,false,false,false
F2393,0.0,0.009513332299649218,0.5315518539083225,0.0019293924728470862,0.0,false,false,false,false,false,false,false
F2394,-0.0018697920497350974,0.011589679730264566,0.5476689779280212,0.002033786584341059,0.0,false,false,false,false,false,false,false
F2395,-0.0017929039061810924,0.012095064706445087,0.5578340417950449,0.0017718508216826667,0.0,false,false,false,false,false,false,false
F2396,0.0,0.009498921898854951,0.5308296625331606,0.0019293924728472276,0.0,false,false,false,false,false,false,false
F2397,-0.03215858660289729,0.009947256215613008,0.5290943091029674,0.0012108886136666212,0.0,false,false,false,false,false,false,false
F2398,-0.02789805041710117,0.009444063693360838,0.5122363000493554,0.0005592187327447394,0.0,false,false,false,false,false,false,false
F2399,-0.02779902051736226,0.009586166106265056,0.5184621371614535,0.0010611695325727078,0.0,false,false,false,false,false,false,false
F2400,-0.0020470512505708516,0.009815755053391459,0.5175939042353013,0.0011693894483633047,0.0,false,false,false,false,false,false,false
F2401,-0.0024670689181004414,0.009042329639304129,0.48661100700228266,0.0005891916078775755,0.0,false,false,false,false,false,false,false
F2402,-0.0021715258920811764,0.00960428287472504,0.5179615009408354,0.0010675308037699938,0.0,false,false,false,false,false,false,false
F2403,-0.06908062951556798,0.010259434416978533,0.5230871468011599,0.00047209211506946537,0.0,false,false,false,false,false,false,false
F2404,-0.06898948718773322,0.010259434416978533,0.5230871468011599,0.00047209211506946515,0.0,false,false,false,false,false,false,false
F2405,-0.02562381010799205,0.010257488641810059,0.5229760935282868,0.00047209211506914797,0.0,false,false,false,false,false,false,false
F2406,0.0,0.008918738132841702,0.5,5.693725892725461e-6,0.0,false,false,false,false,false,false,false
F2407,-0.025595962823532544,0.010257488641810059,0.5229760935282868,0.000472092115069148,0.0,false,false,false,false,false,false,false
F2408,0.15714999820904252,0.011302606996493391,0.5100558023320378,0.0004023219900873604,0.5,false,false,false,false,false,false,false
F2409,0.15714999820904252,0.011302606996493391,0.5100558023320378,0.0004023219900873604,0.5,false,false,false,false,false,false,false
F2410,0.02699727084132091,0.022984154615541007,0.5100974689987045,0.0004247616423040251,0.75,false,false,false,false,false,false,false
F2411,0.02699727084132091,0.022984154615541007,0.5100974689987045,0.0004247616423040251,0.75,false,false,false,false,false,false,false
F2412,-0.011279874744360058,0.009454910553690559,0.5286077796286014,0.00138267030104364,0.0,false,false,false,false,false,false,false
F2413,0.0,0.009028782631975374,0.5061659263372201,0.0005287304986033875,0.0,false,false,false,false,false,false,false
F2414,-0.016216399855690632,0.00934611659950426,0.5230528410142513,0.001020368039888005,0.0,false,false,false,false,false,false,false
F2415,-0.0010955053687031833,0.009445003595419443,0.5281079338639028,0.0013817214570411766,0.0,false,false,false,false,false,false,false
F2416,0.0,0.009028782631975374,0.5061659263372201,0.0005287304986035513,0.0,false,false,false,false,false,false,false
F2417,-0.001376045644587259,0.009339662800913433,0.5227196310691592,0.0010219159329194793,0.0,false,false,false,false,false,false,false
F2418,-0.029786862007842627,0.010454188327596882,0.5287218214372553,0.000603862120259499,0.0,false,false,false,false,false,false,false
F2419,-0.035489063483444445,0.009614960498170236,0.5062139733553981,0.00032553097833632535,0.0,false,false,false,false,false,false,false
F2420,-0.026644612462153848,0.00872114631015562,0.4690412907181196,0.00033240527989628803,0.0,false,false,false,false,false,false,false
F2421,-0.005802421272692053,0.010349209674535623,0.5284864253655377,0.0005857192830234067,0.0,false,false,false,false,false,false,false
F2422,-0.0036830014460437033,0.008827456355727724,0.48081278295373303,0.000395772582220553,0.0,false,false,false,false,false,false,false
F2423,-0.011112799067784633,0.008716151646192605,0.4697288755475353,0.0006541103783458494,0.0,false,false,false,false,false,false,false
F2424,-0.008291180277262411,0.009777728846092513,0.5330033279668521,0.0017944348117036523,0.0,false,false,false,false,false,false,false
F2425,-0.01765273763886357,0.00958887023030216,0.5352183354926275,0.001506985681401427,0.0,false,false,false,false,false,false,false
F2426,0.017873314774299827,0.008920919625446347,0.49150654241198605,0.0008177392680078406,0.0,false,false,false,false,false,false,false
F2427,-0.002302770641738544,0.009682033815464838,0.5386344363652364,0.0018811903949050182,0.0,false,false,false,false,false,false,false
F2428,-0.00959819283974394,0.009584316228353356,0.5349961132704053,0.0014903060467624405,0.0,false,false,false,false,false,false,false
F2429,-0.002181326509589526,0.008955815323486636,0.4914051215873171,0.0009647747742776615,0.0,false,false,false,false,false,false,false
F2430,-0.015522735518490509,0.009318861318759076,0.507715185236597,0.0007861421962560308,0.0,false,false,false,false,false,false,false
F2431,-0.026440607733668728,0.009484015254293324,0.5061457716392128,0.0002233965377108568,0.0,false,false,false,false,false,false,false
F2432,-0.012534687033083261,0.009333638256034709,0.5064059415293972,0.0007770574097529422,0.0,false,false,false,false,false,false,false
F2433,-0.0036726171251598287,0.008981995156837338,0.4876422936331668,0.0007034545044563218,0.0,false,false,false,false,false,false,false
F2434,-0.007545783632765563,0.008941349705548348,0.49408674386143503,0.00022020339568621272,0.0,false,false,false,false,false,false,false
F2435,-0.004019487711648291,0.009693350163123771,0.5121945524091555,0.0006514747693325412,0.0,false,false,false,false,false,false,false
F2436,-0.03326831539386176,0.015403884730573494,0.646410738587495,0.002502257073089656,0.0,false,false,false,false,false,false,false
F2437,-0.0332716670137966,0.015264181921363551,0.643159885757005,0.0023793668378883025,0.0,false,false,false,false,false,false,false
F2438,-0.01687170162883377,0.015924590297806556,0.6598704886174348,0.0035962959330835603,0.0,false,false,false,false,false,false,false
F2439,-0.001429834202924931,0.012766820030619264,0.5997250932669941,0.002150643560884409,0.0,false,false,false,false,false,false,false
F2440,0.0025436368566345933,0.010838205819489334,0.4642444056814842,0.0023172917388771916,0.0,false,false,false,false,false,false,false
F2441,-0.0018644832997343692,0.01478965374656011,0.6500545471288646,0.0035617872857869417,0.0,false,false,false,false,false,false,false
F2442,-0.0364473852232742,0.017483142582383475,0.6628077680382721,0.0036862885147446313,0.0,false,false,false,false,false,false,false
F2443,-0.03901513284438326,0.021023205445185524,0.6915614897587758,0.004738522456588304,0.0,false,false,false,false,false,false,false
F2444,-0.010285277670057194,0.01793177160227901,0.6716816242020591,0.00486924103415776,0.0,false,false,false,false,false,false,false
F2445,-0.0016328738709502743,0.014853966149814508,0.6362432616184546,0.003460230163271701,0.0,false,false,false,false,false,false,false
F2446,0.0010201463644117375,0.017204695885393605,0.621425749084568,0.0032573382358231442,0.0,false,false,false,false,false,false,false
F2447,-0.0035105885072635296,0.017174740784044962,0.6778504778345725,0.004712770318494071,0.0,false,false,false,false,false,false,false
F2448,-0.0364473852232742,0.017483142582383475,0.6628077680382721,0.0036862885147446313,0.0,false,false,false,false,false,false,false
F2449,-0.03901513284438326,0.021023205445185524,0.6915614897587758,0.004738522456588304,0.0,false,false,false,false,false,false,false
F2450,-0.010285277670057194,0.01793177160227901,0.6716816242020591,0.00486924103415776,0.0,false,false,false,false,false,false,false
F2451,-0.0016328738709502743,0.014853966149814508,0.6362432616184546,0.003460230163271701,0.0,false,false,false,false,false,false,false
F2452,0.0010201463644117375,0.017204695885393605,0.621425749084568,0.0032573382358231442,0.0,false,false,false,false,false,false,false
F2453,-0.0035105885072635296,0.017174740784044962,0.6778504778345725,0.004712770318494071,0.0,false,false,false,false,false,false,false
F2454,-0.03464949113799867,0.01194256367455603,0.5345103024644986,0.0009954564292641997,0.0,false,false,false,false,false,false,false
F2455,0.0,0.008918738132841702,0.5,0.0,0.0,false,false,false,false,false,false,false
F2456,-0.03464949113799867,0.01194256367455603,0.5345103024644986,0.0009954564292641997,0.0,false,false,false,false,false,false,false
F2457,-0.025089953473985946,0.012035084909763835,0.529154262859595,0.0010699000809627245,0.0,false,false,false,false,false,false,false
F2458,0.0,0.008918738132841702,0.5,0.0,0.0,false,false,false,false,false,false,false
F2459,-0.025089953473985946,0.012035084909763835,0.529154262859595,0.0010699000809627245,0.0,false,false,false,false,false,false,false
F2460,-0.026882192320791323,0.009234458135761825,0.5172204639397865,0.0005569094242335356,0.0,false,false,false,false,false,false,false
F2461,0.0,0.008810330138768035,0.5000555247084952,5.693725892884134e-6,0.0,false,false,false,false,false,false,false
F2462,-0.026835410410775116,0.009232235187085786,0.5171093528286754,0.0005553329872941061,0.0,false,false,false,false,false,false,false
F2463,-0.004322915306841917,0.009233426836472968,0.5171649083842309,0.0005598671203014595,0.0,false,false,false,false,false,false,false
F2464,0.0,0.008810330138768035,0.5000555247084952,5.693725892884134e-6,0.0,false,false,false,false,false,false,false
F2465,-0.004131015713107672,0.009231203887796932,0.5170537972731198,0.0005553329872942778,0.0,false,false,false,false,false,false,false
F2466,0.0034583032954539888,0.009334194760518938,0.5223269189593289,0.0014082007725750312,0.0,false,false,false,false,false,false,false
F2467,0.0,0.008937243813313267,0.5001666358196064,0.00005133446387275929,0.0,false,false,false,false,false,false,false
F2468,0.004485920617631107,0.009313659690217985,0.521264919997242,0.0013685865246252115,0.0,false,false,false,false,false,false,false
F2469,-0.001533419346440723,0.009330801221329486,0.5220753158194611,0.001479999906581735,0.0,false,false,false,false,false,false,false
F2470,0.0,0.008936326121352804,0.49999996915293965,0.00005133446387275929,0.0,false,false,false,false,false,false,false
F2471,-0.001682939632751673,0.009310296770445255,0.5210165848312303,0.001441466765060234,0.0,false,false,false,false,false,false,false
F2472,-0.0850803417406277,0.01573605170566451,0.5500497752474115,0.001236061848445775,0.0,false,false,false,false,false,false,false
F2473,0.0,0.008950049843390115,0.5015552779320132,0.0000656304592775039,0.0,false,false,false,false,false,false,false
F2474,-0.08810698735181022,0.016273733934458044,0.550274529310151,0.0013146185554339252,0.0,false,false,false,false,false,false,false
F2475,-0.007979554237533514,0.01500836669660687,0.5488076556506372,0.001336330266813595,0.0,false,false,false,false,false,false,false
F2476,0.0,0.008950049843390115,0.5015552779320132,0.00006563045927734466,0.0,false,false,false,false,false,false,false
F2477,-0.01268085465595175,0.015531405408073722,0.5490402791159958,0.0014329153897401847,0.0,false,false,false,false,false,false,false
F2478,-0.025633812257228168,0.01573752082044156,0.629008337778939,0.0027604949062800936,0.0,false,false,false,false,false,false,false
F2479,-0.01804517549698977,0.014486669717642606,0.6016361234272536,0.0025561759364640356,0.0,false,false,false,false,false,false,false
F2480,-0.010012165041357036,0.012758734818410078,0.5773367527072832,0.0033526290514855677,0.0,false,false,false,false,false,false,false
F2481,0.0861643224477269,0.009033200257885012,0.42533717243143787,0.002044261063851812,0.0,false,false,false,false,false,false,false
F2482,-0.003199549755659969,0.01349651493622088,0.5912071541137276,0.0018542050903940265,0.0,false,false,false,false,false,false,false
F2483,-0.0026719267589707827,0.012620075117012797,0.5771561751505155,0.0029389485753403073,0.0,false,false,false,false,false,false,false
F2484,-0.04309350553857412,0.03128667476714905,0.7002909321210439,0.007931282817996023,0.0,false,false,false,false,false,false,false
F2485,-0.03775178781370271,0.026015517779762864,0.6874935692951991,0.004671263387013183,0.0,false,false,false,false,false,false,false
F2486,-0.047327732599006724,0.0453497079599189,0.7126265001651225,0.010556692894962534,0.0,false,false,false,false,false,false,false
F2487,-0.0031029232333364652,0.028658401648703515,0.708741959464241,0.006894707222892857,0.0,false,false,false,false,false,false,false
F2488,0.016305222647115602,0.023616064352763037,0.6306421929265876,0.004937298925118736,0.0,false,false,false,false,false,false,false
F2489,-0.0009097366158130382,0.042099407654419996,0.7307265514710417,0.009332351769932436,0.0,false,false,false,false,false,false,false
F2490,-0.01835777081673882,0.011033310027563652,0.5437072778421937,0.001759424918962354,0.0,false,false,false,false,false,false,false
F2491,-0.027738752691199048,0.011975960717360925,0.5596048654886718,0.0019501255619047433,0.0,false,false,false,false,false,false,false
F2492,0.0,0.009480552755968093,0.5062779011660188,0.0015948444183859053,0.0,false,false,false,false,false,false,false
F2493,-0.0017625796922334032,0.009518703916182161,0.49086658317546894,0.0019567931846609884,0.0,false,false,false,false,false,false,false
F2494,-0.002109163920497683,0.011805291114795013,0.5523076111945796,0.0015458933931730072,0.0,false,false,false,false,false,false,false
F2495,0.0,0.009477331666428803,0.5243298476155223,0.0015948444183860495,0.0,false,false,false,false,false,false,false
F2496,-0.02612847258472024,0.009604868143578003,0.512018132287618,0.0009723460749137326,0.0,false,false,false,false,false,false,false
F2497,-0.01574379577201357,0.009100692905935053,0.49619813259608864,0.000760318547367776,0.0,false,false,false,false,false,false,false
F2498,-0.02645527054012784,0.009554193905497397,0.5066114234375962,0.0009028448022238636,0.0,false,false,false,false,false,false,false
F2499,-0.0016297180126015455,0.009120503814580039,0.47462480142204944,0.0010507548469037926,0.0,false,false,false,false,false,false,false
F2500,-0.003025503772376096,0.009084984027905694,0.4932983951816892,0.0007603185473676162,0.0,false,false,false,false,false,false,false
F2501,-0.005632145558699436,0.009088841205638415,0.48154832770374484,0.0009173824289265863,0.0,false,false,false,false,false,false,false
F2502,-0.09806904475490451,0.011593238124674679,0.5241286630884077,0.0005771584454434953,0.0,false,false,false,false,false,false,false
F2503,-0.09787050200585266,0.011593238124674679,0.5241286630884077,0.0005771584454434953,0.0,false,false,false,false,false,false,false
F2504,-0.015262816347185987,0.011613489334419514,0.5251946063915109,0.0005550528209887638,0.0,false,false,false,false,false,false,false
F2505,-0.015257923448267109,0.011613489334419514,0.5251946063915109,0.0005550528209887638,0.0,false,false,false,false,false,false,false
F2506,0.18452126708559477,0.012334803966190359,0.5108334567215744,0.0004326965662025748,0.5,false,false,false,false,false,false,false
F2507,0.18452126708559477,0.012334803966190359,0.5108334567215744,0.0004326965662025748,0.5,false,false,false,false,false,false,false
F2508,-0.01806850240999381,0.02369844032982672,0.5108681789437967,0.00044347136389591305,0.75,false,false,false,false,false,false,false
F2509,-0.01806850240999381,0.02369844032982672,0.5108681789437967,0.00044347136389591305,0.75,false,false,false,false,false,false,false
F2510,0.003584328387017862,0.009286931285103007,0.5194173298784627,0.0009530415164869204,0.0,false,false,false,false,false,false,false
F2511,0.0,0.00901871646219308,0.5056103707816645,0.0004135877607208492,0.0,false,false,false,false,false,false,false
F2512,0.007712501380117268,0.009190816901307294,0.5143762107471158,0.0007011290398166866,0.0,false,false,false,false,false,false,false
F2513,-0.0014628139308239222,0.00927933441054363,0.5190354432722561,0.0009887855050864243,0.0,false,false,false,false,false,false,false
F2514,0.0,0.00901871646219308,0.5056103707816645,0.0004135877607206925,0.0,false,false,false,false,false,false,false
F2515,-0.0021461398791033323,0.00918647431241996,0.5141713708433586,0.0007219039036877562,0.0,false,false,false,false,false,false,false
F2516,-0.05617102421744968,0.011447721700259697,0.5369815443852907,0.0006054073499510923,0.0,false,false,false,false,false,false,false
F2517,-0.06468445414362886,0.0107475574604318,0.5116118432751595,0.0004076303031932558,0.0,false,false,false,false,false,false,false
F2518,-0.05775766451562327,0.011742005315243605,0.5310507945613004,0.0007253446878248564,0.0,false,false,false,false,false,false,false
F2519,-0.0046093782167451565,0.011443613291792125,0.5417344348228835,0.0010508203823091408,0.0,false,false,false,false,false,false,false
F2520,-0.006655045917069894,0.01071895588642725,0.5121723298240266,0.0004040803502665326,0.0,false,false,false,false,false,false,false
F2521,-0.008830866782871588,0.011857869728858949,0.5417434351331686,0.0008512110800277372,0.0,false,false,false,false,false,false,false
F2522,-0.01671494235077487,0.009601386396045916,0.5151880044401622,0.0020513791833655934,0.0,false,false,false,false,false,false,false
F2523,-0.021657590945813297,0.00946990877827736,0.513550003084706,0.0017764810393867492,0.0,false,false,false,false,false,false,false
F2524,-0.007854549675341996,0.009502414327200054,0.5134825871746995,0.0007603944306441822,0.0,false,false,false,false,false,false,false
F2525,-0.001576433969843653,0.009866894772343492,0.49684098090929874,0.001812453432665571,0.0,false,false,false,false,false,false,false
F2526,-0.0118789598969224,0.009470520447768357,0.4930313714602999,0.0017644864468016966,0.0,false,false,false,false,false,false,false
F2527,-0.002148930420256953,0.010517092823103305,0.5049954912258259,0.0007335049892373627,0.0,false,false,false,false,false,false,false
F2528,-0.01571203890689598,0.008976313728188249,0.48710404906224936,0.0006868631448663664,0.0,false,false,false,false,false,false,false
F2529,-0.02974002669026496,0.008943590714154423,0.49470470687580975,0.00044443110471504573,0.0,false,false,false,false,false,false,false
F2530,-0.0031095354051265856,0.009652709774034653,0.506073200074033,0.0007033531472114917,0.0,false,false,false,false,false,false,false
F2531,-0.005336277610795336,0.008938831853695692,0.49389918216731443,0.0004444311047148896,0.0,false,false,false,false,false,false,false
F2532,-0.003092804263469671,0.00991843234976852,0.5121390990344871,0.0006484922264520462,0.0,false,false,false,false,false,false,false
F2533,0.0008120640314192386,0.009630003533244499,0.5108168647456207,0.0008441393692992605,0.0,false,false,false,false,false,false,false
F2534,0.0027109842019987867,0.01129714047328184,0.5159311466396664,0.0008697535898944033,0.0,false,false,false,false,false,false,false
F2535,-0.005681349661493649,0.00842022518222812,0.4620202099278542,0.0020758717538239186,0.0,false,false,false,false,false,false,false
F2536,0.0006672858620218365,0.01626588329281773,0.5084753924381153,0.001134720842428244,0.0,false,false,false,false,false,false,false
F2537,-5.8662508352147115e-6,0.01896016722462042,0.5629115994699749,0.0015172272446602277,0.0,false,false,false,false,false,false,false
F2538,-0.0016902581713944544,0.009599221293414187,0.4545978644534808,0.0017966048503094915,0.0,false,false,false,false,false,false,false
F2539,0.005603162592242296,0.010531898855953528,0.5382048516982214,0.0013374365906275445,0.0,false,false,false,false,false,false,false
F2540,0.002337032525033532,0.011984935632152883,0.5155996693467318,0.0014229071005409106,0.0,false,false,false,false,false,false,false
F2541,-0.002137523373725394,0.009710391228491029,0.5236123785623817,0.003246283072039615,0.0,false,false,false,false,false,false,false
F2542,0.0007738755748607322,0.014956378824985314,0.5165714590296604,0.0012663900403997713,0.0,false,false,false,false,false,false,false
F2543,-0.0007538683792704574,0.022608204598289706,0.5674931012591045,0.002213456074701215,0.0,false,false,false,false,false,false,false
F2544,-0.001338682745084091,0.009674695485368832,0.4608181445583971,0.002025797847567319,0.0,false,false,false,false,false,false,false
F2545,0.005603162592242296,0.010531898855953528,0.5382048516982214,0.0013374365906275445,0.0,false,false,false,false,false,false,false
F2546,0.002337032525033532,0.011984935632152883,0.5155996693467318,0.0014229071005409106,0.0,false,false,false,false,false,false,false
F2547,-0.002137523373725394,0.009710391228491029,0.5236123785623817,0.003246283072039615,0.0,false,false,false,false,false,false,false
F2548,0.0007738755748607322,0.014956378824985314,0.5165714590296604,0.0012663900403997713,0.0,false,false,false,false,false,false,false
F2549,-0.0007538683792704574,0.022608204598289706,0.5674931012591045,0.002213456074701215,0.0,false,false,false,false,false,false,false
F2550,-0.001338682745084091,0.009674695485368832,0.4608181445583971,0.002025797847567319,0.0,false,false,false,false,false,false,false
F2551,-0.005608687673041222,0.009680240061170913,0.47700606054007755,0.0009403046031180248,0.0,false,false,false,false,false,false,false
F2552,0.0,0.008918738132841702,0.5,0.0,0.0,false,false,false,false,false,false,false
F2553,-0.005608687673041222,0.009680240061170913,0.47700606054007755,0.0009403046031180248,0.0,false,false,false,false,false,false,false
F2554,-0.015204895555876488,0.0088732002685651,0.45794436744020206,0.0012163638175885455,0.0,false,false,false,false,false,false,false
F2555,0.0,0.008918738132841702,0.5,0.0,0.0,false,false,false,false,false,false,false
F2556,-0.015204895555876488,0.0088732002685651,0.45794436744020206,0.0012163638175885455,0.0,false,false,false,false,false,false,false
F2557,0.0014835609485776286,0.009356783648796626,0.5059376542353013,0.0007684289532272107,0.0,false,false,false,false,false,false,false
F2558,0.0,0.008810330138768035,0.5000555247084952,5.693725892884134e-6,0.0,false,false,false,false,false,false,false
F2559,0.0022341682107476575,0.009212597589534176,0.49503487645752353,0.000765561674386226,0.0,false,false,false,false,false,false,false
F2560,-0.00254610507581712,0.009208838308698968,0.49477473741439937,0.0007861662813380852,0.0,false,false,false,false,false,false,false
F2561,0.0,0.008810330138768035,0.5000555247084952,5.693725892884134e-6,0.0,false,false,false,false,false,false,false
F2562,-0.002524067934557404,0.009206902435315117,0.49432341021963105,0.0007924521222954592,0.0,false,false,false,false,false,false,false
F2563,-0.02623818782209894,0.009384833511895532,0.4957838510195861,0.0014799999065820454,0.0,false,false,false,false,false,false,false
F2564,0.0,0.008936333649742344,0.5000555864026158,0.00005133446387259993,0.0,false,false,false,false,false,false,false
F2565,-0.028078693993378364,0.009371874548845366,0.4959536931189281,0.001441466765060083,0.0,false,false,false,false,false,false,false
F2566,-0.0019284150915901078,0.009605750098967471,0.5057317176731881,0.0014714496889209668,0.0,false,false,false,false,false,false,false
F2567,0.0,0.00893725027308348,0.5001110802640507,0.00005133446387244139,0.0,false,false,false,false,false,false,false
F2568,-0.001733592102470823,0.009597680418174813,0.5058526018588075,0.0014491054171259612,0.0,false,false,false,false,false,false,false
F2569,-0.023414113252200733,0.009633736188865764,0.46334054973090477,0.000936477727562531,0.0,false,false,false,false,false,false,false
F2570,0.0,0.00893834149826713,0.49966697513726943,0.00006563045927718643,0.0,false,false,false,false,false,false,false
F2571,-0.02248394876870076,0.009586323883771316,0.462871657063251,0.0010648083299102473,0.0,false,false,false,false,false,false,false
F2572,-0.006056941120756917,0.024259274635008314,0.5193476540810661,0.0009485693067543489,0.0,false,false,false,false,false,false,false
F2573,0.0,0.00893834149826713,0.49966697513726943,0.00006563045927718643,0.0,false,false,false,false,false,false,false
F2574,0.01598481206866291,0.02440489327986285,0.5194896451408623,0.0009840514250245196,0.0,false,false,false,false,false,false,false
F2575,-0.012899358312050899,0.011431631834769184,0.5414603095865406,0.0009328723140756949,0.0,false,false,false,false,false,false,false
F2576,-0.010746187296222086,0.010222628457197538,0.5321473636650663,0.0017542886846441438,0.0,false,false,false,false,false,false,false
F2577,-0.0224145706710703,0.012502903224310219,0.52470054603833,0.0020526632852431483,0.0,false,false,false,false,false,false,false
F2578,0.11897632815571813,0.009452033434821946,0.4687727591198427,0.000783484825151451,0.0,false,false,false,false,false,false,false
F2579,-0.0017823175807267875,0.009950880360288045,0.4854064883842673,0.0008786590246843953,0.0,false,false,false,false,false,false,false
F2580,-0.001786827716595747,0.009396925893192205,0.47948826394105665,0.0014148436084112164,0.0,false,false,false,false,false,false,false
F2581,0.002868373885145415,0.011558574854251887,0.5490912682859559,0.006769135584469191,0.0,false,false,false,false,false,false,false
F2582,-0.0005159391508789726,0.012643644934245326,0.5520486102038447,0.0037275219568537734,0.0,false,false,false,false,false,false,false
F2583,-0.0047528783065334855,0.010705028084752885,0.5201280335588797,0.008291196216707973,0.0,false,false,false,false,false,false,false
F2584,-0.0019077640913190321,0.01662469988090277,0.5327507896620614,0.005767450763162829,0.0,false,false,false,false,false,false,false
F2585,0.03899198742778169,0.0299832740401066,0.5433093123192272,0.0035322841883644717,0.0,false,false,false,false,false,false,false
F2586,-0.0017772526076977322,0.014560961189235,0.5325103221975446,0.006694556211656409,0.0,false,false,false,false,false,false,false
F2587,-0.01571829315664018,0.010962927493173779,0.5269302102272521,0.0015484083821856965,0.0,false,false,false,false,false,false,false
F2588,-0.016058529495540503,0.01086537826261025,0.5141039259008249,0.0014076535471963557,0.0,false,false,false,false,false,false,false
F2589,0.0,0.0094632401086922,0.5000000616941205,0.001594844418385887,0.0,false,false,false,false,false,false,false
F2590,-0.0021806436660479524,0.01037097158945108,0.4846252431474163,0.0013189830004979178,0.0,false,false,false,false,false,false,false
F2591,-0.0025215072422121476,0.010282179953181637,0.4846754744096417,0.0010275156673687786,0.0,false,false,false,false,false,false,false
F2592,0.0,0.009465600577254481,0.5000561108026406,0.0015948444183860495,0.0,false,false,false,false,false,false,false
F2593,0.03687346244522925,0.0124859115554451,0.5119063348294157,0.001375184815049808,0.0,false,false,false,false,false,false,false
F2594,-0.015635679202280334,0.009080141130376737,0.4929414657751866,0.0007693128464467873,0.0,false,false,false,false,false,false,false
F2595,0.06575131116653744,0.012511393974621771,0.5177467128601394,0.001027642781308227,0.0,false,false,false,false,false,false,false
F2596,-0.0015343899614602308,0.011193444441535982,0.512302268415695,0.0012817365647976088,0.0,false,false,false,false,false,false,false
F2597,-0.0019151705896204552,0.009306488190950006,0.5059474539607626,0.000749067383756028,0.0,false,false,false,false,false,false,false
F2598,0.000799118757583216,0.013603567262291491,0.5177292900549079,0.0011383025828026782,0.0,false,false,false,false,false,false,false
F2599,-0.03053907011719484,0.008621795403121541,0.4751874575852921,0.0009549805263623409,0.0,false,false,false,false,false,false,false
F2600,0.0,0.008918738132841702,0.5,1.4231952855916404e-6,0.0,false,false,false,false,false,false,false
F2601,-0.03064153006507962,0.009919328285743146,0.4988819020297366,0.0009500155890333285,0.0,false,false,false,false,false,false,false
F2602,-0.013998206710947479,0.010315589228447834,0.5002083699642175,0.0008833230677680698,0.0,false,false,false,false,false,false,false
F2603,0.0,0.008918738132841702,0.5,1.4231952855916404e-6,0.0,false,false,false,false,false,false,false
F2604,-0.014002065744837188,0.010315589228447834,0.5002083699642175,0.0008833230677680698,0.0,false,false,false,false,false,false,false
F2605,0.026373971936179602,0.008752674470761997,0.4878785030692825,0.0006530891748904033,0.0,false,false,false,false,false,false,false
F2606,0.026373971936179602,0.008752674470761997,0.4878785030692825,0.0006530891748904033,0.0,false,false,false,false,false,false,false
F2607,0.0,0.008918738132841702,0.5,0.0,0.0,false,false,false,false,false,false,false
F2608,-0.018234980522847333,0.00875261359085249,0.487871558624838,0.0006530891748904033,0.0,false,false,false,false,false,false,false
F2609,-0.018234980522847333,0.00875261359085249,0.487871558624838,0.0006530891748904033,0.0,false,false,false,false,false,false,false
F2610,0.050266309587457404,0.009248222330310422,0.4888956193318526,0.0012724579966483741,0.0,false,false,false,false,false,false,false
F2611,0.0,0.009076147169481356,0.5018330248627306,0.0004135877607206925,0.0,false,false,false,false,false,false,false
F2612,0.07078850691608962,0.00914619904718783,0.4899890223024245,0.0010008308981966601,0.0,false,false,false,false,false,false,false
F2613,-0.00022292206936404344,0.00924195808144008,0.4885137500771176,0.0012550485120210756,0.0,false,false,false,false,false,false,false
F2614,0.0,0.009062042313659193,0.5002220679869208,0.0004135877607208524,0.0,false,false,false,false,false,false,false
F2615,-0.0016151321433274682,0.00913977172000089,0.4894787637269419,0.0009916336360015206,0.0,false,false,false,false,false,false,false
F2616,-0.008343524146199603,0.010301519089168442,0.5181278480228849,0.001462434051604924,0.0,false,false,false,false,false,false,false
F2617,0.0016899476698498596,0.009796910745590037,0.5119966857555533,0.00043745934293697365,0.0,false,false,false,false,false,false,false
F2618,0.003154569435203914,0.011584078267129297,0.5186132038346526,0.0017510299916343906,0.0,false,false,false,false,false,false,false
F2619,-0.004448140229668547,0.010705400538835343,0.5180361424344863,0.0016526590258459442,0.0,false,false,false,false,false,false,false
F2620,-0.006570168528897886,0.009904489202903785,0.5120120893258285,0.000568863639515864,0.0,false,false,false,false,false,false,false
F2621,-0.008666071732795391,0.012259074735427875,0.5186051668145512,0.001432402855955443,0.0,false,false,false,false,false,false,false
F2622,-0.0005086559888243632,0.009788065193194244,0.48697635652215726,0.001863243473252119,0.0,false,false,false,false,false,false,false
F2623,-0.00003105647687658215,0.009653205993576833,0.5001805478437904,0.0018391305277424142,0.0,false,false,false,false,false,false,false
F2624,0.0075025038508767326,0.009508152373481136,0.494537440279184,0.0015857726207072385,0.0,false,false,false,false,false,false,false
F2625,-0.0039020794596898827,0.009730137001857186,0.48545594915043566,0.002063528637336881,0.0,false,false,false,false,false,false,false
F2626,-0.0014731137615393618,0.009641296668955917,0.500370951323339,0.0017902608507717153,0.0,false,false,false,false,false,false,false
F2627,-0.0023289016980956386,0.009480222603685192,0.48513692091448835,0.0009262875457673586,0.0,false,false,false,false,false,false,false
F2628,-0.010158279891134107,0.009668113428435482,0.5119517050712566,0.0011916242307244843,0.0,false,false,false,false,false,false,false
F2629,-0.033515835981157684,0.009034854348275674,0.49445120380652724,0.000618446184874138,0.0,false,false,false,false,false,false,false
F2630,-0.019298988911763404,0.009581880625113825,0.5121077082947745,0.000834906421405477,0.0,false,false,false,false,false,false,false
F2631,-0.004108175657786055,0.009686134760634053,0.5125698647356407,0.0009418719661316913,0.0,false,false,false,false,false,false,false
F2632,-0.0026861891547239167,0.009028796317530226,0.49374975322351783,0.0006184461848744584,0.0,false,false,false,false,false,false,false
F2633,-0.005982371564155152,0.009625927823193997,0.5120176869331853,0.0008190924513839117,0.0,false,false,false,false,false,false,false
F2634,-0.0014300914551204813,0.009637174430433122,0.49393795079803154,0.0012043228945309956,0.0,false,false,false,false,false,false,false
F2635,-0.005076541999712922,0.00899220954694055,0.44428195562650385,0.0008801049985861383,0.0,false,false,false,false,false,false,false
F2636,-0.0015956651536727087,0.008898296966887941,0.4593432393223808,0.002603338334402042,0.0,false,false,false,false,false,false,false
F2637,-0.0013216121293360126,0.017006563292614265,0.5354193124825352,0.0020466647125530145,0.0,false,false,false,false,false,false,false
F2638,-0.0006653696234744876,0.021394066859954673,0.5562514777102772,0.0019374889486195,0.0,false,false,false,false,false,false,false
F2639,-0.003113614680290818,0.009119191565194872,0.43310290636011944,0.0021845684800553397,0.0,false,false,false,false,false,false,false
F2640,-0.0010699504624044776,0.010827305387727325,0.5643637123575138,0.0016017574242723097,0.0,false,false,false,false,false,false,false
F2641,-0.0009686819408594494,0.01046336538225977,0.4684075610000617,0.0026717319229424704,0.0,false,false,false,false,false,false,false
F2642,0.00014545492998387137,0.010421880336455061,0.5274043869282861,0.0032914407892867563,0.0,false,false,false,false,false,false,false
F2643,-0.002564144765578882,0.010495288718114292,0.4537114486596045,0.00271458567167374,0.0,false,false,false,false,false,false,false
F2644,-0.0006892689997126801,0.01787966882539615,0.5358650339045483,0.0029722098896594186,0.0,false,false,false,false,false,false,false
F2645,-0.003676560319227154,0.009610723616806918,0.4535674723873447,0.003073215237450991,0.0,false,false,false,false,false,false,false
F2646,-0.0010699504624044776,0.010827305387727325,0.5643637123575138,0.0016017574242723097,0.0,false,false,false,false,false,false,false
F2647,-0.0009686819408594494,0.01046336538225977,0.4684075610000617,0.0026717319229424704,0.0,false,false,false,false,false,false,false
F2648,0.00014545492998387137,0.010421880336455061,0.5274043869282861,0.0032914407892867563,0.0,false,false,false,false,false,false,false
F2649,-0.002564144765578882,0.010495288718114292,0.4537114486596045,0.00271458567167374,0.0,false,false,false,false,false,false,false
F2650,-0.0006892689997126801,0.01787966882539615,0.5358650339045483,0.0029722098896594186,0.0,false,false,false,false,false,false,false
F2651,-0.003676560319227154,0.009610723616806918,0.4535674723873447,0.003073215237450991,0.0,false,false,false,false,false,false,false
F2652,0.0304846057436906,0.018822034529976453,0.5292162129427007,0.0017836182883125289,0.0,false,false,false,false,false,false,false
F2653,0.0304846057436906,0.018822034529976453,0.5292162129427007,0.0017836182883125289,0.0,false,false,false,false,false,false,false
F2654,0.010724950861244644,0.015066579458354884,0.5514554126157218,0.001481519180102426,0.0,false,false,false,false,false,false,false
F2655,0.0,0.008918738132841702,0.5,0.0,0.0,false,false,false,false,false,false,false
F2656,0.010724950861244644,0.015066579458354884,0.5514554126157218,0.001481519180102426,0.0,false,false,false,false,false,false,false
F2657,-0.009101883012845575,0.009124767950655834,0.47206402647585033,0.0011894345642156645,0.0,false,false,false,false,false,false,false
F2658,0.0,0.008923678110702538,0.49972228391634277,0.000022790036324269307,0.0,false,false,false,false,false,false,false
F2659,-0.009069807670487602,0.009122486129787047,0.4720023743163747,0.0011858494944246164,0.0,false,false,false,false,false,false,false
F2660,-0.004561625040391176,0.009144036781719355,0.4742746799163863,0.0011694951433437186,0.0,false,false,false,false,false,false,false
F2661,0.0,0.008923678110702538,0.49972228391634277,0.000022790036324110285,0.0,false,false,false,false,false,false,false
F2662,-0.0045804118073046705,0.00913967494313977,0.4741605359268453,0.0011643390732965228,0.0,false,false,false,false,false,false,false
F2663,0.04166437111032066,0.010315109931902908,0.5056468428941076,0.0019238734964735454,0.0,false,false,false,false,false,false,false
F2664,0.0,0.008945230571102681,0.5000000925411807,0.00007707870294138674,0.0,false,false,false,false,false,false,false
F2665,0.046830257659664594,0.01029590009623934,0.5059178996418112,0.0018606025020042156,0.0,false,false,false,false,false,false,false
F2666,-0.0007515308329125266,0.010371168484988008,0.5057715811477285,0.001925016327408097,0.0,false,false,false,false,false,false,false
F2667,0.0,0.008946265529564318,0.5001112036522919,0.00007707870294138672,0.0,false,false,false,false,false,false,false
F2668,-0.0002776720390834119,0.010413070746957154,0.5057910964496848,0.0018617791952065248,0.0,false,false,false,false,false,false,false
F2669,-0.021781893142099492,0.00858275646534422,0.44508812517464885,0.0010449730315610385,0.0,false,false,false,false,false,false,false
F2670,0.0,0.00895616174789277,0.5001665741254858,0.00010430917487209259,0.0,false,false,false,false,false,false,false
F2671,-0.01977680785928179,0.008562390242579442,0.4446430142295674,0.0010579119510161362,0.0,false,false,false,false,false,false,false
F2672,-0.004531429106162272,0.008876979538742247,0.45413537856147457,0.0012746192324523745,0.0,false,false,false,false,false,false,false
F2673,0.0,0.00895322438753358,0.4998333641803936,0.00010430917487209258,0.0,false,false,false,false,false,false,false
F2674,-0.004740675046072332,0.008886366234036857,0.4565293601639249,0.0013315021922016346,0.0,false,false,false,false,false,false,false
F2675,-0.00011687411112238699,0.01008381384734541,0.5022680527883928,0.0016213213982052403,0.0,false,false,false,false,false,false,false
F2676,0.0020265747972272913,0.011803381920020445,0.5136093352503873,0.0018573895708208139,0.0,false,false,false,false,false,false,false
F2677,-0.0053654270537906845,0.009949170062497823,0.49963316743965774,0.002204172639321987,0.0,false,false,false,false,false,false,false
F2678,-0.0013941174242529308,0.02301180104745117,0.5083824987842629,0.0021639338011836804,0.0,false,false,false,false,false,false,false
F2679,-0.0012653756541586689,0.01690688459736463,0.5161443787583514,0.002070343827603823,0.0,false,false,false,false,false,false,false
F2680,-0.0017231295577999515,0.01307322644956101,0.5095243125868707,0.0019174878555086137,0.0,false,false,false,false,false,false,false
F2681,-0.007148360136645747,0.008400125912088994,0.43891055225764186,0.007511559307602811,0.0,false,false,false,false,false,false,false
F2682,-0.011318078368955193,0.011047229336919142,0.45983782634375236,0.004928146737778527,0.0,false,false,false,false,false,false,false
F2683,0.010656979943431996,0.012971604004933607,0.5109868430483429,0.007512037425129533,0.0,false,false,false,false,false,false,false
F2684,-0.0021608873989410354,0.010826893544097226,0.4418351891469155,0.005351578611305548,0.0,false,false,false,false,false,false,false
F2685,-0.0004517440672841727,0.016454591220946942,0.5448856572056919,0.005286605458790463,0.0,false,false,false,false,false,false,false
F2686,0.09786097726226213,0.030445235280464517,0.5483329032890225,0.0076213770509190246,0.0,false,false,false,false,false,false,false
F2687,-0.003525026717135159,0.010030801863140582,0.47629194859972496,0.0016777302221417552,0.0,false,false,false,false,false,false,false
F2688,-0.0030797589325882806,0.011059947616157823,0.5161127648310851,0.002197991291171762,0.0,false,false,false,false,false,false,false
F2689,0.0,0.009589871425109631,0.5012774693071751,0.0019293924728470873,0.0,false,false,false,false,false,false,false
F2690,-0.001902601387027768,0.011829125382881603,0.5229368086629432,0.0019847187579019126,0.0,false,false,false,false,false,false,false
F2691,-0.0018212382547929484,0.01186104977574588,0.5278330240688724,0.001558005029309297,0.0,false,false,false,false,false,false,false
F2692,0.0,0.009586189474535508,0.500666358196064,0.0019293924728469105,0.0,false,false,false,false,false,false,false
F2693,-0.017947116512111432,0.009347169364164607,0.48262810205749895,0.0010938846676723758,0.0,false,false,false,false,false,false,false
F2694,-0.042979208494188445,0.0136011143050141,0.5122741956629033,0.0008695391207569582,0.0,false,false,false,false,false,false,false
F2695,0.0024851649252458628,0.009312528658356547,0.4937603646122525,0.0011196577451471942,0.0,false,false,false,false,false,false,false
F2696,-0.002235452673365714,0.009305214090444533,0.49192445554938613,0.0013937185788847708,0.0,false,false,false,false,false,false,false
F2697,-0.002492075180249012,0.012380648248242518,0.511947868468135,0.0008549773088033989,0.0,false,false,false,false,false,false,false
F2698,-0.0021620480974543412,0.009547385107092975,0.5062567150194337,0.0013599465540220096,0.0,false,false,false,false,false,false,false
F2699,-0.043396056473734144,0.009110777952646967,0.4881528645351348,0.0008051219714464838,0.0,false,false,false,false,false,false,false
F2700,0.0,0.008920645302372718,0.4999999691529397,5.693725892884134e-6,0.0,false,false,false,false,false,false,false
F2701,-0.04330458346359734,0.00910971503146445,0.4880417534240237,0.000801339420453776,0.0,false,false,false,false,false,false,false
F2702,-0.022181785196807007,0.009074823902875877,0.48752793779690295,0.0008162579573481916,0.0,false,false,false,false,false,false,false
F2703,0.0,0.008920645302372718,0.4999999691529397,5.693725892884134e-6,0.0,false,false,false,false,false,false,false
F2704,-0.02214872609352459,0.009074823902875877,0.48747238224134737,0.0008162579573481916,0.0,false,false,false,false,false,false,false
F2705,0.08259307243694637,0.012518059556739241,0.5125068827503239,0.0005477962787454336,0.0,false,false,false,false,false,false,false
F2706,0.08259307243694637,0.012518059556739241,0.5125068827503239,0.0005477962787454336,0.0,false,false,false,false,false,false,false
F2707,0.0,0.008918738132841702,0.5,0.0,0.0,false,false,false,false,false,false,false
F2708,0.024712100635932863,0.022655096593204718,0.5123332716392128,0.0005716473208163017,0.0,false,false,false,false,false,false,false
F2709,0.024712100635932863,0.022655096593204718,0.5123332716392128,0.0005716473208163017,0.0,false,false,false,false,false,false,false
F2710,-0.006729874150970027,0.009410449657404124,0.4850928920661361,0.0016624981252239743,0.0,false,false,false,false,false,false,false
F2711,0.0,0.009109444303196263,0.5008886729594669,0.0005287304986033875,0.0,false,false,false,false,false,false,false
F2712,-0.00885124809203806,0.009291478640424244,0.48712082407921525,0.0013053670014622674,0.0,false,false,false,false,false,false,false
F2713,-0.0011104003167113487,0.009407255995464572,0.48509297111172806,0.0016659775447952167,0.0,false,false,false,false,false,false,false
F2714,0.0,0.00911415483760462,0.5014444135973842,0.0005287304986035485,0.0,false,false,false,false,false,false,false
F2715,-0.001427351899263612,0.009292197094602772,0.4875234707569868,0.0012765488023862132,0.0,false,false,false,false,false,false,false
F2716,0.010593978718650197,0.012043627051544407,0.561147118703117,0.00335297858204246,0.0,false,false,false,false,false,false,false
F2717,-0.008191644647689759,0.009692416683387512,0.5177733538330194,0.0008242751242897517,0.0,false,false,false,false,false,false,false
F2718,0.031059042957059524,0.014190876712095157,0.5697248547693186,0.0027082424044058808,0.0,false,false,false,false,false,false,false
F2719,-0.005799115125888458,0.015227994758215641,0.550253312543322,0.0023947780519585748,0.0,false,false,false,false,false,false,false
F2720,-0.003872847711503441,0.02195699270439504,0.5181471763145384,0.0008379121342458906,0.0,false,false,false,false,false,false,false
F2721,-0.009564888940819758,0.01375048808907188,0.5465059078924925,0.002507956376353016,0.0,false,false,false,false,false,false,false
F2722,-0.019142222219984822,0.010234197640894508,0.5164129407500553,0.002243065307573759,0.0,false,false,false,false,false,false,false
F2723,-0.011730531426763098,0.009488580559065025,0.49461416497007826,0.0017777318564823317,0.0,false,false,false,false,false,false,false
F2724,-0.016510136501586503,0.009646063417745121,0.5010421018143515,0.000811316787557507,0.0,false,false,false,false,false,false,false
F2725,-0.003831416525147646,0.01012011887794397,0.5165475865804401,0.0023735782655243415,0.0,false,false,false,false,false,false,false
F2726,-0.007220795601410187,0.009472799712888322,0.49313541859460797,0.0017777318564820342,0.0,false,false,false,false,false,false,false
F2727,-0.004201404658404849,0.009754434422447056,0.511505784731068,0.001213669254131344,0.0,false,false,false,false,false,false,false
F2728,-0.022166980203781154,0.009918581842421106,0.5121945389135665,0.0007005661247666098,0.0,false,false,false,false,false,false,false
F2729,-0.03505899946859974,0.008949997939664273,0.49499615761305443,0.00044443110471488874,0.0,false,false,false,false,false,false,false
F2730,-0.025844854739515193,0.009718450637169659,0.5121250771176507,0.0008652712211293058,0.0,false,false,false,false,false,false,false
F2731,-0.004564674561608878,0.008994824900562966,0.48872906834166213,0.0007033531472118072,0.0,false,false,false,false,false,false,false
F2732,-0.006517556924071767,0.00894256967768561,0.49419748480782283,0.00044443110471472866,0.0,false,false,false,false,false,false,false
F2733,-0.004831106169905711,0.00895649374794388,0.4882290355666605,0.0006514747693323808,0.0,false,false,false,false,false,false,false
F2734,-0.0003288290334268511,0.010056102168074477,0.5205034130230846,0.0012163252890991015,0.0,false,false,false,false,false,false,false
F2735,-0.0004789517887592354,0.009897899531339438,0.454099158782521,0.0008385698556335515,0.0,false,false,false,false,false,false,false
F2736,-0.005055630471408007,0.009634006397442293,0.5248739202394821,0.003011772749311374,0.0,false,false,false,false,false,false,false
F2737,-0.0007780225381209212,0.016468608996949678,0.5378152181703701,0.0010696163904939716,0.0,false,false,false,false,false,false,false
F2738,0.003932087207607012,0.023139777523442824,0.5726660574372262,0.0012687567255686436,0.0,false,false,false,false,false,false,false
F2739,-0.0016167046684974948,0.008779854735397595,0.4545718953114283,0.0012892384142792984,0.0,false,false,false,false,false,false,false
F2740,0.003855401416498704,0.011538564787289258,0.5786197943317619,0.0018288796174038406,0.0,false,false,false,false,false,false,false
F2741,0.001120689378660007,0.009980900671020903,0.43082648812116,0.0017425091440814043,0.0,false,false,false,false,false,false,false
F2742,-0.001294371491830928,0.010597137436438767,0.5571763058059611,0.0029089171546910625,0.0,false,false,false,false,false,false,false
F2743,-0.0011709693774698538,0.013728511168863866,0.5272883203276685,0.001417099450511314,0.0,false,false,false,false,false,false,false
F2744,0.0022085699412181694,0.024259637363317085,0.557994713471637,0.001371475097469619,0.0,false,false,false,false,false,false,false
F2745,-0.002920903438746734,0.008894851970279227,0.4575467262650017,0.0024279522260131337,0.0,false,false,false,false,false,false,false
F2746,0.003855401416498704,0.011538564787289258,0.5786197943317619,0.0018288796174038406,0.0,false,false,false,false,false,false,false
F2747,0.001120689378660007,0.009980900671020903,0.43082648812116,0.0017425091440814043,0.0,false,false,false,false,false,false,false
F2748,-0.001294371491830928,0.010597137436438767,0.5571763058059611,0.0029089171546910625,0.0,false,false,false,false,false,false,false
F2749,-0.0011709693774698538,0.013728511168863866,0.5272883203276685,0.001417099450511314,0.0,false,false,false,false,false,false,false
F2750,0.0022085699412181694,0.024259637363317085,0.557994713471637,0.001371475097469619,0.0,false,false,false,false,false,false,false
F2751,-0.002920903438746734,0.008894851970279227,0.4575467262650017,0.0024279522260131337,0.0,false,false,false,false,false,false,false
F2752,0.0010268663429403833,0.012188324164934542,0.5176469821595119,0.002250697913402625,0.0,false,false,false,false,false,false,false
F2753,0.0,0.008918738132841702,0.5,0.0,0.0,false,false,false,false,false,false,false
F2754,0.0010268663429403833,0.012188324164934542,0.5176469821595119,0.002250697913402625,0.0,false,false,false,false,false,false,false
F2755,-0.014504583177416566,0.01259526124809546,0.5288261912182047,0.0019178931159128945,0.0,false,false,false,false,false,false,false
F2756,0.0,0.008918738132841702,0.5,0.0,0.0,false,false,false,false,false,false,false
F2757,-0.014504583177416566,0.01259526124809546,0.5288261912182047,0.0019178931159128945,0.0,false,false,false,false,false,false,false
F2758,-0.01663613509499665,0.009033101122091988,0.4785666508575483,0.0008325161296971668,0.0,false,false,false,false,false,false,false
F2759,0.0,0.008810330138768035,0.5000555247084952,5.693725892884134e-6,0.0,false,false,false,false,false,false,false
F2760,-0.016494830573343,0.00903270202808179,0.4786569286353261,0.0008050486587438524,0.0,false,false,false,false,false,false,false
F2761,-0.004473090117083112,0.009032531655722018,0.47835128053858966,0.0007806972438330685,0.0,false,false,false,false,false,false,false
F2762,0.0,0.008810330138768035,0.5000555247084952,5.693725892884134e-6,0.0,false,false,false,false,false,false,false
F2763,-0.004314696977073652,0.00903040585067609,0.4781983485255106,0.0007782873812258336,0.0,false,false,false,false,false,false,false
F2764,0.007739684748089932,0.009535798306994046,0.5058626834039186,0.0015105810399627484,0.0,false,false,false,false,false,false,false
F2765,0.0,0.008938288273756673,0.5002222530692825,0.00005133446387244139,0.0,false,false,false,false,false,false,false
F2766,0.008562943056224155,0.009524190304812427,0.5056174928235222,0.0014940242137973121,0.0,false,false,false,false,false,false,false
F2767,-0.0014647398512435672,0.009747423164711735,0.5059834442012969,0.001336063403827,0.0,false,false,false,false,false,false,false
F2768,0.0,0.008940232118984034,0.5004444752915047,0.00005133446387259993,0.0,false,false,false,false,false,false,false
F2769,-0.001754715235187006,0.009772814943619645,0.5056664198901845,0.0012969590869560679,0.0,false,false,false,false,false,false,false
F2770,-0.06911699961434109,0.014813454531465731,0.5245811865140282,0.0014250953813305296,0.0,false,false,false,false,false,false,false
F2771,0.0,0.008944198892702064,0.50038901227713,0.00006563045927718643,0.0,false,false,false,false,false,false,false
F2772,-0.0704157252043807,0.015570035531513033,0.5242059629862494,0.0015385270449607858,0.0,false,false,false,false,false,false,false
F2773,-0.009506112023178165,0.010198629977144798,0.49721651880491236,0.0009362839195886344,0.0,false,false,false,false,false,false,false
F2774,0.0,0.008930544531287285,0.4987780862483805,0.00006563045927718643,0.0,false,false,false,false,false,false,false
F2775,-0.013814777002551166,0.010113590188476771,0.4882457877885561,0.0009538332313329093,0.0,false,false,false,false,false,false,false
F2776,-0.007488666012976954,0.01133796094912902,0.5397218443457339,0.0009987517592990906,0.0,false,false,false,false,false,false,false
F2777,-0.0038404384327127786,0.010107010699502173,0.5283922086903428,0.0008495183025265376,0.0,false,false,false,false,false,false,false
F2778,-0.021145742312578916,0.017669505033366905,0.5328862964883344,0.0017052280113690373,0.0,false,false,false,false,false,false,false
F2779,0.10981757767486636,0.009206227446891136,0.46937308124480587,0.0008115327155385351,0.0,false,false,false,false,false,false,false
F2780,-0.00275107752178087,0.009163242441916308,0.48608681814387794,0.0009992560852267595,0.0,false,false,false,false,false,false,false
F2781,-0.0022945325028717865,0.022639285203010107,0.5155099114326464,0.0016378698162915748,0.0,false,false,false,false,false,false,false
F2782,-0.0014557755204668344,0.011260165675654613,0.547024885185427,0.00665973451468611,0.0,false,false,false,false,false,false,false
F2783,-0.004600127173549994,0.009568713129138354,0.47520971339905566,0.0034965624127411363,0.0,false,false,false,false,false,false,false
F2784,0.0019895154281030472,0.01412512658543586,0.5576871377738584,0.007307116394563901,0.0,false,false,false,false,false,false,false
F2785,-0.002464082251109199,0.011064025206757163,0.45459340762031253,0.004081098368555066,0.0,false,false,false,false,false,false,false
F2786,0.029485091822645765,0.033117079160946285,0.5153014243176449,0.0036669193963780626,0.0,false,false,false,false,false,false,false
F2787,0.0015192053296979142,0.027574234397881304,0.5328619633745595,0.006108231407156362,0.0,false,false,false,false,false,false,false
F2788,-0.00674684676328923,0.011523204402524346,0.5112027286946613,0.0014578666208053157,0.0,false,false,false,false,false,false,false
F2789,-0.00655956551910724,0.009380296702829949,0.4744714123734817,0.0014452987255326847,0.0,false,false,false,false,false,false,false
F2790,0.0,0.009487085541035167,0.502444166820902,0.0015948444183862193,0.0,false,false,false,false,false,false,false
F2791,-0.0019632215994390277,0.010289874551457053,0.4741833074081937,0.0019148171633322207,0.0,false,false,false,false,false,false,false
F2792,-0.0023608935124052313,0.01023702885657161,0.47066076671275586,0.0015340293209046604,0.0,false,false,false,false,false,false,false
F2793,0.0,0.009463607603227123,0.4997227157751866,0.0015948444183860495,0.0,false,false,false,false,false,false,false
F2794,0.02724657518342553,0.011347486783850183,0.5003182915355667,0.001171088017274192,0.0,false,false,false,false,false,false,false
F2795,-0.027922894626392816,0.009073029586007435,0.4921185799555802,0.000754593371730432,0.0,false,false,false,false,false,false,false
F2796,0.05360164515562789,0.01190049540148453,0.5174691452279598,0.0009791390499465462,0.0,false,false,false,false,false,false,false
F2797,-0.0015736179371880063,0.010560719386675087,0.5120031579677956,0.0011517901388743766,0.0,false,false,false,false,false,false,false
F2798,-0.0028638710130838092,0.009328773298392216,0.5059067127059041,0.0007463748458557647,0.0,false,false,false,false,false,false,false
F2799,0.0009539992657009623,0.011246621310113539,0.517565962582516,0.00104035688770501,0.0,false,false,false,false,false,false,false
F2800,-0.05167597318989235,0.01129283188190422,0.5125450116447652,0.0008822990338277499,0.0,false,false,false,false,false,false,false
F2801,0.0,0.008918738132841702,0.5,1.4231952855916404e-6,0.0,false,false,false,false,false,false,false
F2802,-0.05149778686433125,0.011293896757970292,0.5125554283114319,0.0008822990338277507,0.0,false,false,false,false,false,false,false
F2803,-0.015516151507795109,0.009591345866697314,0.4893088542630638,0.0009104314354884556,0.0,false,false,false,false,false,false,false
F2804,0.0,0.008918738132841702,0.5,1.4231952855916404e-6,0.0,false,false,false,false,false,false,false
F2805,-0.015510967421449438,0.00959234209398786,0.4894755209297303,0.0008962996036970131,0.0,false,false,false,false,false,false,false
F2806,0.0,0.008974001572640711,0.5,2.8465480065153133e-6,0.0,false,false,false,false,false,false,false
F2807,0.0,0.008918738132841702,0.5,0.0,0.0,false,false,false,false,false,false,false
F2808,0.0,0.008974001572640711,0.5,2.8465480065153133e-6,0.0,false,false,false,false,false,false,false
F2809,0.0,0.008974001572640711,0.5,2.8465480065153133e-6,0.0,false,false,false,false,false,false,false
F2810,0.0,0.008918738132841702,0.5,0.0,0.0,false,false,false,false,false,false,false
F2811,0.0,0.008974001572640711,0.5,2.8465480065153133e-6,0.0,false,false,false,false,false,false,false
F2812,0.0828718565140947,0.008754592934088793,0.4881110802640508,0.0007973535597481257,0.0,false,false,false,false,false,false,false
F2813,0.0828718565140947,0.008754592934088793,0.4881110802640508,0.0007973535597481257,0.0,false,false,false,false,false,false,false
F2814,0.0,0.008918738132841702,0.5,0.0,0.0,false,false,false,false,false,false,false
F2815,-0.017996567251296468,0.00875210180752595,0.4877951080418286,0.0006758601609636922,0.0,false,false,false,false,false,false,false
F2816,-0.017996567251296468,0.00875210180752595,0.4877951080418286,0.0006758601609636922,0.0,false,false,false,false,false,false,false
F2817,0.030732096382462784,0.009242734871049712,0.488194261290024,0.0012753285931887206,0.0,false,false,false,false,false,false,false
F2818,0.0,0.009064241550564059,0.5004444444444445,0.0004135877607205363,0.0,false,false,false,false,false,false,false
F2819,0.04408811242379101,0.00912864745088165,0.48802062897155896,0.001008286803444757,0.0,false,false,false,false,false,false,false
F2820,-0.0014418004124006414,0.009259566954954168,0.4897877066753038,0.0012511704947080298,0.0,false,false,false,false,false,false,false
F2821,0.0,0.009051958226139115,0.4990555555555556,0.0004135877607206925,0.0,false,false,false,false,false,false,false
F2822,-0.002049844063194752,0.009141314789255032,0.4896418444228515,0.000986714208132033,0.0,false,false,false,false,false,false,false
F2823,0.004486685050307645,0.010709568381338597,0.5299764752606576,0.0018875911067008561,0.0,false,false,false,false,false,false,false
F2824,-0.0071671313444491465,0.009714799443884266,0.5118634736330215,0.0005449598278294142,0.0,false,false,false,false,false,false,false
F2825,0.02961200423147877,0.012718603619556183,0.5532134262737113,0.002158776885513249,0.0,false,false,false,false,false,false,false
F2826,-0.0045589611830288805,0.010881042550019076,0.5398926370335291,0.0016188392815244805,0.0,false,false,false,false,false,false,false
F2827,-0.006583725814071817,0.009753881952747703,0.5121478699197614,0.0007531664699292738,0.0,false,false,false,false,false,false,false
F2828,-0.009011022120187343,0.012788237862002486,0.5418596104923553,0.0019673126550454586,0.0,false,false,false,false,false,false,false
F2829,-0.008724836580198502,0.009833749390980043,0.5148995321453587,0.0028397664346316524,0.0,false,false,false,false,false,false,false
F2830,-0.006837912181643354,0.009479051550707107,0.49402406070701466,0.001782836005900795,0.0,false,false,false,false,false,false,false
F2831,-0.005721700198876014,0.009828200006267397,0.5226090172534865,0.0015413972218465204,0.0,false,false,false,false,false,false,false
F2832,-0.008724836580198502,0.009833749390980043,0.5148995321453587,0.0028397664346316524,0.0,false,false,false,false,false,false,false
F2833,-0.006837912181643354,0.009479051550707107,0.49402406070701466,0.001782836005900795,0.0,false,false,false,false,false,false,false
F2834,-0.005721700198876014,0.009828200006267397,0.5226090172534865,0.0015413972218465204,0.0,false,false,false,false,false,false,false
F2835,-0.01732753824436806,0.01015443682635542,0.5128682271423284,0.000718072621927851,0.0,false,false,false,false,false,false,false
F2836,-0.03770664344877256,0.00894212223860268,0.49419478376210746,0.00044443110471504573,0.0,false,false,false,false,false,false,false
F2837,-0.018242443232481722,0.010459705389136435,0.5128472241501634,0.0006647162798065503,0.0,false,false,false,false,false,false,false
F2838,-0.01732753824436806,0.01015443682635542,0.5128682271423284,0.000718072621927851,0.0,false,false,false,false,false,false,false
F2839,-0.03770664344877256,0.00894212223860268,0.49419478376210746,0.00044443110471504573,0.0,false,false,false,false,false,false,false
F2840,-0.018242443232481722,0.010459705389136435,0.5128472241501634,0.0006647162798065503,0.0,false,false,false,false,false,false,false
F2841,-0.013639872644776478,0.008625069750042959,0.4792904566000008,0.004273235230754788,0.0,false,false,false,false,false,false,false
F2842,-0.014627991722969483,0.010006661656865739,0.5408216561333029,0.004295287707277401,0.0,false,false,false,false,false,false,false
F2843,-0.014766155615063122,0.009949464399839061,0.5405022959512326,0.004394519399409421,0.0,false,false,false,false,false,false,false
F2844,-0.013639872644776478,0.008625069750042959,0.4792904566000008,0.004273235230754788,0.0,false,false,false,false,false,false,false
F2845,-0.014627991722969483,0.010006661656865739,0.5408216561333029,0.004295287707277401,0.0,false,false,false,false,false,false,false
F2846,-0.014766155615063122,0.009949464399839061,0.5405022959512326,0.004394519399409421,0.0,false,false,false,false,false,false,false
F2847,-0.015039211502067653,0.010127111676124298,0.546051904942062,0.004151886085063838,0.0,false,false,false,false,false,false,false
F2848,-0.01728148851583507,0.01175085975792261,0.5860502210554774,0.003854008944013036,0.0,false,false,false,false,false,false,false
F2849,-0.016097199153527218,0.010788451900721072,0.565001023056363,0.00436384065599756,0.0,false,false,false,false,false,false,false
F2850,-0.015039211502067653,0.010127111676124298,0.546051904942062,0.004151886085063838,0.0,false,false,false,false,false,false,false
F2851,-0.01728148851583507,0.01175085975792261,0.5860502210554774,0.003854008944013036,0.0,false,false,false,false,false,false,false
F2852,-0.016097199153527218,0.010788451900721072,0.565001023056363,0.00436384065599756,0.0,false,false,false,false,false,false,false
F2853,-0.015039211502067653,0.010127111676124298,0.546051904942062,0.004151886085063838,0.0,false,false,false,false,false,false,false
F2854,-0.01728148851583507,0.01175085975792261,0.5860502210554774,0.003854008944013036,0.0,false,false,false,false,false,false,false
F2855,-0.016097199153527218,0.010788451900721072,0.565001023056363,0.00436384065599756,0.0,false,false,false,false,false,false,false
F2856,-0.015039211502067653,0.010127111676124298,0.546051904942062,0.004151886085063838,0.0,false,false,false,false,false,false,false
F2857,-0.01728148851583507,0.01175085975792261,0.5860502210554774,0.003854008944013036,0.0,false,false,false,false,false,false,false
F2858,-0.016097199153527218,0.010788451900721072,0.565001023056363,0.00436384065599756,0.0,false,false,false,false,false,false,false
F2859,-0.0469260879209407,0.018297199698332038,0.5306249655238738,0.0017486181516939408,0.0,false,false,false,false,false,false,false
F2860,0.0,0.008918738132841702,0.5,0.0,0.0,false,false,false,false,false,false,false
F2861,-0.0469260879209407,0.018297199698332038,0.5306249655238738,0.0017486181516939408,0.0,false,false,false,false,false,false,false
F2862,-0.0469260879209407,0.018297199698332038,0.5306249655238738,0.0017486181516939408,0.0,false,false,false,false,false,false,false
F2863,0.0,0.008918738132841702,0.5,0.0,0.0,false,false,false,false,false,false,false
F2864,-0.0469260879209407,0.018297199698332038,0.5306249655238738,0.0017486181516939408,0.0,false,false,false,false,false,false,false
F2865,-0.010215516369990423,0.009260924333129897,0.495618672496761,0.0009299220922656156,0.0,false,false,false,false,false,false,false
F2866,0.0,0.008810330138768035,0.5000555247084952,5.693725892884134e-6,0.0,false,false,false,false,false,false,false
F2867,-0.01022437253396365,0.009259764974514362,0.495618672496761,0.0009282504421448865,0.0,false,false,false,false,false,false,false
F2868,-0.010215516369990423,0.009260924333129897,0.495618672496761,0.0009299220922656156,0.0,false,false,false,false,false,false,false
F2869,0.0,0.008810330138768035,0.5000555247084952,5.693725892884134e-6,0.0,false,false,false,false,false,false,false
F2870,-0.01022437253396365,0.009259764974514362,0.495618672496761,0.0009282504421448865,0.0,false,false,false,false,false,false,false
F2871,0.009689395454848294,0.009756600996747262,0.5056310891189717,0.0014756672773635472,0.0,false,false,false,false,false,false,false
F2872,0.0,0.008936323968098691,0.4999999691529397,0.00005133446387244139,0.0,false,false,false,false,false,false,false
F2873,0.011920622378371609,0.009785932344264277,0.5057096438797618,0.0014385112700366822,0.0,false,false,false,false,false,false,false
F2874,0.009689395454848294,0.009756600996747262,0.5056310891189717,0.0014756672773635472,0.0,false,false,false,false,false,false,false
F2875,0.0,0.008936323968098691,0.4999999691529397,0.00005133446387244139,0.0,false,false,false,false,false,false,false
F2876,0.011920622378371609,0.009785932344264277,0.5057096438797618,0.0014385112700366822,0.0,false,false,false,false,false,false,false
F2877,-0.039253035916445966,0.018036061857718604,0.5379968072158532,0.0015849247804234688,0.0,false,false,false,false,false,false,false
F2878,0.0,0.008943159754718091,0.5002221605281016,0.00006563045927718643,0.0,false,false,false,false,false,false,false
F2879,-0.03621674879136307,0.018403241700552925,0.537695386754091,0.001438141754419735,0.0,false,false,false,false,false,false,false
F2880,-0.039253035916445966,0.018036061857718604,0.5379968072158532,0.0015849247804234688,0.0,false,false,false,false,false,false,false
F2881,0.0,0.008943159754718091,0.5002221605281016,0.00006563045927718643,0.0,false,false,false,false,false,false,false
F2882,-0.03621674879136307,0.018403241700552925,0.537695386754091,0.001438141754419735,0.0,false,false,false,false,false,false,false
F2883,-0.01210750577320355,0.008576806422017752,0.4575241962299449,0.0018856859104449037,0.0,false,false,false,false,false,false,false
F2884,-0.012944495550066416,0.008833979909083658,0.47141188083599167,0.001232838145650972,0.0,false,false,false,false,false,false,false
F2885,-0.01082286281354245,0.009177053731202072,0.46066063470548313,0.0016726869655265106,0.0,false,false,false,false,false,false,false
F2886,-0.01210750577320355,0.008576806422017752,0.4575241962299449,0.0018856859104449037,0.0,false,false,false,false,false,false,false
F2887,-0.012944495550066416,0.008833979909083658,0.47141188083599167,0.001232838145650972,0.0,false,false,false,false,false,false,false
F2888,-0.01082286281354245,0.009177053731202072,0.46066063470548313,0.0016726869655265106,0.0,false,false,false,false,false,false,false
F2889,-0.022810107755673267,0.01660376086635778,0.6482253131657068,0.005994011431483808,0.0,false,false,false,false,false,false,false
F2890,-0.024638400886463508,0.01882417656810217,0.6574729659539181,0.004453784635170414,0.0,false,false,false,false,false,false,false
F2891,-0.023691301269440128,0.01905375268172945,0.6501008786195396,0.006756958204316739,0.0,false,false,false,false,false,false,false
F2892,-0.022810107755673267,0.01660376086635778,0.6482253131657068,0.005994011431483808,0.0,false,false,false,false,false,false,false
F2893,-0.024638400886463508,0.01882417656810217,0.6574729659539181,0.004453784635170414,0.0,false,false,false,false,false,false,false
F2894,-0.023691301269440128,0.01905375268172945,0.6501008786195396,0.006756958204316739,0.0,false,false,false,false,false,false,false
F2895,-0.007867762172262423,0.009223590310502575,0.4755428605159443,0.0022760286787996695,0.0,false,false,false,false,false,false,false
F2896,-0.01036022067661251,0.01055933202545695,0.5475820259623376,0.0015821467176466769,0.0,false,false,false,false,false,false,false
F2897,0.0,0.009478940173100534,0.501277345918934,0.0015948444183860493,0.0,false,false,false,false,false,false,false
F2898,-0.007867762172262423,0.009223590310502575,0.4755428605159443,0.0022760286787996695,0.0,false,false,false,false,false,false,false
F2899,-0.01036022067661251,0.01055933202545695,0.5475820259623376,0.0015821467176466769,0.0,false,false,false,false,false,false,false
F2900,0.0,0.009478940173100534,0.501277345918934,0.0015948444183860493,0.0,false,false,false,false,false,false,false
F2901,0.007404660456830548,0.009297611323174786,0.4896388696094762,0.001391590252611344,0.0,false,false,false,false,false,false,false
F2902,-0.014038069596015473,0.009108454619192066,0.49586077179344806,0.0007518063492857068,0.0,false,false,false,false,false,false,false
F2903,0.020357568638886558,0.010302646532491822,0.5066180478437905,0.0010403087385363844,0.0,false,false,false,false,false,false,false
F2904,0.007404660456830548,0.009297611323174786,0.4896388696094762,0.001391590252611344,0.0,false,false,false,false,false,false,false
F2905,-0.014038069596015473,0.009108454619192066,0.49586077179344806,0.0007518063492857068,0.0,false,false,false,false,false,false,false
F2906,0.020357568638886558,0.010302646532491822,0.5066180478437905,0.0010403087385363844,0.0,false,false,false,false,false,false,false
F2907,-0.041309634112957856,0.009574242518233606,0.4873993730334999,0.0009080305917035078,0.0,false,false,false,false,false,false,false
F2908,0.0,0.008918738132841702,0.5,1.4231952855916404e-6,0.0,false,false,false,false,false,false,false
F2909,-0.041309634112957856,0.009574242518233606,0.4873993730334999,0.0009080305917035078,0.0,false,false,false,false,false,false,false
F2910,-0.041309634112957856,0.009574242518233606,0.4873993730334999,0.0009080305917035078,0.0,false,false,false,false,false,false,false
F2911,0.0,0.008918738132841702,0.5,1.4231952855916404e-6,0.0,false,false,false,false,false,false,false
F2912,-0.041309634112957856,0.009574242518233606,0.4873993730334999,0.0009080305917035078,0.0,false,false,false,false,false,false,false
F2913,0.0,0.008974001572640711,0.5,2.8465480065153133e-6,0.0,false,false,false,false,false,false,false
F2914,0.0,0.008918738132841702,0.5,0.0,0.0,false,false,false,false,false,false,false
F2915,0.0,0.008974001572640711,0.5,2.8465480065153133e-6,0.0,false,false,false,false,false,false,false
F2916,0.0,0.008974001572640711,0.5,2.8465480065153133e-6,0.0,false,false,false,false,false,false,false
F2917,0.0,0.008918738132841702,0.5,0.0,0.0,false,false,false,false,false,false,false
F2918,0.0,0.008974001572640711,0.5,2.8465480065153133e-6,0.0,false,false,false,false,false,false,false
F2919,0.002741410401700028,0.011243475828423836,0.5002257252915048,0.0006331806230974021,0.0,false,false,false,false,false,false,false
F2920,0.002741410401700028,0.011243475828423836,0.5002257252915048,0.0006331806230974021,0.0,false,false,false,false,false,false,false
F2921,0.0,0.008918738132841702,0.5,0.0,0.0,false,false,false,false,false,false,false
F2922,0.002741410401700028,0.011243475828423836,0.5002257252915048,0.0006331806230974021,0.0,false,false,false,false,false,false,false
F2923,0.002741410401700028,0.011243475828423836,0.5002257252915048,0.0006331806230974021,0.0,false,false,false,false,false,false,false
F2924,0.0,0.008918738132841702,0.5,0.0,0.0,false,false,false,false,false,false,false
F2925,-0.010370004501378809,0.00925394134728852,0.4894335978468751,0.0012768708711036222,0.0,false,false,false,false,false,false,false
F2926,0.0,0.009055239051897979,0.499333518415695,0.0004135877607206926,0.0,false,false,false,false,false,false,false
F2927,-0.010766058911505304,0.009111611513732515,0.4863087848571781,0.0010007656834990452,0.0,false,false,false,false,false,false,false
F2928,-0.010370004501378809,0.00925394134728852,0.4894335978468751,0.0012768708711036222,0.0,false,false,false,false,false,false,false
F2929,0.0,0.009055239051897979,0.499333518415695,0.0004135877607206926,0.0,false,false,false,false,false,false,false
F2930,-0.010766058911505304,0.009111611513732515,0.4863087848571781,0.0010007656834990452,0.0,false,false,false,false,false,false,false
F2931,-0.012288647456767384,0.009433917789146838,0.4937875373566972,0.000647278509833767,0.0,false,false,false,false,false,false,false
F2932,-0.013220677667888862,0.009991146068613321,0.5124416409910253,0.0007639412676226099,0.0,false,false,false,false,false,false,false
F2933,-0.020676359740166916,0.011080409900861737,0.5176700134592982,0.0007072038869602349,0.0,false,false,false,false,false,false,false
F2934,-0.012288647456767384,0.009433917789146838,0.4937875373566972,0.000647278509833767,0.0,false,false,false,false,false,false,false
F2935,-0.013220677667888862,0.009991146068613321,0.5124416409910253,0.0007639412676226099,0.0,false,false,false,false,false,false,false
F2936,-0.020676359740166916,0.011080409900861737,0.5176700134592982,0.0007072038869602349,0.0,false,false,false,false,false,false,false
F2937,-0.010883018962328435,0.009868072903045364,0.5134355443871053,0.0032710603375742564,0.0,false,false,false,false,false,false,false
F2938,-0.009333600692864328,0.009565005496754729,0.4902001974211858,0.002002089672165927,0.0,false,false,false,false,false,false,false
F2939,-0.007758721278074167,0.009732900045866497,0.5269538193423768,0.001664193772079765,0.0,false,false,false,false,false,false,false
F2940,-0.010883018962328435,0.009868072903045364,0.5134355443871053,0.0032710603375742564,0.0,false,false,false,false,false,false,false
F2941,-0.009333600692864328,0.009565005496754729,0.4902001974211858,0.002002089672165927,0.0,false,false,false,false,false,false,false
F2942,-0.007758721278074167,0.009732900045866497,0.5269538193423768,0.001664193772079765,0.0,false,false,false,false,false,false,false
F2943,-0.01469716673383294,0.009680613322936172,0.5122813965235362,0.0009616530903809887,0.0,false,false,false,false,false,false,false
F2944,-0.02692399702747638,0.009029371394338863,0.4938093362483806,0.0006147516162361596,0.0,false,false,false,false,false,false,false
F2945,-0.015841178274678184,0.009778747316208633,0.5124893365568511,0.0010621316785560113,0.0,false,false,false,false,false,false,false
F2946,-0.01469716673383294,0.009680613322936172,0.5122813965235362,0.0009616530903809887,0.0,false,false,false,false,false,false,false
F2947,-0.02692399702747638,0.009029371394338863,0.4938093362483806,0.0006147516162361596,0.0,false,false,false,false,false,false,false
F2948,-0.015841178274678184,0.009778747316208633,0.5124893365568511,0.0010621316785560113,0.0,false,false,false,false,false,false,false
F2949,-0.01739751846830406,0.010059318655325052,0.5525256457015528,0.003957765476306599,0.0,false,false,false,false,false,false,false
F2950,-0.01798591363157294,0.010506369314579486,0.5647924521326206,0.0037869248302752393,0.0,false,false,false,false,false,false,false
F2951,-0.018501449116782368,0.0107084615725719,0.5731435962410135,0.003736256229464863,0.0,false,false,false,false,false,false,false
F2952,-0.01739751846830406,0.010059318655325052,0.5525256457015528,0.003957765476306599,0.0,false,false,false,false,false,false,false
F2953,-0.01798591363157294,0.010506369314579486,0.5647924521326206,0.0037869248302752393,0.0,false,false,false,false,false,false,false
F2954,-0.018501449116782368,0.0107084615725719,0.5731435962410135,0.003736256229464863,0.0,false,false,false,false,false,false,false
F2955,-0.018648903341121216,0.01082131372367317,0.5757829320720514,0.00365537827413722,0.0,false,false,false,false,false,false,false
F2956,-0.020580136738209465,0.012517125015082897,0.6107032877976287,0.004668894136881836,0.0,false,false,false,false,false,false,false
F2957,-0.019798691515941456,0.011759757633597311,0.5986051596698275,0.004159634254669475,0.0,false,false,false,false,false,false,false
F2958,-0.018648903341121216,0.01082131372367317,0.5757829320720514,0.00365537827413722,0.0,false,false,false,false,false,false,false
F2959,-0.020580136738209465,0.012517125015082897,0.6107032877976287,0.004668894136881836,0.0,false,false,false,false,false,false,false
F2960,-0.019798691515941456,0.011759757633597311,0.5986051596698275,0.004159634254669475,0.0,false,false,false,false,false,false,false
F2961,-0.018648903341121216,0.01082131372367317,0.5757829320720514,0.00365537827413722,0.0,false,false,false,false,false,false,false
F2962,-0.020580136738209465,0.012517125015082897,0.6107032877976287,0.004668894136881836,0.0,false,false,false,false,false,false,false
F2963,-0.019798691515941456,0.011759757633597311,0.5986051596698275,0.004159634254669475,0.0,false,false,false,false,false,false,false
F2964,-0.018648903341121216,0.01082131372367317,0.5757829320720514,0.00365537827413722,0.0,false,false,false,false,false,false,false
F2965,-0.020580136738209465,0.012517125015082897,0.6107032877976287,0.004668894136881836,0.0,false,false,false,false,false,false,false
F2966,-0.019798691515941456,0.011759757633597311,0.5986051596698275,0.004159634254669475,0.0,false,false,false,false,false,false,false
F2967,-0.03981507282716225,0.016173500300987485,0.5196905565807668,0.0021067592150052755,0.0,false,false,false,false,false,false,false
F2968,0.0,0.008918738132841702,0.5,0.0,0.0,false,false,false,false,false,false,false
F2969,-0.03981507282716225,0.016173500300987485,0.5196905565807668,0.0021067592150052755,0.0,false,false,false,false,false,false,false
F2970,-0.03981507282716225,0.016173500300987485,0.5196905565807668,0.0021067592150052755,0.0,false,false,false,false,false,false,false
F2971,0.0,0.008918738132841702,0.5,0.0,0.0,false,false,false,false,false,false,false
F2972,-0.03981507282716225,0.016173500300987485,0.5196905565807668,0.0021067592150052755,0.0,false,false,false,false,false,false,false
F2973,-0.012576174376452172,0.009601719913021025,0.5115719454379013,0.0012113792642313033,0.0,false,false,false,false,false,false,false
F2974,0.0,0.008925683789949752,0.49988901227713,0.000022790036324269307,0.0,false,false,false,false,false,false,false
F2975,-0.012535559314939928,0.00959901342769107,0.5114674011215629,0.0012097797502118434,0.0,false,false,false,false,false,false,false
F2976,-0.012576174376452172,0.009601719913021025,0.5115719454379013,0.0012113792642313033,0.0,false,false,false,false,false,false,false
F2977,0.0,0.008925683789949752,0.49988901227713,0.000022790036324269307,0.0,false,false,false,false,false,false,false
F2978,-0.012535559314939928,0.00959901342769107,0.5114674011215629,0.0012097797502118434,0.0,false,false,false,false,false,false,false
F2979,0.004090336205790648,0.009538974764077902,0.4947257678196209,0.0019250163274084145,0.0,false,false,false,false,false,false,false
F2980,0.0,0.008948270325512469,0.5003332407921525,0.00007707870294138674,0.0,false,false,false,false,false,false,false
F2981,0.0049992467431412765,0.009807813673966898,0.5057354483529485,0.001861779195206845,0.0,false,false,false,false,false,false,false
F2982,0.004090336205790648,0.009538974764077902,0.4947257678196209,0.0019250163274084145,0.0,false,false,false,false,false,false,false
F2983,0.0,0.008948270325512469,0.5003332407921525,0.00007707870294138674,0.0,false,false,false,false,false,false,false
F2984,0.0049992467431412765,0.009807813673966898,0.5057354483529485,0.001861779195206845,0.0,false,false,false,false,false,false,false
F2985,-0.02730427262478339,0.012640463617025272,0.5421406583987471,0.0014050522985519166,0.0,false,false,false,false,false,false,false
F2986,0.0,0.008955053808410916,0.5000555247084952,0.00010430917487209258,0.0,false,false,false,false,false,false,false
F2987,-0.024660883684304292,0.012721300592711543,0.5419638486062572,0.0010658541840159992,0.0,false,false,false,false,false,false,false
F2988,-0.02730427262478339,0.012640463617025272,0.5421406583987471,0.0014050522985519166,0.0,false,false,false,false,false,false,false
F2989,0.0,0.008955053808410916,0.5000555247084952,0.00010430917487209258,0.0,false,false,false,false,false,false,false
F2990,-0.024660883684304292,0.012721300592711543,0.5419638486062572,0.0010658541840159992,0.0,false,false,false,false,false,false,false
F2991,-0.01598752622893879,0.00873528537705815,0.4600753884007795,0.0026760502935571414,0.0,false,false,false,false,false,false,false
F2992,-0.017058271284378222,0.01086939397719279,0.5391893296162626,0.001363083858063294,0.0,false,false,false,false,false,false,false
F2993,-0.01702078402803153,0.010630502877387872,0.5327165904789641,0.0017265488774786104,0.0,false,false,false,false,false,false,false
F2994,-0.01598752622893879,0.00873528537705815,0.4600753884007795,0.0026760502935571414,0.0,false,false,false,false,false,false,false
F2995,-0.017058271284378222,0.01086939397719279,0.5391893296162626,0.001363083858063294,0.0,false,false,false,false,false,false,false
F2996,-0.01702078402803153,0.010630502877387872,0.5327165904789641,0.0017265488774786104,0.0,false,false,false,false,false,false,false
F2997,-0.027404301804990486,0.018862811396703517,0.6793386938039143,0.00584189104860417,0.0,false,false,false,false,false,false,false
F2998,-0.028893677089634924,0.021877464964407234,0.6885216472647732,0.00560061909485043,0.0,false,false,false,false,false,false,false
F2999,-0.031069096227384012,0.02297933815651473,0.6841663136265982,0.006986584218308254,0.0,false,false,false,false,false,false,false
F3000,-0.027404301804990486,0.018862811396703517,0.6793386938039143,0.00584189104860417,0.0,false,false,false,false,false,false,false
F3001,-0.028893677089634924,0.021877464964407234,0.6885216472647732,0.00560061909485043,0.0,false,false,false,false,false,false,false
F3002,-0.031069096227384012,0.02297933815651473,0.6841663136265982,0.006986584218308254,0.0,false,false,false,false,false,false,false
F3003,-0.01228865270257388,0.009256646040829136,0.47113731285360705,0.00297538634219724,0.0,false,false,false,false,false,false,false
F3004,-0.015109679862848203,0.010871063370460959,0.5409353397985142,0.0016547387671465303,0.0,false,false,false,false,false,false,false
F3005,0.0,0.009568017061339354,0.49866663581960646,0.0019293924728472276,0.0,false,false,false,false,false,false,false
F3006,-0.01228865270257388,0.009256646040829136,0.47113731285360705,0.00297538634219724,0.0,false,false,false,false,false,false,false
F3007,-0.015109679862848203,0.010871063370460959,0.5409353397985142,0.0016547387671465303,0.0,false,false,false,false,false,false,false
F3008,0.0,0.009568017061339354,0.49866663581960646,0.0019293924728472276,0.0,false,false,false,false,false,false,false
F3009,-0.006598724536241844,0.009662260316162297,0.5057469114380899,0.0013908070028406036,0.0,false,false,false,false,false,false,false
F3010,-0.014992065222705303,0.009068614958223802,0.4894334571071627,0.0008503388784905086,0.0,false,false,false,false,false,false,false
F3011,0.00006895571463082169,0.009293646636145587,0.49379173028872847,0.0011995139292273998,0.0,false,false,false,false,false,false,false
F3012,-0.006598724536241844,0.009662260316162297,0.5057469114380899,0.0013908070028406036,0.0,false,false,false,false,false,false,false
F3013,-0.014992065222705303,0.009068614958223802,0.4894334571071627,0.0008503388784905086,0.0,false,false,false,false,false,false,false
F3014,0.00006895571463082169,0.009293646636145587,0.49379173028872847,0.0011995139292273998,0.0,false,false,false,false,false,false,false
F3015,-0.04472238727726398,0.013778111748126518,0.5123021778024555,0.0006237405167600293,0.0,false,false,false,false,false,false,false
F3016,0.0,0.008920645302372718,0.4999999691529397,5.693725892884134e-6,0.0,false,false,false,false,false,false,false
F3017,-0.04472238727726398,0.013778111748126518,0.5123021778024555,0.0006237405167600293,0.0,false,false,false,false,false,false,false
F3018,-0.04472238727726398,0.013778111748126518,0.5123021778024555,0.0006237405167600293,0.0,false,false,false,false,false,false,false
F3019,0.0,0.008920645302372718,0.4999999691529397,5.693725892884134e-6,0.0,false,false,false,false,false,false,false
F3020,-0.04472238727726398,0.013778111748126518,0.5123021778024555,0.0006237405167600293,0.0,false,false,false,false,false,false,false
F3021,0.0,0.008974001572640711,0.5,2.8465480065153133e-6,0.0,false,false,false,false,false,false,false
F3022,0.0,0.008974001572640711,0.5,2.8465480065153133e-6,0.0,false,false,false,false,false,false,false
F3023,0.0,0.008974001572640711,0.5,2.8465480065153133e-6,0.0,false,false,false,false,false,false,false
F3024,0.0,0.008974001572640711,0.5,2.8465480065153133e-6,0.0,false,false,false,false,false,false,false
F3025,-0.005522917580616738,0.010025061971824773,0.5000834567215744,0.0005583942792465248,0.0,false,false,false,false,false,false,false
F3026,-0.005522917580616738,0.010025061971824773,0.5000834567215744,0.0005583942792465248,0.0,false,false,false,false,false,false,false
F3027,0.0,0.008918738132841702,0.5,0.0,0.0,false,false,false,false,false,false,false
F3028,-0.005522917580616738,0.010025061971824773,0.5000834567215744,0.0005583942792465248,0.0,false,false,false,false,false,false,false
F3029,-0.005522917580616738,0.010025061971824773,0.5000834567215744,0.0005583942792465248,0.0,false,false,false,false,false,false,false
F3030,0.0,0.008918738132841702,0.5,0.0,0.0,false,false,false,false,false,false,false
F3031,-0.010124565039764739,0.009459182989376817,0.48957938105373555,0.0017758143712973168,0.0,false,false,false,false,false,false,false
F3032,0.0,0.009105385022113902,0.5004999691529397,0.0005287304986037087,0.0,false,false,false,false,false,false,false
F3033,-0.010253413490276048,0.009313082290687367,0.4891177335893639,0.0014212855800448188,0.0,false,false,false,false,false,false,false
F3034,-0.010124565039764739,0.009459182989376817,0.48957938105373555,0.0017758143712973168,0.0,false,false,false,false,false,false,false
F3035,0.0,0.009105385022113902,0.5004999691529397,0.0005287304986037087,0.0,false,false,false,false,false,false,false
F3036,-0.010253413490276048,0.009313082290687367,0.4891177335893639,0.0014212855800448188,0.0,false,false,false,false,false,false,false
F3037,-0.016027702165562145,0.010541494046345483,0.5280909483611138,0.001087162495178876,0.0,false,false,false,false,false,false,false
F3038,-0.015106514752854351,0.010437992411115126,0.517512812076987,0.0010935372398286148,0.0,false,false,false,false,false,false,false
F3039,-0.021013543986126013,0.011850433322304833,0.5402351034782782,0.0008887704515718982,0.0,false,false,false,false,false,false,false
F3040,-0.016027702165562145,0.010541494046345483,0.5280909483611138,0.001087162495178876,0.0,false,false,false,false,false,false,false
F3041,-0.015106514752854351,0.010437992411115126,0.517512812076987,0.0010935372398286148,0.0,false,false,false,false,false,false,false
F3042,-0.021013543986126013,0.011850433322304833,0.5402351034782782,0.0008887704515718982,0.0,false,false,false,false,false,false,false
F3043,-0.009450999233038639,0.009409460699416854,0.48464536257543916,0.0027036762869762465,0.0,false,false,false,false,false,false,false
F3044,-0.009221137194395101,0.009293536216039063,0.4770948474522142,0.0017010329104349914,0.0,false,false,false,false,false,false,false
F3045,-0.009207028827369013,0.009540940419982038,0.5167442990776729,0.001810905577038059,0.0,false,false,false,false,false,false,false
F3046,-0.009450999233038639,0.009409460699416854,0.48464536257543916,0.0027036762869762465,0.0,false,false,false,false,false,false,false
F3047,-0.009221137194395101,0.009293536216039063,0.4770948474522142,0.0017010329104349914,0.0,false,false,false,false,false,false,false
F3048,-0.009207028827369013,0.009540940419982038,0.5167442990776729,0.001810905577038059,0.0,false,false,false,false,false,false,false
F3049,-0.012995052184619675,0.009506703767926956,0.5053302563390709,0.0012907784999419904,0.0,false,false,false,false,false,false,false
F3050,-0.009746503283867433,0.009227616170190424,0.4918472839163428,0.001149889443016622,0.0,false,false,false,false,false,false,false
F3051,-0.01522500682922791,0.009463933841594942,0.5062466222468999,0.000978502796401195,0.0,false,false,false,false,false,false,false
F3052,-0.012995052184619675,0.009506703767926956,0.5053302563390709,0.0012907784999419904,0.0,false,false,false,false,false,false,false
F3053,-0.009746503283867433,0.009227616170190424,0.4918472839163428,0.001149889443016622,0.0,false,false,false,false,false,false,false
F3054,-0.01522500682922791,0.009463933841594942,0.5062466222468999,0.000978502796401195,0.0,false,false,false,false,false,false,false
F3055,-0.0196628087046595,0.011130144819109171,0.5922157953733038,0.0049274582720345555,0.0,false,false,false,false,false,false,false
F3056,-0.020087624875935173,0.01155583437534531,0.6020478499145355,0.004742541206375561,0.0,false,false,false,false,false,false,false
F3057,-0.02069913325485586,0.01202412449792276,0.6144222371694374,0.005244198421273518,0.0,false,false,false,false,false,false,false
F3058,-0.0196628087046595,0.011130144819109171,0.5922157953733038,0.0049274582720345555,0.0,false,false,false,false,false,false,false
F3059,-0.020087624875935173,0.01155583437534531,0.6020478499145355,0.004742541206375561,0.0,false,false,false,false,false,false,false
F3060,-0.02069913325485586,0.01202412449792276,0.6144222371694374,0.005244198421273518,0.0,false,false,false,false,false,false,false
F3061,-0.020779217828233748,0.012094888760117153,0.6157326541990107,0.0052371738484108,0.0,false,false,false,false,false,false,false
F3062,-0.0223288795395162,0.013872735404605523,0.6454894422533959,0.004793365845829538,0.0,false,false,false,false,false,false,false
F3063,-0.021976391500110347,0.013402576593769288,0.6395389156078867,0.004916005197314213,0.0,false,false,false,false,false,false,false
F3064,-0.020779217828233748,0.012094888760117153,0.6157326541990107,0.0052371738484108,0.0,false,false,false,false,false,false,false
F3065,-0.0223288795395162,0.013872735404605523,0.6454894422533959,0.004793365845829538,0.0,false,false,false,false,false,false,false
F3066,-0.021976391500110347,0.013402576593769288,0.6395389156078867,0.004916005197314213,0.0,false,false,false,false,false,false,false
F3067,-0.020779217828233748,0.012094888760117153,0.6157326541990107,0.0052371738484108,0.0,false,false,false,false,false,false,false
F3068,-0.0223288795395162,0.013872735404605523,0.6454894422533959,0.004793365845829538,0.0,false,false,false,false,false,false,false
F3069,-0.021976391500110347,0.013402576593769288,0.6395389156078867,0.004916005197314213,0.0,false,false,false,false,false,false,false
F3070,-0.020779217828233748,0.012094888760117153,0.6157326541990107,0.0052371738484108,0.0,false,false,false,false,false,false,false
F3071,-0.0223288795395162,0.013872735404605523,0.6454894422533959,0.004793365845829538,0.0,false,false,false,false,false,false,false
F3072,-0.021976391500110347,0.013402576593769288,0.6395389156078867,0.004916005197314213,0.0,false,false,false,false,false,false,false
F3073,-0.0398558527783991,0.017209253519508156,0.5317038133317366,0.0019401209754019105,0.0,false,false,false,false,false,false,false
F3074,0.0,0.008918738132841702,0.5,0.0,0.0,false,false,false,false,false,false,false
F3075,-0.0398558527783991,0.017209253519508156,0.5317038133317366,0.0019401209754019105,0.0,false,false,false,false,false,false,false
F3076,-0.0398558527783991,0.017209253519508156,0.5317038133317366,0.0019401209754019105,0.0,false,false,false,false,false,false,false
F3077,0.0,0.008918738132841702,0.5,0.0,0.0,false,false,false,false,false,false,false
F3078,-0.0398558527783991,0.017209253519508156,0.5317038133317366,0.0019401209754019105,0.0,false,false,false,false,false,false,false
F3079,-0.012927298114478441,0.009950171192756383,0.5115682231503558,0.002097667589511074,0.0,false,false,false,false,false,false,false
F3080,0.0,0.008935537697821327,0.5000556172496762,0.00004704876075259675,0.0,false,false,false,false,false,false,false
F3081,-0.012821735156314908,0.009945627917598104,0.5114146592261742,0.0020912433327268686,0.0,false,false,false,false,false,false,false
F3082,-0.012927298114478441,0.009950171192756383,0.5115682231503558,0.002097667589511074,0.0,false,false,false,false,false,false,false
F3083,0.0,0.008935537697821327,0.5000556172496762,0.00004704876075259675,0.0,false,false,false,false,false,false,false
F3084,-0.012821735156314908,0.009945627917598104,0.5114146592261742,0.0020912433327268686,0.0,false,false,false,false,false,false,false
F3085,-0.004255712659003396,0.0098814145820845,0.5219886121045679,0.0017302205387236826,0.0,false,false,false,false,false,false,false
F3086,0.0,0.008952122950803417,0.5001111111111112,0.0000942701898275991,0.0,false,false,false,false,false,false,false
F3087,-0.0031040068916367877,0.009902366880344269,0.5223331751287412,0.0016708222069858484,0.0,false,false,false,false,false,false,false
F3088,-0.004255712659003396,0.0098814145820845,0.5219886121045679,0.0017302205387236826,0.0,false,false,false,false,false,false,false
F3089,0.0,0.008952122950803417,0.5001111111111112,0.0000942701898275991,0.0,false,false,false,false,false,false,false
F3090,-0.0031040068916367877,0.009902366880344269,0.5223331751287412,0.0016708222069858484,0.0,false,false,false,false,false,false,false
F3091,-0.01831933223088927,0.011848689506041465,0.5468138650958254,0.001796450138863309,0.0,false,false,false,false,false,false,false
F3092,0.0,0.008978788974019542,0.5000000925411808,0.00017480224157981464,0.0,false,false,false,false,false,false,false
F3093,-0.018096659313416093,0.011749835296981296,0.5427175408406005,0.0018187690576592277,0.0,false,false,false,false,false,false,false
F3094,-0.01831933223088927,0.011848689506041465,0.5468138650958254,0.001796450138863309,0.0,false,false,false,false,false,false,false
F3095,0.0,0.008978788974019542,0.5000000925411808,0.00017480224157981464,0.0,false,false,false,false,false,false,false
F3096,-0.018096659313416093,0.011749835296981296,0.5427175408406005,0.0018187690576592277,0.0,false,false,false,false,false,false,false
F3097,-0.018339563159874343,0.011426168053992793,0.5725388396243192,0.002559594635277179,0.0,false,false,false,false,false,false,false
F3098,-0.018177739869380143,0.011694430106162057,0.5663341452234234,0.0021857191366412465,0.0,false,false,false,false,false,false,false
F3099,-0.01957788417835788,0.011065142405676475,0.5476714587347988,0.00227879396473385,0.0,false,false,false,false,false,false,false
F3100,-0.018339563159874343,0.011426168053992793,0.5725388396243192,0.002559594635277179,0.0,false,false,false,false,false,false,false
F3101,-0.018177739869380143,0.011694430106162057,0.5663341452234234,0.0021857191366412465,0.0,false,false,false,false,false,false,false
F3102,-0.01957788417835788,0.011065142405676475,0.5476714587347988,0.00227879396473385,0.0,false,false,false,false,false,false,false
F3103,-0.029936247568080297,0.022731226643729733,0.7194870195116729,0.006826381836497541,0.0,false,false,false,false,false,false,false
F3104,-0.030831090036988362,0.024732086623754257,0.7287413593074653,0.006426836135712117,0.0,false,false,false,false,false,false,false
F3105,-0.03464060711920981,0.03255514951919046,0.7273911545601027,0.00880613856346509,0.0,false,false,false,false,false,false,false
F3106,-0.029936247568080297,0.022731226643729733,0.7194870195116729,0.006826381836497541,0.0,false,false,false,false,false,false,false
F3107,-0.030831090036988362,0.024732086623754257,0.7287413593074653,0.006426836135712117,0.0,false,false,false,false,false,false,false
F3108,-0.03464060711920981,0.03255514951919046,0.7273911545601027,0.00880613856346509,0.0,false,false,false,false,false,false,false
F3109,-0.015461715858765386,0.011010919445911978,0.54658238342533,0.0028608221287682446,0.0,false,false,false,false,false,false,false
F3110,-0.017904359982069407,0.011565101541680787,0.5572225319403163,0.0027573395212192376,0.0,false,false,false,false,false,false,false
F3111,-0.005332954308760064,0.00969816814344911,0.5050629434264915,0.002145365394745189,0.0,false,false,false,false,false,false,false
F3112,-0.015461715858765386,0.011010919445911978,0.54658238342533,0.0028608221287682446,0.0,false,false,false,false,false,false,false
F3113,-0.017904359982069407,0.011565101541680787,0.5572225319403163,0.0027573395212192376,0.0,false,false,false,false,false,false,false
F3114,-0.005332954308760064,0.00969816814344911,0.5050629434264915,0.002145365394745189,0.0,false,false,false,false,false,false,false
F3115,-0.010260747126050596,0.009512288305148785,0.497753759485471,0.0014309040452015736,0.0,false,false,false,false,false,false,false
F3116,-0.01028305657561773,0.0093760803844939,0.5001119516935035,0.0010419659820091454,0.0,false,false,false,false,false,false,false
F3117,-0.01028718472446742,0.009253904498312218,0.4822223706736997,0.0013805962000195623,0.0,false,false,false,false,false,false,false
F3118,-0.010260747126050596,0.009512288305148785,0.497753759485471,0.0014309040452015736,0.0,false,false,false,false,false,false,false
F3119,-0.01028305657561773,0.0093760803844939,0.5001119516935035,0.0010419659820091454,0.0,false,false,false,false,false,false,false
F3120,-0.01028718472446742,0.009253904498312218,0.4822223706736997,0.0013805962000195623,0.0,false,false,false,false,false,false,false
F3121,-0.03196104613080636,0.00915805305478938,0.48192023914183474,0.0008108159252672604,0.0,false,false,false,false,false,false,false
F3122,0.0,0.008922591308025415,0.5000555864026158,9.965674358436885e-6,0.0,false,false,false,false,false,false,false
F3123,-0.03196104613080636,0.00915805305478938,0.48192023914183474,0.0008108159252672604,0.0,false,false,false,false,false,false,false
F3124,-0.03196104613080636,0.00915805305478938,0.48192023914183474,0.0008108159252672604,0.0,false,false,false,false,false,false,false
F3125,0.0,0.008922591308025415,0.5000555864026158,9.965674358436885e-6,0.0,false,false,false,false,false,false,false
F3126,-0.03196104613080636,0.00915805305478938,0.48192023914183474,0.0008108159252672604,0.0,false,false,false,false,false,false,false
F3127,0.0,0.008974001572640711,0.5,2.8465480065153133e-6,0.0,false,false,false,false,false,false,false
F3128,0.0,0.008974001572640711,0.5,2.8465480065153133e-6,0.0,false,false,false,false,false,false,false
F3129,0.0,0.008974001572640711,0.5,2.8465480065153133e-6,0.0,false,false,false,false,false,false,false
F3130,0.0,0.008974001572640711,0.5,2.8465480065153133e-6,0.0,false,false,false,false,false,false,false
F3131,-0.015897291895392438,0.009810774776255766,0.4951980092078475,0.0005836727416956812,0.0,false,false,false,false,false,false,false
F3132,-0.015897291895392438,0.009810774776255766,0.4951980092078475,0.0005836727416956812,0.0,false,false,false,false,false,false,false
F3133,0.0,0.008918738132841702,0.5,0.0,0.0,false,false,false,false,false,false,false
F3134,-0.015897291895392438,0.009810774776255766,0.4951980092078475,0.0005836727416956812,0.0,false,false,false,false,false,false,false
F3135,-0.015897291895392438,0.009810774776255766,0.4951980092078475,0.0005836727416956812,0.0,false,false,false,false,false,false,false
F3136,-0.010583732108369402,0.00995181105494566,0.50582578022649,0.002543592318549665,0.0,false,false,false,false,false,false,false
F3137,0.0,0.009150828120663406,0.4997780862483806,0.0006793730932395631,0.0,false,false,false,false,false,false,false
F3138,-0.010657751091760417,0.009827324345345102,0.506158436965847,0.0018874179018472362,0.0,false,false,false,false,false,false,false
F3139,-0.010583732108369402,0.00995181105494566,0.50582578022649,0.002543592318549665,0.0,false,false,false,false,false,false,false
F3140,0.0,0.009150828120663406,0.4997780862483806,0.0006793730932395631,0.0,false,false,false,false,false,false,false
F3141,-0.010657751091760417,0.009827324345345102,0.506158436965847,0.0018874179018472362,0.0,false,false,false,false,false,false,false
F3142,-0.01630055772965674,0.01193703874829701,0.5354580545757077,0.0008987335341747909,0.0,false,false,false,false,false,false,false
F3143,-0.015002610503845597,0.011415893916859429,0.5236753049776268,0.0009092260817014043,0.0,false,false,false,false,false,false,false
F3144,-0.01705485583743377,0.013017637176815495,0.5259916068778058,0.0014707236344649595,0.0,false,false,false,false,false,false,false
F3145,-0.01630055772965674,0.01193703874829701,0.5354580545757077,0.0008987335341747909,0.0,false,false,false,false,false,false,false
F3146,-0.015002610503845597,0.011415893916859429,0.5236753049776268,0.0009092260817014043,0.0,false,false,false,false,false,false,false
F3147,-0.01705485583743377,0.013017637176815495,0.5259916068778058,0.0014707236344649595,0.0,false,false,false,false,false,false,false
F3148,-0.0032614758193271237,0.008930480568963364,0.5006665432784256,0.00001138997242211115,0.5,false,false,false,false,false,false,false
F3149,-0.0036447956766219123,0.00893340280639881,0.5008331482509718,0.00001138997242211115,0.5,false,false,false,false,false,false,false
F3150,0.032161445002679874,0.00881801846230605,0.4934722222222222,0.00001138997242211115,0.5,false,false,false,false,false,false,false
F3151,-0.003822409571849223,0.0089354693019718,0.5009443210562033,0.00001138997242211115,0.5,false,false,false,false,false,false,false
F3152,-0.0037602357250607183,0.008937298048429876,0.5010553704731939,0.00001138997242211115,0.5,false,false,false,false,false,false,false
F3153,-0.002821145833760058,0.008934564693225705,0.5008887963477081,0.00001138997242211115,0.5,false,false,false,false,false,false,false
F3154,-0.004488701470846718,0.00894632537776914,0.501555493861435,0.00001138997242211115,0.5,false,false,false,false,false,false,false
F3155,-0.003988723356207345,0.00894242044160951,0.5013332716392127,0.00001138997242211115,0.5,false,false,false,false,false,false,false
F3156,-0.004483980435746619,0.00894833239607568,0.5016665741254858,0.00001138997242211115,0.5,false,false,false,false,false,false,false
F3157,-0.0015299060709699083,0.008937604603562622,0.5010554630143748,0.00001138997242211115,0.5,false,false,false,false,false,false,false
F3158,-0.0013680855980131544,0.008934618124428664,0.5008887963477081,0.00001138997242211115,0.5,false,false,false,false,false,false,false
F3159,-0.0017086635857673802,0.00893663267114837,0.5009999074588192,0.00001138997242211115,0.5,false,false,false,false,false,false,false
F3160,-0.0024412377776190566,0.008924589364241533,0.5003332407921526,0.00001138997242211115,0.5,false,false,false,false,false,false,false
F3161,-0.002487773381501805,0.008925560226245636,0.5003888271947684,0.00001138997242211115,0.5,false,false,false,false,false,false,false
F3162,-0.0024412377776190566,0.00892465004311679,0.5003332716392128,0.00001138997242211115,0.5,false,false,false,false,false,false,false
F3163,-0.0031430243599795756,0.008929569382325007,0.5006110494169906,0.00001138997242211115,0.5,false,false,false,false,false,false,false
F3164,-0.002990388151606648,0.008928536704134866,0.500555493861435,0.00001138997242211115,0.5,false,false,false,false,false,false,false
F3165,-0.003289601899939588,0.008930603199707853,0.5006666049725462,0.00001138997242211115,0.5,false,false,false,false,false,false,false
F3166,-0.0026369835750820548,0.008925560226245634,0.500388796347708,0.00001138997242211115,0.5,false,false,false,false,false,false,false
F3167,-0.002487773381501805,0.008925560226245636,0.5003888271947684,0.00001138997242211115,0.5,false,false,false,false,false,false,false
F3168,-0.002228412132262219,0.008923678110702538,0.5002777160836572,0.00001138997242211115,0.5,false,false,false,false,false,false,false
F3169,-0.0031970861385938287,0.008929509708730488,0.5006110494169906,0.00001138997242211115,0.5,false,false,false,false,false,false,false
F3170,-0.0029752319290740014,0.008929508636549116,0.5006110494169906,0.00001138997242211115,0.5,false,false,false,false,false,false,false
F3171,-0.0034307483172812047,0.008931516465472758,0.5007221605281018,0.00001138997242211115,0.5,false,false,false,false,false,false,false
F3172,-0.0026369835750820548,0.008925560226245634,0.500388796347708,0.00001138997242211115,0.5,false,false,false,false,false,false,false
F3173,-0.002487773381501805,0.008925560226245636,0.5003888271947684,0.00001138997242211115,0.5,false,false,false,false,false,false,false
F3174,-0.002228412132262219,0.008923678110702538,0.5002777160836572,0.00001138997242211115,0.5,false,false,false,false,false,false,false
F3175,-0.0031970861385938287,0.008929509708730488,0.5006110494169906,0.00001138997242211115,0.5,false,false,false,false,false,false,false
F3176,-0.0029752319290740014,0.008929508636549116,0.5006110494169906,0.00001138997242211115,0.5,false,false,false,false,false,false,false
F3177,-0.0034307483172812047,0.008931516465472758,0.5007221605281018,0.00001138997242211115,0.5,false,false,false,false,false,false,false
F3178,0.03665842463873798,0.00881716328248568,0.4934723456104633,0.00001138997242211115,0.5,false,false,false,false,false,false,false
F3179,0.0,0.008918738132841702,0.5,0.0,0.0,false,false,false,false,false,false,false
F3180,0.03665842463873798,0.00881716328248568,0.4934723456104633,0.00001138997242211115,0.5,false,false,false,false,false,false,false
F3181,-0.0029903881496896115,0.008927508379803537,0.5004999691529397,0.00001138997242211115,0.5,false,false,false,false,false,false,false
F3182,0.0,0.008918738132841702,0.5,0.0,0.0,false,false,false,false,false,false,false
F3183,-0.0029903881496896115,0.008927508379803537,0.5004999691529397,0.00001138997242211115,0.5,false,false,false,false,false,false,false
F3184,-0.002491612221723518,0.008925681650896782,0.5003888580418286,0.00001138997242211115,0.5,false,false,false,false,false,false,false
F3185,-0.0011212646869159166,0.00892264764023333,0.500222191375162,0.0001723677780970128,0.5,false,false,false,false,false,false,false
F3186,-0.002491612221723518,0.008925681650896782,0.5003888580418286,0.00001138997242211115,0.5,false,false,false,false,false,false,false
F3187,0.0084323301990531,0.008819792334106933,0.49342023143006974,0.00001138997242211115,0.5,false,false,false,false,false,false,false
F3188,-0.0013609157659795136,0.008945745077908126,0.5,0.0001723677780970128,0.5,false,false,false,false,false,false,false
F3189,0.008573840172752907,0.008819792334106933,0.4934757869856252,0.00001138997242211115,0.5,false,false,false,false,false,false,false
F3190,-0.0023254014502645808,0.00892471078889268,0.5003332716392128,0.00001138997242211115,0.5,false,false,false,false,false,false,false
F3191,-0.0023160285948407664,0.00893443333489688,0.5008887655006479,0.001245105117412615,0.5,false,false,false,false,false,false,false
F3192,-0.0024412377776190566,0.00892471078889268,0.5003333024862731,0.00001138997242211115,0.5,false,false,false,false,false,false,false
F3193,-0.00247222899598883,0.008934496293821986,0.5008887346535876,0.00001138997242211115,0.5,false,false,false,false,false,false,false
F3194,-0.0021617296040474534,0.008930605342299374,0.5006666049725461,0.001245105117412615,0.5,false,false,false,false,false,false,false
F3195,-0.002113152596967153,0.008931453573558987,0.5007221296810415,0.00001138997242211115,0.5,false,false,false,false,false,false,false
F3196,0.001818994505798716,0.00881716328248568,0.4933611419581713,0.00001138997242211115,0.5,false,false,false,false,false,false,false
F3197,-0.0023149414660596445,0.008930609627490224,0.5006666666666666,5.68053731035343e-7,0.5,false,false,false,false,false,false,false
F3198,0.0017894000283022594,0.008816309045012218,0.4932500616941205,0.00001138997242211115,0.5,false,false,false,false,false,false,false
F3199,-0.0012429826323921969,0.008926652512900883,0.500444382750324,0.00001138997242211115,0.5,false,false,false,false,false,false,false
F3200,-0.0025580181340446513,0.008929574741464556,0.5006110802640509,5.68053731035343e-7,0.5,false,false,false,false,false,false,false
F3201,-0.0014227382597478927,0.008925681650896782,0.5003888271947684,0.00001138997242211115,0.5,false,false,false,false,false,false,false
F3202,-0.003594792476514034,0.008931455719696868,0.5007220988339812,0.00001138997242211115,0.5,false,false,false,false,false,false,false
F3203,-0.00334624962081597,0.008930602127526482,0.5006665741254859,0.00001138997242211115,0.5,false,false,false,false,false,false,false
F3204,-0.004188539972583708,0.008937357722024395,0.5010554321673146,0.00001138997242211115,0.5,false,false,false,false,false,false,false
F3205,-0.003384266993476997,0.008936504256879247,0.5009999383058794,0.00001138997242211115,0.5,false,false,false,false,false,false,false
F3206,-0.003005467103590692,0.008932549210674235,0.5007777160836573,0.00001138997242211115,0.5,false,false,false,false,false,false,false
F3207,-0.003604010336518153,0.008937420684511543,0.5010554938614351,0.00001138997242211115,0.5,false,false,false,false,false,false,false
F3208,-0.0030411279205804715,0.008928536704134866,0.5005554321673145,0.00001138997242211115,0.5,false,false,false,false,false,false,false
F3209,-0.0026120075317611754,0.008931455719696866,0.5007220988339811,0.00001138997242211115,0.5,false,false,false,false,false,false,false
F3210,-0.0026369835750820548,0.008925561296655782,0.500388796347708,0.00001138997242211115,0.5,false,false,false,false,false,false,false
F3211,-0.0029903881527145533,0.008927565842130763,0.5004999691529398,0.00001138997242211115,0.5,false,false,false,false,false,false,false
F3212,-0.0025151226267372093,0.00892665465372118,0.5004444135973842,0.00001138997242211115,0.5,false,false,false,false,false,false,false
F3213,-0.002819209493560586,0.008926532158659886,0.500444382750324,0.00001138997242211115,0.5,false,false,false,false,false,false,false
F3214,-0.002972831806965263,0.008929630195112231,0.5006110185699303,0.00001138997242211115,0.5,false,false,false,false,false,false,false
F3215,-0.0025151226267372093,0.008925681650896782,0.5003888271947684,0.00001138997242211115,0.5,false,false,false,false,false,false,false
F3216,-0.0033026901561900627,0.008938336099968516,0.5011109260287495,0.00001138997242211115,0.5,false,false,false,false,false,false,false
F3217,0.009084508034175714,0.00881801846230605,0.4930278394718983,0.00001138997242211115,0.5,false,false,false,false,false,false,false
F3218,0.010294721857047872,0.00881801846230605,0.4930833950274539,0.00001138997242211115,0.5,false,false,false,false,false,false,false
F3219,-0.0030260952359713847,0.008936504256879247,0.5009999383058794,0.00001138997242211115,0.5,false,false,false,false,false,false,false
F3220,-0.003543033981211038,0.008940287507458376,0.5012220988339812,0.00001138997242211115,0.5,false,false,false,false,false,false,false
F3221,-0.0022485896104736357,0.008931578348670133,0.5007221913751619,0.00001138997242211115,0.5,false,false,false,false,false,false,false
F3222,-0.003905196431094205,0.008938392616925795,0.5011109568758096,0.00001138997242211115,0.5,false,false,false,false,false,false,false
F3223,-0.0043217809821312,0.008940461523563991,0.5012220371398606,0.00001138997242211115,0.5,false,false,false,false,false,false,false
F3224,-0.002877395606320494,0.0089315164619264,0.500722191375162,0.00001138997242211115,0.5,false,false,false,false,false,false,false
F3225,-0.004284703478957949,0.008944487475051758,0.5014442285150226,0.00001138997242211115,0.5,false,false,false,false,false,false,false
F3226,0.06710333456699633,0.03150497483790308,0.518305617249676,0.00001138997242211115,0.506117240707107,false,false,false,false,false,false,false
F3227,-0.001056865987538032,0.008809360345406756,0.5,0.000043239962561433484,0.5,false,false,false,false,false,false,false
F3228,0.06710333456699633,0.03150497483790308,0.518305617249676,0.00001138997242211115,0.506117240707107,false,false,false,false,false,false,false
F3229,0.08590573502928821,0.027448440329826723,0.511246651166019,0.00001138997242211115,0.5061728395061729,false,false,false,false,false,false,false
F3230,0.0,0.008918738132841702,0.5,0.000043239962561433484,0.0,false,false,false,false,false,false,false
F3231,0.08590573502928821,0.027448440329826723,0.511246651166019,0.00001138997242211115,0.5061728395061729,false,false,false,false,false,false,false
F3232,-0.0018741183155092799,0.008945745077908124,0.5,0.00009135014175617236,0.5,false,false,false,false,false,false,false
F3233,0.0,0.008918738132841702,0.5,0.0,0.0,false,false,false,false,false,false,false
F3234,-0.0018741183155092799,0.008945745077908124,0.5,0.00009135014175617236,0.5,false,false,false,false,false,false,false
F3235,-0.0018741183155092799,0.008945745077908124,0.5,0.00009135014175617236,0.5,false,false,false,false,false,false,false
F3236,0.0,0.008918738132841702,0.5,0.0,0.0,false,false,false,false,false,false,false
F3237,-0.0018741183155092799,0.008945745077908124,0.5,0.00009135014175617236,0.5,false,false,false,false,false,false,false
F3238,0.014061696583534164,0.024323440329826723,0.5122708333333333,0.00001138997242211115,0.5122900802132797,false,false,false,false,false,false,false
F3239,0.014061696583534164,0.024323440329826723,0.5122708333333333,0.00001138997242211115,0.5122900802132797,false,false,false,false,false,false,false
F3240,0.0,0.008918738132841702,0.5,0.006898111036201342,0.0,false,false,false,false,false,false,false
F3241,-0.0023922781985105494,0.00892768953974685,0.5005,0.00001138997242211115,0.5,false,false,false,false,false,false,false
F3242,-0.0023922781985105494,0.00892768953974685,0.5005,0.00001138997242211115,0.5,false,false,false,false,false,false,false
F3243,0.0,0.008918738132841702,0.5,0.006898111036201342,0.0,false,false,false,false,false,false,false
F3244,-0.002921960761678408,0.008935416005124593,0.5009444135973842,0.00001138997242211115,0.5,false,false,false,false,false,false,false
F3245,-0.0024166853715359006,0.008930549895752246,0.5006666358196064,0.00001138997242211115,0.5,false,false,false,false,false,false,false
F3246,-0.002931108701609607,0.008935412788576565,0.5009443827503239,0.00001138997242211115,0.5,false,false,false,false,false,false,false
F3247,-0.0026224429044482576,0.008931455719696868,0.5007220988339812,0.00001138997242211115,0.5,false,false,false,false,false,false,false
F3248,-0.002278846732948023,0.0089365781057681,0.5009999074588192,0.00001138997242211115,0.5,false,false,false,false,false,false,false
F3249,-0.0025452389101667957,0.008932373411657332,0.5007775926954162,0.00001138997242211115,0.5,false,false,false,false,false,false,false
F3250,-0.003255821587067532,0.008931701255004542,0.5007221605281017,0.00001138997242211115,0.5,false,false,false,false,false,false,false
F3251,-0.003871757777846985,0.008937477265029059,0.5010554630143748,0.00001138997242211115,0.5,false,false,false,false,false,false,false
F3252,-0.0032336009338967183,0.008931638158169492,0.5007220988339812,0.00001138997242211115,0.5,false,false,false,false,false,false,false
F3253,-0.0013328643744226554,0.008925562368837157,0.5003888580418286,0.00001138997242211115,0.5,false,false,false,false,false,false,false
F3254,-0.0013043009963241519,0.008926533230841258,0.500444382750324,0.00001138997242211115,0.5,false,false,false,false,false,false,false
F3255,-0.002620659247527373,0.008929508636549116,0.5006110185699304,0.00001138997242211115,0.5,false,false,false,false,false,false,false
F3256,0.01665845382133285,0.008818996010684654,0.49342373449935223,4.270058197067075e-6,0.5,false,false,false,false,false,false,false
F3257,-0.0035562004879730355,0.008933343194379512,0.5008331790980319,4.270058197067075e-6,0.5,false,false,false,false,false,false,false
F3258,0.047700125685341765,0.008816309045012218,0.49352777777777773,4.270058197067075e-6,0.5,false,false,false,false,false,false,false
F3259,-0.003488177954720349,0.008933520069131978,0.5008332099450923,4.270058197067075e-6,0.5,false,false,false,false,false,false,false
F3260,-0.0032384890832271346,0.008934375810994433,0.5008887038065273,4.270058197067075e-6,0.5,false,false,false,false,false,false,false
F3261,-0.003238071832629751,0.008935471448109678,0.5009442902091431,4.270058197067075e-6,0.5,false,false,false,false,false,false,false
F3262,-0.004621636131975337,0.008944362146059792,0.5014443210562034,4.270058197067075e-6,0.5,false,false,false,false,false,false,false
F3263,-0.004423543642433583,0.008942354119338974,0.5013332407921526,4.270058197067075e-6,0.5,false,false,false,false,false,false,false
F3264,-0.004433005817052925,0.008947290843265449,0.50161098772287,4.270058197067075e-6,0.5,false,false,false,false,false,false,false
F3265,-0.002053272128484548,0.008939486369276297,0.5011665124313653,4.270058197067075e-6,0.5,false,false,false,false,false,false,false
F3266,-0.0022718153363618983,0.00894045937387192,0.5012220679869209,4.270058197067075e-6,0.5,false,false,false,false,false,false,false
F3267,-0.0019935765011202247,0.008938512290724168,0.50111098772287,4.270058197067075e-6,0.5,false,false,false,false,false,false,false
F3268,-0.0019919397315357385,0.008922646569823181,0.5002221605281016,4.270058197067075e-6,0.5,false,false,false,false,false,false,false
F3269,-0.002486396674677043,0.008925560226245636,0.5003888271947684,4.270058197067075e-6,0.5,false,false,false,false,false,false,false
F3270,-0.002227179037689811,0.008923678110702538,0.5002777160836572,4.270058197067075e-6,0.5,false,false,false,false,false,false,false
F3271,-0.0026623024747018074,0.008926591767124991,0.500444382750324,4.270058197067075e-6,0.5,false,false,false,false,false,false,false
F3272,-0.002829375465204682,0.008927563699539242,0.5004999383058795,4.270058197067075e-6,0.5,false,false,false,false,false,false,false
F3273,-0.0031161040447220205,0.008929508636549116,0.5006110494169906,4.270058197067075e-6,0.5,false,false,false,false,false,false,false
F3274,-0.00211282934103583,0.008923678110702538,0.5002777160836572,4.270058197067075e-6,0.5,false,false,false,false,false,false,false
F3275,-0.0025137307750170766,0.008926533230841258,0.500444382750324,4.270058197067075e-6,0.5,false,false,false,false,false,false,false
F3276,-0.002227179037689811,0.008923678110702538,0.5002777160836572,4.270058197067075e-6,0.5,false,false,false,false,false,false,false
F3277,-0.002875804031391286,0.008927563699539242,0.5004999074588192,4.270058197067075e-6,0.5,false,false,false,false,false,false,false
F3278,-0.0028176492204476664,0.008927563699539242,0.5004999383058795,4.270058197067075e-6,0.5,false,false,false,false,false,false,false
F3279,-0.003287781003619388,0.008930481641144739,0.5006665741254859,4.270058197067075e-6,0.5,false,false,false,false,false,false,false
F3280,-0.00211282934103583,0.008923678110702538,0.5002777160836572,4.270058197067075e-6,0.5,false,false,false,false,false,false,false
F3281,-0.0025137307750170766,0.008926533230841258,0.500444382750324,4.270058197067075e-6,0.5,false,false,false,false,false,false,false
F3282,-0.002227179037689811,0.008923678110702538,0.5002777160836572,4.270058197067075e-6,0.5,false,false,false,false,false,false,false
F3283,-0.002875804031391286,0.008927563699539242,0.5004999074588192,4.270058197067075e-6,0.5,false,false,false,false,false,false,false
F3284,-0.0028176492204476664,0.008927563699539242,0.5004999383058795,4.270058197067075e-6,0.5,false,false,false,false,false,false,false
F3285,-0.003287781003619388,0.008930481641144739,0.5006665741254859,4.270058197067075e-6,0.5,false,false,false,false,false,false,false
F3286,0.03665987738813436,0.00881716328248568,0.49347231476340303,4.270058197067075e-6,0.5,false,false,false,false,false,false,false
F3287,0.0,0.008918738132841702,0.5,0.005297096617664196,0.0,false,false,false,false,false,false,false
F3288,0.03665987738813436,0.00881716328248568,0.49347231476340303,4.270058197067075e-6,0.5,false,false,false,false,false,false,false
F3289,-0.003304533067099471,0.008929508636549116,0.5006110494169906,4.270058197067075e-6,0.5,false,false,false,false,false,false,false
F3290,0.0,0.008918738132841702,0.5,0.005297096617664196,0.0,false,false,false,false,false,false,false
F3291,-0.003304533067099471,0.008929508636549116,0.5006110494169906,4.270058197067075e-6,0.5,false,false,false,false,false,false,false
F3292,-0.0019560296625161845,0.00892465218570831,0.5003333024862731,4.270058197067075e-6,0.5,false,false,false,false,false,false,false
F3293,-0.0015101900848687746,0.008930482715101246,0.5006665741254859,0.000066071604773872,0.5,false,false,false,false,false,false,false
F3294,-0.0019560296625161845,0.00892465218570831,0.5003333024862731,4.270058197067075e-6,0.5,false,false,false,false,false,false,false
F3295,-0.0026699470151363217,0.008931458941570308,0.5007221605281018,4.270058197067075e-6,0.5,false,false,false,false,false,false,false
F3296,-0.001557483427957572,0.008922589165433894,0.5002222222222222,0.000066071604773872,0.5,false,false,false,false,false,false,false
F3297,-0.0026699470151363217,0.008931458941570308,0.5007221605281018,4.270058197067075e-6,0.5,false,false,false,false,false,false,false
F3298,-0.002486396672936334,0.008925744606275527,0.5003888271947684,4.270058197067075e-6,0.5,false,false,false,false,false,false,false
F3299,-0.002507972339870209,0.008943323891375005,0.5013887346535876,0.00039759951552704976,0.5,false,false,false,false,false,false,false
F3300,-0.0021128293386326255,0.008923739926888578,0.5002777469307176,4.270058197067075e-6,0.5,false,false,false,false,false,false,false
F3301,-0.0023863239612035166,0.008931577278259984,0.5007221296810414,4.270058197067075e-6,0.5,false,false,false,false,false,false,false
F3302,-0.0019749907934806933,0.008930605342299374,0.5006666049725461,0.00039759951552704976,0.5,false,false,false,false,false,false,false
F3303,-0.0024536745580924914,0.00893340280639881,0.5008332407921525,4.270058197067075e-6,0.5,false,false,false,false,false,false,false
F3304,-0.0013307582475367839,0.00892471292794565,0.5003333333333334,4.270058197067075e-6,0.5,false,false,false,false,false,false,false
F3305,-0.0025123053462826057,0.008933655841670229,0.5008333333333332,0.00013878813757835042,0.5,false,false,false,false,false,false,false
F3306,-0.0013307582475367839,0.00892465218216976,0.5003333333333334,4.270058197067075e-6,0.5,false,false,false,false,false,false,false
F3307,-0.0012503280974521724,0.00892471078889268,0.5003333024862731,4.270058197067075e-6,0.5,false,false,false,false,false,false,false
F3308,-0.0022021596089624135,0.00892756905867879,0.5004999691529398,0.00013878813757835042,0.5,false,false,false,false,false,false,false
F3309,-0.0014959290541254635,0.008924648972706641,0.5003332716392128,4.270058197067075e-6,0.5,false,false,false,false,false,false,false
F3310,-0.003451662548629713,0.008930483787282617,0.5006665432784256,4.270058197067075e-6,0.5,false,false,false,false,false,false,false
F3311,-0.003118875675810705,0.008929568310143634,0.5006110185699304,4.270058197067075e-6,0.5,false,false,false,false,false,false,false
F3312,-0.004143887895498203,0.008937424991027643,0.5010554630143748,4.270058197067075e-6,0.5,false,false,false,false,false,false,false
F3313,-0.003170225412478627,0.008932488397887009,0.5007777160836573,4.270058197067075e-6,0.5,false,false,false,false,false,false,false
F3314,-0.002988733051172955,0.008929570452735156,0.5006110802640509,4.270058197067075e-6,0.5,false,false,false,false,false,false,false
F3315,-0.004103795989066805,0.008940401653939561,0.5012221296810413,4.270058197067075e-6,0.5,false,false,false,false,false,false,false
F3316,-0.002486396674677043,0.00892562090512089,0.500388796347708,4.270058197067075e-6,0.5,false,false,false,false,false,false,false
F3317,-0.0027002602027724836,0.008931399333105201,0.5007221296810414,4.270058197067075e-6,0.5,false,false,false,false,false,false,false
F3318,-0.002635524236511214,0.00892562090512089,0.500388796347708,4.270058197067075e-6,0.5,false,false,false,false,false,false,false
F3319,-0.002635524236511214,0.008925681650896782,0.5003888580418286,4.270058197067075e-6,0.5,false,false,false,false,false,false,false
F3320,-0.0024651875121913898,0.008927565842130763,0.5004999383058795,4.270058197067075e-6,0.5,false,false,false,false,false,false,false
F3321,-0.002227179037689811,0.008923617431827282,0.5002777160836572,4.270058197067075e-6,0.5,false,false,false,false,false,false,false
F3322,-0.0025137307750170766,0.008925681650896782,0.5003888271947684,4.270058197067075e-6,0.5,false,false,false,false,false,false,false
F3323,-0.002657596450819136,0.008926653583311031,0.500444382750324,4.270058197067075e-6,0.5,false,false,false,false,false,false,false
F3324,-0.0038235163550632716,0.008943272703795302,0.5013886421124067,4.270058197067075e-6,0.5,false,false,false,false,false,false,false
F3325,0.011432636456586091,0.008818874586033507,0.4930833950274539,4.270058197067075e-6,0.5,false,false,false,false,false,false,false
F3326,0.013526173314486412,0.00881801846230605,0.4933055864026158,4.270058197067075e-6,0.5,false,false,false,false,false,false,false
F3327,-0.003238565658642085,0.008935531252283625,0.5009443827503238,4.270058197067075e-6,0.5,false,false,false,false,false,false,false
F3328,-0.003254018398303512,0.0089364444527053,0.5009999383058794,4.270058197067075e-6,0.5,false,false,false,false,false,false,false
F3329,-0.002620579680002578,0.008934561466015085,0.5008888580418287,4.270058197067075e-6,0.5,false,false,false,false,false,false,false
F3330,-0.003939012714036674,0.008942301873897024,0.5013331790980319,4.270058197067075e-6,0.5,false,false,false,false,false,false,false
F3331,-0.0040279022678902186,0.008936502110741368,0.5009998766117589,4.270058197067075e-6,0.5,false,false,false,false,false,false,false
F3332,-0.0028958824845898073,0.008931577274713626,0.500722191375162,4.270058197067075e-6,0.5,false,false,false,false,false,false,false
F3333,-0.004103795989936425,0.008940526840998064,0.5012220371398606,4.270058197067075e-6,0.5,false,false,false,false,false,false,false
F3334,0.017476565268644006,0.008818079141181306,0.49342020058300945,4.270058197067075e-6,0.5,false,false,false,false,false,false,false
F3335,-0.0010639685544929676,0.008809360345406756,0.5,0.00001605120026910837,0.5,false,false,false,false,false,false,false
F3336,0.017476565268644006,0.008818079141181306,0.49342020058300945,4.270058197067075e-6,0.5,false,false,false,false,false,false,false
F3337,0.07742878627407648,0.027448440329826723,0.5118438116941205,4.270058197067075e-6,0.5061728395061729,false,false,false,false,false,false,false
F3338,0.0,0.008918738132841702,0.5,0.00001605120026910837,0.0,false,false,false,false,false,false,false
F3339,0.07742878627407648,0.027448440329826723,0.5118438116941205,4.270058197067075e-6,0.5061728395061729,false,false,false,false,false,false,false
F3340,-0.0018722427706914888,0.008945745077908124,0.5,0.00009214610270933928,0.5,false,false,false,false,false,false,false
F3341,0.0,0.008918738132841702,0.5,0.0,0.0,false,false,false,false,false,false,false
F3342,-0.0018722427706914888,0.008945745077908124,0.5,0.00009214610270933928,0.5,false,false,false,false,false,false,false
F3343,-0.0018722427706914888,0.008945745077908124,0.5,0.00009214610270933928,0.5,false,false,false,false,false,false,false
F3344,0.0,0.008918738132841702,0.5,0.0,0.0,false,false,false,false,false,false,false
F3345,-0.0018722427706914888,0.008945745077908124,0.5,0.00009214610270933928,0.5,false,false,false,false,false,false,false
F3346,0.006470652478108706,0.008816309045012218,0.49336111111111103,4.270058197067075e-6,0.5061172716021942,false,false,false,false,false,false,false
F3347,0.006470652478108706,0.008816309045012218,0.49336111111111103,4.270058197067075e-6,0.5061172716021942,false,false,false,false,false,false,false
F3348,0.0,0.008918738132841702,0.5,0.006905410927143706,0.0,false,false,false,false,false,false,false
F3349,-0.003028648689617986,0.008934687727037949,0.5008888580418287,4.270058197067075e-6,0.5,false,false,false,false,false,false,false
F3350,-0.003028648689617986,0.008934687727037949,0.5008888580418287,4.270058197067075e-6,0.5,false,false,false,false,false,false,false
F3351,0.0,0.008918738132841702,0.5,0.006905410927143706,0.0,false,false,false,false,false,false,false
F3352,-0.003099801053071938,0.008940342932633138,0.5012220988339812,4.270058197067075e-6,0.5,false,false,false,false,false,false,false
F3353,-0.0030960342086473512,0.008934381184342931,0.5008888271947683,4.270058197067075e-6,0.5,false,false,false,false,false,false,false
F3354,-0.0029887323372690855,0.008938331804138566,0.5011109568758098,4.270058197067075e-6,0.5,false,false,false,false,false,false,false
F3355,-0.0024037148159532008,0.008929510779140637,0.50061098772287,4.270058197067075e-6,0.5,false,false,false,false,false,false,false
F3356,-0.002474421297995993,0.008938457803351401,0.50111098772287,4.270058197067075e-6,0.5,false,false,false,false,false,false,false
F3357,-0.00249844500315577,0.00893243087398456,0.5007776543895368,4.270058197067075e-6,0.5,false,false,false,false,false,false,false
F3358,-0.0025255813190017953,0.008929694291569767,0.5006110802640509,4.270058197067075e-6,0.5,false,false,false,false,false,false,false
F3359,-0.0030897759849664846,0.00893546715227973,0.5009443519032637,4.270058197067075e-6,0.5,false,false,false,false,false,false,false
F3360,-0.003231811071282225,0.008932610090583742,0.5007776543895367,4.270058197067075e-6,0.5,false,false,false,false,false,false,false
F3361,-0.0014518376149790279,0.008925503895805046,0.5003888271947684,4.270058197067075e-6,0.5,false,false,false,false,false,false,false
F3362,-0.0013631210700119141,0.008924533033800943,0.5003333024862731,4.270058197067075e-6,0.5,false,false,false,false,false,false,false
F3363,-0.003087771242650101,0.008934374735258868,0.5008887346535875,4.270058197067075e-6,0.5,false,false,false,false,false,false,false
F3364,0.01567686304163014,0.008818139886957196,0.49336817894379664,2.8465480065153133e-6,0.5,false,false,false,false,false,false,false
F3365,-0.0033041663759037668,0.008932370189783888,0.5007776235424763,2.8465480065153133e-6,0.5,false,false,false,false,false,false,false
F3366,0.03423339802779862,0.00881716328248568,0.4934166975137269,2.8465480065153133e-6,0.5,false,false,false,false,false,false,false
F3367,-0.0035788800836005,0.008933520069131978,0.5008332099450923,2.8465480065153133e-6,0.5,false,false,false,false,false,false,false
F3368,-0.0037393157192369395,0.008936382567736703,0.5009998149176383,2.8465480065153133e-6,0.5,false,false,false,false,false,false,false
F3369,-0.0031887650373915687,0.008934563622815556,0.5008888271947683,2.8465480065153133e-6,0.5,false,false,false,false,false,false,false
F3370,-0.003823984393810944,0.008934498436413507,0.5008888580418287,2.8465480065153133e-6,0.5,false,false,false,false,false,false,false
F3371,-0.0036248163578522386,0.008932744929081046,0.5007777777777778,2.8465480065153133e-6,0.5,false,false,false,false,false,false,false
F3372,-0.004148635991064536,0.008945409081145309,0.5014999383058795,2.8465480065153133e-6,0.5,false,false,false,false,false,false,false
F3373,-0.0020869930281093786,0.008940524691305995,0.5012220988339811,2.8465480065153133e-6,0.5,false,false,false,false,false,false,false
F3374,-0.002174115741277572,0.008939555986102365,0.5011665124313652,2.8465480065153133e-6,0.5,false,false,false,false,false,false,false
F3375,-0.002164302148064805,0.008946566633330284,0.5015554013202542,2.8465480065153133e-6,0.5,false,false,false,false,false,false,false
F3376,-0.0013359240346881194,0.008920704845814979,0.5001110802640508,2.8465480065153133e-6,0.5,false,false,false,false,false,false,false
F3377,-0.0023000083171962372,0.008924589364241533,0.5003333024862731,2.8465480065153133e-6,0.5,false,false,false,false,false,false,false
F3378,-0.001991719317779567,0.008922646569823181,0.5002221605281016,2.8465480065153133e-6,0.5,false,false,false,false,false,false,false
F3379,-0.0028257172818394196,0.008927563699539242,0.5004999074588192,2.8465480065153133e-6,0.5,false,false,false,false,false,false,false
F3380,-0.0028257172818394196,0.008927563699539242,0.5004999074588192,2.8465480065153133e-6,0.5,false,false,false,false,false,false,false
F3381,-0.002973256104127358,0.008928539920682894,0.5005554630143748,2.8465480065153133e-6,0.5,false,false,false,false,false,false,false
F3382,-0.0014082030877104195,0.008920704845814979,0.5001110802640508,2.8465480065153133e-6,0.5,false,false,false,false,false,false,false
F3383,-0.002123243728383704,0.008924589364241533,0.5003333024862731,2.8465480065153133e-6,0.5,false,false,false,false,false,false,false
F3384,-0.001881953421789187,0.008922646569823181,0.5002221605281016,2.8465480065153133e-6,0.5,false,false,false,false,false,false,false
F3385,-0.0031502262048006997,0.008928536704134866,0.5005554630143748,2.8465480065153133e-6,0.5,false,false,false,false,false,false,false
F3386,-0.002973256104127358,0.008928536704134866,0.5005554630143748,2.8465480065153133e-6,0.5,false,false,false,false,false,false,false
F3387,-0.003728220104335147,0.008932486251749128,0.500777685236597,2.8465480065153133e-6,0.5,false,false,false,false,false,false,false
F3388,-0.0014082030877104195,0.008920704845814979,0.5001110802640508,2.8465480065153133e-6,0.5,false,false,false,false,false,false,false
F3389,-0.002123243728383704,0.008924589364241533,0.5003333024862731,2.8465480065153133e-6,0.5,false,false,false,false,false,false,false
F3390,-0.001881953421789187,0.008922646569823181,0.5002221605281016,2.8465480065153133e-6,0.5,false,false,false,false,false,false,false
F3391,-0.0031502262048006997,0.008928536704134866,0.5005554630143748,2.8465480065153133e-6,0.5,false,false,false,false,false,false,false
F3392,-0.002973256104127358,0.008928536704134866,0.5005554630143748,2.8465480065153133e-6,0.5,false,false,false,false,false,false,false
F3393,-0.003728220104335147,0.008932486251749128,0.500777685236597,2.8465480065153133e-6,0.5,false,false,false,false,false,false,false
F3394,-0.0031502262048006997,0.008928536704134866,0.5005554321673145,2.8465480065153133e-6,0.5,false,false,false,false,false,false,false
F3395,0.0,0.008918738132841702,0.5,0.0016037826762356478,0.0,false,false,false,false,false,false,false
F3396,-0.0031502262048006997,0.008928536704134866,0.5005554321673145,2.8465480065153133e-6,0.5,false,false,false,false,false,false,false
F3397,-0.003451280444714637,0.008930485936974685,0.5006665741254859,2.8465480065153133e-6,0.5,false,false,false,false,false,false,false
F3398,0.0,0.008918738132841702,0.5,0.0016037826762356478,0.0,false,false,false,false,false,false,false
F3399,-0.003451280444714637,0.008930485936974685,0.5006665741254859,2.8465480065153133e-6,0.5,false,false,false,false,false,false,false
F3400,-0.002489957804151397,0.008926593909716512,0.500444382750324,2.8465480065153133e-6,0.5,false,false,false,false,false,false,false
F3401,-0.0016242440594914228,0.008924593645886025,0.5003333333333334,0.004608398275262222,0.5,false,false,false,false,false,false,false
F3402,-0.002489957804151397,0.008926593909716512,0.500444382750324,2.8465480065153133e-6,0.5,false,false,false,false,false,false,false
F3403,-0.002886428254758926,0.008930483787282617,0.5006666049725462,2.8465480065153133e-6,0.5,false,false,false,false,false,false,false
F3404,-0.0012855763380227058,0.008923619570880253,0.5002777777777778,0.004608398275262222,0.5,false,false,false,false,false,false,false
F3405,-0.0027188123906359855,0.00892945224640326,0.5006110494169906,2.8465480065153133e-6,0.5,false,false,false,false,false,false,false
F3406,-0.002817337368690616,0.008926779564737166,0.5004444135973841,2.8465480065153133e-6,0.5,false,false,false,false,false,false,false
F3407,-0.0021789302623352086,0.008935468226236237,0.5009443519032637,0.0004501711496098144,0.5,false,false,false,false,false,false,false
F3408,-0.0026352325611303778,0.008925744606275527,0.5003888580418285,2.8465480065153133e-6,0.5,false,false,false,false,false,false,false
F3409,-0.002782321189988216,0.008932552432547675,0.5007777160836572,2.8465480065153133e-6,0.5,false,false,false,false,false,false,false
F3410,-0.002017748859376782,0.008931582637399533,0.5007221913751619,0.0004501711496098144,0.5,false,false,false,false,false,false,false
F3411,-0.00224081467972782,0.008928535631953494,0.500555493861435,2.8465480065153133e-6,0.5,false,false,false,false,false,false,false
F3412,-0.001344527993099646,0.008922646569823181,0.500222191375162,2.8465480065153133e-6,0.5,false,false,false,false,false,false,false
F3413,-0.0026759506674854574,0.00893249590140494,0.5007777777777779,2.8465480065153133e-6,0.5,false,false,false,false,false,false,false
F3414,-0.0013691954110902765,0.008922646569823181,0.500222191375162,2.8465480065153133e-6,0.5,false,false,false,false,false,false,false
F3415,-0.0014875440944578926,0.008923678110702538,0.5002777469307176,2.8465480065153133e-6,0.5,false,false,false,false,false,false,false
F3416,-0.0013371131992564059,0.008926655725902552,0.5004444135973842,2.8465480065153133e-6,0.5,false,false,false,false,false,false,false
F3417,-0.0012482863482584747,0.00892471078889268,0.5003333024862731,2.8465480065153133e-6,0.5,false,false,false,false,false,false,false
F3418,-0.003194962821895406,0.008929569382325007,0.5006110494169906,2.8465480065153133e-6,0.5,false,false,false,false,false,false,false
F3419,-0.002970857576064803,0.008928536704134866,0.5005554630143748,2.8465480065153133e-6,0.5,false,false,false,false,false,false,false
F3420,-0.0040958679820562996,0.008938403383235727,0.5011110185699303,2.8465480065153133e-6,0.5,false,false,false,false,false,false,false
F3421,-0.0031698758168964233,0.008930543457330778,0.5006666358196065,2.8465480065153133e-6,0.5,false,false,false,false,false,false,false
F3422,-0.003295041301767118,0.008930604270118003,0.5006666358196064,2.8465480065153133e-6,0.5,false,false,false,false,false,false,false
F3423,-0.004096851198707935,0.008940401653939561,0.5012221296810415,2.8465480065153133e-6,0.5,false,false,false,false,false,false,false
F3424,-0.002589628894524652,0.008927563699539242,0.5004999383058795,2.8465480065153133e-6,0.5,false,false,false,false,false,false,false
F3425,-0.002342261853752251,0.00892945439609533,0.5006110494169905,2.8465480065153133e-6,0.5,false,false,false,false,false,false,false
F3426,-0.0025196809675497767,0.008925619834710742,0.5003888271947684,2.8465480065153133e-6,0.5,false,false,false,false,false,false,false
F3427,-0.0024396168319961655,0.008924589364241533,0.5003333024862731,2.8465480065153133e-6,0.5,false,false,false,false,false,false,false
F3428,-0.002128403964599944,0.008925561296655784,0.5003888580418286,2.8465480065153133e-6,0.5,false,false,false,false,false,false,false
F3429,-0.001991719317779567,0.008922646569823181,0.5002221605281016,2.8465480065153133e-6,0.5,false,false,false,false,false,false,false
F3430,-0.0025134525889500756,0.008925681650896782,0.5003888271947684,2.8465480065153133e-6,0.5,false,false,false,false,false,false,false
F3431,-0.002032808680197545,0.008923678110702538,0.5002777160836572,2.8465480065153133e-6,0.5,false,false,false,false,false,false,false
F3432,-0.0029171705431354153,0.008934375810994433,0.5008887038065273,2.8465480065153133e-6,0.5,false,false,false,false,false,false,false
F3433,0.013531873222726603,0.008818874586033507,0.4933611419581713,2.8465480065153133e-6,0.5,false,false,false,false,false,false,false
F3434,0.013864078130746605,0.008819792334106931,0.49342016973594915,2.8465480065153133e-6,0.5,false,false,false,false,false,false,false
F3435,-0.0032206540930915517,0.008936504256879247,0.5009999383058794,2.8465480065153133e-6,0.5,false,false,false,false,false,false,false
F3436,-0.0032082616791125783,0.008939427575387432,0.5011665741254859,2.8465480065153133e-6,0.5,false,false,false,false,false,false,false
F3437,-0.00241830575496257,0.008931455719696868,0.5007221605281018,2.8465480065153133e-6,0.5,false,false,false,false,false,false,false
F3438,-0.003611222873001835,0.008941327795344895,0.5012776543895366,2.8465480065153133e-6,0.5,false,false,false,false,false,false,false
F3439,-0.0036016160911891398,0.008937355572332325,0.5010554013202542,2.8465480065153133e-6,0.5,false,false,false,false,false,false,false
F3440,-0.0024809966210833797,0.008928537774545015,0.5005555247084954,2.8465480065153133e-6,0.5,false,false,false,false,false,false,false
F3441,-0.00356462316362941,0.00894242152627579,0.501333179098032,2.8465480065153133e-6,0.5,false,false,false,false,false,false,false
F3442,0.020833768071967414,0.008817223961360936,0.4933646450274539,2.8465480065153133e-6,0.5,false,false,false,false,false,false,false
F3443,-0.001799183064828363,0.008923742065941547,0.5002777777777778,0.0015257192313581488,0.5,false,false,false,false,false,false,false
F3444,0.020833768071967414,0.008817223961360936,0.4933646450274539,2.8465480065153133e-6,0.5,false,false,false,false,false,false,false
F3445,0.06362136285563422,0.021198440329826724,0.5118958950274538,2.8465480065153133e-6,0.5,false,false,false,false,false,false,false
F3446,-0.0011187137432681117,0.008920705914457799,0.5001111111111112,0.0015257192313581488,0.5,false,false,false,false,false,false,false
F3447,0.06362136285563422,0.021198440329826724,0.5118958950274538,2.8465480065153133e-6,0.5,false,false,false,false,false,false,false
F3448,-0.0018722427707009092,0.008945745077908124,0.5,0.00009214610270933928,0.5,false,false,false,false,false,false,false
F3449,0.0,0.008918738132841702,0.5,0.0,0.0,false,false,false,false,false,false,false
F3450,-0.0018722427707009092,0.008945745077908124,0.5,0.00009214610270933928,0.5,false,false,false,false,false,false,false
F3451,-0.0018722427706914888,0.008945745077908124,0.5,0.00009214610270933928,0.5,false,false,false,false,false,false,false
F3452,0.0,0.008918738132841702,0.5,0.0,0.0,false,false,false,false,false,false,false
F3453,-0.0018722427706914888,0.008945745077908124,0.5,0.00009214610270933928,0.5,false,false,false,false,false,false,false
F3454,0.008233553797269894,0.008816309045012218,0.4933611419581713,2.8465480065153133e-6,0.5061728395061729,false,false,false,false,false,false,false
F3455,0.008233553797269894,0.008816309045012218,0.4933611419581713,2.8465480065153133e-6,0.5061728395061729,false,false,false,false,false,false,false
F3456,0.0,0.008918738132841702,0.5,0.0031996708768878375,0.0,false,false,false,false,false,false,false
F3457,-0.0034310109144628704,0.008938575458466172,0.50111098772287,2.8465480065153133e-6,0.5,false,false,false,false,false,false,false
F3458,-0.0034310109144628704,0.008938575458466172,0.50111098772287,2.8465480065153133e-6,0.5,false,false,false,false,false,false,false
F3459,0.0,0.008918738132841702,0.5,0.0031996708768878375,0.0,false,false,false,false,false,false,false
F3460,-0.0026620070125601076,0.008936326121352802,0.5009999074588192,2.8465480065153133e-6,0.5,false,false,false,false,false,false,false
F3461,-0.002615672445179101,0.008928538846726387,0.500555493861435,2.8465480065153133e-6,0.5,false,false,false,false,false,false,false
F3462,-0.0026738316966065864,0.008936326121352802,0.500999876611759,2.8465480065153133e-6,0.5,false,false,false,false,false,false,false
F3463,-0.0024323915839872287,0.00892945439609533,0.5006110494169906,2.8465480065153133e-6,0.5,false,false,false,false,false,false,false
F3464,-0.002483624623871027,0.008938457803351401,0.50111098772287,2.8465480065153133e-6,0.5,false,false,false,false,false,false,false
F3465,-0.0028056926394115682,0.008936330427868903,0.5009998457646987,2.8465480065153133e-6,0.5,false,false,false,false,false,false,false
F3466,-0.0029086198984959893,0.008932614379313142,0.5007777469307175,2.8465480065153133e-6,0.5,false,false,false,false,false,false,false
F3467,-0.0029554509539331192,0.008933460330301258,0.5008332407921526,2.8465480065153133e-6,0.5,false,false,false,false,false,false,false
F3468,-0.002711416607270054,0.00892865933310813,0.5005554938614349,2.8465480065153133e-6,0.5,false,false,false,false,false,false,false
F3469,-0.0023067295534443437,0.008925503895805046,0.5003888271947684,2.8465480065153133e-6,0.5,false,false,false,false,false,false,false
F3470,-0.0022934607592320693,0.008927446690223398,0.5004999074588192,2.8465480065153133e-6,0.5,false,false,false,false,false,false,false
F3471,-0.002386171135582389,0.008928477095669757,0.5005554630143748,2.8465480065153133e-6,0.5,false,false,false,false,false,false,false
F3472,-0.018560928068929197,0.010912836540804625,0.58846392356915,0.0013380141561853357,0.0,false,false,false,false,false,false,false
F3473,-0.016194623690102973,0.010153641697054573,0.5605865568511321,0.0008673224597917149,0.0,false,false,false,false,false,false,false
F3474,-0.017026866053648303,0.009793887704918233,0.5431005228576715,0.0003820426777867782,0.0,false,false,false,false,false,false,false
F3475,-0.01149147641953336,0.010881995896034325,0.5884611543650405,0.0013397744338915954,0.0,false,false,false,false,false,false,false
F3476,-0.0058856545113004245,0.010092987816615207,0.5580451600962428,0.0008687118963426935,0.0,false,false,false,false,false,false,false
F3477,-0.005055840074723079,0.009807996432980606,0.5444485348553636,0.0005798255104378651,0.0,false,false,false,false,false,false,false
F3478,-0.007539552792352167,0.009277406562113401,0.5185897418101055,0.00001138997242211115,0.0,false,false,false,false,false,false,false
F3479,-0.007648280029404596,0.009068445988782991,0.5079253250508977,0.00001138997242211115,0.0,false,false,false,false,false,false,false
F3480,-0.0065212487090190565,0.009207349388476269,0.514933979579246,0.00001138997242211115,0.0,false,false,false,false,false,false,false
F3481,-0.003652904158031907,0.009276560141282173,0.518724948331174,0.00001138997242211115,0.0,false,false,false,false,false,false,false
F3482,-0.00551119432870304,0.009068255871702556,0.5079044917175644,0.00001138997242211115,0.0,false,false,false,false,false,false,false
F3483,-0.0027659466682617784,0.009207695767430132,0.515069216947375,0.00001138997242211115,0.0,false,false,false,false,false,false,false
F3484,0.02987792663716363,0.024754794353257413,0.5912789597191829,0.0068324609228898004,0.0,false,false,false,false,false,false,false
F3485,-0.02616081987878367,0.011592078401009648,0.5748016284526025,0.0016146189513641606,0.0,false,false,false,false,false,false,false
F3486,0.03569445840469069,0.025586441842618463,0.6111220781483053,0.002523636049214677,0.0,false,false,false,false,false,false,false
F3487,-0.006788983916327832,0.010971379498321592,0.5724041959486923,0.0032793877954091152,0.0,false,false,false,false,false,false,false
F3488,-0.006435823138990213,0.011003884236059665,0.5642113386535439,0.0020420501312222884,0.0,false,false,false,false,false,false,false
F3489,-0.0076487813107290765,0.012718637654522408,0.6064825618846466,0.002720478720139874,0.0,false,false,false,false,false,false,false
F3490,0.036182340015482,0.015116154398022061,0.5459341106792521,0.002531474260254306,0.0,false,false,false,false,false,false,false
F3491,-0.011904042104057924,0.00873592486147659,0.48406233147525163,0.0016850981471538105,0.0,false,false,false,false,false,false,false
F3492,0.04107341735414453,0.026080638321826045,0.625653667692785,0.003241215796193714,0.0,false,false,false,false,false,false,false
F3493,-0.005995489270509837,0.010172712321509675,0.5396810766667393,0.00444094595496013,0.0,false,false,false,false,false,false,false
F3494,-0.004654826858682561,0.008469449625727255,0.47032530572612163,0.0016653097001648554,0.0,false,false,false,false,false,false,false
F3495,-0.007177533183829339,0.012123447799055742,0.599880460723527,0.002999973833326937,0.0,false,false,false,false,false,false,false
F3496,0.036182340015482,0.015116154398022061,0.5459341106792521,0.002531474260254306,0.0,false,false,false,false,false,false,false
F3497,-0.011904042104057924,0.00873592486147659,0.48406233147525163,0.0016850981471538105,0.0,false,false,false,false,false,false,false
F3498,0.04107341735414453,0.026080638321826045,0.625653667692785,0.003241215796193714,0.0,false,false,false,false,false,false,false
F3499,-0.005995489270509837,0.010172712321509675,0.5396810766667393,0.00444094595496013,0.0,false,false,false,false,false,false,false
F3500,-0.004654826858682561,0.008469449625727255,0.47032530572612163,0.0016653097001648554,0.0,false,false,false,false,false,false,false
F3501,-0.007177533183829339,0.012123447799055742,0.599880460723527,0.002999973833326937,0.0,false,false,false,false,false,false,false
F3502,0.06371562100001125,0.054645459460301825,0.5536101386348541,0.0004410062985947228,0.0,false,false,false,false,false,false,false
F3503,0.0,0.008918738132841702,0.5,0.0,0.0,false,false,false,false,false,false,false
F3504,0.06371562100001125,0.054645459460301825,0.5536101386348541,0.0004410062985947228,0.0,false,false,false,false,false,false,false
F3505,0.03354871069492402,0.022319447188368417,0.5528716767962969,0.0004410062985947228,0.0,false,false,false,false,false,false,false
F3506,0.0,0.008918738132841702,0.5,0.0,0.0,false,false,false,false,false,false,false
F3507,0.03354871069492402,0.022319447188368417,0.5528716767962969,0.0004410062985947228,0.0,false,false,false,false,false,false,false
F3508,-0.0039350702016017385,0.008877918502600925,0.46242971882904554,0.00037904251116864534,0.0,false,false,false,false,false,false,false
F3509,-0.0013239077140672138,0.00892264764023333,0.500222191375162,0.0001723677780970128,0.5,false,false,false,false,false,false,false
F3510,-0.00390923238630749,0.008878751502734206,0.46259638549571225,0.00037904251116864534,0.0,false,false,false,false,false,false,false
F3511,0.002916657190602043,0.008921422216512804,0.46299206459374415,0.00038906974502913184,0.0,false,false,false,false,false,false,false
F3512,-0.00131048162473268,0.00892264764023333,0.500222191375162,0.0001723677780970128,0.5,false,false,false,false,false,false,false
F3513,0.0029097533267480502,0.008919629330683774,0.46314831459374417,0.0003860535883036565,0.0,false,false,false,false,false,false,false
F3514,-0.024134836155257945,0.010112729137641227,0.5594276999343138,0.0013744376063371884,0.0,false,false,false,false,false,false,false
F3515,-0.0033543699612881067,0.008957376210585349,0.5021665124313653,0.001245105117412615,0.0,false,false,false,false,false,false,false
F3516,-0.023598641059907936,0.01007605907545301,0.5578068774428149,0.0013760212529934427,0.0,false,false,false,false,false,false,false
F3517,-0.00341687187842777,0.009996984126893158,0.5541798583212667,0.0008687118963426935,0.0,false,false,false,false,false,false,false
F3518,-0.0027824682985479725,0.008957376210585349,0.5021665124313653,0.001245105117412615,0.0,false,false,false,false,false,false,false
F3519,-0.006278073842400614,0.009986995416953965,0.5536667555787816,0.0009189849338158049,0.0,false,false,false,false,false,false,false
F3520,0.02109028595551946,0.018088368954918655,0.5368985632981678,0.00001138997242211115,0.0,false,false,false,false,false,false,false
F3521,-0.0031712486994190142,0.008967234528789909,0.5027219754457402,5.68053731035343e-7,0.0,false,false,false,false,false,false,false
F3522,0.020964239681386533,0.015769821519169842,0.5388657486037169,0.00001138997242211115,0.0,false,false,false,false,false,false,false
F3523,-0.002463994908149525,0.011661242123502672,0.5106168910790302,0.00001138997242211115,0.0,false,false,false,false,false,false,false
F3524,-0.003199713831310733,0.008966258296983668,0.5026664198901846,5.68053731035343e-7,0.0,false,false,false,false,false,false,false
F3525,-0.002125453695615024,0.01295540622395363,0.5180508224597447,0.00001138997242211115,0.0,false,false,false,false,false,false,false
F3526,-0.043886620822585876,0.01221495004114195,0.6175650684714011,0.0031089972657721435,0.0,false,false,false,false,false,false,false
F3527,-0.02717120399377797,0.011135677087696054,0.5748844170858237,0.0010795863885755392,0.0,false,false,false,false,false,false,false
F3528,-0.03484787495394811,0.011106618225014303,0.5920930142068859,0.001239034511447701,0.0,false,false,false,false,false,false,false
F3529,-0.0039045583674689635,0.013654211424391804,0.6428816385822327,0.0018323608694929428,0.0,false,false,false,false,false,false,false
F3530,-0.0031349325580659363,0.011473918845393543,0.5966294306358486,0.0012184881291131932,0.0,false,false,false,false,false,false,false
F3531,-0.004684792817443175,0.011428050375429152,0.6026977805766949,0.0014376597931246673,0.0,false,false,false,false,false,false,false
F3532,0.06303433669850077,0.05639635553066854,0.6765934422098472,0.0050461096559925225,0.0,false,false,false,false,false,false,false
F3533,0.020201764552952806,0.014158262993887472,0.6205875558649334,0.0031010520786531643,0.0,false,false,false,false,false,false,false
F3534,0.059312998116991665,0.03247911437020289,0.6915471512059386,0.004854324953950913,0.0,false,false,false,false,false,false,false
F3535,-0.0184271471112991,0.009689664057834162,0.5429426136940988,0.003966144914203259,0.0,false,false,false,false,false,false,false
F3536,-0.009437450306264151,0.010885585823005264,0.572261857859468,0.0019243812473785588,0.0,false,false,false,false,false,false,false
F3537,-0.015790302797624375,0.010723110358728454,0.5775067384949537,0.004027370127615238,0.0,false,false,false,false,false,false,false
F3538,-0.02729368991477815,0.012049262000030517,0.6037369865098547,0.0016378475849306877,0.0,false,false,false,false,false,false,false
F3539,-0.020074924092353143,0.011000503667740155,0.5709872064085675,0.0008123121621152731,0.0,false,false,false,false,false,false,false
F3540,-0.013870675597661957,0.010136201305710685,0.5606048800049355,0.0013744376063371884,0.0,false,false,false,false,false,false,false
F3541,-0.003299913660414458,0.012051841811262735,0.619936182649073,0.0016469302835766034,0.0,false,false,false,false,false,false,false
F3542,-0.002649198351993171,0.01119568791653461,0.5920261653384286,0.0009687100313713043,0.0,false,false,false,false,false,false,false
F3543,-0.004792319848834111,0.010113302629639017,0.5596049725461163,0.0013855272282993316,0.0,false,false,false,false,false,false,false
F3544,-0.020065115650647444,0.009889969325353468,0.5474853033037201,0.0005858025869561655,0.0,false,false,false,false,false,false,false
F3545,-0.009467709396434909,0.009358976935989461,0.5231982116416806,0.00001138997242211115,0.0,false,false,false,false,false,false,false
F3546,-0.01810948186605301,0.009708139471416868,0.5397195616632735,0.0008659334082089374,0.0,false,false,false,false,false,false,false
F3547,-0.00906891597996116,0.009874189230717699,0.5469576064994756,0.0005798255104378651,0.0,false,false,false,false,false,false,false
F3548,-0.005076170217606692,0.009356174859174584,0.5231496005305695,0.00001138997242211115,0.0,false,false,false,false,false,false,false
F3549,-0.0078084955809232925,0.009691772084646123,0.5388758598618051,0.0005810197764911394,0.0,false,false,false,false,false,false,false
F3550,0.022776886348535558,0.016779320216062453,0.5129042353013757,0.00001138997242211115,0.0,false,false,false,false,false,false,false
F3551,-0.00105686598754096,0.008809360345406756,0.5,0.000043239962561433484,0.5,false,false,false,false,false,false,false
F3552,0.02277483787362695,0.016779320216062453,0.5129042353013757,0.00001138997242211115,0.0,false,false,false,false,false,false,false
F3553,0.01829602244916384,0.01778379218028674,0.5131299085384663,0.00001138997242211115,0.0,false,false,false,false,false,false,false
F3554,-0.0010568659875431553,0.008809360345406756,0.5,0.000043239962561433484,0.5,false,false,false,false,false,false,false
F3555,0.01815958732278146,0.01778379218028674,0.5131854640940219,0.00001138997242211115,0.0,false,false,false,false,false,false,false
F3556,-0.0018741183155040508,0.008945745077908124,0.5,0.00009135014175617236,0.5,false,false,false,false,false,false,false
F3557,0.0,0.008918738132841702,0.5,0.0,0.0,false,false,false,false,false,false,false
F3558,-0.0018741183155040508,0.008945745077908124,0.5,0.00009135014175617236,0.5,false,false,false,false,false,false,false
F3559,-0.0018741183155040458,0.008945745077908124,0.5,0.00009135014175617236,0.5,false,false,false,false,false,false,false
F3560,0.0,0.008918738132841702,0.5,0.0,0.0,false,false,false,false,false,false,false
F3561,-0.0018741183155040458,0.008945745077908124,0.5,0.00009135014175617236,0.5,false,false,false,false,false,false,false
F3562,-0.0013268468447018276,0.011222478791365184,0.5083545676784501,0.00001138997242211115,0.0,false,false,false,false,false,false,false
F3563,-0.0013339101512914898,0.011222478791365184,0.5083545676784501,0.00001138997242211115,0.0,false,false,false,false,false,false,false
F3564,0.0,0.008918738132841702,0.5,0.006898111036201342,0.0,false,false,false,false,false,false,false
F3565,-0.0012016666696835685,0.011734154615541007,0.508382345456228,0.00001138997242211115,0.0,false,false,false,false,false,false,false
F3566,-0.0012015247627336309,0.011734154615541007,0.508382345456228,0.00001138997242211115,0.0,false,false,false,false,false,false,false
F3567,0.0,0.008918738132841702,0.5,0.006898111036201342,0.0,false,false,false,false,false,false,false
F3568,-0.014824027243686809,0.009823110439448795,0.5449278043833672,0.0005810197764911394,0.0,false,false,false,false,false,false,false
F3569,-0.007337394849831379,0.009201167254589094,0.51544284039731,0.00001138997242211115,0.0,false,false,false,false,false,false,false
F3570,-0.012784934049100053,0.009559222523808138,0.532623340042569,0.00001138997242211115,0.0,false,false,false,false,false,false,false
F3571,-0.0037231146431174287,0.009805744992232501,0.544573649284348,0.0005810197764911394,0.0,false,false,false,false,false,false,false
F3572,-0.002156700019751549,0.009199029889104472,0.515331729286199,0.00001138997242211115,0.0,false,false,false,false,false,false,false
F3573,-0.0073307572657457225,0.00954516102296453,0.5322518431118514,0.00001138997242211115,0.0,false,false,false,false,false,false,false
F3574,-0.002639961141907587,0.00963878484393928,0.4937139401267633,0.000011533923329034578,0.0,false,false,false,false,false,false,false
F3575,-0.004104296622542073,0.008811778726776492,0.48349600076936194,0.00001138997242211115,0.0,false,false,false,false,false,false,false
F3576,-0.0011541158897949632,0.010445837289621757,0.5117657876842203,0.00001138997242211115,0.0,false,false,false,false,false,false,false
F3577,-0.0011962001828173645,0.00946279380892242,0.49051288987508757,0.00001138997242211115,0.0,false,false,false,false,false,false,false
F3578,-0.0011740412911879453,0.009120102516816707,0.5111654019371954,0.00001138997242211115,0.0,false,false,false,false,false,false,false
F3579,-0.003610889520665758,0.00971799811494154,0.514507619564113,0.00001138997242211115,0.0,false,false,false,false,false,false,false
F3580,-0.018194136498488098,0.011382954544690892,0.6029683519368325,0.0010393851242160223,0.0,false,false,false,false,false,false,false
F3581,-0.015807886956213543,0.010436387386713934,0.5714941853291381,0.0013760212529931254,0.0,false,false,false,false,false,false,false
F3582,-0.01835773856985905,0.010036219419219563,0.553385984161849,0.0003764211799096252,0.0,false,false,false,false,false,false,false
F3583,-0.011120247745833804,0.0113260898997341,0.6025988276302563,0.0015361217163067922,0.0,false,false,false,false,false,false,false
F3584,-0.005737997368965728,0.010352430839479334,0.5682063051391202,0.0008581162996718404,0.0,false,false,false,false,false,false,false
F3585,-0.0057322091260403624,0.01004863763853602,0.5546128151843747,0.0005732999084869409,0.0,false,false,false,false,false,false,false
F3586,-0.008082945800353401,0.00954097832749845,0.5317930123696712,4.270058197067075e-6,0.0,false,false,false,false,false,false,false
F3587,-0.008095869003863294,0.009269941941849071,0.5187157886822136,4.270058197067075e-6,0.0,false,false,false,false,false,false,false
F3588,-0.007055349848631919,0.009399940481573553,0.5247729752760811,4.270058197067075e-6,0.0,false,false,false,false,false,false,false
F3589,-0.004567808503961985,0.00954125287154812,0.5320461452742304,4.270058197067075e-6,0.0,false,false,false,false,false,false,false
F3590,-0.006514999259332524,0.009268864701474746,0.5186498164599913,4.270058197067075e-6,0.0,false,false,false,false,false,false,false
F3591,-0.0032395696338786196,0.009402524033218852,0.5250747983373435,4.270058197067075e-6,0.0,false,false,false,false,false,false,false
F3592,0.028577331141616896,0.015737868055680025,0.5356705220955679,0.0027277939604117307,0.0,false,false,false,false,false,false,false
F3593,-0.02681827250643558,0.011926407602677344,0.5775587762381466,0.0017425361978524979,0.0,false,false,false,false,false,false,false
F3594,0.03583839273196981,0.025402160577141557,0.6113513978027819,0.0023834624303859494,0.0,false,false,false,false,false,false,false
F3595,-0.00881208954428244,0.011132184820380291,0.5747187783520775,0.0023084092653912307,0.0,false,false,false,false,false,false,false
F3596,-0.008285450282596196,0.01096739318212665,0.5664290170584243,0.0017711467665902313,0.0,false,false,false,false,false,false,false
F3597,-0.009578724138383251,0.012403866006565714,0.5989120231634205,0.0030429992389067696,0.0,false,false,false,false,false,false,false
F3598,0.038049764647312155,0.01597602566107285,0.5523734092216379,0.003954414913220625,0.0,false,false,false,false,false,false,false
F3599,-0.01220146373369112,0.009828120060154079,0.524625319924842,0.00150107812642664,0.0,false,false,false,false,false,false,false
F3600,0.04219197642457919,0.02611226400836955,0.6296394457236902,0.0031384750944969384,0.0,false,false,false,false,false,false,false
F3601,-0.00720540225650625,0.010290604397193377,0.5397193846329019,0.0038797288300112184,0.0,false,false,false,false,false,false,false
F3602,-0.005873515632929375,0.009331567501767219,0.5176780639749884,0.000854350405501171,0.0,false,false,false,false,false,false,false
F3603,-0.008001308609623649,0.013014975586970581,0.6024100360230156,0.0036140151934730327,0.0,false,false,false,false,false,false,false
F3604,0.038049764647312155,0.01597602566107285,0.5523734092216379,0.003954414913220625,0.0,false,false,false,false,false,false,false
F3605,-0.01220146373369112,0.009828120060154079,0.524625319924842,0.00150107812642664,0.0,false,false,false,false,false,false,false
F3606,0.04219197642457919,0.02611226400836955,0.6296394457236902,0.0031384750944969384,0.0,false,false,false,false,false,false,false
F3607,-0.00720540225650625,0.010290604397193377,0.5397193846329019,0.0038797288300112184,0.0,false,false,false,false,false,false,false
F3608,-0.005873515632929375,0.009331567501767219,0.5176780639749884,0.000854350405501171,0.0,false,false,false,false,false,false,false
F3609,-0.008001308609623649,0.013014975586970581,0.6024100360230156,0.0036140151934730327,0.0,false,false,false,false,false,false,false
F3610,0.051425314793060395,0.03906400386920854,0.5466125906359214,0.0003239444793209475,0.0,false,false,false,false,false,false,false
F3611,0.0,0.008918738132841702,0.5,0.005297096617664196,0.0,false,false,false,false,false,false,false
F3612,0.05142677461225479,0.03906400386920854,0.5466125906359214,0.0003239444793209475,0.0,false,false,false,false,false,false,false
F3613,0.025873772034540037,0.021713400573251346,0.5459984852052056,0.00023188088002226376,0.0,false,false,false,false,false,false,false
F3614,0.0,0.008918738132841702,0.5,0.005297096617664196,0.0,false,false,false,false,false,false,false
F3615,0.025875267050905832,0.021713400573251346,0.5460019554994865,0.00023188088002226376,0.0,false,false,false,false,false,false,false
F3616,-0.006317629932650341,0.009966817269941192,0.5499455303290111,0.00037441912421294404,0.0,false,false,false,false,false,false,false
F3617,-0.0019895146181112032,0.008930482715101246,0.5006665741254859,0.000066071604773872,0.5,false,false,false,false,false,false,false
F3618,-0.006336540102656859,0.009964466682964157,0.5498411594139785,0.0003754197708576416,0.0,false,false,false,false,false,false,false
F3619,0.0010686613452334133,0.009923416454785278,0.5478928459316357,0.0002489639800147247,0.0,false,false,false,false,false,false,false
F3620,-0.0017001635231897513,0.008930482715101246,0.5006665741254859,0.000066071604773872,0.5,false,false,false,false,false,false,false
F3621,0.0007787172057568291,0.009925919514697729,0.5479941222741178,0.00024072980795291377,0.0,false,false,false,false,false,false,false
F3622,-0.024888633096267907,0.010531513105460556,0.5770564446767047,0.0013665222954418394,0.0,false,false,false,false,false,false,false
F3623,-0.003718125115015835,0.008972136266483103,0.5029996915293973,0.00039759951552704976,0.0,false,false,false,false,false,false,false
F3624,-0.024399358217256036,0.010476028270352412,0.5748213664884796,0.0013665222954418394,0.0,false,false,false,false,false,false,false
F3625,-0.004666065844784153,0.01031317365944258,0.5679725570035529,0.0013791891311660033,0.0,false,false,false,false,false,false,false
F3626,-0.003401626171743667,0.008972136266483103,0.5029996915293973,0.00039759951552704976,0.0,false,false,false,false,false,false,false
F3627,-0.00724307314640317,0.010319186497274037,0.5681684503525638,0.001383942411297305,0.0,false,false,false,false,false,false,false
F3628,0.021346350399351927,0.022816487174719118,0.5168341444295652,0.00014997947645723546,0.0,false,false,false,false,false,false,false
F3629,-0.0034278475284874295,0.008997287736707443,0.5043884570300451,0.00013878813757835042,0.0,false,false,false,false,false,false,false
F3630,0.022137513377238578,0.02277862463361828,0.5194717055339626,0.00015226693300887214,0.0,false,false,false,false,false,false,false
F3631,-0.0023362155038164937,0.010632648830403987,0.5117288800838677,4.270058197067075e-6,0.0,false,false,false,false,false,false,false
F3632,-0.004077106950276773,0.008994273215973538,0.5042218212104387,0.00013878813757835042,0.0,false,false,false,false,false,false,false
F3633,-0.002014566339482876,0.01160706507645046,0.5182750017691695,4.270058197067075e-6,0.0,false,false,false,false,false,false,false
F3634,-0.046908981644991424,0.01330317078384804,0.63881443916869,0.002658366976745715,0.0,false,false,false,false,false,false,false
F3635,-0.031156344180513152,0.011967828717604451,0.5940668867468327,0.0016588231396877273,0.0,false,false,false,false,false,false,false
F3636,-0.03580022839413612,0.01132352525343025,0.5996180976300385,0.0015681529469626122,0.0,false,false,false,false,false,false,false
F3637,-0.005040404705256975,0.013994734815349342,0.6456680119160378,0.0019208315683716132,0.0,false,false,false,false,false,false,false
F3638,-0.0040024466255051605,0.012218886662933718,0.6087578273281365,0.0012950710888608977,0.0,false,false,false,false,false,false,false
F3639,-0.0058933593127978,0.011589218948413287,0.6083757863732205,0.0015979273363108273,0.0,false,false,false,false,false,false,false
F3640,0.06477303720382507,0.05816055480170716,0.6838290768926487,0.006322361436985591,0.0,false,false,false,false,false,false,false
F3641,0.024853646989139593,0.01512252659357519,0.6326859316764833,0.003511264507840466,0.0,false,false,false,false,false,false,false
F3642,0.058953445489805315,0.03641289814008562,0.6919393258737884,0.00488231452143141,0.0,false,false,false,false,false,false,false
F3643,-0.018186544860344857,0.009573610664535239,0.5352435823371547,0.004408142876209895,0.0,false,false,false,false,false,false,false
F3644,-0.008218697550982621,0.01112250300874471,0.5843274287296818,0.002164260218411293,0.0,false,false,false,false,false,false,false
F3645,-0.016231710327281833,0.010496066274006058,0.5680420239028428,0.004055947300842928,0.0,false,false,false,false,false,false,false
F3646,-0.03009162821606141,0.013054795287667542,0.6229664194592329,0.0017749054438652005,0.0,false,false,false,false,false,false,false
F3647,-0.02336297991063736,0.01182541878775914,0.5910399432005822,0.001415948119501623,0.0,false,false,false,false,false,false,false
F3648,-0.011829151734943278,0.010409892109436047,0.5722702819421308,0.0013665222954418394,0.0,false,false,false,false,false,false,false
F3649,-0.00398870307276032,0.012992801979818053,0.6391892790361563,0.0017634528833670613,0.0,false,false,false,false,false,false,false
F3650,-0.0029782458779887273,0.011608509684069332,0.6016894455195552,0.001111516128147775,0.0,false,false,false,false,false,false,false
F3651,-0.0062768212410787925,0.010376552603196598,0.5708815164414831,0.0013776050945867792,0.0,false,false,false,false,false,false,false
F3652,-0.02036420879741492,0.01000573478376355,0.5520426287093589,0.0005732999084869409,0.0,false,false,false,false,false,false,false
F3653,-0.010447988474063176,0.00940462754876958,0.525221152214819,4.270058197067075e-6,0.0,false,false,false,false,false,false,false
F3654,-0.01830453917293426,0.00986775650825571,0.5469237460669998,0.0008595043894291005,0.0,false,false,false,false,false,false,false
F3655,-0.008753601759677142,0.009980455277827208,0.551344818079462,0.0005756882659947719,0.0,false,false,false,false,false,false,false
F3656,-0.005798896226119907,0.009397784877336623,0.5249608068819792,4.270058197067075e-6,0.0,false,false,false,false,false,false,false
F3657,-0.006770032675482968,0.00984514325729519,0.5459585164877537,0.0005732999084869409,0.0,false,false,false,false,false,false,false
F3658,0.019189278563959654,0.015689775086269647,0.5084082859059782,4.270058197067075e-6,0.0,false,false,false,false,false,false,false
F3659,-0.0010639685544649939,0.008809360345406756,0.5,0.00001605120026910837,0.5,false,false,false,false,false,false,false
F3660,0.01920236597268426,0.015689775086269647,0.5084082859059782,4.270058197067075e-6,0.0,false,false,false,false,false,false,false
F3661,0.016078743285565203,0.016464347735842298,0.5086825702541798,4.270058197067075e-6,0.0,false,false,false,false,false,false,false
F3662,-0.0010639685544611365,0.008809360345406756,0.5,0.00001605120026910837,0.5,false,false,false,false,false,false,false
F3663,0.016014507415812486,0.016464347735842298,0.5087381258097354,4.270058197067075e-6,0.0,false,false,false,false,false,false,false
F3664,-0.00187224277069469,0.008945745077908124,0.5,0.00009214610270933928,0.5,false,false,false,false,false,false,false
F3665,0.0,0.008918738132841702,0.5,0.0,0.0,false,false,false,false,false,false,false
F3666,-0.00187224277069469,0.008945745077908124,0.5,0.00009214610270933928,0.5,false,false,false,false,false,false,false
F3667,-0.0018722427706946898,0.008945745077908124,0.5,0.00009214610270933928,0.5,false,false,false,false,false,false,false
F3668,0.0,0.008918738132841702,0.5,0.0,0.0,false,false,false,false,false,false,false
F3669,-0.0018722427706946898,0.008945745077908124,0.5,0.00009214610270933928,0.5,false,false,false,false,false,false,false
F3670,-0.0035354867703844954,0.009306756993731556,0.4953168667869702,4.270058197067075e-6,0.0,false,false,false,false,false,false,false
F3671,-0.0035354624625448315,0.009306756993731556,0.4953168667869702,4.270058197067075e-6,0.0,false,false,false,false,false,false,false
F3672,0.0,0.008918738132841702,0.5,0.006905410927143706,0.0,false,false,false,false,false,false,false
F3673,-0.001683307814647278,0.010137585066668828,0.5038654778980813,4.270058197067075e-6,0.0,false,false,false,false,false,false,false
F3674,-0.0016831741577355511,0.010137585066668828,0.5038654778980813,4.270058197067075e-6,0.0,false,false,false,false,false,false,false
F3675,0.0,0.008918738132841702,0.5,0.006905410927143706,0.0,false,false,false,false,false,false,false
F3676,-0.01417268315860422,0.010300925525406639,0.5656546035381578,0.0005732999084869409,0.0,false,false,false,false,false,false,false
F3677,-0.0077480176378495885,0.009281526956557321,0.5196645073724475,4.270058197067075e-6,0.0,false,false,false,false,false,false,false
F3678,-0.012064210598838918,0.009967294546798242,0.5514268770436178,0.0005721065921188101,0.0,false,false,false,false,false,false,false
F3679,-0.003972972864461243,0.010267546479910752,0.564963583117404,0.00086645060169976,0.0,false,false,false,false,false,false,false
F3680,-0.0024646317605014133,0.009275075998863314,0.5193312048861743,4.270058197067075e-6,0.0,false,false,false,false,false,false,false
F3681,-0.007182350955645634,0.009942158913147526,0.55087472623234,0.0008720144653875594,0.0,false,false,false,false,false,false,false
F3682,-0.002855212067408721,0.00954526029877095,0.47996525452907424,0.00001859840533192843,0.0,false,false,false,false,false,false,false
F3683,-0.0026453319657501954,0.009618703487980747,0.49222156082495927,4.270058197067075e-6,0.0,false,false,false,false,false,false,false
F3684,-0.0020116262570464374,0.010736695235671414,0.5159151684294854,0.00023188088002226376,0.0,false,false,false,false,false,false,false
F3685,-0.0012571057043620976,0.009188584438153097,0.5129002333489383,0.00024483534652903105,0.0,false,false,false,false,false,false,false
F3686,-0.0012240827989748338,0.009234125616540644,0.5172759269541612,4.270058197067075e-6,0.0,false,false,false,false,false,false,false
F3687,-0.005899182104371689,0.008852039025079155,0.48143834103602573,0.00012914581346533125,0.0,false,false,false,false,false,false,false
F3688,-0.01693582711186306,0.011335051422716699,0.5960443877856528,0.0011151143057002047,0.0,false,false,false,false,false,false,false
F3689,-0.01456767993882495,0.010229089495623697,0.5588698872131677,0.0006616091669803332,0.0,false,false,false,false,false,false,false
F3690,-0.019175616086786165,0.010269029010528138,0.562838071078885,0.0006464834828654143,0.0,false,false,false,false,false,false,false
F3691,-0.010140635727993952,0.01132532319331606,0.5989882936540339,0.0011681467604421959,0.0,false,false,false,false,false,false,false
F3692,-0.004614276743005217,0.010178965228504241,0.5572685799102168,0.0006516434527500066,0.0,false,false,false,false,false,false,false
F3693,-0.006628203620580468,0.010278971535382483,0.563727025177552,0.0006464834828654143,0.0,false,false,false,false,false,false,false
F3694,-0.009861932829853733,0.009977480328527463,0.5517836425751126,0.0005717565046039502,0.0,false,false,false,false,false,false,false
F3695,-0.00902509860313659,0.009742250954455689,0.5421990927108397,2.8465480065153133e-6,0.0,false,false,false,false,false,false,false
F3696,-0.008043451521687525,0.00965195332540748,0.5368581170183232,0.00036989818518135616,0.0,false,false,false,false,false,false,false
F3697,-0.006238726100690536,0.00997314386694141,0.5519498330402863,0.0008565534548230239,0.0,false,false,false,false,false,false,false
F3698,-0.00711747303344629,0.009736140051023346,0.5418970402245666,2.8465480065153133e-6,0.0,false,false,false,false,false,false,false
F3699,-0.003941739631896908,0.009649317063425525,0.5369341685174903,0.0005777307486486663,0.0,false,false,false,false,false,false,false
F3700,0.027784680007218596,0.017765066104480344,0.5335316930862666,0.004020110823132208,0.0,false,false,false,false,false,false,false
F3701,-0.029390299613602035,0.012246199819019343,0.5870599417353468,0.0012720568781752655,0.0,false,false,false,false,false,false,false
F3702,0.03753094262905201,0.025985758226494043,0.6155510600501537,0.001789362133588439,0.0,false,false,false,false,false,false,false
F3703,-0.01057744461779376,0.013257573503396486,0.613773768000167,0.00154318170822072,0.0,false,false,false,false,false,false,false
F3704,-0.009713807650320334,0.012418571380555646,0.5963483812551488,0.0011683436724977017,0.0,false,false,false,false,false,false,false
F3705,-0.011123075903142841,0.01211148948707378,0.5916171759607044,0.0018178650142341374,0.0,false,false,false,false,false,false,false
F3706,0.037853738338460854,0.01469985476479406,0.5679588857452105,0.004039794028108027,0.0,false,false,false,false,false,false,false
F3707,-0.01492939907129302,0.009988233567355263,0.5350884449860824,0.0017262551472195843,0.0,false,false,false,false,false,false,false
F3708,0.044149591486021066,0.027019673526374022,0.635068865948656,0.0029333635863485518,0.0,false,false,false,false,false,false,false
F3709,-0.007820877989305084,0.011375255171502969,0.572718601435114,0.0023385978155416004,0.0,false,false,false,false,false,false,false
F3710,-0.006577327313164746,0.010309266580001714,0.5472807189088851,0.0013329937508820546,0.0,false,false,false,false,false,false,false
F3711,-0.008716484232843625,0.013223706211475204,0.597775733252768,0.0029541617290283345,0.0,false,false,false,false,false,false,false
F3712,0.037853738338460854,0.01469985476479406,0.5679588857452105,0.004039794028108027,0.0,false,false,false,false,false,false,false
F3713,-0.01492939907129302,0.009988233567355263,0.5350884449860824,0.0017262551472195843,0.0,false,false,false,false,false,false,false
F3714,0.044149591486021066,0.027019673526374022,0.635068865948656,0.0029333635863485518,0.0,false,false,false,false,false,false,false
F3715,-0.007820877989305084,0.011375255171502969,0.572718601435114,0.0023385978155416004,0.0,false,false,false,false,false,false,false
F3716,-0.006577327313164746,0.010309266580001714,0.5472807189088851,0.0013329937508820546,0.0,false,false,false,false,false,false,false
F3717,-0.008716484232843625,0.013223706211475204,0.597775733252768,0.0029541617290283345,0.0,false,false,false,false,false,false,false
F3718,0.044261473352340826,0.03708567928432953,0.545453864025251,0.00029553776872175207,0.0,false,false,false,false,false,false,false
F3719,0.0,0.008918738132841702,0.5,0.0016037826762356478,0.0,false,false,false,false,false,false,false
F3720,0.04426285360343272,0.03708567928432953,0.545453864025251,0.00029553776872175207,0.0,false,false,false,false,false,false,false
F3721,0.023636125181858696,0.017857479767870776,0.5440165762121987,0.00029403793793001174,0.0,false,false,false,false,false,false,false
F3722,0.0,0.008918738132841702,0.5,0.0016037826762356478,0.0,false,false,false,false,false,false,false
F3723,0.023636040462721344,0.017857479767870776,0.5440165762121987,0.00029403793793001174,0.0,false,false,false,false,false,false,false
F3724,-0.012304571390600236,0.010736642803603275,0.5784309684752117,0.0008562601148797927,0.0,false,false,false,false,false,false,false
F3725,-0.002955867119652921,0.008946214388543905,0.5015553704731939,0.004608398275262222,0.0,false,false,false,false,false,false,false
F3726,-0.01231515887950966,0.01072876584895452,0.5781348391915528,0.0008559142730720098,0.0,false,false,false,false,false,false,false
F3727,-0.0031389634409748563,0.010542494147326682,0.5705540227288398,0.0017694512506504431,0.0,false,false,false,false,false,false,false
F3728,-0.002070753750064173,0.008946214388543905,0.5015553704731939,0.004608398275262222,0.5,false,false,false,false,false,false,false
F3729,-0.0033302076990997208,0.010567466630395197,0.5714173188778565,0.0018043868005962877,0.0,false,false,false,false,false,false,false
F3730,-0.02415265515762807,0.010500473043301945,0.5736588731342065,0.0015540025144736313,0.0,false,false,false,false,false,false,false
F3731,-0.004004199033776927,0.008993927562109386,0.5042218520574989,0.0004501711496098144,0.0,false,false,false,false,false,false,false
F3732,-0.023784058081349833,0.010430677055340166,0.5709650357644446,0.001465729067269058,0.0,false,false,false,false,false,false,false
F3733,-0.004001629938919169,0.010243757292193586,0.562885268215189,0.0006053946966369163,0.0,false,false,false,false,false,false,false
F3734,-0.0027268686866049256,0.008993927562109386,0.5042218520574989,0.0004501711496098144,0.0,false,false,false,false,false,false,false
F3735,-0.007200048249047529,0.010306018554904378,0.564272675084285,0.00038192645193768843,0.0,false,false,false,false,false,false,false
F3736,-0.008040506915940267,0.01077968273818296,0.5628961890952013,0.0010428416067606878,0.0,false,false,false,false,false,false,false
F3737,-0.0034784765071734823,0.00903846263123342,0.5066658954901597,2.8465480065153133e-6,0.0,false,false,false,false,false,false,false
F3738,-0.007732872638064423,0.0106845657709175,0.5600604434537094,0.0010480395050597785,0.0,false,false,false,false,false,false,false
F3739,-0.004296137941662806,0.008849152243322564,0.48854817233436043,0.00013137117801774364,0.0,false,false,false,false,false,false,false
F3740,-0.004698721804790977,0.00903132148129146,0.5062770682953915,2.8465480065153133e-6,0.0,false,false,false,false,false,false,false
F3741,-0.0034311775688885752,0.008623367392113524,0.46937125752577546,0.00022624542622904422,0.0,false,false,false,false,false,false,false
F3742,-0.04723032315180389,0.013989489788967982,0.6472501422140204,0.0035330606589891074,0.0,false,false,false,false,false,false,false
F3743,-0.031620173777106554,0.012938384351119058,0.6071712752401535,0.0015990357320111606,0.0,false,false,false,false,false,false,false
F3744,-0.03651021360804099,0.011683684544232326,0.6093943794388013,0.001932422815266907,0.0,false,false,false,false,false,false,false
F3745,-0.006106936610883267,0.013938359107794932,0.648108634160216,0.0021120949551292666,0.0,false,false,false,false,false,false,false
F3746,-0.004914075034759432,0.012247429307328885,0.6105882575221463,0.001213233213302634,0.0,false,false,false,false,false,false,false
F3747,-0.007047116915524869,0.011908055486184208,0.6184916619942443,0.002351531625287234,0.0,false,false,false,false,false,false,false
F3748,0.06338901965436843,0.06338235123716517,0.6790454012023095,0.00527525474127574,0.0,false,false,false,false,false,false,false
F3749,0.023572096572258238,0.01531860651028662,0.6268951127369327,0.00330405114349982,0.0,false,false,false,false,false,false,false
F3750,0.06125335358836944,0.046118780342111136,0.6933255426360809,0.004553445072067137,0.0,false,false,false,false,false,false,false
F3751,-0.018413806262941944,0.009255332475811139,0.5215332862462032,0.004010003174421415,0.0,false,false,false,false,false,false,false
F3752,-0.008277345440935899,0.010997705387073963,0.5817936671892522,0.0023489958292079046,0.0,false,false,false,false,false,false,false
F3753,-0.016485630651029134,0.010205072386179053,0.5550952172767126,0.0035142330588383533,0.0,false,false,false,false,false,false,false
F3754,-0.028878895273744702,0.014113792582494233,0.6373950385678981,0.002107388402355689,0.0,false,false,false,false,false,false,false
F3755,-0.022464068765320717,0.01269629812723822,0.6057637686760805,0.0010901245313049434,0.0,false,false,false,false,false,false,false
F3756,-0.010247969706858326,0.010680464049511259,0.5825667376149053,0.0013649398174043251,0.0,false,false,false,false,false,false,false
F3757,-0.005036006580994074,0.01293666089042952,0.6389158471782197,0.002172908340410629,0.0,false,false,false,false,false,false,false
F3758,-0.0037699238553535273,0.011914542839064509,0.6090602809396014,0.0014182882330879784,0.0,false,false,false,false,false,false,false
F3759,-0.006218319776036375,0.010712353195329743,0.5844910543525202,0.00136810496812946,0.0,false,false,false,false,false,false,false
F3760,-0.02158529964635527,0.010282339465331084,0.5637946356962182,0.000860718301103473,0.0,false,false,false,false,false,false,false
F3761,-0.012401245036255726,0.009594706288475679,0.5347268782003824,2.8465480065153133e-6,0.0,false,false,false,false,false,false,false
F3762,-0.018642136074983422,0.010038295338762552,0.5544195180918008,0.0005729502063191662,0.0,false,false,false,false,false,false,false
F3763,-0.011614174084519433,0.01024670569974266,0.5629544755228577,0.0005765347543360504,0.0,false,false,false,false,false,false,false
F3764,-0.006873188008363281,0.009579209441685718,0.5340672292399284,2.8465480065153133e-6,0.0,false,false,false,false,false,false,false
F3765,-0.009284630026186796,0.010009481317841936,0.5533605346566722,0.000570563378032559,0.0,false,false,false,false,false,false,false
F3766,0.014381556998741865,0.01371924607910176,0.5065508711119094,2.8465480065153133e-6,0.0,false,false,false,false,false,false,false
F3767,-0.0017788078772465617,0.008923742065941547,0.5002777777777778,0.0015257192313581488,0.5,false,false,false,false,false,false,false
F3768,0.014414981170637312,0.01371924607910176,0.5065508711119094,2.8465480065153133e-6,0.0,false,false,false,false,false,false,false
F3769,0.014138968623278743,0.014593388970599808,0.5072885660834758,2.8465480065153133e-6,0.0,false,false,false,false,false,false,false
F3770,-0.0010597340234469897,0.008923742065941547,0.5002777777777778,0.0015257192313581488,0.5,false,false,false,false,false,false,false
F3771,0.01411736378947523,0.014593388970599808,0.5073408536651751,2.8465480065153133e-6,0.0,false,false,false,false,false,false,false
F3772,-0.0018722427706946904,0.008945745077908124,0.5,0.00009214610270933928,0.5,false,false,false,false,false,false,false
F3773,0.0,0.008918738132841702,0.5,0.0,0.0,false,false,false,false,false,false,false
F3774,-0.0018722427706946904,0.008945745077908124,0.5,0.00009214610270933928,0.5,false,false,false,false,false,false,false
F3775,-0.0018722427706946887,0.008945745077908124,0.5,0.00009214610270933928,0.5,false,false,false,false,false,false,false
F3776,0.0,0.008918738132841702,0.5,0.0,0.0,false,false,false,false,false,false,false
F3777,-0.0018722427706946887,0.008945745077908124,0.5,0.00009214610270933928,0.5,false,false,false,false,false,false,false
F3778,-0.004090856519385545,0.008711751982623545,0.47617918093343203,2.8465480065153133e-6,0.0,false,false,false,false,false,false,false
F3779,-0.004090664459822462,0.008711751982623545,0.47617918093343203,2.8465480065153133e-6,0.0,false,false,false,false,false,false,false
F3780,0.0,0.008918738132841702,0.5,0.0031996708768878375,0.0,false,false,false,false,false,false,false
F3781,-0.0024173018931047006,0.008710823520387111,0.47607501426676535,2.8465480065153133e-6,0.0,false,false,false,false,false,false,false
F3782,-0.0024172448149063423,0.008710823520387111,0.47607501426676535,2.8465480065153133e-6,0.0,false,false,false,false,false,false,false
F3783,0.0,0.008918738132841702,0.5,0.0031996708768878375,0.0,false,false,false,false,false,false,false
F3784,-0.014790047467082453,0.010902207644279491,0.5891488713151372,0.0015388536569259422,0.0,false,false,false,false,false,false,false
F3785,-0.008601058236178384,0.009353039721807125,0.5233863594299464,2.8465480065153133e-6,0.0,false,false,false,false,false,false,false
F3786,-0.012910483521406868,0.010514168543460661,0.5743037058660221,0.0005753393319818834,0.0,false,false,false,false,false,false,false
F3787,-0.0052196365042117745,0.01082928896626199,0.587375646767591,0.0016308117500450508,0.0,false,false,false,false,false,false,false
F3788,-0.003332016863085953,0.009346498218072851,0.5230530569436732,2.8465480065153133e-6,0.0,false,false,false,false,false,false,false
F3789,-0.006962846986691791,0.01046155774226309,0.5729789316846488,0.0008621073515652448,0.0,false,false,false,false,false,false,false
F3790,-0.0037173619751612952,0.010651240176286145,0.5042606084401186,0.00009950043678521555,0.0,false,false,false,false,false,false,false
F3791,-0.004024027828878018,0.008922991723723673,0.4826264137479904,2.8465480065153133e-6,0.0,false,false,false,false,false,false,false
F3792,-0.0015133935856187293,0.01123298196205191,0.5174209011061393,0.00008753867029325164,0.0,false,false,false,false,false,false,false
F3793,-0.0017772976809961579,0.009897194843489377,0.5097126622419281,0.00006763253789446755,0.0,false,false,false,false,false,false,false
F3794,-0.002286501848480077,0.009172602792315552,0.5135103031449485,2.8465480065153133e-6,0.0,false,false,false,false,false,false,false
F3795,-0.004470246365329654,0.01076119013611275,0.5065077624585832,0.0000610555715966433,0.0,false,false,false,false,false,false,false
F3796,-0.017581025434089334,0.010219072913158638,0.5584837214846147,0.00349863373179785,0.0,false,false,false,false,false,false,false
F3797,-0.014135704892386972,0.011075538845085869,0.5702281626628997,0.002037547755923429,0.0,false,false,false,false,false,false,false
F3798,-0.01803352700227383,0.009407257749474663,0.5223011174347585,0.003287103988675338,0.0,false,false,false,false,false,false,false
F3799,-0.006594433604824577,0.06213216798445047,0.8175582015982407,0.01022299737201081,0.0,false,false,false,false,false,false,false
F3800,-0.006405743994780889,0.03648232202728958,0.8039590874985937,0.009153568304853473,0.0,false,false,false,false,false,false,false
F3801,-0.006696968448700503,0.033356417232873296,0.8018159301477393,0.0086690139648109,0.0,false,false,false,false,false,false,false
F3802,-0.01651455522444947,0.009756238894998433,0.5384135260503424,0.003758691616506036,0.0,false,false,false,false,false,false,false
F3803,-0.014046751943770884,0.010654780661695291,0.553440085596056,0.0021835476999219035,0.0,false,false,false,false,false,false,false
F3804,-0.014596953750519134,0.008452880160299834,0.4705982574132744,0.003639211591975278,0.0,false,false,false,false,false,false,false
F3805,-0.005468716683179269,0.05960935326898248,0.8232545624163047,0.009951718108142037,0.0,false,false,false,false,false,false,false
F3806,-0.005024571895415104,0.03387049657478993,0.803360354110643,0.009107766777487826,0.0,false,false,false,false,false,false,false
F3807,-0.005898122697062317,0.03207181340947867,0.7996568219181065,0.008240650365355772,0.0,false,false,false,false,false,false,false
F3808,-0.012953356529018129,0.008516285016591279,0.47342538810591794,0.0039058215412262616,0.0,false,false,false,false,false,false,false
F3809,-0.011969497470359329,0.010488047179792657,0.5436198560258825,0.001528347113427698,0.0,false,false,false,false,false,false,false
F3810,-0.009313127200069805,0.010156207383129539,0.5316154451230799,0.0038710572487419847,0.0,false,false,false,false,false,false,false
F3811,-0.005182650280725089,0.06280585576815195,0.8261597142836405,0.010328814624069675,0.0,false,false,false,false,false,false,false
F3812,-0.004810169029452714,0.028173987150194656,0.7908413074118228,0.007752864413842527,0.0,false,false,false,false,false,false,false
F3813,-0.005423124756615507,0.02958833289064449,0.7920737051946449,0.00805188142466973,0.0,false,false,false,false,false,false,false
F3814,0.021036925949758496,0.011093044026997475,0.5643636790154707,0.0010640980449993945,0.0,false,false,false,false,false,false,false
F3815,0.011964647898073682,0.0103882821988088,0.5401305877408339,0.0007080725071684769,0.0,false,false,false,false,false,false,false
F3816,0.02294054697779137,0.010847573321291373,0.5686290341603975,0.0008273574484401704,0.0,false,false,false,false,false,false,false
F3817,0.014417548827748093,0.009636171745802922,0.4874003427879573,0.0011110725281528724,0.0,false,false,false,false,false,false,false
F3818,-0.003921520725970092,0.009225618347406142,0.4626369912276404,0.0012819967420942447,0.0,false,false,false,false,false,false,false
F3819,0.030544143789223405,0.011152670219228337,0.5797537180914379,0.001309362518948415,0.0,false,false,false,false,false,false,false
F3820,0.02433845090621183,0.011714403737627051,0.5836429729489426,0.001302652926405712,0.0,false,false,false,false,false,false,false
F3821,0.02073566798355457,0.011490985699184992,0.5756330414430255,0.0015985129694140363,0.0,false,false,false,false,false,false,false
F3822,0.024096638261877138,0.01151333473955973,0.5887751472720313,0.001770586492136921,0.0,false,false,false,false,false,false,false
F3823,0.0161186319667388,0.009695385885406712,0.4815148805311501,0.001983135239427808,0.0,false,false,false,false,false,false,false
F3824,0.004975582106370419,0.00878664214133831,0.45967134974941304,0.0012780673731034814,0.0,false,false,false,false,false,false,false
F3825,0.03108574558305522,0.01143660559975657,0.590608725680722,0.002015603637563313,0.0,false,false,false,false,false,false,false
F3826,0.024520629009237516,0.011711122453391492,0.5657266509301296,0.0010604046461393118,0.0,false,false,false,false,false,false,false
F3827,0.0223375551553173,0.011369937245684417,0.5637138244502872,0.0019151197387845971,0.0,false,false,false,false,false,false,false
F3828,0.025504375922907375,0.011706431356864189,0.5715666183093633,0.0006184852429879545,0.0,false,false,false,false,false,false,false
F3829,0.019549956199614266,0.008471336952942166,0.42686768765899846,0.0009090954765366098,0.0,false,false,false,false,false,false,false
F3830,0.011178207036877736,0.009550919872676223,0.48245422920000874,0.0013935561426592189,0.0,false,false,false,false,false,false,false
F3831,0.03084734273083462,0.012059245089565246,0.5939262040787072,0.0012562719194848884,0.0,false,false,false,false,false,false,false
F3832,0.00786352187149483,0.008039687783076056,0.4432027633976041,0.0016454040331790863,0.0,false,false,false,false,false,false,false
F3833,0.007563187079494977,0.008509250753520511,0.4650472091575849,0.0016121161432081092,0.0,false,false,false,false,false,false,false
F3834,0.006947914943853331,0.008542256025289014,0.46385468448900935,0.0017315638501465215,0.0,false,false,false,false,false,false,false
F3835,0.008137177418664612,0.00860970931816994,0.46920366295231763,0.0019369924762414302,0.0,false,false,false,false,false,false,false
F3836,0.008093386327066578,0.008648388717151425,0.47088041479316145,0.0022518932515534487,0.0,false,false,false,false,false,false,false
F3837,0.007642631994638943,0.00870005770283067,0.4699917881042849,0.0019598072113208445,0.0,false,false,false,false,false,false,false
F3838,-0.001086030149723423,0.011173502387677083,0.5883463238015917,0.002754424150820595,0.0,false,false,false,false,false,false,false
F3839,-0.0010929229741251847,0.011268120767359434,0.5908232474787065,0.0028735343448244334,0.0,false,false,false,false,false,false,false
F3840,-0.0011766393123243727,0.011318509031198309,0.5920820994509224,0.0026170170630026687,0.0,false,false,false,false,false,false,false
F3841,0.009245038674980359,0.010727638127907146,0.5502383330067173,0.0025959911989434058,0.0,false,false,false,false,false,false,false
F3842,0.009292776291104697,0.010650033718335972,0.5476116606877806,0.0026545349685921514,0.0,false,false,false,false,false,false,false
F3843,0.00929611690274658,0.0104304447435541,0.5413426659299663,0.002219833962159435,0.0,false,false,false,false,false,false,false
F3844,-0.0033172578460148525,0.01205833911033324,0.5456258174470973,0.0007467721355426285,0.0,false,false,false,false,false,false,false
F3845,-0.0030344234314657187,0.010877801428024027,0.5178246664434791,0.0007325749497152467,0.0,false,false,false,false,false,false,false
F3846,-0.003205068117062107,0.011565410657535274,0.554652181590293,0.0010258105727321096,0.0,false,false,false,false,false,false,false
F3847,-0.0012595477425359361,0.008374494380738968,0.44277547774384607,0.0001959816937949196,0.0,false,false,false,false,false,false,false
F3848,-0.001115547413787882,0.008629065316523746,0.46112056108534477,0.00005705095612325354,0.0,false,false,false,false,false,false,false
F3849,-0.001255866972148076,0.008463032469649998,0.4602294524556075,0.000364094364501659,0.0,false,false,false,false,false,false,false
F3850,-0.003852969833759023,0.012019544724572392,0.5454660103954593,0.0007531907187423553,0.0,false,false,false,false,false,false,false
F3851,-0.0033691912342521035,0.010876961921263117,0.5179064506193001,0.0007325749497152467,0.0,false,false,false,false,false,false,false
F3852,-0.0035809575421240033,0.011331390577967063,0.5452135021438707,0.000833455410403403,0.0,false,false,false,false,false,false,false
F3853,-0.0029453191600773416,0.01157476351091407,0.5347226772163614,0.0005255253578387948,0.0,false,false,false,false,false,false,false
F3854,-0.0033644791495038946,0.010834366466648817,0.51812960165558,0.0007325749497152467,0.0,false,false,false,false,false,false,false
F3855,-0.003013548762607932,0.01117933057840211,0.5437051972533415,0.0010232870092185614,0.0,false,false,false,false,false,false,false
F3856,0.007840696688467532,0.008567916337714497,0.45863252861064846,0.00004703208864807574,0.0,false,false,false,false,false,false,false
F3857,0.0100883647867767,0.008789052195142737,0.4743654493191872,0.00006585583475091398,0.0,false,false,false,false,false,false,false
F3858,0.010436918558158096,0.009074298890538738,0.5043882735353998,0.00021637905594686254,0.0,false,false,false,false,false,false,false
F3859,0.00669766828932482,0.009218817792962273,0.4857272310136344,6.100108216551835e-6,0.0,false,false,false,false,false,false,false
F3860,0.010449918787944266,0.012426077343080242,0.5205363330738552,0.00016701265056483385,0.0,false,false,false,false,false,false,false
F3861,0.009126877462890062,0.010448532197236515,0.5082325149336062,0.00037474757364091107,0.0,false,false,false,false,false,false,false
F3862,-0.0014353339308328364,0.00857104083239597,0.45888246884446915,0.00006153027777969022,0.0,false,false,false,false,false,false,false
F3863,-0.0023638318386435923,0.008788981467256752,0.4744212071951675,0.00005276334885554633,0.0,false,false,false,false,false,false,false
F3864,-0.001502827728191245,0.009071782236006867,0.5040970828434095,0.0002446084967500231,0.0,false,false,false,false,false,false,false
F3865,-0.0014327941688684733,0.009175531884175168,0.4783732475013881,0.000049099885675797044,0.0,false,false,false,false,false,false,false
F3866,-0.0023803138876664024,0.012392746711386099,0.518689854696737,0.00005730404419104723,0.0,false,false,false,false,false,false,false
F3867,-0.0015375459429904038,0.0094786706961602,0.477805687109195,0.00011764752486767528,0.0,false,false,false,false,false,false,false
F3868,0.03280949143953794,0.012452609919980383,0.5977919115152076,0.0008604171384956113,0.5,false,false,false,false,false,false,false
F3869,0.028143002239319002,0.012092202979749165,0.5855056883340047,0.0006672140839386917,0.5,false,false,false,false,false,false,false
F3870,0.02616125449830786,0.011981133867039149,0.5798803685225711,0.0006066398314602752,0.5,false,false,false,false,false,false,false
F3871,-0.005049941652554333,0.012971025053811008,0.642559800882226,0.0034965241529548684,0.0,false,false,false,false,false,false,false
F3872,-0.005075003675985465,0.01334332148392429,0.648585019488084,0.0035361110174575907,0.0,false,false,false,false,false,false,false
F3873,-0.005146224440472974,0.013618339998744585,0.6524625357916627,0.0038622464087853334,0.0,false,false,false,false,false,false,false
F3874,-0.0014088265717426076,0.008920705914457799,0.5001111111111112,8.541533938668744e-6,0.5,false,false,false,false,false,false,false
F3875,0.0,0.008918738132841702,0.5,5.693725892725461e-6,0.0,false,false,false,false,false,false,false
F3876,0.0,0.008918738132841702,0.5,5.693725892725461e-6,0.0,false,false,false,false,false,false,false
F3877,-0.0022565554642713682,0.008936504256879247,0.5006665124313654,0.000010506749999482831,0.5,false,false,false,false,false,false,false
F3878,-0.0006668258777743906,0.008938450267845626,0.5008332407921525,0.000024468180607185847,0.5,false,false,false,false,false,false,false
F3879,-0.0036887223815113895,0.008938512290724168,0.5006665741254859,0.000011407896611351595,0.5,false,false,false,false,false,false,false
F3880,-0.00944194682265577,0.00930068568340895,0.47956151822426174,0.0003797098020331851,0.0,false,false,false,false,false,false,false
F3881,-0.008865022461184925,0.00973746586407502,0.5112418173636287,0.0004484536983481925,0.0,false,false,false,false,false,false,false
F3882,-0.007441579178826271,0.010087123650458888,0.5144052429342086,0.0006305129469146313,0.0,false,false,false,false,false,false,false
F3883,-0.00001144140715307827,0.009076100894903655,0.48502323747609355,0.00006234369949585623,0.0,false,false,false,false,false,false,false
F3884,0.0005177469824151341,0.01293833632574227,0.506964380718047,0.00029509713395861533,0.0,false,false,false,false,false,false,false
F3885,-0.0017651093878157866,0.00900270889225699,0.47945796316861006,0.00005226618070176573,0.0,false,false,false,false,false,false,false
F3886,0.04821547357197947,0.012208552626064528,0.620461714942316,0.002760924846417381,0.5,false,false,false,false,false,false,false
F3887,0.0038551415631066853,0.011659879701240845,0.5233635208108784,0.001534059252688791,0.0,false,false,false,false,false,false,false
F3888,-0.004223654863937877,0.01169942186154799,0.5246220222380086,0.0011697450877720872,0.0,false,false,false,false,false,false,false
F3889,-0.017779176686977167,0.00961768130955008,0.531418891510889,0.0001738558691255795,0.5,false,false,false,false,false,false,false
F3890,0.0019371545195402773,0.008154638905794017,0.4384584036464855,0.0007158954300708316,0.5,false,false,false,false,false,false,false
F3891,0.0066344799694413245,0.012981217435937975,0.5512713352785127,0.0012237710397288765,0.5,false,false,false,false,false,false,false
F3892,0.00962499800509453,0.008808313508692855,0.48562672108451005,0.0021799098502018653,0.5,false,false,false,false,false,false,false
F3893,0.04792035195740096,0.01164772849300042,0.6154001943364797,0.0021691500076952822,0.5,false,false,false,false,false,false,false
F3894,-0.008081778944567398,0.010677685687697577,0.5528144375809736,0.0016935907355763854,0.0,false,false,false,false,false,false,false
F3895,-0.0026908495416223073,0.009723649937340064,0.5080809711516479,0.0016236420697512666,0.5,false,false,false,false,false,false,false
F3896,0.014501934332041725,0.01082850578360379,0.5350627515396312,0.0008470479306559709,0.5,false,false,false,false,false,false,false
F3897,0.013035584381900969,0.01263367139153159,0.5140166862182592,8.977324519471725e-6,0.5,false,false,false,false,false,false,false
F3898,-0.05476003521905263,0.01647218912014364,0.7219582675565137,0.009275568323106585,0.5,false,false,false,false,false,false,false
F3899,-0.03307400871821398,0.012779104351200863,0.6353720894891365,0.003713585962874261,0.5,false,false,false,false,false,false,false
F3900,-0.03182661936610806,0.010285420536207613,0.5643790178296009,0.0009654440396286498,0.5,false,false,false,false,false,false,false
F3901,-0.0019746127008941593,0.008855796591277198,0.4909733327163921,0.0,0.5,false,false,false,false,false,false,false
F3902,-0.01216770067484145,0.009065309643566524,0.5081654019371955,0.0,0.5,false,false,false,false,false,false,false
F3903,-0.013554856255243126,0.0091840206485589,0.5141363902770066,0.0,0.5,false,false,false,false,false,false,false
F3904,-0.005084526548139556,0.009026905335100787,0.5055806804861496,0.0,0.5,false,false,false,false,false,false,false
F3905,-0.0028167138848647737,0.008926653583311031,0.5004444135973842,0.0,0.5,false,false,false,false,false,false,false
F3906,-0.0169194196439848,0.009202750759544362,0.5155534579554569,0.0,0.5,false,false,false,false,false,false,false
F3907,-0.022111470274829678,0.009404163705665054,0.525997532235178,0.0,0.5,false,false,false,false,false,false,false
F3908,0.09702248970243504,0.019820561962686188,0.7386674160687781,0.006131099838083647,0.5,false,false,false,false,false,false,false
F3909,0.03988898617003289,0.01222473241968513,0.5160836109568758,0.0,0.5,false,false,false,false,false,false,false
F3910,-0.00832735616909036,0.009051712660607034,0.5073940058718287,0.0,0.5,false,false,false,false,false,false,false
F3911,0.0,0.008918738132841702,0.5,0.0,0.0,false,false,false,false,false,false,false
F3912,0.9690659702864177,0.943275759260651,0.9877009803921568,0.0,0.9874876728374489,false,true,true,true,false,false,true
F3913,-0.06323481111702611,0.014202957471927718,0.6664719573004104,0.002906228807315257,0.5,false,false,false,false,false,false,false
F3914,-0.054872434939356333,0.012310456055819187,0.6357046393978654,0.002913500793246943,0.5,false,false,false,false,false,false,false
F3915,-0.004779923177969629,0.008941332080441382,0.5012777160836572,0.0,0.5,false,false,false,false,false,false,false
F3916,0.022043945130554576,0.009943773767512019,0.548132499918346,0.00039906840866685256,0.5,false,false,false,false,false,false,false
F3917,0.007681529457495215,0.009357531047305485,0.5171871754254174,0.000041098380818898055,0.5,false,false,false,false,false,false,false
F3918,-0.005683649224146273,0.00899991865601296,0.5042488895058301,0.0,0.5,false,false,false,false,false,false,false
F3919,0.029332275694991528,0.015877581066771736,0.5984624844176982,0.0014299731081834311,0.5,false,false,false,false,false,false,false
F3920,0.03484205324116989,0.016317097792037244,0.5330893632531672,0.00011776007346666164,0.5,false,false,false,false,false,false,false
F3921,0.022976470737640968,0.02294040937046767,0.5344264753513844,0.00011609227133121491,0.5061728395061729,false,false,false,false,false,false,false
F3922,-0.02547192029360449,0.011444435114458026,0.5916986922660976,0.0009869974373852399,0.5,false,false,false,false,false,false,false
F3923,0.038233756697100205,0.017343924048316358,0.5253483991736617,0.0,0.5,false,false,false,false,false,false,false
