feature,variable_name,description,bank_finalized,feature_family,transform_family,window,direction,availability_class,sensitive,sensitive_kind,leakage_status,semantic_tags
F1,R_CASH_TXN_L7_14D,Ratio of Cash Total txns - last 7 to 14D,False,CASH,RATIO_WINDOW,L7_14D,BOTH,BEHAVIORAL,False,,SAFE,CASH|RATIO_WINDOW|SHORT_WINDOW|TRANSACTION_COUNT|WINDOW_L7_14D
F2,R_CASH_TXN_CR_L7_14D,Ratio of Cash Credit txns - last 7 to 14D,False,CASH,RATIO_WINDOW,L7_14D,CREDIT,BEHAVIORAL,False,,SAFE,CASH|CREDIT|RATIO_WINDOW|SHORT_WINDOW|TRANSACTION_COUNT|WINDOW_L7_14D
F3,R_CASH_TXN_DB_L7_14D,Ratio of Cash Debit txns - last 7 to 14D,False,CASH,RATIO_WINDOW,L7_14D,DEBIT,BEHAVIORAL,False,,SAFE,CASH|DEBIT|RATIO_WINDOW|SHORT_WINDOW|TRANSACTION_COUNT|WINDOW_L7_14D
F4,R_CASH_AMT_L7_14D,Ratio of Cash Total Amount - last 7 to 14D,False,CASH,RATIO_WINDOW,L7_14D,BOTH,BEHAVIORAL,False,,SAFE,AMOUNT|CASH|RATIO_WINDOW|SHORT_WINDOW|WINDOW_L7_14D
F5,R_CASH_AMT_CR_L7_14D,Ratio of Cash Credit Amount - last 7 to 14D,False,CASH,RATIO_WINDOW,L7_14D,CREDIT,BEHAVIORAL,False,,SAFE,AMOUNT|CASH|CREDIT|RATIO_WINDOW|SHORT_WINDOW|WINDOW_L7_14D
F6,R_CASH_AMT_DB_L7_14D,Ratio of Cash Debit Amount - last 7 to 14D,False,CASH,RATIO_WINDOW,L7_14D,DEBIT,BEHAVIORAL,False,,SAFE,AMOUNT|CASH|DEBIT|RATIO_WINDOW|SHORT_WINDOW|WINDOW_L7_14D
F7,R_CHQ_TXN_L7_14D,Ratio of Cheque Total txns - last 7 to 14D,False,CHEQUE,RATIO_WINDOW,L7_14D,BOTH,BEHAVIORAL,False,,SAFE,CHEQUE|RATIO_WINDOW|SHORT_WINDOW|TRANSACTION_COUNT|WINDOW_L7_14D
F8,R_CHQ_TXN_CR_L7_14D,Ratio of Cheque Credit txns - last 7 to 14D,False,CHEQUE,RATIO_WINDOW,L7_14D,CREDIT,BEHAVIORAL,False,,SAFE,CHEQUE|CREDIT|RATIO_WINDOW|SHORT_WINDOW|TRANSACTION_COUNT|WINDOW_L7_14D
F9,R_CHQ_TXN_DB_L7_14D,Ratio of Cheque Debit txns - last 7 to 14D,False,CHEQUE,RATIO_WINDOW,L7_14D,DEBIT,BEHAVIORAL,False,,SAFE,CHEQUE|DEBIT|RATIO_WINDOW|SHORT_WINDOW|TRANSACTION_COUNT|WINDOW_L7_14D
F10,R_CHQ_AMT_L7_14D,Ratio of Cheque Total Amount - last 7 to 14D,False,CHEQUE,RATIO_WINDOW,L7_14D,BOTH,BEHAVIORAL,False,,SAFE,AMOUNT|CHEQUE|RATIO_WINDOW|SHORT_WINDOW|WINDOW_L7_14D
F11,R_CHQ_AMT_CR_L7_14D,Ratio of Cheque Credit Amount - last 7 to 14D,False,CHEQUE,RATIO_WINDOW,L7_14D,CREDIT,BEHAVIORAL,False,,SAFE,AMOUNT|CHEQUE|CREDIT|RATIO_WINDOW|SHORT_WINDOW|WINDOW_L7_14D
F12,R_CHQ_AMT_DB_L7_14D,Ratio of Cheque Debit Amount - last 7 to 14D,False,CHEQUE,RATIO_WINDOW,L7_14D,DEBIT,BEHAVIORAL,False,,SAFE,AMOUNT|CHEQUE|DEBIT|RATIO_WINDOW|SHORT_WINDOW|WINDOW_L7_14D
F13,R_NON_CASH_CHQ_TXN_L7_14D,Ratio of Non Cash Non Cheque Total txns - last 7 to 14D,False,NON_CASH_CHQ,RATIO_WINDOW,L7_14D,BOTH,BEHAVIORAL,False,,SAFE,NON_CASH_CHQ|RATIO_WINDOW|SHORT_WINDOW|TRANSACTION_COUNT|WINDOW_L7_14D
F14,R_NON_CASH_CHQ_TXN_CR_L7_14D,Ratio of Non Cash Non Cheque Credit txns - last 7 to 14D,False,NON_CASH_CHQ,RATIO_WINDOW,L7_14D,CREDIT,BEHAVIORAL,False,,SAFE,CREDIT|NON_CASH_CHQ|RATIO_WINDOW|SHORT_WINDOW|TRANSACTION_COUNT|WINDOW_L7_14D
F15,R_NON_CASH_CHQ_TXN_DB_L7_14D,Ratio of Non Cash Non Cheque Debit txns - last 7 to 14D,False,NON_CASH_CHQ,RATIO_WINDOW,L7_14D,DEBIT,BEHAVIORAL,False,,SAFE,DEBIT|NON_CASH_CHQ|RATIO_WINDOW|SHORT_WINDOW|TRANSACTION_COUNT|WINDOW_L7_14D
F16,R_NON_CASH_CHQ_AMT_L7_14D,Ratio of Non Cash Non Cheque Total Amount - last 7 to 14D,False,NON_CASH_CHQ,RATIO_WINDOW,L7_14D,BOTH,BEHAVIORAL,False,,SAFE,AMOUNT|NON_CASH_CHQ|RATIO_WINDOW|SHORT_WINDOW|WINDOW_L7_14D
F17,R_NON_CASH_CHQ_AMT_CR_L7_14D,Ratio of Non Cash Non Cheque Credit Amount - last 7 to 14D,False,NON_CASH_CHQ,RATIO_WINDOW,L7_14D,CREDIT,BEHAVIORAL,False,,SAFE,AMOUNT|CREDIT|NON_CASH_CHQ|RATIO_WINDOW|SHORT_WINDOW|WINDOW_L7_14D
F18,R_NON_CASH_CHQ_AMT_DB_L7_14D,Ratio of Non Cash Non Cheque Debit Amount - last 7 to 14D,False,NON_CASH_CHQ,RATIO_WINDOW,L7_14D,DEBIT,BEHAVIORAL,False,,SAFE,AMOUNT|DEBIT|NON_CASH_CHQ|RATIO_WINDOW|SHORT_WINDOW|WINDOW_L7_14D
F19,R_CI_NON_CASH_CHQ_TXN_L7_14D,Ratio of Customer Induced Non Cash Non Cheque Total txns - last 7 to 14D,False,NON_CASH_CHQ,RATIO_CREDIT_INTENSITY,L7_14D,BOTH,BEHAVIORAL,False,,SAFE,NON_CASH_CHQ|RATIO_CREDIT_INTENSITY|SHORT_WINDOW|TRANSACTION_COUNT|WINDOW_L7_14D
F20,R_CI_NON_CASH_CHQ_TXN_CR_L7_14D,Ratio of Customer Induced Non Cash Non Cheque Credit txns - last 7 to 14D,False,NON_CASH_CHQ,RATIO_CREDIT_INTENSITY,L7_14D,CREDIT,BEHAVIORAL,False,,SAFE,CREDIT|NON_CASH_CHQ|RATIO_CREDIT_INTENSITY|SHORT_WINDOW|TRANSACTION_COUNT|WINDOW_L7_14D
F21,R_CI_NON_CASH_CHQ_TXN_DB_L7_14D,Ratio of Customer Induced Non Cash Non Cheque Debit txns - last 7 to 14D,False,NON_CASH_CHQ,RATIO_CREDIT_INTENSITY,L7_14D,DEBIT,BEHAVIORAL,False,,SAFE,DEBIT|NON_CASH_CHQ|RATIO_CREDIT_INTENSITY|SHORT_WINDOW|TRANSACTION_COUNT|WINDOW_L7_14D
F22,R_CI_NON_CASH_CHQ_AMT_L7_14D,Ratio of Customer Induced Non Cash Non Cheque Total Amount - last 7 to 14D,False,NON_CASH_CHQ,RATIO_CREDIT_INTENSITY,L7_14D,BOTH,BEHAVIORAL,False,,SAFE,AMOUNT|NON_CASH_CHQ|RATIO_CREDIT_INTENSITY|SHORT_WINDOW|WINDOW_L7_14D
F23,R_CI_NON_CASH_CHQ_AMT_CR_L7_14D,Ratio of Customer Induced Non Cash Non Cheque Credit Amount - last 7 to 14D,False,NON_CASH_CHQ,RATIO_CREDIT_INTENSITY,L7_14D,CREDIT,BEHAVIORAL,False,,SAFE,AMOUNT|CREDIT|NON_CASH_CHQ|RATIO_CREDIT_INTENSITY|SHORT_WINDOW|WINDOW_L7_14D
F24,R_CI_NON_CASH_CHQ_AMT_DB_L7_14D,Ratio of Customer Induced Non Cash Non Cheque Debit Amount - last 7 to 14D,False,NON_CASH_CHQ,RATIO_CREDIT_INTENSITY,L7_14D,DEBIT,BEHAVIORAL,False,,SAFE,AMOUNT|DEBIT|NON_CASH_CHQ|RATIO_CREDIT_INTENSITY|SHORT_WINDOW|WINDOW_L7_14D
F25,R_CI_TXN_L7_14D,Ratio of Customer Induced Total txns - last 7 to 14D,False,CASH_INTENSIVE,RATIO_CREDIT_INTENSITY,L7_14D,BOTH,BEHAVIORAL,False,,SAFE,CASH_INTENSIVE|RATIO_CREDIT_INTENSITY|SHORT_WINDOW|TRANSACTION_COUNT|WINDOW_L7_14D
F26,R_CI_TXN_CR_L7_14D,Ratio of Customer Induced Credit txns - last 7 to 14D,False,CASH_INTENSIVE,RATIO_CREDIT_INTENSITY,L7_14D,CREDIT,BEHAVIORAL,False,,SAFE,CASH_INTENSIVE|CREDIT|RATIO_CREDIT_INTENSITY|SHORT_WINDOW|TRANSACTION_COUNT|WINDOW_L7_14D
F27,R_CI_TXN_DB_L7_14D,Ratio of Customer Induced Debit txns - last 7 to 14D,False,CASH_INTENSIVE,RATIO_CREDIT_INTENSITY,L7_14D,DEBIT,BEHAVIORAL,False,,SAFE,CASH_INTENSIVE|DEBIT|RATIO_CREDIT_INTENSITY|SHORT_WINDOW|TRANSACTION_COUNT|WINDOW_L7_14D
F28,R_CI_AMT_L7_14D,Ratio of Customer Induced Total Amount - last 7 to 14D,False,CASH_INTENSIVE,RATIO_CREDIT_INTENSITY,L7_14D,BOTH,BEHAVIORAL,False,,SAFE,AMOUNT|CASH_INTENSIVE|RATIO_CREDIT_INTENSITY|SHORT_WINDOW|WINDOW_L7_14D
F29,R_CI_AMT_CR_L7_14D,Ratio of Customer Induced Credit Amount - last 7 to 14D,False,CASH_INTENSIVE,RATIO_CREDIT_INTENSITY,L7_14D,CREDIT,BEHAVIORAL,False,,SAFE,AMOUNT|CASH_INTENSIVE|CREDIT|RATIO_CREDIT_INTENSITY|SHORT_WINDOW|WINDOW_L7_14D
F30,R_CI_AMT_DB_L7_14D,Ratio of Customer Induced Debit Amount - last 7 to 14D,False,CASH_INTENSIVE,RATIO_CREDIT_INTENSITY,L7_14D,DEBIT,BEHAVIORAL,False,,SAFE,AMOUNT|CASH_INTENSIVE|DEBIT|RATIO_CREDIT_INTENSITY|SHORT_WINDOW|WINDOW_L7_14D
F31,R_ATM_TXN_L7_14D,Ratio of ATM Total txns - last 7 to 14D,False,ATM,RATIO_WINDOW,L7_14D,BOTH,BEHAVIORAL,False,,SAFE,ATM|RATIO_WINDOW|SHORT_WINDOW|TRANSACTION_COUNT|WINDOW_L7_14D
F32,R_ATM_TXN_DB_L7_14D,Ratio of ATM Debit txns - last 7 to 14D,False,ATM,RATIO_WINDOW,L7_14D,DEBIT,BEHAVIORAL,False,,SAFE,ATM|DEBIT|RATIO_WINDOW|SHORT_WINDOW|TRANSACTION_COUNT|WINDOW_L7_14D
F33,R_ATM_AMT_L7_14D,Ratio of ATM Total Amount - last 7 to 14D,False,ATM,RATIO_WINDOW,L7_14D,BOTH,BEHAVIORAL,False,,SAFE,AMOUNT|ATM|RATIO_WINDOW|SHORT_WINDOW|WINDOW_L7_14D
F34,R_ATM_AMT_DB_L7_14D,Ratio of ATM Debit Amount - last 7 to 14D,False,ATM,RATIO_WINDOW,L7_14D,DEBIT,BEHAVIORAL,False,,SAFE,AMOUNT|ATM|DEBIT|RATIO_WINDOW|SHORT_WINDOW|WINDOW_L7_14D
F35,R_BI_FEES_CHRGS_TXN_L7_14D,Ratio of Bank Induced Fees Charges Total txns - last 7 to 14D,False,FEES_AND_CHARGES,RATIO_WINDOW,L7_14D,BOTH,BEHAVIORAL,False,,SAFE,FEES_AND_CHARGES|RATIO_WINDOW|SHORT_WINDOW|TRANSACTION_COUNT|WINDOW_L7_14D
F36,R_BI_FEES_CHRGS_TXN_CR_L7_14D,Ratio of Bank Induced Fees Charges Credit txns - last 7 to 14D,False,FEES_AND_CHARGES,RATIO_WINDOW,L7_14D,CREDIT,BEHAVIORAL,False,,SAFE,CREDIT|FEES_AND_CHARGES|RATIO_WINDOW|SHORT_WINDOW|TRANSACTION_COUNT|WINDOW_L7_14D
F37,R_BI_FEES_CHRGS_TXN_DB_L7_14D,Ratio of Bank Induced Fees Charges Debit txns - last 7 to 14D,False,FEES_AND_CHARGES,RATIO_WINDOW,L7_14D,DEBIT,BEHAVIORAL,False,,SAFE,DEBIT|FEES_AND_CHARGES|RATIO_WINDOW|SHORT_WINDOW|TRANSACTION_COUNT|WINDOW_L7_14D
F38,R_BI_FEES_CHRGS_AMT_L7_14D,Ratio of Bank Induced Fees Charges Total Amount - last 7 to 14D,False,FEES_AND_CHARGES,RATIO_WINDOW,L7_14D,BOTH,BEHAVIORAL,False,,SAFE,AMOUNT|FEES_AND_CHARGES|RATIO_WINDOW|SHORT_WINDOW|WINDOW_L7_14D
F39,R_BI_FEES_CHRGS_AMT_CR_L7_14D,Ratio of Bank Induced Fees Charges Credit Amount - last 7 to 14D,False,FEES_AND_CHARGES,RATIO_WINDOW,L7_14D,CREDIT,BEHAVIORAL,False,,SAFE,AMOUNT|CREDIT|FEES_AND_CHARGES|RATIO_WINDOW|SHORT_WINDOW|WINDOW_L7_14D
F40,R_BI_FEES_CHRGS_AMT_DB_L7_14D,Ratio of Bank Induced Fees Charges Debit Amount - last 7 to 14D,False,FEES_AND_CHARGES,RATIO_WINDOW,L7_14D,DEBIT,BEHAVIORAL,False,,SAFE,AMOUNT|DEBIT|FEES_AND_CHARGES|RATIO_WINDOW|SHORT_WINDOW|WINDOW_L7_14D
F41,R_CI_FEES_CHRGS_TXN_L7_14D,Ratio of Customer Induced Fees Charges Total txns - last 7 to 14D,False,FEES_AND_CHARGES,RATIO_CREDIT_INTENSITY,L7_14D,BOTH,BEHAVIORAL,False,,SAFE,FEES_AND_CHARGES|RATIO_CREDIT_INTENSITY|SHORT_WINDOW|TRANSACTION_COUNT|WINDOW_L7_14D
F42,R_CI_FEES_CHRGS_TXN_CR_L7_14D,Ratio of Customer Induced Fees Charges Credit txns - last 7 to 14D,False,FEES_AND_CHARGES,RATIO_CREDIT_INTENSITY,L7_14D,CREDIT,BEHAVIORAL,False,,SAFE,CREDIT|FEES_AND_CHARGES|RATIO_CREDIT_INTENSITY|SHORT_WINDOW|TRANSACTION_COUNT|WINDOW_L7_14D
F43,R_CI_FEES_CHRGS_TXN_DB_L7_14D,Ratio of Customer Induced Fees Charges Debit txns - last 7 to 14D,False,FEES_AND_CHARGES,RATIO_CREDIT_INTENSITY,L7_14D,DEBIT,BEHAVIORAL,False,,SAFE,DEBIT|FEES_AND_CHARGES|RATIO_CREDIT_INTENSITY|SHORT_WINDOW|TRANSACTION_COUNT|WINDOW_L7_14D
F44,R_CI_FEES_CHRGS_AMT_L7_14D,Ratio of Customer Induced Fees Charges Total Amount - last 7 to 14D,False,FEES_AND_CHARGES,RATIO_CREDIT_INTENSITY,L7_14D,BOTH,BEHAVIORAL,False,,SAFE,AMOUNT|FEES_AND_CHARGES|RATIO_CREDIT_INTENSITY|SHORT_WINDOW|WINDOW_L7_14D
F45,R_CI_FEES_CHRGS_AMT_CR_L7_14D,Ratio of Customer Induced Fees Charges Credit Amount - last 7 to 14D,False,FEES_AND_CHARGES,RATIO_CREDIT_INTENSITY,L7_14D,CREDIT,BEHAVIORAL,False,,SAFE,AMOUNT|CREDIT|FEES_AND_CHARGES|RATIO_CREDIT_INTENSITY|SHORT_WINDOW|WINDOW_L7_14D
F46,R_CI_FEES_CHRGS_AMT_DB_L7_14D,Ratio of Customer Induced Fees Charges Debit Amount - last 7 to 14D,False,FEES_AND_CHARGES,RATIO_CREDIT_INTENSITY,L7_14D,DEBIT,BEHAVIORAL,False,,SAFE,AMOUNT|DEBIT|FEES_AND_CHARGES|RATIO_CREDIT_INTENSITY|SHORT_WINDOW|WINDOW_L7_14D
F47,R_GST_TXN_L7_14D,Ratio of GST Total txns - last 7 to 14D,False,GST,RATIO_WINDOW,L7_14D,BOTH,BEHAVIORAL,False,,SAFE,GST|RATIO_WINDOW|SHORT_WINDOW|TRANSACTION_COUNT|WINDOW_L7_14D
F48,R_GST_TXN_CR_L7_14D,Ratio of GST Credit txns - last 7 to 14D,False,GST,RATIO_WINDOW,L7_14D,CREDIT,BEHAVIORAL,False,,SAFE,CREDIT|GST|RATIO_WINDOW|SHORT_WINDOW|TRANSACTION_COUNT|WINDOW_L7_14D
F49,R_GST_TXN_DB_L7_14D,Ratio of GST Debit txns - last 7 to 14D,False,GST,RATIO_WINDOW,L7_14D,DEBIT,BEHAVIORAL,False,,SAFE,DEBIT|GST|RATIO_WINDOW|SHORT_WINDOW|TRANSACTION_COUNT|WINDOW_L7_14D
F50,R_GST_AMT_L7_14D,Ratio of GST Total Amount - last 7 to 14D,False,GST,RATIO_WINDOW,L7_14D,BOTH,BEHAVIORAL,False,,SAFE,AMOUNT|GST|RATIO_WINDOW|SHORT_WINDOW|WINDOW_L7_14D
F51,R_GST_AMT_CR_L7_14D,Ratio of GST Credit Amount - last 7 to 14D,False,GST,RATIO_WINDOW,L7_14D,CREDIT,BEHAVIORAL,False,,SAFE,AMOUNT|CREDIT|GST|RATIO_WINDOW|SHORT_WINDOW|WINDOW_L7_14D
F52,R_GST_AMT_DB_L7_14D,Ratio of GST Debit Amount - last 7 to 14D,False,GST,RATIO_WINDOW,L7_14D,DEBIT,BEHAVIORAL,False,,SAFE,AMOUNT|DEBIT|GST|RATIO_WINDOW|SHORT_WINDOW|WINDOW_L7_14D
F53,R_ELEC_XFER_TXN_L7_14D,Ratio of Online Transfer (IMPS+NEFT+RTGS) Total txns - last 7 to 14D,False,ELEC_XFER,RATIO_WINDOW,L7_14D,BOTH,BEHAVIORAL,False,,SAFE,ELEC_XFER|RATIO_WINDOW|SHORT_WINDOW|TRANSACTION_COUNT|WINDOW_L7_14D
F54,R_ELEC_XFER_TXN_CR_L7_14D,Ratio of Online Transfer (IMPS+NEFT+RTGS) Credit txns - last 7 to 14D,False,ELEC_XFER,RATIO_WINDOW,L7_14D,CREDIT,BEHAVIORAL,False,,SAFE,CREDIT|ELEC_XFER|RATIO_WINDOW|SHORT_WINDOW|TRANSACTION_COUNT|WINDOW_L7_14D
F55,R_ELEC_XFER_TXN_DB_L7_14D,Ratio of Online Transfer (IMPS+NEFT+RTGS) Debit txns - last 7 to 14D,False,ELEC_XFER,RATIO_WINDOW,L7_14D,DEBIT,BEHAVIORAL,False,,SAFE,DEBIT|ELEC_XFER|RATIO_WINDOW|SHORT_WINDOW|TRANSACTION_COUNT|WINDOW_L7_14D
F56,R_ELEC_XFER_AMT_L7_14D,Ratio of Online Transfer (IMPS+NEFT+RTGS) Total Amount - last 7 to 14D,False,ELEC_XFER,RATIO_WINDOW,L7_14D,BOTH,BEHAVIORAL,False,,SAFE,AMOUNT|ELEC_XFER|RATIO_WINDOW|SHORT_WINDOW|WINDOW_L7_14D
F57,R_ELEC_XFER_AMT_CR_L7_14D,Ratio of Online Transfer (IMPS+NEFT+RTGS) Credit Amount - last 7 to 14D,False,ELEC_XFER,RATIO_WINDOW,L7_14D,CREDIT,BEHAVIORAL,False,,SAFE,AMOUNT|CREDIT|ELEC_XFER|RATIO_WINDOW|SHORT_WINDOW|WINDOW_L7_14D
F58,R_ELEC_XFER_AMT_DB_L7_14D,Ratio of Online Transfer (IMPS+NEFT+RTGS) Debit Amount - last 7 to 14D,False,ELEC_XFER,RATIO_WINDOW,L7_14D,DEBIT,BEHAVIORAL,False,,SAFE,AMOUNT|DEBIT|ELEC_XFER|RATIO_WINDOW|SHORT_WINDOW|WINDOW_L7_14D
F59,R_UPI_XFER_TXNS_L7_14D,Ratio of UPI  Total txns - last 7 to 31D,False,UPI_XFER,RATIO_WINDOW,L7_14D,BOTH,BEHAVIORAL,False,,SAFE,RATIO_WINDOW|SHORT_WINDOW|TRANSACTION_COUNT|UPI_XFER|WINDOW_L7_14D
F60,R_UPI_TXNS_CR_L7_14D,Ratio of UPI  Credit txns - last 7 to 14D,False,UPI,RATIO_WINDOW,L7_14D,CREDIT,BEHAVIORAL,False,,SAFE,CREDIT|RATIO_WINDOW|SHORT_WINDOW|TRANSACTION_COUNT|UPI|WINDOW_L7_14D
F61,R_UPI_TXNS_DB_L7_14D,Ratio of UPI  Credit txns - last 7 to 31D,False,UPI,RATIO_WINDOW,L7_14D,DEBIT,BEHAVIORAL,False,,SAFE,DEBIT|RATIO_WINDOW|SHORT_WINDOW|TRANSACTION_COUNT|UPI|WINDOW_L7_14D
F62,R_UPI_XFER_AMT_L7_14D,Ratio of UPI  Debit txns - last 7 to 14D,False,UPI_XFER,RATIO_WINDOW,L7_14D,BOTH,BEHAVIORAL,False,,SAFE,AMOUNT|RATIO_WINDOW|SHORT_WINDOW|TRANSACTION_COUNT|UPI_XFER|WINDOW_L7_14D
F63,R_UPI_AMT_CR_L7_14D,Ratio of UPI  Credit Amount - last 7 to 14D,False,UPI,RATIO_WINDOW,L7_14D,CREDIT,BEHAVIORAL,False,,SAFE,AMOUNT|CREDIT|RATIO_WINDOW|SHORT_WINDOW|UPI|WINDOW_L7_14D
F64,R_UPI_AMT_DB_L7_14D,Ratio of UPI  Debit Amount - last 7 to 14D,False,UPI,RATIO_WINDOW,L7_14D,DEBIT,BEHAVIORAL,False,,SAFE,AMOUNT|DEBIT|RATIO_WINDOW|SHORT_WINDOW|UPI|WINDOW_L7_14D
F65,R_NET_BNKING_TXN_L7_14D,Ratio of Net Banking Total txns - last 7 to 14D,False,NET_BANKING,RATIO_WINDOW,L7_14D,BOTH,BEHAVIORAL,False,,SAFE,NET_BANKING|RATIO_WINDOW|SHORT_WINDOW|TRANSACTION_COUNT|WINDOW_L7_14D
F66,R_NET_BNKING_TXN_CR_L7_14D,Ratio of Net Banking Credit txns - last 7 to 14D,False,NET_BANKING,RATIO_WINDOW,L7_14D,CREDIT,BEHAVIORAL,False,,SAFE,CREDIT|NET_BANKING|RATIO_WINDOW|SHORT_WINDOW|TRANSACTION_COUNT|WINDOW_L7_14D
F67,R_NET_BNKING_TXN_DB_L7_14D,Ratio of Net Banking Debit txns - last 7 to 14D,False,NET_BANKING,RATIO_WINDOW,L7_14D,DEBIT,BEHAVIORAL,False,,SAFE,DEBIT|NET_BANKING|RATIO_WINDOW|SHORT_WINDOW|TRANSACTION_COUNT|WINDOW_L7_14D
F68,R_NET_BNKING_AMT_L7_14D,Ratio of Net Banking Total Amount - last 7 to 14D,False,NET_BANKING,RATIO_WINDOW,L7_14D,BOTH,BEHAVIORAL,False,,SAFE,AMOUNT|NET_BANKING|RATIO_WINDOW|SHORT_WINDOW|WINDOW_L7_14D
F69,R_NET_BNKING_AMT_CR_L7_14D,Ratio of Net Banking Credit Amount - last 7 to 14D,False,NET_BANKING,RATIO_WINDOW,L7_14D,CREDIT,BEHAVIORAL,False,,SAFE,AMOUNT|CREDIT|NET_BANKING|RATIO_WINDOW|SHORT_WINDOW|WINDOW_L7_14D
F70,R_NET_BNKING_AMT_DB_L7_14D,Ratio of Net Banking Debit Amount - last 7 to 14D,False,NET_BANKING,RATIO_WINDOW,L7_14D,DEBIT,BEHAVIORAL,False,,SAFE,AMOUNT|DEBIT|NET_BANKING|RATIO_WINDOW|SHORT_WINDOW|WINDOW_L7_14D
F71,R_MOB_BNKING_TXN_L7_14D,Ratio of Mobile Banking Total txns - last 7 to 14D,False,MOBILE_BANKING,RATIO_WINDOW,L7_14D,BOTH,BEHAVIORAL,False,,SAFE,MOBILE_BANKING|RATIO_WINDOW|SHORT_WINDOW|TRANSACTION_COUNT|WINDOW_L7_14D
F72,R_MBNKING_TXN_CR_L7_14D,Ratio of Mobile Banking Total Amount - last 7 to 14D,False,MOBILE_BANKING,RATIO_WINDOW,L7_14D,CREDIT,BEHAVIORAL,False,,SAFE,AMOUNT|CREDIT|MOBILE_BANKING|RATIO_WINDOW|SHORT_WINDOW|WINDOW_L7_14D
F73,R_MBNKING_TXN_DB_L7_14D,Ratio of Mobile Banking Credit txns - last 7 to 14D,False,MOBILE_BANKING,RATIO_WINDOW,L7_14D,DEBIT,BEHAVIORAL,False,,SAFE,DEBIT|MOBILE_BANKING|RATIO_WINDOW|SHORT_WINDOW|TRANSACTION_COUNT|WINDOW_L7_14D
F74,R_MOB_BNKING_AMT_L7_14D,Ratio of Mobile Banking Debit txns - last 7 to 14D,False,MOBILE_BANKING,RATIO_WINDOW,L7_14D,BOTH,BEHAVIORAL,False,,SAFE,AMOUNT|MOBILE_BANKING|RATIO_WINDOW|SHORT_WINDOW|TRANSACTION_COUNT|WINDOW_L7_14D
F75,R_MBNKING_AMT_CR_L7_14D,Ratio of Mobile Banking Credit Amount - last 7 to 14D,False,MOBILE_BANKING,RATIO_WINDOW,L7_14D,CREDIT,BEHAVIORAL,False,,SAFE,AMOUNT|CREDIT|MOBILE_BANKING|RATIO_WINDOW|SHORT_WINDOW|WINDOW_L7_14D
F76,R_MBNKING_AMT_DB_L7_14D,Ratio of Mobile Banking Debit Amount - last 7 to 14D,False,MOBILE_BANKING,RATIO_WINDOW,L7_14D,DEBIT,BEHAVIORAL,False,,SAFE,AMOUNT|DEBIT|MOBILE_BANKING|RATIO_WINDOW|SHORT_WINDOW|WINDOW_L7_14D
F77,R_POS_PYMT_TXN_L7_14D,Ratio of Merchant Payment Total txns - last 7 to 14D,False,POS_MERCHANT,RATIO_WINDOW,L7_14D,BOTH,BEHAVIORAL,False,,SAFE,POS_MERCHANT|RATIO_WINDOW|SHORT_WINDOW|TRANSACTION_COUNT|WINDOW_L7_14D
F78,R_POS_PYMT_TXN_DB_L7_14D,Ratio of Merchant Payment Debit txns - last 7 to 14D,False,POS_MERCHANT,RATIO_WINDOW,L7_14D,DEBIT,BEHAVIORAL,False,,SAFE,DEBIT|POS_MERCHANT|RATIO_WINDOW|SHORT_WINDOW|TRANSACTION_COUNT|WINDOW_L7_14D
F79,R_POS_PYMT_AMT_L7_14D,Ratio of Merchant Payment Total Amount - last 7 to 14D,False,POS_MERCHANT,RATIO_WINDOW,L7_14D,BOTH,BEHAVIORAL,False,,SAFE,AMOUNT|POS_MERCHANT|RATIO_WINDOW|SHORT_WINDOW|WINDOW_L7_14D
F80,R_POS_PYMT_AMT_DB_L7_14D,Ratio of Merchant Payment Debit Amount - last 7 to 14D,False,POS_MERCHANT,RATIO_WINDOW,L7_14D,DEBIT,BEHAVIORAL,False,,SAFE,AMOUNT|DEBIT|POS_MERCHANT|RATIO_WINDOW|SHORT_WINDOW|WINDOW_L7_14D
F81,R_APB_TXN_L7_14D,Ratio of Aadhar Payment Bridge Total txns - last 7 to 14D,False,AADHAAR_PAYMENT_BRIDGE,RATIO_WINDOW,L7_14D,BOTH,BEHAVIORAL,False,,SAFE,AADHAAR_PAYMENT_BRIDGE|RATIO_WINDOW|SHORT_WINDOW|TRANSACTION_COUNT|WINDOW_L7_14D
F82,R_APB_TXN_CR_L7_14D,Ratio of Aadhar Payment Bridge Credit txns - last 7 to 14D,False,AADHAAR_PAYMENT_BRIDGE,RATIO_WINDOW,L7_14D,CREDIT,BEHAVIORAL,False,,SAFE,AADHAAR_PAYMENT_BRIDGE|CREDIT|RATIO_WINDOW|SHORT_WINDOW|TRANSACTION_COUNT|WINDOW_L7_14D
F83,R_APB_AMT_L7_14D,Ratio of Aadhar Payment Bridge Total Amount - last 7 to 14D,False,AADHAAR_PAYMENT_BRIDGE,RATIO_WINDOW,L7_14D,BOTH,BEHAVIORAL,False,,SAFE,AADHAAR_PAYMENT_BRIDGE|AMOUNT|RATIO_WINDOW|SHORT_WINDOW|WINDOW_L7_14D
F84,R_APB_AMT_CR_L7_14D,Ratio of Aadhar Payment Bridge Credit Amount - last 7 to 14D,False,AADHAAR_PAYMENT_BRIDGE,RATIO_WINDOW,L7_14D,CREDIT,BEHAVIORAL,False,,SAFE,AADHAAR_PAYMENT_BRIDGE|AMOUNT|CREDIT|RATIO_WINDOW|SHORT_WINDOW|WINDOW_L7_14D
F85,R_LOAN_TXN_L7_14D,Ratio of Loan Total txns - last 7 to 14D,False,LOAN,RATIO_WINDOW,L7_14D,BOTH,BEHAVIORAL,False,,SAFE,LOAN|RATIO_WINDOW|SHORT_WINDOW|TRANSACTION_COUNT|WINDOW_L7_14D
F86,R_LOAN_TXN_CR_L7_14D,Ratio of Loan Credit txns - last 7 to 14D,False,LOAN,RATIO_WINDOW,L7_14D,CREDIT,BEHAVIORAL,False,,SAFE,CREDIT|LOAN|RATIO_WINDOW|SHORT_WINDOW|TRANSACTION_COUNT|WINDOW_L7_14D
F87,R_LOAN_TXN_DB_L7_14D,Ratio of Loan Debit txns - last 7 to 14D,False,LOAN,RATIO_WINDOW,L7_14D,DEBIT,BEHAVIORAL,False,,SAFE,DEBIT|LOAN|RATIO_WINDOW|SHORT_WINDOW|TRANSACTION_COUNT|WINDOW_L7_14D
F88,R_LOAN_AMT_L7_14D,Ratio of Loan Total Amount - last 7 to 14D,False,LOAN,RATIO_WINDOW,L7_14D,BOTH,BEHAVIORAL,False,,SAFE,AMOUNT|LOAN|RATIO_WINDOW|SHORT_WINDOW|WINDOW_L7_14D
F89,R_LOAN_AMT_CR_L7_14D,Ratio of Loan Credit Amount - last 7 to 14D,False,LOAN,RATIO_WINDOW,L7_14D,CREDIT,BEHAVIORAL,False,,SAFE,AMOUNT|CREDIT|LOAN|RATIO_WINDOW|SHORT_WINDOW|WINDOW_L7_14D
F90,R_LOAN_AMT_DB_L7_14D,Ratio of Loan Debit Amount - last 7 to 14D,False,LOAN,RATIO_WINDOW,L7_14D,DEBIT,BEHAVIORAL,False,,SAFE,AMOUNT|DEBIT|LOAN|RATIO_WINDOW|SHORT_WINDOW|WINDOW_L7_14D
F91,R_STDNG_INSTR_L7_14D,Ratio of Standing Instruction Total txns - last 7 to 14D,False,STANDING_INSTRUCTION,RATIO_WINDOW,L7_14D,BOTH,BEHAVIORAL,False,,SAFE,RATIO_WINDOW|SHORT_WINDOW|STANDING_INSTRUCTION|TRANSACTION_COUNT|WINDOW_L7_14D
F92,R_STDNG_INSTR_CR_TXN_L7_14D,Ratio of Standing Instruction Credit txns - last 7 to 14D,False,STANDING_INSTRUCTION,RATIO_WINDOW,L7_14D,CREDIT,BEHAVIORAL,False,,SAFE,CREDIT|RATIO_WINDOW|SHORT_WINDOW|STANDING_INSTRUCTION|TRANSACTION_COUNT|WINDOW_L7_14D
F93,R_STDNG_INSTR_DB_TXN_L7_14D,Ratio of Standing Instruction Debit txns - last 7 to 14D,False,STANDING_INSTRUCTION,RATIO_WINDOW,L7_14D,DEBIT,BEHAVIORAL,False,,SAFE,DEBIT|RATIO_WINDOW|SHORT_WINDOW|STANDING_INSTRUCTION|TRANSACTION_COUNT|WINDOW_L7_14D
F94,R_STDNG_INSTR_AMT_L7_14D,Ratio of Standing Instruction Total Amount - last 7 to 14D,False,STANDING_INSTRUCTION,RATIO_WINDOW,L7_14D,BOTH,BEHAVIORAL,False,,SAFE,AMOUNT|RATIO_WINDOW|SHORT_WINDOW|STANDING_INSTRUCTION|WINDOW_L7_14D
F95,R_STDNG_INSTR_AMT_CR_L7_14D,Ratio of Standing Instruction Credit Amount - last 7 to 14D,False,STANDING_INSTRUCTION,RATIO_WINDOW,L7_14D,CREDIT,BEHAVIORAL,False,,SAFE,AMOUNT|CREDIT|RATIO_WINDOW|SHORT_WINDOW|STANDING_INSTRUCTION|WINDOW_L7_14D
F96,R_STDNG_INSTR_AMT_DB_L7_14D,Ratio of Standing Instruction Debit Amount - last 7 to 14D,False,STANDING_INSTRUCTION,RATIO_WINDOW,L7_14D,DEBIT,BEHAVIORAL,False,,SAFE,AMOUNT|DEBIT|RATIO_WINDOW|SHORT_WINDOW|STANDING_INSTRUCTION|WINDOW_L7_14D
F97,R_CASH_TXN_L14_31D,Ratio of Cash Total txns - last 14 to 31D,False,CASH,RATIO_WINDOW,L14_31D,BOTH,BEHAVIORAL,False,,SAFE,CASH|LONG_WINDOW|RATIO_WINDOW|TRANSACTION_COUNT|WINDOW_L14_31D
F98,R_CASH_TXN_CR_L14_31D,Ratio of Cash Credit txns - last 14 to 31D,False,CASH,RATIO_WINDOW,L14_31D,CREDIT,BEHAVIORAL,False,,SAFE,CASH|CREDIT|LONG_WINDOW|RATIO_WINDOW|TRANSACTION_COUNT|WINDOW_L14_31D
F99,R_CASH_TXN_DB_L14_31D,Ratio of Cash Debit txns - last 14 to 31D,False,CASH,RATIO_WINDOW,L14_31D,DEBIT,BEHAVIORAL,False,,SAFE,CASH|DEBIT|LONG_WINDOW|RATIO_WINDOW|TRANSACTION_COUNT|WINDOW_L14_31D
F100,R_CASH_AMT_L14_31D,Ratio of Cash Total Amount - last 14 to 31D,False,CASH,RATIO_WINDOW,L14_31D,BOTH,BEHAVIORAL,False,,SAFE,AMOUNT|CASH|LONG_WINDOW|RATIO_WINDOW|WINDOW_L14_31D
F101,R_CASH_AMT_CR_L14_31D,Ratio of Cash Credit Amount - last 14 to 31D,False,CASH,RATIO_WINDOW,L14_31D,CREDIT,BEHAVIORAL,False,,SAFE,AMOUNT|CASH|CREDIT|LONG_WINDOW|RATIO_WINDOW|WINDOW_L14_31D
F102,R_CASH_AMT_DB_L14_31D,Ratio of Cash Debit Amount - last 14 to 31D,False,CASH,RATIO_WINDOW,L14_31D,DEBIT,BEHAVIORAL,False,,SAFE,AMOUNT|CASH|DEBIT|LONG_WINDOW|RATIO_WINDOW|WINDOW_L14_31D
F103,R_CHQ_TXN_L14_31D,Ratio of Cheque Total txns - last 14 to 31D,False,CHEQUE,RATIO_WINDOW,L14_31D,BOTH,BEHAVIORAL,False,,SAFE,CHEQUE|LONG_WINDOW|RATIO_WINDOW|TRANSACTION_COUNT|WINDOW_L14_31D
F104,R_CHQ_TXN_CR_L14_31D,Ratio of Cheque Credit txns - last 14 to 31D,False,CHEQUE,RATIO_WINDOW,L14_31D,CREDIT,BEHAVIORAL,False,,SAFE,CHEQUE|CREDIT|LONG_WINDOW|RATIO_WINDOW|TRANSACTION_COUNT|WINDOW_L14_31D
F105,R_CHQ_TXN_DB_L14_31D,Ratio of Cheque Debit txns - last 14 to 31D,False,CHEQUE,RATIO_WINDOW,L14_31D,DEBIT,BEHAVIORAL,False,,SAFE,CHEQUE|DEBIT|LONG_WINDOW|RATIO_WINDOW|TRANSACTION_COUNT|WINDOW_L14_31D
F106,R_CHQ_AMT_L14_31D,Ratio of Cheque Total Amount - last 14 to 31D,False,CHEQUE,RATIO_WINDOW,L14_31D,BOTH,BEHAVIORAL,False,,SAFE,AMOUNT|CHEQUE|LONG_WINDOW|RATIO_WINDOW|WINDOW_L14_31D
F107,R_CHQ_AMT_CR_L14_31D,Ratio of Cheque Credit Amount - last 14 to 31D,False,CHEQUE,RATIO_WINDOW,L14_31D,CREDIT,BEHAVIORAL,False,,SAFE,AMOUNT|CHEQUE|CREDIT|LONG_WINDOW|RATIO_WINDOW|WINDOW_L14_31D
F108,R_CHQ_AMT_DB_L14_31D,Ratio of Cheque Debit Amount - last 14 to 31D,False,CHEQUE,RATIO_WINDOW,L14_31D,DEBIT,BEHAVIORAL,False,,SAFE,AMOUNT|CHEQUE|DEBIT|LONG_WINDOW|RATIO_WINDOW|WINDOW_L14_31D
F109,R_NON_CASH_CHQ_TXN_L14_31D,Ratio of Non Cash Non Cheque Total txns - last 14 to 31D,False,NON_CASH_CHQ,RATIO_WINDOW,L14_31D,BOTH,BEHAVIORAL,False,,SAFE,LONG_WINDOW|NON_CASH_CHQ|RATIO_WINDOW|TRANSACTION_COUNT|WINDOW_L14_31D
F110,R_NON_CASH_CHQ_TXN_CR_L14_31D,Ratio of Non Cash Non Cheque Credit txns - last 14 to 31D,False,NON_CASH_CHQ,RATIO_WINDOW,L14_31D,CREDIT,BEHAVIORAL,False,,SAFE,CREDIT|LONG_WINDOW|NON_CASH_CHQ|RATIO_WINDOW|TRANSACTION_COUNT|WINDOW_L14_31D
F111,R_NON_CASH_CHQ_TXN_DB_L14_31D,Ratio of Non Cash Non Cheque Debit txns - last 14 to 31D,False,NON_CASH_CHQ,RATIO_WINDOW,L14_31D,DEBIT,BEHAVIORAL,False,,SAFE,DEBIT|LONG_WINDOW|NON_CASH_CHQ|RATIO_WINDOW|TRANSACTION_COUNT|WINDOW_L14_31D
F112,R_NON_CASH_CHQ_AMT_L14_31D,Ratio of Non Cash Non Cheque Total Amount - last 14 to 31D,False,NON_CASH_CHQ,RATIO_WINDOW,L14_31D,BOTH,BEHAVIORAL,False,,SAFE,AMOUNT|LONG_WINDOW|NON_CASH_CHQ|RATIO_WINDOW|WINDOW_L14_31D
F113,R_NON_CASH_CHQ_AMT_CR_L14_31D,Ratio of Non Cash Non Cheque Credit Amount - last 14 to 31D,False,NON_CASH_CHQ,RATIO_WINDOW,L14_31D,CREDIT,BEHAVIORAL,False,,SAFE,AMOUNT|CREDIT|LONG_WINDOW|NON_CASH_CHQ|RATIO_WINDOW|WINDOW_L14_31D
F114,R_NON_CASH_CHQ_AMT_DB_L14_31D,Ratio of Non Cash Non Cheque Debit Amount - last 14 to 31D,False,NON_CASH_CHQ,RATIO_WINDOW,L14_31D,DEBIT,BEHAVIORAL,False,,SAFE,AMOUNT|DEBIT|LONG_WINDOW|NON_CASH_CHQ|RATIO_WINDOW|WINDOW_L14_31D
F115,R_CI_NON_CASH_CHQ_TXN_L14_31D,Ratio of Customer Induced Non Cash Non Cheque Total txns - last 14 to 31D,True,NON_CASH_CHQ,RATIO_CREDIT_INTENSITY,L14_31D,BOTH,BEHAVIORAL,False,,SAFE,LONG_WINDOW|NON_CASH_CHQ|RATIO_CREDIT_INTENSITY|TRANSACTION_COUNT|WINDOW_L14_31D
F116,R_CI_NON_CASH_CHQ_TXN_CR_L14_31D,Ratio of Customer Induced Non Cash Non Cheque Credit txns - last 14 to 31D,False,NON_CASH_CHQ,RATIO_CREDIT_INTENSITY,L14_31D,CREDIT,BEHAVIORAL,False,,SAFE,CREDIT|LONG_WINDOW|NON_CASH_CHQ|RATIO_CREDIT_INTENSITY|TRANSACTION_COUNT|WINDOW_L14_31D
F117,R_CI_NON_CASH_CHQ_TXN_DB_L14_31D,Ratio of Customer Induced Non Cash Non Cheque Debit txns - last 14 to 31D,False,NON_CASH_CHQ,RATIO_CREDIT_INTENSITY,L14_31D,DEBIT,BEHAVIORAL,False,,SAFE,DEBIT|LONG_WINDOW|NON_CASH_CHQ|RATIO_CREDIT_INTENSITY|TRANSACTION_COUNT|WINDOW_L14_31D
F118,R_CI_NON_CASH_CHQ_AMT_L14_31D,Ratio of Customer Induced Non Cash Non Cheque Total Amount - last 14 to 31D,False,NON_CASH_CHQ,RATIO_CREDIT_INTENSITY,L14_31D,BOTH,BEHAVIORAL,False,,SAFE,AMOUNT|LONG_WINDOW|NON_CASH_CHQ|RATIO_CREDIT_INTENSITY|WINDOW_L14_31D
F119,R_CI_NON_CASH_CHQ_AMT_CR_L14_31D,Ratio of Customer Induced Non Cash Non Cheque Credit Amount - last 14 to 31D,False,NON_CASH_CHQ,RATIO_CREDIT_INTENSITY,L14_31D,CREDIT,BEHAVIORAL,False,,SAFE,AMOUNT|CREDIT|LONG_WINDOW|NON_CASH_CHQ|RATIO_CREDIT_INTENSITY|WINDOW_L14_31D
F120,R_CI_NON_CASH_CHQ_AMT_DB_L14_31D,Ratio of Customer Induced Non Cash Non Cheque Debit Amount - last 14 to 31D,False,NON_CASH_CHQ,RATIO_CREDIT_INTENSITY,L14_31D,DEBIT,BEHAVIORAL,False,,SAFE,AMOUNT|DEBIT|LONG_WINDOW|NON_CASH_CHQ|RATIO_CREDIT_INTENSITY|WINDOW_L14_31D
F121,R_CI_TXN_L14_31D,Ratio of Customer Induced Total txns - last 14 to 31D,False,CASH_INTENSIVE,RATIO_CREDIT_INTENSITY,L14_31D,BOTH,BEHAVIORAL,False,,SAFE,CASH_INTENSIVE|LONG_WINDOW|RATIO_CREDIT_INTENSITY|TRANSACTION_COUNT|WINDOW_L14_31D
F122,R_CI_TXN_CR_L14_31D,Ratio of Customer Induced Credit txns - last 14 to 31D,False,CASH_INTENSIVE,RATIO_CREDIT_INTENSITY,L14_31D,CREDIT,BEHAVIORAL,False,,SAFE,CASH_INTENSIVE|CREDIT|LONG_WINDOW|RATIO_CREDIT_INTENSITY|TRANSACTION_COUNT|WINDOW_L14_31D
F123,R_CI_TXN_DB_L14_31D,Ratio of Customer Induced Debit txns - last 14 to 31D,False,CASH_INTENSIVE,RATIO_CREDIT_INTENSITY,L14_31D,DEBIT,BEHAVIORAL,False,,SAFE,CASH_INTENSIVE|DEBIT|LONG_WINDOW|RATIO_CREDIT_INTENSITY|TRANSACTION_COUNT|WINDOW_L14_31D
F124,R_CI_AMT_L14_31D,Ratio of Customer Induced Total Amount - last 14 to 31D,False,CASH_INTENSIVE,RATIO_CREDIT_INTENSITY,L14_31D,BOTH,BEHAVIORAL,False,,SAFE,AMOUNT|CASH_INTENSIVE|LONG_WINDOW|RATIO_CREDIT_INTENSITY|WINDOW_L14_31D
F125,R_CI_AMT_CR_L14_31D,Ratio of Customer Induced Credit Amount - last 14 to 31D,False,CASH_INTENSIVE,RATIO_CREDIT_INTENSITY,L14_31D,CREDIT,BEHAVIORAL,False,,SAFE,AMOUNT|CASH_INTENSIVE|CREDIT|LONG_WINDOW|RATIO_CREDIT_INTENSITY|WINDOW_L14_31D
F126,R_CI_AMT_DB_L14_31D,Ratio of Customer Induced Debit Amount - last 14 to 31D,False,CASH_INTENSIVE,RATIO_CREDIT_INTENSITY,L14_31D,DEBIT,BEHAVIORAL,False,,SAFE,AMOUNT|CASH_INTENSIVE|DEBIT|LONG_WINDOW|RATIO_CREDIT_INTENSITY|WINDOW_L14_31D
F127,R_ATM_TXN_L14_31D,Ratio of ATM Total txns - last 14 to 31D,False,ATM,RATIO_WINDOW,L14_31D,BOTH,BEHAVIORAL,False,,SAFE,ATM|LONG_WINDOW|RATIO_WINDOW|TRANSACTION_COUNT|WINDOW_L14_31D
F128,R_ATM_TXN_CR_L14_31D,Ratio of ATM Credit txns - last 14 to 31D,False,ATM,RATIO_WINDOW,L14_31D,CREDIT,BEHAVIORAL,False,,SAFE,ATM|CREDIT|LONG_WINDOW|RATIO_WINDOW|TRANSACTION_COUNT|WINDOW_L14_31D
F129,R_ATM_TXN_DB_L14_31D,Ratio of ATM Debit txns - last 14 to 31D,False,ATM,RATIO_WINDOW,L14_31D,DEBIT,BEHAVIORAL,False,,SAFE,ATM|DEBIT|LONG_WINDOW|RATIO_WINDOW|TRANSACTION_COUNT|WINDOW_L14_31D
F130,R_ATM_AMT_L14_31D,Ratio of ATM Total Amount - last 14 to 31D,False,ATM,RATIO_WINDOW,L14_31D,BOTH,BEHAVIORAL,False,,SAFE,AMOUNT|ATM|LONG_WINDOW|RATIO_WINDOW|WINDOW_L14_31D
F131,R_ATM_AMT_CR_L14_31D,Ratio of ATM Credit Amount - last 14 to 31D,False,ATM,RATIO_WINDOW,L14_31D,CREDIT,BEHAVIORAL,False,,SAFE,AMOUNT|ATM|CREDIT|LONG_WINDOW|RATIO_WINDOW|WINDOW_L14_31D
F132,R_ATM_AMT_DB_L14_31D,Ratio of ATM Debit Amount - last 14 to 31D,False,ATM,RATIO_WINDOW,L14_31D,DEBIT,BEHAVIORAL,False,,SAFE,AMOUNT|ATM|DEBIT|LONG_WINDOW|RATIO_WINDOW|WINDOW_L14_31D
F133,R_BI_FEES_CHRGS_TXN_L14_31D,Ratio of Bank Induced Fees Charges Total txns - last 14 to 31D,False,FEES_AND_CHARGES,RATIO_WINDOW,L14_31D,BOTH,BEHAVIORAL,False,,SAFE,FEES_AND_CHARGES|LONG_WINDOW|RATIO_WINDOW|TRANSACTION_COUNT|WINDOW_L14_31D
F134,R_BI_FEES_CHRGS_TXN_CR_L14_31D,Ratio of Bank Induced Fees Charges Credit txns - last 14 to 31D,False,FEES_AND_CHARGES,RATIO_WINDOW,L14_31D,CREDIT,BEHAVIORAL,False,,SAFE,CREDIT|FEES_AND_CHARGES|LONG_WINDOW|RATIO_WINDOW|TRANSACTION_COUNT|WINDOW_L14_31D
F135,R_BI_FEES_CHRGS_TXN_DB_L14_31D,Ratio of Bank Induced Fees Charges Debit txns - last 14 to 31D,False,FEES_AND_CHARGES,RATIO_WINDOW,L14_31D,DEBIT,BEHAVIORAL,False,,SAFE,DEBIT|FEES_AND_CHARGES|LONG_WINDOW|RATIO_WINDOW|TRANSACTION_COUNT|WINDOW_L14_31D
F136,R_BI_FEES_CHRGS_AMT_L14_31D,Ratio of Bank Induced Fees Charges Total Amount - last 14 to 31D,False,FEES_AND_CHARGES,RATIO_WINDOW,L14_31D,BOTH,BEHAVIORAL,False,,SAFE,AMOUNT|FEES_AND_CHARGES|LONG_WINDOW|RATIO_WINDOW|WINDOW_L14_31D
F137,R_BI_FEES_CHRGS_AMT_CR_L14_31D,Ratio of Bank Induced Fees Charges Credit Amount - last 14 to 31D,False,FEES_AND_CHARGES,RATIO_WINDOW,L14_31D,CREDIT,BEHAVIORAL,False,,SAFE,AMOUNT|CREDIT|FEES_AND_CHARGES|LONG_WINDOW|RATIO_WINDOW|WINDOW_L14_31D
F138,R_BI_FEES_CHRGS_AMT_DB_L14_31D,Ratio of Bank Induced Fees Charges Debit Amount - last 14 to 31D,False,FEES_AND_CHARGES,RATIO_WINDOW,L14_31D,DEBIT,BEHAVIORAL,False,,SAFE,AMOUNT|DEBIT|FEES_AND_CHARGES|LONG_WINDOW|RATIO_WINDOW|WINDOW_L14_31D
F139,R_CI_FEES_CHRGS_TXN_L14_31D,Ratio of Customer Induced Fees Charges Total txns - last 14 to 31D,False,FEES_AND_CHARGES,RATIO_CREDIT_INTENSITY,L14_31D,BOTH,BEHAVIORAL,False,,SAFE,FEES_AND_CHARGES|LONG_WINDOW|RATIO_CREDIT_INTENSITY|TRANSACTION_COUNT|WINDOW_L14_31D
F140,R_CI_FEES_CHRGS_TXN_CR_L14_31D,Ratio of Customer Induced Fees Charges Credit txns - last 14 to 31D,False,FEES_AND_CHARGES,RATIO_CREDIT_INTENSITY,L14_31D,CREDIT,BEHAVIORAL,False,,SAFE,CREDIT|FEES_AND_CHARGES|LONG_WINDOW|RATIO_CREDIT_INTENSITY|TRANSACTION_COUNT|WINDOW_L14_31D
F141,R_CI_FEES_CHRGS_TXN_DB_L14_31D,Ratio of Customer Induced Fees Charges Debit txns - last 14 to 31D,False,FEES_AND_CHARGES,RATIO_CREDIT_INTENSITY,L14_31D,DEBIT,BEHAVIORAL,False,,SAFE,DEBIT|FEES_AND_CHARGES|LONG_WINDOW|RATIO_CREDIT_INTENSITY|TRANSACTION_COUNT|WINDOW_L14_31D
F142,R_CI_FEES_CHRGS_AMT_L14_31D,Ratio of Customer Induced Fees Charges Total Amount - last 14 to 31D,False,FEES_AND_CHARGES,RATIO_CREDIT_INTENSITY,L14_31D,BOTH,BEHAVIORAL,False,,SAFE,AMOUNT|FEES_AND_CHARGES|LONG_WINDOW|RATIO_CREDIT_INTENSITY|WINDOW_L14_31D
F143,R_CI_FEES_CHRGS_AMT_CR_L14_31D,Ratio of Customer Induced Fees Charges Credit Amount - last 14 to 31D,False,FEES_AND_CHARGES,RATIO_CREDIT_INTENSITY,L14_31D,CREDIT,BEHAVIORAL,False,,SAFE,AMOUNT|CREDIT|FEES_AND_CHARGES|LONG_WINDOW|RATIO_CREDIT_INTENSITY|WINDOW_L14_31D
F144,R_CI_FEES_CHRGS_AMT_DB_L14_31D,Ratio of Customer Induced Fees Charges Debit Amount - last 14 to 31D,False,FEES_AND_CHARGES,RATIO_CREDIT_INTENSITY,L14_31D,DEBIT,BEHAVIORAL,False,,SAFE,AMOUNT|DEBIT|FEES_AND_CHARGES|LONG_WINDOW|RATIO_CREDIT_INTENSITY|WINDOW_L14_31D
F145,R_GST_TXN_L14_31D,Ratio of GST Total txns - last 14 to 31D,False,GST,RATIO_WINDOW,L14_31D,BOTH,BEHAVIORAL,False,,SAFE,GST|LONG_WINDOW|RATIO_WINDOW|TRANSACTION_COUNT|WINDOW_L14_31D
F146,R_GST_TXN_CR_L14_31D,Ratio of GST Credit txns - last 14 to 31D,False,GST,RATIO_WINDOW,L14_31D,CREDIT,BEHAVIORAL,False,,SAFE,CREDIT|GST|LONG_WINDOW|RATIO_WINDOW|TRANSACTION_COUNT|WINDOW_L14_31D
F147,R_GST_TXN_DB_L14_31D,Ratio of GST Debit txns - last 14 to 31D,False,GST,RATIO_WINDOW,L14_31D,DEBIT,BEHAVIORAL,False,,SAFE,DEBIT|GST|LONG_WINDOW|RATIO_WINDOW|TRANSACTION_COUNT|WINDOW_L14_31D
F148,R_GST_AMT_L14_31D,Ratio of GST Total Amount - last 14 to 31D,False,GST,RATIO_WINDOW,L14_31D,BOTH,BEHAVIORAL,False,,SAFE,AMOUNT|GST|LONG_WINDOW|RATIO_WINDOW|WINDOW_L14_31D
F149,R_GST_AMT_CR_L14_31D,Ratio of GST Credit Amount - last 14 to 31D,False,GST,RATIO_WINDOW,L14_31D,CREDIT,BEHAVIORAL,False,,SAFE,AMOUNT|CREDIT|GST|LONG_WINDOW|RATIO_WINDOW|WINDOW_L14_31D
F150,R_GST_AMT_DB_L14_31D,Ratio of GST Debit Amount - last 14 to 31D,False,GST,RATIO_WINDOW,L14_31D,DEBIT,BEHAVIORAL,False,,SAFE,AMOUNT|DEBIT|GST|LONG_WINDOW|RATIO_WINDOW|WINDOW_L14_31D
F151,R_ELEC_XFER_TXN_L14_31D,Ratio of Online Transfer (IMPS+NEFT+RTGS) Total txns - last 14 to 31D,False,ELEC_XFER,RATIO_WINDOW,L14_31D,BOTH,BEHAVIORAL,False,,SAFE,ELEC_XFER|LONG_WINDOW|RATIO_WINDOW|TRANSACTION_COUNT|WINDOW_L14_31D
F152,R_ELEC_XFER_TXN_CR_L14_31D,Ratio of Online Transfer (IMPS+NEFT+RTGS) Credit txns - last 14 to 31D,False,ELEC_XFER,RATIO_WINDOW,L14_31D,CREDIT,BEHAVIORAL,False,,SAFE,CREDIT|ELEC_XFER|LONG_WINDOW|RATIO_WINDOW|TRANSACTION_COUNT|WINDOW_L14_31D
F153,R_ELEC_XFER_TXN_DB_L14_31D,Ratio of Online Transfer (IMPS+NEFT+RTGS) Debit txns - last 14 to 31D,False,ELEC_XFER,RATIO_WINDOW,L14_31D,DEBIT,BEHAVIORAL,False,,SAFE,DEBIT|ELEC_XFER|LONG_WINDOW|RATIO_WINDOW|TRANSACTION_COUNT|WINDOW_L14_31D
F154,R_ELEC_XFER_AMT_L14_31D,Ratio of Online Transfer (IMPS+NEFT+RTGS) Total Amount - last 14 to 31D,False,ELEC_XFER,RATIO_WINDOW,L14_31D,BOTH,BEHAVIORAL,False,,SAFE,AMOUNT|ELEC_XFER|LONG_WINDOW|RATIO_WINDOW|WINDOW_L14_31D
F155,R_ELEC_XFER_AMT_CR_L14_31D,Ratio of Online Transfer (IMPS+NEFT+RTGS) Credit Amount - last 14 to 31D,False,ELEC_XFER,RATIO_WINDOW,L14_31D,CREDIT,BEHAVIORAL,False,,SAFE,AMOUNT|CREDIT|ELEC_XFER|LONG_WINDOW|RATIO_WINDOW|WINDOW_L14_31D
F156,R_ELEC_XFER_AMT_DB_L14_31D,Ratio of Online Transfer (IMPS+NEFT+RTGS) Debit Amount - last 14 to 31D,False,ELEC_XFER,RATIO_WINDOW,L14_31D,DEBIT,BEHAVIORAL,False,,SAFE,AMOUNT|DEBIT|ELEC_XFER|LONG_WINDOW|RATIO_WINDOW|WINDOW_L14_31D
F157,R_UPI_XFER_TXN_L14_31D,Ratio of UPI  Total txns - last 14 to 31D,False,UPI_XFER,RATIO_WINDOW,L14_31D,BOTH,BEHAVIORAL,False,,SAFE,LONG_WINDOW|RATIO_WINDOW|TRANSACTION_COUNT|UPI_XFER|WINDOW_L14_31D
F158,R_UPI_TXN_CR_L14_31D,Ratio of UPI  Total Amount - last 14 to 31D,False,UPI,RATIO_WINDOW,L14_31D,CREDIT,BEHAVIORAL,False,,SAFE,AMOUNT|CREDIT|LONG_WINDOW|RATIO_WINDOW|UPI|WINDOW_L14_31D
F159,R_UPI_TXN_DB_L14_31D,Ratio of UPI  Total Amount - last 7 to 31D,False,UPI,RATIO_WINDOW,L14_31D,DEBIT,BEHAVIORAL,False,,SAFE,AMOUNT|DEBIT|LONG_WINDOW|RATIO_WINDOW|UPI|WINDOW_L14_31D
F160,R_UPI_XFER_AMT_L14_31D,Ratio of UPI  Debit txns - last 14 to 31D,False,UPI_XFER,RATIO_WINDOW,L14_31D,BOTH,BEHAVIORAL,False,,SAFE,AMOUNT|LONG_WINDOW|RATIO_WINDOW|TRANSACTION_COUNT|UPI_XFER|WINDOW_L14_31D
F161,R_UPI_AMT_CR_L14_31D,Ratio of UPI  Credit Amount - last 14 to 31D,False,UPI,RATIO_WINDOW,L14_31D,CREDIT,BEHAVIORAL,False,,SAFE,AMOUNT|CREDIT|LONG_WINDOW|RATIO_WINDOW|UPI|WINDOW_L14_31D
F162,R_UPI_AMT_DB_L14_31D,Ratio of UPI  Debit Amount - last 14 to 31D,False,UPI,RATIO_WINDOW,L14_31D,DEBIT,BEHAVIORAL,False,,SAFE,AMOUNT|DEBIT|LONG_WINDOW|RATIO_WINDOW|UPI|WINDOW_L14_31D
F163,R_NET_BNKING_TXN_L14_31D,Ratio of Net Banking Total txns - last 14 to 31D,False,NET_BANKING,RATIO_WINDOW,L14_31D,BOTH,BEHAVIORAL,False,,SAFE,LONG_WINDOW|NET_BANKING|RATIO_WINDOW|TRANSACTION_COUNT|WINDOW_L14_31D
F164,R_NET_BNKING_TXN_CR_L14_31D,Ratio of Net Banking Credit txns - last 14 to 31D,False,NET_BANKING,RATIO_WINDOW,L14_31D,CREDIT,BEHAVIORAL,False,,SAFE,CREDIT|LONG_WINDOW|NET_BANKING|RATIO_WINDOW|TRANSACTION_COUNT|WINDOW_L14_31D
F165,R_NET_BNKING_TXN_DB_L14_31D,Ratio of Net Banking Debit txns - last 14 to 31D,False,NET_BANKING,RATIO_WINDOW,L14_31D,DEBIT,BEHAVIORAL,False,,SAFE,DEBIT|LONG_WINDOW|NET_BANKING|RATIO_WINDOW|TRANSACTION_COUNT|WINDOW_L14_31D
F166,R_NET_BNKING_AMT_L14_31D,Ratio of Net Banking Total Amount - last 14 to 31D,False,NET_BANKING,RATIO_WINDOW,L14_31D,BOTH,BEHAVIORAL,False,,SAFE,AMOUNT|LONG_WINDOW|NET_BANKING|RATIO_WINDOW|WINDOW_L14_31D
F167,R_NET_BNKING_AMT_CR_L14_31D,Ratio of Net Banking Credit Amount - last 14 to 31D,False,NET_BANKING,RATIO_WINDOW,L14_31D,CREDIT,BEHAVIORAL,False,,SAFE,AMOUNT|CREDIT|LONG_WINDOW|NET_BANKING|RATIO_WINDOW|WINDOW_L14_31D
F168,R_NET_BNKING_AMT_DB_L14_31D,Ratio of Net Banking Debit Amount - last 14 to 31D,False,NET_BANKING,RATIO_WINDOW,L14_31D,DEBIT,BEHAVIORAL,False,,SAFE,AMOUNT|DEBIT|LONG_WINDOW|NET_BANKING|RATIO_WINDOW|WINDOW_L14_31D
F169,R_MOB_BNKING_TXN_L14_31D,Ratio of Mobile Banking Total txns - last 14 to 31D,False,MOBILE_BANKING,RATIO_WINDOW,L14_31D,BOTH,BEHAVIORAL,False,,SAFE,LONG_WINDOW|MOBILE_BANKING|RATIO_WINDOW|TRANSACTION_COUNT|WINDOW_L14_31D
F170,R_MBNKING_TXN_CR_L14_31D,Ratio of Mobile Banking Total Amount - last 14 to 31D,False,MOBILE_BANKING,RATIO_WINDOW,L14_31D,CREDIT,BEHAVIORAL,False,,SAFE,AMOUNT|CREDIT|LONG_WINDOW|MOBILE_BANKING|RATIO_WINDOW|WINDOW_L14_31D
F171,R_MBNKING_TXN_DB_L14_31D,Ratio of Mobile Banking Credit txns - last 14 to 31D,False,MOBILE_BANKING,RATIO_WINDOW,L14_31D,DEBIT,BEHAVIORAL,False,,SAFE,DEBIT|LONG_WINDOW|MOBILE_BANKING|RATIO_WINDOW|TRANSACTION_COUNT|WINDOW_L14_31D
F172,R_MOB_BNKING_AMT_L14_31D,Ratio of Mobile Banking Debit txns - last 14 to 31D,False,MOBILE_BANKING,RATIO_WINDOW,L14_31D,BOTH,BEHAVIORAL,False,,SAFE,AMOUNT|LONG_WINDOW|MOBILE_BANKING|RATIO_WINDOW|TRANSACTION_COUNT|WINDOW_L14_31D
F173,R_MBNKING_AMT_CR_L14_31D,Ratio of Mobile Banking Credit Amount - last 14 to 31D,False,MOBILE_BANKING,RATIO_WINDOW,L14_31D,CREDIT,BEHAVIORAL,False,,SAFE,AMOUNT|CREDIT|LONG_WINDOW|MOBILE_BANKING|RATIO_WINDOW|WINDOW_L14_31D
F174,R_MBNKING_AMT_DB_L14_31D,Ratio of Mobile Banking Debit Amount - last 14 to 31D,False,MOBILE_BANKING,RATIO_WINDOW,L14_31D,DEBIT,BEHAVIORAL,False,,SAFE,AMOUNT|DEBIT|LONG_WINDOW|MOBILE_BANKING|RATIO_WINDOW|WINDOW_L14_31D
F175,R_POS_PYMT_TXN_L14_31D,Ratio of Merchant Payment Total txns - last 14 to 31D,False,POS_MERCHANT,RATIO_WINDOW,L14_31D,BOTH,BEHAVIORAL,False,,SAFE,LONG_WINDOW|POS_MERCHANT|RATIO_WINDOW|TRANSACTION_COUNT|WINDOW_L14_31D
F176,R_POS_PYMT_TXN_CR_L14_31D,Ratio of Merchant Payment Credit txns - last 14 to 31D,False,POS_MERCHANT,RATIO_WINDOW,L14_31D,CREDIT,BEHAVIORAL,False,,SAFE,CREDIT|LONG_WINDOW|POS_MERCHANT|RATIO_WINDOW|TRANSACTION_COUNT|WINDOW_L14_31D
F177,R_POS_PYMT_TXN_DB_L14_31D,Ratio of Merchant Payment Debit txns - last 14 to 31D,False,POS_MERCHANT,RATIO_WINDOW,L14_31D,DEBIT,BEHAVIORAL,False,,SAFE,DEBIT|LONG_WINDOW|POS_MERCHANT|RATIO_WINDOW|TRANSACTION_COUNT|WINDOW_L14_31D
F178,R_POS_PYMT_AMT_L14_31D,Ratio of Merchant Payment Total Amount - last 14 to 31D,False,POS_MERCHANT,RATIO_WINDOW,L14_31D,BOTH,BEHAVIORAL,False,,SAFE,AMOUNT|LONG_WINDOW|POS_MERCHANT|RATIO_WINDOW|WINDOW_L14_31D
F179,R_POS_PYMT_AMT_CR_L14_31D,Ratio of Merchant Payment Credit Amount - last 14 to 31D,False,POS_MERCHANT,RATIO_WINDOW,L14_31D,CREDIT,BEHAVIORAL,False,,SAFE,AMOUNT|CREDIT|LONG_WINDOW|POS_MERCHANT|RATIO_WINDOW|WINDOW_L14_31D
F180,R_POS_PYMT_AMT_DB_L14_31D,Ratio of Merchant Payment Debit Amount - last 14 to 31D,False,POS_MERCHANT,RATIO_WINDOW,L14_31D,DEBIT,BEHAVIORAL,False,,SAFE,AMOUNT|DEBIT|LONG_WINDOW|POS_MERCHANT|RATIO_WINDOW|WINDOW_L14_31D
F181,R_BBPS_TXN_L14_31D,Ratio of Bharat Bill Payment System Total txns - last 14 to 31D,False,BBPS,RATIO_WINDOW,L14_31D,BOTH,BEHAVIORAL,False,,SAFE,BBPS|LONG_WINDOW|RATIO_WINDOW|TRANSACTION_COUNT|WINDOW_L14_31D
F182,R_BBPS_TXN_CR_L14_31D,Ratio of Bharat Bill Payment System Credit txns - last 14 to 31D,False,BBPS,RATIO_WINDOW,L14_31D,CREDIT,BEHAVIORAL,False,,SAFE,BBPS|CREDIT|LONG_WINDOW|RATIO_WINDOW|TRANSACTION_COUNT|WINDOW_L14_31D
F183,R_BBPS_TXN_DB_L14_31D,Ratio of Bharat Bill Payment System Debit txns - last 14 to 31D,False,BBPS,RATIO_WINDOW,L14_31D,DEBIT,BEHAVIORAL,False,,SAFE,BBPS|DEBIT|LONG_WINDOW|RATIO_WINDOW|TRANSACTION_COUNT|WINDOW_L14_31D
F184,R_BBPS_AMT_L14_31D,Ratio of Bharat Bill Payment System Total Amount - last 14 to 31D,False,BBPS,RATIO_WINDOW,L14_31D,BOTH,BEHAVIORAL,False,,SAFE,AMOUNT|BBPS|LONG_WINDOW|RATIO_WINDOW|WINDOW_L14_31D
F185,R_BBPS_AMT_CR_L14_31D,Ratio of Bharat Bill Payment System Credit Amount - last 14 to 31D,False,BBPS,RATIO_WINDOW,L14_31D,CREDIT,BEHAVIORAL,False,,SAFE,AMOUNT|BBPS|CREDIT|LONG_WINDOW|RATIO_WINDOW|WINDOW_L14_31D
F186,R_BBPS_AMT_DB_L14_31D,Ratio of Bharat Bill Payment System Debit Amount - last 14 to 31D,False,BBPS,RATIO_WINDOW,L14_31D,DEBIT,BEHAVIORAL,False,,SAFE,AMOUNT|BBPS|DEBIT|LONG_WINDOW|RATIO_WINDOW|WINDOW_L14_31D
F187,R_APB_TXN_L14_31D,Ratio of Aadhar Payment Bridge Total txns - last 14 to 31D,False,AADHAAR_PAYMENT_BRIDGE,RATIO_WINDOW,L14_31D,BOTH,BEHAVIORAL,False,,SAFE,AADHAAR_PAYMENT_BRIDGE|LONG_WINDOW|RATIO_WINDOW|TRANSACTION_COUNT|WINDOW_L14_31D
F188,R_APB_TXN_CR_L14_31D,Ratio of Aadhar Payment Bridge Credit txns - last 14 to 31D,False,AADHAAR_PAYMENT_BRIDGE,RATIO_WINDOW,L14_31D,CREDIT,BEHAVIORAL,False,,SAFE,AADHAAR_PAYMENT_BRIDGE|CREDIT|LONG_WINDOW|RATIO_WINDOW|TRANSACTION_COUNT|WINDOW_L14_31D
F189,R_APB_TXN_DB_L14_31D,Ratio of Aadhar Payment Bridge Debit txns - last 14 to 31D,False,AADHAAR_PAYMENT_BRIDGE,RATIO_WINDOW,L14_31D,DEBIT,BEHAVIORAL,False,,SAFE,AADHAAR_PAYMENT_BRIDGE|DEBIT|LONG_WINDOW|RATIO_WINDOW|TRANSACTION_COUNT|WINDOW_L14_31D
F190,R_APB_AMT_L14_31D,Ratio of Aadhar Payment Bridge Total Amount - last 14 to 31D,False,AADHAAR_PAYMENT_BRIDGE,RATIO_WINDOW,L14_31D,BOTH,BEHAVIORAL,False,,SAFE,AADHAAR_PAYMENT_BRIDGE|AMOUNT|LONG_WINDOW|RATIO_WINDOW|WINDOW_L14_31D
F191,R_APB_AMT_CR_L14_31D,Ratio of Aadhar Payment Bridge Credit Amount - last 14 to 31D,False,AADHAAR_PAYMENT_BRIDGE,RATIO_WINDOW,L14_31D,CREDIT,BEHAVIORAL,False,,SAFE,AADHAAR_PAYMENT_BRIDGE|AMOUNT|CREDIT|LONG_WINDOW|RATIO_WINDOW|WINDOW_L14_31D
F192,R_APB_AMT_DB_L14_31D,Ratio of Aadhar Payment Bridge Debit Amount - last 14 to 31D,False,AADHAAR_PAYMENT_BRIDGE,RATIO_WINDOW,L14_31D,DEBIT,BEHAVIORAL,False,,SAFE,AADHAAR_PAYMENT_BRIDGE|AMOUNT|DEBIT|LONG_WINDOW|RATIO_WINDOW|WINDOW_L14_31D
F193,R_LOAN_TXN_L14_31D,Ratio of Loan Total txns - last 14 to 31D,False,LOAN,RATIO_WINDOW,L14_31D,BOTH,BEHAVIORAL,False,,SAFE,LOAN|LONG_WINDOW|RATIO_WINDOW|TRANSACTION_COUNT|WINDOW_L14_31D
F194,R_LOAN_TXN_CR_L14_31D,Ratio of Loan Credit txns - last 14 to 31D,False,LOAN,RATIO_WINDOW,L14_31D,CREDIT,BEHAVIORAL,False,,SAFE,CREDIT|LOAN|LONG_WINDOW|RATIO_WINDOW|TRANSACTION_COUNT|WINDOW_L14_31D
F195,R_LOAN_TXN_DB_L14_31D,Ratio of Loan Debit txns - last 14 to 31D,False,LOAN,RATIO_WINDOW,L14_31D,DEBIT,BEHAVIORAL,False,,SAFE,DEBIT|LOAN|LONG_WINDOW|RATIO_WINDOW|TRANSACTION_COUNT|WINDOW_L14_31D
F196,R_LOAN_AMT_L14_31D,Ratio of Loan Total Amount - last 14 to 31D,False,LOAN,RATIO_WINDOW,L14_31D,BOTH,BEHAVIORAL,False,,SAFE,AMOUNT|LOAN|LONG_WINDOW|RATIO_WINDOW|WINDOW_L14_31D
F197,R_LOAN_AMT_CR_L14_31D,Ratio of Loan Credit Amount - last 14 to 31D,False,LOAN,RATIO_WINDOW,L14_31D,CREDIT,BEHAVIORAL,False,,SAFE,AMOUNT|CREDIT|LOAN|LONG_WINDOW|RATIO_WINDOW|WINDOW_L14_31D
F198,R_LOAN_AMT_DB_L14_31D,Ratio of Loan Debit Amount - last 14 to 31D,False,LOAN,RATIO_WINDOW,L14_31D,DEBIT,BEHAVIORAL,False,,SAFE,AMOUNT|DEBIT|LOAN|LONG_WINDOW|RATIO_WINDOW|WINDOW_L14_31D
F199,R_STDNG_INSTR_L14_31D,Ratio of Standing Instruction Total txns - last 14 to 31D,False,STANDING_INSTRUCTION,RATIO_WINDOW,L14_31D,BOTH,BEHAVIORAL,False,,SAFE,LONG_WINDOW|RATIO_WINDOW|STANDING_INSTRUCTION|TRANSACTION_COUNT|WINDOW_L14_31D
F200,R_STDNG_INSTR_CR_TXN_L14_31D,Ratio of Standing Instruction Credit txns - last 14 to 31D,False,STANDING_INSTRUCTION,RATIO_WINDOW,L14_31D,CREDIT,BEHAVIORAL,False,,SAFE,CREDIT|LONG_WINDOW|RATIO_WINDOW|STANDING_INSTRUCTION|TRANSACTION_COUNT|WINDOW_L14_31D
F201,R_STDNG_INSTR_DB_TXN_L14_31D,Ratio of Standing Instruction Debit txns - last 14 to 31D,False,STANDING_INSTRUCTION,RATIO_WINDOW,L14_31D,DEBIT,BEHAVIORAL,False,,SAFE,DEBIT|LONG_WINDOW|RATIO_WINDOW|STANDING_INSTRUCTION|TRANSACTION_COUNT|WINDOW_L14_31D
F202,R_STDNG_INSTR_AMT_L14_31D,Ratio of Standing Instruction Total Amount - last 14 to 31D,False,STANDING_INSTRUCTION,RATIO_WINDOW,L14_31D,BOTH,BEHAVIORAL,False,,SAFE,AMOUNT|LONG_WINDOW|RATIO_WINDOW|STANDING_INSTRUCTION|WINDOW_L14_31D
F203,R_STDNG_INSTR_AMT_CR_L14_31D,Ratio of Standing Instruction Credit Amount - last 14 to 31D,False,STANDING_INSTRUCTION,RATIO_WINDOW,L14_31D,CREDIT,BEHAVIORAL,False,,SAFE,AMOUNT|CREDIT|LONG_WINDOW|RATIO_WINDOW|STANDING_INSTRUCTION|WINDOW_L14_31D
F204,R_STDNG_INSTR_AMT_DB_L14_31D,Ratio of Standing Instruction Debit Amount - last 14 to 31D,False,STANDING_INSTRUCTION,RATIO_WINDOW,L14_31D,DEBIT,BEHAVIORAL,False,,SAFE,AMOUNT|DEBIT|LONG_WINDOW|RATIO_WINDOW|STANDING_INSTRUCTION|WINDOW_L14_31D
F205,R_CASH_TXN_L7_31D,Ratio of Cash Total txns - last 7 to 31D,False,CASH,RATIO_WINDOW,L7_31D,BOTH,BEHAVIORAL,False,,SAFE,CASH|LONG_WINDOW|RATIO_WINDOW|TRANSACTION_COUNT|WINDOW_L7_31D
F206,R_CASH_TXN_CR_L7_31D,Ratio of Cash Credit txns - last 7 to 31D,False,CASH,RATIO_WINDOW,L7_31D,CREDIT,BEHAVIORAL,False,,SAFE,CASH|CREDIT|LONG_WINDOW|RATIO_WINDOW|TRANSACTION_COUNT|WINDOW_L7_31D
F207,R_CASH_TXN_DB_L7_31D,Ratio of Cash Debit txns - last 7 to 31D,False,CASH,RATIO_WINDOW,L7_31D,DEBIT,BEHAVIORAL,False,,SAFE,CASH|DEBIT|LONG_WINDOW|RATIO_WINDOW|TRANSACTION_COUNT|WINDOW_L7_31D
F208,R_CASH_AMT_L7_31D,Ratio of Cash Total Amount - last 7 to 31D,False,CASH,RATIO_WINDOW,L7_31D,BOTH,BEHAVIORAL,False,,SAFE,AMOUNT|CASH|LONG_WINDOW|RATIO_WINDOW|WINDOW_L7_31D
F209,R_CASH_AMT_CR_L7_31D,Ratio of Cash Credit Amount - last 7 to 31D,False,CASH,RATIO_WINDOW,L7_31D,CREDIT,BEHAVIORAL,False,,SAFE,AMOUNT|CASH|CREDIT|LONG_WINDOW|RATIO_WINDOW|WINDOW_L7_31D
F210,R_CASH_AMT_DB_L7_31D,Ratio of Cash Debit Amount - last 7 to 31D,False,CASH,RATIO_WINDOW,L7_31D,DEBIT,BEHAVIORAL,False,,SAFE,AMOUNT|CASH|DEBIT|LONG_WINDOW|RATIO_WINDOW|WINDOW_L7_31D
F211,R_CHQ_TXN_L7_31D,Ratio of Cheque Total txns - last 7 to 31D,False,CHEQUE,RATIO_WINDOW,L7_31D,BOTH,BEHAVIORAL,False,,SAFE,CHEQUE|LONG_WINDOW|RATIO_WINDOW|TRANSACTION_COUNT|WINDOW_L7_31D
F212,R_CHQ_TXN_CR_L7_31D,Ratio of Cheque Credit txns - last 7 to 31D,False,CHEQUE,RATIO_WINDOW,L7_31D,CREDIT,BEHAVIORAL,False,,SAFE,CHEQUE|CREDIT|LONG_WINDOW|RATIO_WINDOW|TRANSACTION_COUNT|WINDOW_L7_31D
F213,R_CHQ_TXN_DB_L7_31D,Ratio of Cheque Debit txns - last 7 to 31D,False,CHEQUE,RATIO_WINDOW,L7_31D,DEBIT,BEHAVIORAL,False,,SAFE,CHEQUE|DEBIT|LONG_WINDOW|RATIO_WINDOW|TRANSACTION_COUNT|WINDOW_L7_31D
F214,R_CHQ_AMT_L7_31D,Ratio of Cheque Total Amount - last 7 to 31D,False,CHEQUE,RATIO_WINDOW,L7_31D,BOTH,BEHAVIORAL,False,,SAFE,AMOUNT|CHEQUE|LONG_WINDOW|RATIO_WINDOW|WINDOW_L7_31D
F215,R_CHQ_AMT_CR_L7_31D,Ratio of Cheque Credit Amount - last 7 to 31D,False,CHEQUE,RATIO_WINDOW,L7_31D,CREDIT,BEHAVIORAL,False,,SAFE,AMOUNT|CHEQUE|CREDIT|LONG_WINDOW|RATIO_WINDOW|WINDOW_L7_31D
F216,R_CHQ_AMT_DB_L7_31D,Ratio of Cheque Debit Amount - last 7 to 31D,False,CHEQUE,RATIO_WINDOW,L7_31D,DEBIT,BEHAVIORAL,False,,SAFE,AMOUNT|CHEQUE|DEBIT|LONG_WINDOW|RATIO_WINDOW|WINDOW_L7_31D
F217,R_NON_CASH_CHQ_TXN_L7_31D,Ratio of Non Cash Non Cheque Total txns - last 7 to 31D,False,NON_CASH_CHQ,RATIO_WINDOW,L7_31D,BOTH,BEHAVIORAL,False,,SAFE,LONG_WINDOW|NON_CASH_CHQ|RATIO_WINDOW|TRANSACTION_COUNT|WINDOW_L7_31D
F218,R_NON_CASH_CHQ_TXN_CR_L7_31D,Ratio of Non Cash Non Cheque Credit txns - last 7 to 31D,False,NON_CASH_CHQ,RATIO_WINDOW,L7_31D,CREDIT,BEHAVIORAL,False,,SAFE,CREDIT|LONG_WINDOW|NON_CASH_CHQ|RATIO_WINDOW|TRANSACTION_COUNT|WINDOW_L7_31D
F219,R_NON_CASH_CHQ_TXN_DB_L7_31D,Ratio of Non Cash Non Cheque Debit txns - last 7 to 31D,False,NON_CASH_CHQ,RATIO_WINDOW,L7_31D,DEBIT,BEHAVIORAL,False,,SAFE,DEBIT|LONG_WINDOW|NON_CASH_CHQ|RATIO_WINDOW|TRANSACTION_COUNT|WINDOW_L7_31D
F220,R_NON_CASH_CHQ_AMT_L7_31D,Ratio of Non Cash Non Cheque Total Amount - last 7 to 31D,False,NON_CASH_CHQ,RATIO_WINDOW,L7_31D,BOTH,BEHAVIORAL,False,,SAFE,AMOUNT|LONG_WINDOW|NON_CASH_CHQ|RATIO_WINDOW|WINDOW_L7_31D
F221,R_NON_CASH_CHQ_AMT_CR_L7_31D,Ratio of Non Cash Non Cheque Credit Amount - last 7 to 31D,False,NON_CASH_CHQ,RATIO_WINDOW,L7_31D,CREDIT,BEHAVIORAL,False,,SAFE,AMOUNT|CREDIT|LONG_WINDOW|NON_CASH_CHQ|RATIO_WINDOW|WINDOW_L7_31D
F222,R_NON_CASH_CHQ_AMT_DB_L7_31D,Ratio of Non Cash Non Cheque Debit Amount - last 7 to 31D,False,NON_CASH_CHQ,RATIO_WINDOW,L7_31D,DEBIT,BEHAVIORAL,False,,SAFE,AMOUNT|DEBIT|LONG_WINDOW|NON_CASH_CHQ|RATIO_WINDOW|WINDOW_L7_31D
F223,R_CI_NON_CASH_CHQ_TXN_L7_31D,Ratio of Customer Induced Non Cash Non Cheque Total txns - last 7 to 31D,False,NON_CASH_CHQ,RATIO_CREDIT_INTENSITY,L7_31D,BOTH,BEHAVIORAL,False,,SAFE,LONG_WINDOW|NON_CASH_CHQ|RATIO_CREDIT_INTENSITY|TRANSACTION_COUNT|WINDOW_L7_31D
F224,R_CI_NON_CASH_CHQ_TXN_CR_L7_31D,Ratio of Customer Induced Non Cash Non Cheque Credit txns - last 7 to 31D,False,NON_CASH_CHQ,RATIO_CREDIT_INTENSITY,L7_31D,CREDIT,BEHAVIORAL,False,,SAFE,CREDIT|LONG_WINDOW|NON_CASH_CHQ|RATIO_CREDIT_INTENSITY|TRANSACTION_COUNT|WINDOW_L7_31D
F225,R_CI_NON_CASH_CHQ_TXN_DB_L7_31D,Ratio of Customer Induced Non Cash Non Cheque Debit txns - last 7 to 31D,False,NON_CASH_CHQ,RATIO_CREDIT_INTENSITY,L7_31D,DEBIT,BEHAVIORAL,False,,SAFE,DEBIT|LONG_WINDOW|NON_CASH_CHQ|RATIO_CREDIT_INTENSITY|TRANSACTION_COUNT|WINDOW_L7_31D
F226,R_CI_NON_CASH_CHQ_AMT_L7_31D,Ratio of Customer Induced Non Cash Non Cheque Total Amount - last 7 to 31D,False,NON_CASH_CHQ,RATIO_CREDIT_INTENSITY,L7_31D,BOTH,BEHAVIORAL,False,,SAFE,AMOUNT|LONG_WINDOW|NON_CASH_CHQ|RATIO_CREDIT_INTENSITY|WINDOW_L7_31D
F227,R_CI_NON_CASH_CHQ_AMT_CR_L7_31D,Ratio of Customer Induced Non Cash Non Cheque Credit Amount - last 7 to 31D,False,NON_CASH_CHQ,RATIO_CREDIT_INTENSITY,L7_31D,CREDIT,BEHAVIORAL,False,,SAFE,AMOUNT|CREDIT|LONG_WINDOW|NON_CASH_CHQ|RATIO_CREDIT_INTENSITY|WINDOW_L7_31D
F228,R_CI_NON_CASH_CHQ_AMT_DB_L7_31D,Ratio of Customer Induced Non Cash Non Cheque Debit Amount - last 7 to 31D,False,NON_CASH_CHQ,RATIO_CREDIT_INTENSITY,L7_31D,DEBIT,BEHAVIORAL,False,,SAFE,AMOUNT|DEBIT|LONG_WINDOW|NON_CASH_CHQ|RATIO_CREDIT_INTENSITY|WINDOW_L7_31D
F229,R_CI_TXN_L7_31D,Ratio of Customer Induced Total txns - last 7 to 31D,False,CASH_INTENSIVE,RATIO_CREDIT_INTENSITY,L7_31D,BOTH,BEHAVIORAL,False,,SAFE,CASH_INTENSIVE|LONG_WINDOW|RATIO_CREDIT_INTENSITY|TRANSACTION_COUNT|WINDOW_L7_31D
F230,R_CI_TXN_CR_L7_31D,Ratio of Customer Induced Credit txns - last 7 to 31D,False,CASH_INTENSIVE,RATIO_CREDIT_INTENSITY,L7_31D,CREDIT,BEHAVIORAL,False,,SAFE,CASH_INTENSIVE|CREDIT|LONG_WINDOW|RATIO_CREDIT_INTENSITY|TRANSACTION_COUNT|WINDOW_L7_31D
F231,R_CI_TXN_DB_L7_31D,Ratio of Customer Induced Debit txns - last 7 to 31D,False,CASH_INTENSIVE,RATIO_CREDIT_INTENSITY,L7_31D,DEBIT,BEHAVIORAL,False,,SAFE,CASH_INTENSIVE|DEBIT|LONG_WINDOW|RATIO_CREDIT_INTENSITY|TRANSACTION_COUNT|WINDOW_L7_31D
F232,R_CI_AMT_L7_31D,Ratio of Customer Induced Total Amount - last 7 to 31D,False,CASH_INTENSIVE,RATIO_CREDIT_INTENSITY,L7_31D,BOTH,BEHAVIORAL,False,,SAFE,AMOUNT|CASH_INTENSIVE|LONG_WINDOW|RATIO_CREDIT_INTENSITY|WINDOW_L7_31D
F233,R_CI_AMT_CR_L7_31D,Ratio of Customer Induced Credit Amount - last 7 to 31D,False,CASH_INTENSIVE,RATIO_CREDIT_INTENSITY,L7_31D,CREDIT,BEHAVIORAL,False,,SAFE,AMOUNT|CASH_INTENSIVE|CREDIT|LONG_WINDOW|RATIO_CREDIT_INTENSITY|WINDOW_L7_31D
F234,R_CI_AMT_DB_L7_31D,Ratio of Customer Induced Debit Amount - last 7 to 31D,False,CASH_INTENSIVE,RATIO_CREDIT_INTENSITY,L7_31D,DEBIT,BEHAVIORAL,False,,SAFE,AMOUNT|CASH_INTENSIVE|DEBIT|LONG_WINDOW|RATIO_CREDIT_INTENSITY|WINDOW_L7_31D
F235,R_ATM_TXN_L7_31D,Ratio of ATM Total txns - last 7 to 31D,False,ATM,RATIO_WINDOW,L7_31D,BOTH,BEHAVIORAL,False,,SAFE,ATM|LONG_WINDOW|RATIO_WINDOW|TRANSACTION_COUNT|WINDOW_L7_31D
F236,R_ATM_TXN_CR_L7_31D,Ratio of ATM Credit txns - last 7 to 31D,False,ATM,RATIO_WINDOW,L7_31D,CREDIT,BEHAVIORAL,False,,SAFE,ATM|CREDIT|LONG_WINDOW|RATIO_WINDOW|TRANSACTION_COUNT|WINDOW_L7_31D
F237,R_ATM_TXN_DB_L7_31D,Ratio of ATM Debit txns - last 7 to 31D,False,ATM,RATIO_WINDOW,L7_31D,DEBIT,BEHAVIORAL,False,,SAFE,ATM|DEBIT|LONG_WINDOW|RATIO_WINDOW|TRANSACTION_COUNT|WINDOW_L7_31D
F238,R_ATM_AMT_L7_31D,Ratio of ATM Total Amount - last 7 to 31D,False,ATM,RATIO_WINDOW,L7_31D,BOTH,BEHAVIORAL,False,,SAFE,AMOUNT|ATM|LONG_WINDOW|RATIO_WINDOW|WINDOW_L7_31D
F239,R_ATM_AMT_CR_L7_31D,Ratio of ATM Credit Amount - last 7 to 31D,False,ATM,RATIO_WINDOW,L7_31D,CREDIT,BEHAVIORAL,False,,SAFE,AMOUNT|ATM|CREDIT|LONG_WINDOW|RATIO_WINDOW|WINDOW_L7_31D
F240,R_ATM_AMT_DB_L7_31D,Ratio of ATM Debit Amount - last 7 to 31D,False,ATM,RATIO_WINDOW,L7_31D,DEBIT,BEHAVIORAL,False,,SAFE,AMOUNT|ATM|DEBIT|LONG_WINDOW|RATIO_WINDOW|WINDOW_L7_31D
F241,R_BI_FEES_CHRGS_TXN_L7_31D,Ratio of Bank Induced Fees Charges Total txns - last 7 to 31D,False,FEES_AND_CHARGES,RATIO_WINDOW,L7_31D,BOTH,BEHAVIORAL,False,,SAFE,FEES_AND_CHARGES|LONG_WINDOW|RATIO_WINDOW|TRANSACTION_COUNT|WINDOW_L7_31D
F242,R_BI_FEES_CHRGS_TXN_CR_L7_31D,Ratio of Bank Induced Fees Charges Credit txns - last 7 to 31D,False,FEES_AND_CHARGES,RATIO_WINDOW,L7_31D,CREDIT,BEHAVIORAL,False,,SAFE,CREDIT|FEES_AND_CHARGES|LONG_WINDOW|RATIO_WINDOW|TRANSACTION_COUNT|WINDOW_L7_31D
F243,R_BI_FEES_CHRGS_TXN_DB_L7_31D,Ratio of Bank Induced Fees Charges Debit txns - last 7 to 31D,False,FEES_AND_CHARGES,RATIO_WINDOW,L7_31D,DEBIT,BEHAVIORAL,False,,SAFE,DEBIT|FEES_AND_CHARGES|LONG_WINDOW|RATIO_WINDOW|TRANSACTION_COUNT|WINDOW_L7_31D
F244,R_BI_FEES_CHRGS_AMT_L7_31D,Ratio of Bank Induced Fees Charges Total Amount - last 7 to 31D,False,FEES_AND_CHARGES,RATIO_WINDOW,L7_31D,BOTH,BEHAVIORAL,False,,SAFE,AMOUNT|FEES_AND_CHARGES|LONG_WINDOW|RATIO_WINDOW|WINDOW_L7_31D
F245,R_BI_FEES_CHRGS_AMT_CR_L7_31D,Ratio of Bank Induced Fees Charges Credit Amount - last 7 to 31D,False,FEES_AND_CHARGES,RATIO_WINDOW,L7_31D,CREDIT,BEHAVIORAL,False,,SAFE,AMOUNT|CREDIT|FEES_AND_CHARGES|LONG_WINDOW|RATIO_WINDOW|WINDOW_L7_31D
F246,R_BI_FEES_CHRGS_AMT_DB_L7_31D,Ratio of Bank Induced Fees Charges Debit Amount - last 7 to 31D,False,FEES_AND_CHARGES,RATIO_WINDOW,L7_31D,DEBIT,BEHAVIORAL,False,,SAFE,AMOUNT|DEBIT|FEES_AND_CHARGES|LONG_WINDOW|RATIO_WINDOW|WINDOW_L7_31D
F247,R_CI_FEES_CHRGS_TXN_L7_31D,Ratio of Customer Induced Fees Charges Total txns - last 7 to 31D,False,FEES_AND_CHARGES,RATIO_CREDIT_INTENSITY,L7_31D,BOTH,BEHAVIORAL,False,,SAFE,FEES_AND_CHARGES|LONG_WINDOW|RATIO_CREDIT_INTENSITY|TRANSACTION_COUNT|WINDOW_L7_31D
F248,R_CI_FEES_CHRGS_TXN_CR_L7_31D,Ratio of Customer Induced Fees Charges Credit txns - last 7 to 31D,False,FEES_AND_CHARGES,RATIO_CREDIT_INTENSITY,L7_31D,CREDIT,BEHAVIORAL,False,,SAFE,CREDIT|FEES_AND_CHARGES|LONG_WINDOW|RATIO_CREDIT_INTENSITY|TRANSACTION_COUNT|WINDOW_L7_31D
F249,R_CI_FEES_CHRGS_TXN_DB_L7_31D,Ratio of Customer Induced Fees Charges Debit txns - last 7 to 31D,False,FEES_AND_CHARGES,RATIO_CREDIT_INTENSITY,L7_31D,DEBIT,BEHAVIORAL,False,,SAFE,DEBIT|FEES_AND_CHARGES|LONG_WINDOW|RATIO_CREDIT_INTENSITY|TRANSACTION_COUNT|WINDOW_L7_31D
F250,R_CI_FEES_CHRGS_AMT_L7_31D,Ratio of Customer Induced Fees Charges Total Amount - last 7 to 31D,False,FEES_AND_CHARGES,RATIO_CREDIT_INTENSITY,L7_31D,BOTH,BEHAVIORAL,False,,SAFE,AMOUNT|FEES_AND_CHARGES|LONG_WINDOW|RATIO_CREDIT_INTENSITY|WINDOW_L7_31D
F251,R_CI_FEES_CHRGS_AMT_CR_L7_31D,Ratio of Customer Induced Fees Charges Credit Amount - last 7 to 31D,False,FEES_AND_CHARGES,RATIO_CREDIT_INTENSITY,L7_31D,CREDIT,BEHAVIORAL,False,,SAFE,AMOUNT|CREDIT|FEES_AND_CHARGES|LONG_WINDOW|RATIO_CREDIT_INTENSITY|WINDOW_L7_31D
F252,R_CI_FEES_CHRGS_AMT_DB_L7_31D,Ratio of Customer Induced Fees Charges Debit Amount - last 7 to 31D,False,FEES_AND_CHARGES,RATIO_CREDIT_INTENSITY,L7_31D,DEBIT,BEHAVIORAL,False,,SAFE,AMOUNT|DEBIT|FEES_AND_CHARGES|LONG_WINDOW|RATIO_CREDIT_INTENSITY|WINDOW_L7_31D
F253,R_GST_TXN_L7_31D,Ratio of GST Total txns - last 7 to 31D,False,GST,RATIO_WINDOW,L7_31D,BOTH,BEHAVIORAL,False,,SAFE,GST|LONG_WINDOW|RATIO_WINDOW|TRANSACTION_COUNT|WINDOW_L7_31D
F254,R_GST_TXN_CR_L7_31D,Ratio of GST Credit txns - last 7 to 31D,False,GST,RATIO_WINDOW,L7_31D,CREDIT,BEHAVIORAL,False,,SAFE,CREDIT|GST|LONG_WINDOW|RATIO_WINDOW|TRANSACTION_COUNT|WINDOW_L7_31D
F255,R_GST_TXN_DB_L7_31D,Ratio of GST Debit txns - last 7 to 31D,False,GST,RATIO_WINDOW,L7_31D,DEBIT,BEHAVIORAL,False,,SAFE,DEBIT|GST|LONG_WINDOW|RATIO_WINDOW|TRANSACTION_COUNT|WINDOW_L7_31D
F256,R_GST_AMT_L7_31D,Ratio of GST Total Amount - last 7 to 31D,False,GST,RATIO_WINDOW,L7_31D,BOTH,BEHAVIORAL,False,,SAFE,AMOUNT|GST|LONG_WINDOW|RATIO_WINDOW|WINDOW_L7_31D
F257,R_GST_AMT_CR_L7_31D,Ratio of GST Credit Amount - last 7 to 31D,False,GST,RATIO_WINDOW,L7_31D,CREDIT,BEHAVIORAL,False,,SAFE,AMOUNT|CREDIT|GST|LONG_WINDOW|RATIO_WINDOW|WINDOW_L7_31D
F258,R_GST_AMT_DB_L7_31D,Ratio of GST Debit Amount - last 7 to 31D,False,GST,RATIO_WINDOW,L7_31D,DEBIT,BEHAVIORAL,False,,SAFE,AMOUNT|DEBIT|GST|LONG_WINDOW|RATIO_WINDOW|WINDOW_L7_31D
F259,R_ELEC_XFER_TXN_L7_31D,Ratio of Online Transfer (IMPS+NEFT+RTGS) Total txns - last 7 to 31D,False,ELEC_XFER,RATIO_WINDOW,L7_31D,BOTH,BEHAVIORAL,False,,SAFE,ELEC_XFER|LONG_WINDOW|RATIO_WINDOW|TRANSACTION_COUNT|WINDOW_L7_31D
F260,R_ELEC_XFER_TXN_CR_L7_31D,Ratio of Online Transfer (IMPS+NEFT+RTGS) Credit txns - last 7 to 31D,False,ELEC_XFER,RATIO_WINDOW,L7_31D,CREDIT,BEHAVIORAL,False,,SAFE,CREDIT|ELEC_XFER|LONG_WINDOW|RATIO_WINDOW|TRANSACTION_COUNT|WINDOW_L7_31D
F261,R_ELEC_XFER_TXN_DB_L7_31D,Ratio of Online Transfer (IMPS+NEFT+RTGS) Debit txns - last 7 to 31D,False,ELEC_XFER,RATIO_WINDOW,L7_31D,DEBIT,BEHAVIORAL,False,,SAFE,DEBIT|ELEC_XFER|LONG_WINDOW|RATIO_WINDOW|TRANSACTION_COUNT|WINDOW_L7_31D
F262,R_ELEC_XFER_AMT_L7_31D,Ratio of Online Transfer (IMPS+NEFT+RTGS) Total Amount - last 7 to 31D,False,ELEC_XFER,RATIO_WINDOW,L7_31D,BOTH,BEHAVIORAL,False,,SAFE,AMOUNT|ELEC_XFER|LONG_WINDOW|RATIO_WINDOW|WINDOW_L7_31D
F263,R_ELEC_XFER_AMT_CR_L7_31D,Ratio of Online Transfer (IMPS+NEFT+RTGS) Credit Amount - last 7 to 31D,False,ELEC_XFER,RATIO_WINDOW,L7_31D,CREDIT,BEHAVIORAL,False,,SAFE,AMOUNT|CREDIT|ELEC_XFER|LONG_WINDOW|RATIO_WINDOW|WINDOW_L7_31D
F264,R_ELEC_XFER_AMT_DB_L7_31D,Ratio of Online Transfer (IMPS+NEFT+RTGS) Debit Amount - last 7 to 31D,False,ELEC_XFER,RATIO_WINDOW,L7_31D,DEBIT,BEHAVIORAL,False,,SAFE,AMOUNT|DEBIT|ELEC_XFER|LONG_WINDOW|RATIO_WINDOW|WINDOW_L7_31D
F265,R_UPI_XFER_TXN_L7_31D,Ratio of UPI  Total txns - last 7 to 14D,False,UPI_XFER,RATIO_WINDOW,L7_31D,BOTH,BEHAVIORAL,False,,SAFE,LONG_WINDOW|RATIO_WINDOW|TRANSACTION_COUNT|UPI_XFER|WINDOW_L7_31D
F266,R_UPI_TXN_CR_L7_31D,Ratio of UPI  Total Amount - last 7 to 14D,False,UPI,RATIO_WINDOW,L7_31D,CREDIT,BEHAVIORAL,False,,SAFE,AMOUNT|CREDIT|LONG_WINDOW|RATIO_WINDOW|UPI|WINDOW_L7_31D
F267,R_UPI_TXN_DB_L7_31D,Ratio of UPI  Credit txns - last 14 to 31D,False,UPI,RATIO_WINDOW,L7_31D,DEBIT,BEHAVIORAL,False,,SAFE,DEBIT|LONG_WINDOW|RATIO_WINDOW|TRANSACTION_COUNT|UPI|WINDOW_L7_31D
F268,R_UPI_XFER_AMT_L7_31D,Ratio of UPI  Debit txns - last 7 to 31D,False,UPI_XFER,RATIO_WINDOW,L7_31D,BOTH,BEHAVIORAL,False,,SAFE,AMOUNT|LONG_WINDOW|RATIO_WINDOW|TRANSACTION_COUNT|UPI_XFER|WINDOW_L7_31D
F269,R_UPI_AMT_CR_L7_31D,Ratio of UPI  Credit Amount - last 7 to 31D,False,UPI,RATIO_WINDOW,L7_31D,CREDIT,BEHAVIORAL,False,,SAFE,AMOUNT|CREDIT|LONG_WINDOW|RATIO_WINDOW|UPI|WINDOW_L7_31D
F270,R_UPI_AMT_DB_L7_31D,Ratio of UPI  Debit Amount - last 7 to 31D,False,UPI,RATIO_WINDOW,L7_31D,DEBIT,BEHAVIORAL,False,,SAFE,AMOUNT|DEBIT|LONG_WINDOW|RATIO_WINDOW|UPI|WINDOW_L7_31D
F271,R_NET_BNKING_TXN_L7_31D,Ratio of Net Banking Total txns - last 7 to 31D,False,NET_BANKING,RATIO_WINDOW,L7_31D,BOTH,BEHAVIORAL,False,,SAFE,LONG_WINDOW|NET_BANKING|RATIO_WINDOW|TRANSACTION_COUNT|WINDOW_L7_31D
F272,R_NET_BNKING_TXN_CR_L7_31D,Ratio of Net Banking Credit txns - last 7 to 31D,False,NET_BANKING,RATIO_WINDOW,L7_31D,CREDIT,BEHAVIORAL,False,,SAFE,CREDIT|LONG_WINDOW|NET_BANKING|RATIO_WINDOW|TRANSACTION_COUNT|WINDOW_L7_31D
F273,R_NET_BNKING_TXN_DB_L7_31D,Ratio of Net Banking Debit txns - last 7 to 31D,False,NET_BANKING,RATIO_WINDOW,L7_31D,DEBIT,BEHAVIORAL,False,,SAFE,DEBIT|LONG_WINDOW|NET_BANKING|RATIO_WINDOW|TRANSACTION_COUNT|WINDOW_L7_31D
F274,R_NET_BNKING_AMT_L7_31D,Ratio of Net Banking Total Amount - last 7 to 31D,False,NET_BANKING,RATIO_WINDOW,L7_31D,BOTH,BEHAVIORAL,False,,SAFE,AMOUNT|LONG_WINDOW|NET_BANKING|RATIO_WINDOW|WINDOW_L7_31D
F275,R_NET_BNKING_AMT_CR_L7_31D,Ratio of Net Banking Credit Amount - last 7 to 31D,False,NET_BANKING,RATIO_WINDOW,L7_31D,CREDIT,BEHAVIORAL,False,,SAFE,AMOUNT|CREDIT|LONG_WINDOW|NET_BANKING|RATIO_WINDOW|WINDOW_L7_31D
F276,R_NET_BNKING_AMT_DB_L7_31D,Ratio of Net Banking Debit Amount - last 7 to 31D,False,NET_BANKING,RATIO_WINDOW,L7_31D,DEBIT,BEHAVIORAL,False,,SAFE,AMOUNT|DEBIT|LONG_WINDOW|NET_BANKING|RATIO_WINDOW|WINDOW_L7_31D
F277,R_MOB_BNKING_TXN_L7_31D,Ratio of Mobile Banking Total txns - last 7 to 31D,False,MOBILE_BANKING,RATIO_WINDOW,L7_31D,BOTH,BEHAVIORAL,False,,SAFE,LONG_WINDOW|MOBILE_BANKING|RATIO_WINDOW|TRANSACTION_COUNT|WINDOW_L7_31D
F278,R_MBNKING_TXN_CR_L7_31D,Ratio of Mobile Banking Total Amount - last 7 to 31D,False,MOBILE_BANKING,RATIO_WINDOW,L7_31D,CREDIT,BEHAVIORAL,False,,SAFE,AMOUNT|CREDIT|LONG_WINDOW|MOBILE_BANKING|RATIO_WINDOW|WINDOW_L7_31D
F279,R_MBNKING_TXN_DB_L7_31D,Ratio of Mobile Banking Credit txns - last 7 to 31D,False,MOBILE_BANKING,RATIO_WINDOW,L7_31D,DEBIT,BEHAVIORAL,False,,SAFE,DEBIT|LONG_WINDOW|MOBILE_BANKING|RATIO_WINDOW|TRANSACTION_COUNT|WINDOW_L7_31D
F280,R_MOB_BNKING_AMT_L7_31D,Ratio of Mobile Banking Debit txns - last 7 to 31D,False,MOBILE_BANKING,RATIO_WINDOW,L7_31D,BOTH,BEHAVIORAL,False,,SAFE,AMOUNT|LONG_WINDOW|MOBILE_BANKING|RATIO_WINDOW|TRANSACTION_COUNT|WINDOW_L7_31D
F281,R_MBNKING_AMT_CR_L7_31D,Ratio of Mobile Banking Credit Amount - last 7 to 31D,False,MOBILE_BANKING,RATIO_WINDOW,L7_31D,CREDIT,BEHAVIORAL,False,,SAFE,AMOUNT|CREDIT|LONG_WINDOW|MOBILE_BANKING|RATIO_WINDOW|WINDOW_L7_31D
F282,R_MBNKING_AMT_DB_L7_31D,Ratio of Mobile Banking Debit Amount - last 7 to 31D,False,MOBILE_BANKING,RATIO_WINDOW,L7_31D,DEBIT,BEHAVIORAL,False,,SAFE,AMOUNT|DEBIT|LONG_WINDOW|MOBILE_BANKING|RATIO_WINDOW|WINDOW_L7_31D
F283,R_POS_PYMT_TXN_L7_31D,Ratio of Merchant Payment Total txns - last 7 to 31D,False,POS_MERCHANT,RATIO_WINDOW,L7_31D,BOTH,BEHAVIORAL,False,,SAFE,LONG_WINDOW|POS_MERCHANT|RATIO_WINDOW|TRANSACTION_COUNT|WINDOW_L7_31D
F284,R_POS_PYMT_TXN_CR_L7_31D,Ratio of Merchant Payment Credit txns - last 7 to 31D,False,POS_MERCHANT,RATIO_WINDOW,L7_31D,CREDIT,BEHAVIORAL,False,,SAFE,CREDIT|LONG_WINDOW|POS_MERCHANT|RATIO_WINDOW|TRANSACTION_COUNT|WINDOW_L7_31D
F285,R_POS_PYMT_TXN_DB_L7_31D,Ratio of Merchant Payment Debit txns - last 7 to 31D,False,POS_MERCHANT,RATIO_WINDOW,L7_31D,DEBIT,BEHAVIORAL,False,,SAFE,DEBIT|LONG_WINDOW|POS_MERCHANT|RATIO_WINDOW|TRANSACTION_COUNT|WINDOW_L7_31D
F286,R_POS_PYMT_AMT_L7_31D,Ratio of Merchant Payment Total Amount - last 7 to 31D,False,POS_MERCHANT,RATIO_WINDOW,L7_31D,BOTH,BEHAVIORAL,False,,SAFE,AMOUNT|LONG_WINDOW|POS_MERCHANT|RATIO_WINDOW|WINDOW_L7_31D
F287,R_POS_PYMT_AMT_DB_L7_31D,Ratio of Merchant Payment Debit Amount - last 7 to 31D,False,POS_MERCHANT,RATIO_WINDOW,L7_31D,DEBIT,BEHAVIORAL,False,,SAFE,AMOUNT|DEBIT|LONG_WINDOW|POS_MERCHANT|RATIO_WINDOW|WINDOW_L7_31D
F288,R_APB_TXN_L7_31D,Ratio of Aadhar Payment Bridge Total txns - last 7 to 31D,False,AADHAAR_PAYMENT_BRIDGE,RATIO_WINDOW,L7_31D,BOTH,BEHAVIORAL,False,,SAFE,AADHAAR_PAYMENT_BRIDGE|LONG_WINDOW|RATIO_WINDOW|TRANSACTION_COUNT|WINDOW_L7_31D
F289,R_APB_TXN_CR_L7_31D,Ratio of Aadhar Payment Bridge Credit txns - last 7 to 31D,False,AADHAAR_PAYMENT_BRIDGE,RATIO_WINDOW,L7_31D,CREDIT,BEHAVIORAL,False,,SAFE,AADHAAR_PAYMENT_BRIDGE|CREDIT|LONG_WINDOW|RATIO_WINDOW|TRANSACTION_COUNT|WINDOW_L7_31D
F290,R_APB_TXN_DB_L7_31D,Ratio of Aadhar Payment Bridge Debit txns - last 7 to 31D,False,AADHAAR_PAYMENT_BRIDGE,RATIO_WINDOW,L7_31D,DEBIT,BEHAVIORAL,False,,SAFE,AADHAAR_PAYMENT_BRIDGE|DEBIT|LONG_WINDOW|RATIO_WINDOW|TRANSACTION_COUNT|WINDOW_L7_31D
F291,R_APB_AMT_L7_31D,Ratio of Aadhar Payment Bridge Total Amount - last 7 to 31D,False,AADHAAR_PAYMENT_BRIDGE,RATIO_WINDOW,L7_31D,BOTH,BEHAVIORAL,False,,SAFE,AADHAAR_PAYMENT_BRIDGE|AMOUNT|LONG_WINDOW|RATIO_WINDOW|WINDOW_L7_31D
F292,R_APB_AMT_CR_L7_31D,Ratio of Aadhar Payment Bridge Credit Amount - last 7 to 31D,False,AADHAAR_PAYMENT_BRIDGE,RATIO_WINDOW,L7_31D,CREDIT,BEHAVIORAL,False,,SAFE,AADHAAR_PAYMENT_BRIDGE|AMOUNT|CREDIT|LONG_WINDOW|RATIO_WINDOW|WINDOW_L7_31D
F293,R_APB_AMT_DB_L7_31D,Ratio of Aadhar Payment Bridge Debit Amount - last 7 to 31D,False,AADHAAR_PAYMENT_BRIDGE,RATIO_WINDOW,L7_31D,DEBIT,BEHAVIORAL,False,,SAFE,AADHAAR_PAYMENT_BRIDGE|AMOUNT|DEBIT|LONG_WINDOW|RATIO_WINDOW|WINDOW_L7_31D
F294,R_LOAN_TXN_L7_31D,Ratio of Loan Total txns - last 7 to 31D,False,LOAN,RATIO_WINDOW,L7_31D,BOTH,BEHAVIORAL,False,,SAFE,LOAN|LONG_WINDOW|RATIO_WINDOW|TRANSACTION_COUNT|WINDOW_L7_31D
F295,R_LOAN_TXN_CR_L7_31D,Ratio of Loan Credit txns - last 7 to 31D,False,LOAN,RATIO_WINDOW,L7_31D,CREDIT,BEHAVIORAL,False,,SAFE,CREDIT|LOAN|LONG_WINDOW|RATIO_WINDOW|TRANSACTION_COUNT|WINDOW_L7_31D
F296,R_LOAN_TXN_DB_L7_31D,Ratio of Loan Debit txns - last 7 to 31D,False,LOAN,RATIO_WINDOW,L7_31D,DEBIT,BEHAVIORAL,False,,SAFE,DEBIT|LOAN|LONG_WINDOW|RATIO_WINDOW|TRANSACTION_COUNT|WINDOW_L7_31D
F297,R_LOAN_AMT_L7_31D,Ratio of Loan Total Amount - last 7 to 31D,False,LOAN,RATIO_WINDOW,L7_31D,BOTH,BEHAVIORAL,False,,SAFE,AMOUNT|LOAN|LONG_WINDOW|RATIO_WINDOW|WINDOW_L7_31D
F298,R_LOAN_AMT_CR_L7_31D,Ratio of Loan Credit Amount - last 7 to 31D,False,LOAN,RATIO_WINDOW,L7_31D,CREDIT,BEHAVIORAL,False,,SAFE,AMOUNT|CREDIT|LOAN|LONG_WINDOW|RATIO_WINDOW|WINDOW_L7_31D
F299,R_LOAN_AMT_DB_L7_31D,Ratio of Loan Debit Amount - last 7 to 31D,False,LOAN,RATIO_WINDOW,L7_31D,DEBIT,BEHAVIORAL,False,,SAFE,AMOUNT|DEBIT|LOAN|LONG_WINDOW|RATIO_WINDOW|WINDOW_L7_31D
F300,R_STDNG_INSTR_L7_31D,Ratio of Standing Instruction Total txns - last 7 to 31D,False,STANDING_INSTRUCTION,RATIO_WINDOW,L7_31D,BOTH,BEHAVIORAL,False,,SAFE,LONG_WINDOW|RATIO_WINDOW|STANDING_INSTRUCTION|TRANSACTION_COUNT|WINDOW_L7_31D
F301,R_STDNG_INSTR_CR_TXN_L7_31D,Ratio of Standing Instruction Credit txns - last 7 to 31D,False,STANDING_INSTRUCTION,RATIO_WINDOW,L7_31D,CREDIT,BEHAVIORAL,False,,SAFE,CREDIT|LONG_WINDOW|RATIO_WINDOW|STANDING_INSTRUCTION|TRANSACTION_COUNT|WINDOW_L7_31D
F302,R_STDNG_INSTR_DB_TXN_L7_31D,Ratio of Standing Instruction Debit txns - last 7 to 31D,False,STANDING_INSTRUCTION,RATIO_WINDOW,L7_31D,DEBIT,BEHAVIORAL,False,,SAFE,DEBIT|LONG_WINDOW|RATIO_WINDOW|STANDING_INSTRUCTION|TRANSACTION_COUNT|WINDOW_L7_31D
F303,R_STDNG_INSTR_AMT_L7_31D,Ratio of Standing Instruction Total Amount - last 7 to 31D,False,STANDING_INSTRUCTION,RATIO_WINDOW,L7_31D,BOTH,BEHAVIORAL,False,,SAFE,AMOUNT|LONG_WINDOW|RATIO_WINDOW|STANDING_INSTRUCTION|WINDOW_L7_31D
F304,R_STDNG_INSTR_AMT_CR_L7_31D,Ratio of Standing Instruction Credit Amount - last 7 to 31D,False,STANDING_INSTRUCTION,RATIO_WINDOW,L7_31D,CREDIT,BEHAVIORAL,False,,SAFE,AMOUNT|CREDIT|LONG_WINDOW|RATIO_WINDOW|STANDING_INSTRUCTION|WINDOW_L7_31D
F305,R_STDNG_INSTR_AMT_DB_L7_31D,Ratio of Standing Instruction Debit Amount - last 7 to 31D,False,STANDING_INSTRUCTION,RATIO_WINDOW,L7_31D,DEBIT,BEHAVIORAL,False,,SAFE,AMOUNT|DEBIT|LONG_WINDOW|RATIO_WINDOW|STANDING_INSTRUCTION|WINDOW_L7_31D
F306,RA_CASH_TXN_L7_14D,Ratio of avgs: of Cash Total txns - last 7 to 14D,False,CASH,RATIO_OF_AVERAGES,L7_14D,BOTH,BEHAVIORAL,False,,SAFE,CASH|RATIO_OF_AVERAGES|SHORT_WINDOW|TRANSACTION_COUNT|WINDOW_L7_14D
F307,RA_CASH_TXN_CR_L7_14D,Ratio of avgs: of Cash Credit txns - last 7 to 14D,False,CASH,RATIO_OF_AVERAGES,L7_14D,CREDIT,BEHAVIORAL,False,,SAFE,CASH|CREDIT|RATIO_OF_AVERAGES|SHORT_WINDOW|TRANSACTION_COUNT|WINDOW_L7_14D
F308,RA_CASH_TXN_DB_L7_14D,Ratio of avgs: of Cash Debit txns - last 7 to 14D,False,CASH,RATIO_OF_AVERAGES,L7_14D,DEBIT,BEHAVIORAL,False,,SAFE,CASH|DEBIT|RATIO_OF_AVERAGES|SHORT_WINDOW|TRANSACTION_COUNT|WINDOW_L7_14D
F309,RA_CASH_AMT_L7_14D,Ratio of avgs: of Cash Total Amount - last 7 to 14D,False,CASH,RATIO_OF_AVERAGES,L7_14D,BOTH,BEHAVIORAL,False,,SAFE,AMOUNT|CASH|RATIO_OF_AVERAGES|SHORT_WINDOW|WINDOW_L7_14D
F310,RA_CASH_AMT_CR_L7_14D,Ratio of avgs: of Cash Credit Amount - last 7 to 14D,False,CASH,RATIO_OF_AVERAGES,L7_14D,CREDIT,BEHAVIORAL,False,,SAFE,AMOUNT|CASH|CREDIT|RATIO_OF_AVERAGES|SHORT_WINDOW|WINDOW_L7_14D
F311,RA_CASH_AMT_DB_L7_14D,Ratio of avgs: of Cash Debit Amount - last 7 to 14D,False,CASH,RATIO_OF_AVERAGES,L7_14D,DEBIT,BEHAVIORAL,False,,SAFE,AMOUNT|CASH|DEBIT|RATIO_OF_AVERAGES|SHORT_WINDOW|WINDOW_L7_14D
F312,RA_CHQ_TXN_L7_14D,Ratio of avgs: of Cheque Total txns - last 7 to 14D,False,CHEQUE,RATIO_OF_AVERAGES,L7_14D,BOTH,BEHAVIORAL,False,,SAFE,CHEQUE|RATIO_OF_AVERAGES|SHORT_WINDOW|TRANSACTION_COUNT|WINDOW_L7_14D
F313,RA_CHQ_TXN_CR_L7_14D,Ratio of avgs: of Cheque Credit txns - last 7 to 14D,False,CHEQUE,RATIO_OF_AVERAGES,L7_14D,CREDIT,BEHAVIORAL,False,,SAFE,CHEQUE|CREDIT|RATIO_OF_AVERAGES|SHORT_WINDOW|TRANSACTION_COUNT|WINDOW_L7_14D
F314,RA_CHQ_TXN_DB_L7_14D,Ratio of avgs: of Cheque Debit txns - last 7 to 14D,False,CHEQUE,RATIO_OF_AVERAGES,L7_14D,DEBIT,BEHAVIORAL,False,,SAFE,CHEQUE|DEBIT|RATIO_OF_AVERAGES|SHORT_WINDOW|TRANSACTION_COUNT|WINDOW_L7_14D
F315,RA_CHQ_AMT_L7_14D,Ratio of avgs: of Cheque Total Amount - last 7 to 14D,False,CHEQUE,RATIO_OF_AVERAGES,L7_14D,BOTH,BEHAVIORAL,False,,SAFE,AMOUNT|CHEQUE|RATIO_OF_AVERAGES|SHORT_WINDOW|WINDOW_L7_14D
F316,RA_CHQ_AMT_CR_L7_14D,Ratio of avgs: of Cheque Credit Amount - last 7 to 14D,False,CHEQUE,RATIO_OF_AVERAGES,L7_14D,CREDIT,BEHAVIORAL,False,,SAFE,AMOUNT|CHEQUE|CREDIT|RATIO_OF_AVERAGES|SHORT_WINDOW|WINDOW_L7_14D
F317,RA_CHQ_AMT_DB_L7_14D,Ratio of avgs: of Cheque Debit Amount - last 7 to 14D,False,CHEQUE,RATIO_OF_AVERAGES,L7_14D,DEBIT,BEHAVIORAL,False,,SAFE,AMOUNT|CHEQUE|DEBIT|RATIO_OF_AVERAGES|SHORT_WINDOW|WINDOW_L7_14D
F318,RA_NON_CASH_CHQ_TXN_L7_14D,Ratio of avgs: of Non Cash Non Cheque Total txns - last 7 to 14D,False,NON_CASH_CHQ,RATIO_OF_AVERAGES,L7_14D,BOTH,BEHAVIORAL,False,,SAFE,NON_CASH_CHQ|RATIO_OF_AVERAGES|SHORT_WINDOW|TRANSACTION_COUNT|WINDOW_L7_14D
F319,RA_NON_CASH_CHQ_TXN_CR_L7_14D,Ratio of avgs: of Non Cash Non Cheque Credit txns - last 7 to 14D,False,NON_CASH_CHQ,RATIO_OF_AVERAGES,L7_14D,CREDIT,BEHAVIORAL,False,,SAFE,CREDIT|NON_CASH_CHQ|RATIO_OF_AVERAGES|SHORT_WINDOW|TRANSACTION_COUNT|WINDOW_L7_14D
F320,RA_NON_CASH_CHQ_TXN_DB_L7_14D,Ratio of avgs: of Non Cash Non Cheque Debit txns - last 7 to 14D,False,NON_CASH_CHQ,RATIO_OF_AVERAGES,L7_14D,DEBIT,BEHAVIORAL,False,,SAFE,DEBIT|NON_CASH_CHQ|RATIO_OF_AVERAGES|SHORT_WINDOW|TRANSACTION_COUNT|WINDOW_L7_14D
F321,RA_NON_CASH_CHQ_AMT_L7_14D,Ratio of avgs: of Non Cash Non Cheque Total Amount - last 7 to 14D,True,NON_CASH_CHQ,RATIO_OF_AVERAGES,L7_14D,BOTH,BEHAVIORAL,False,,SAFE,AMOUNT|NON_CASH_CHQ|RATIO_OF_AVERAGES|SHORT_WINDOW|WINDOW_L7_14D
F322,RA_NON_CASH_CHQ_AMT_CR_L7_14D,Ratio of avgs: of Non Cash Non Cheque Credit Amount - last 7 to 14D,False,NON_CASH_CHQ,RATIO_OF_AVERAGES,L7_14D,CREDIT,BEHAVIORAL,False,,SAFE,AMOUNT|CREDIT|NON_CASH_CHQ|RATIO_OF_AVERAGES|SHORT_WINDOW|WINDOW_L7_14D
F323,RA_NON_CASH_CHQ_AMT_DB_L7_14D,Ratio of avgs: of Non Cash Non Cheque Debit Amount - last 7 to 14D,False,NON_CASH_CHQ,RATIO_OF_AVERAGES,L7_14D,DEBIT,BEHAVIORAL,False,,SAFE,AMOUNT|DEBIT|NON_CASH_CHQ|RATIO_OF_AVERAGES|SHORT_WINDOW|WINDOW_L7_14D
F324,RA_CI_NON_CASH_CHQ_TXN_L7_14D,Ratio of avgs: of Customer Induced Non Cash Non Cheque Total txns - last 7 to 14D,False,NON_CASH_CHQ,RATIO_CREDIT_INTENSITY,L7_14D,BOTH,BEHAVIORAL,False,,SAFE,NON_CASH_CHQ|RATIO_CREDIT_INTENSITY|SHORT_WINDOW|TRANSACTION_COUNT|WINDOW_L7_14D
F325,RA_CI_NON_CASH_CHQ_TXN_CR_L7_14D,Ratio of avgs: of Customer Induced Non Cash Non Cheque Credit txns - last 7 to 14D,False,NON_CASH_CHQ,RATIO_CREDIT_INTENSITY,L7_14D,CREDIT,BEHAVIORAL,False,,SAFE,CREDIT|NON_CASH_CHQ|RATIO_CREDIT_INTENSITY|SHORT_WINDOW|TRANSACTION_COUNT|WINDOW_L7_14D
F326,RA_CI_NON_CASH_CHQ_TXN_DB_L7_14D,Ratio of avgs: of Customer Induced Non Cash Non Cheque Debit txns - last 7 to 14D,False,NON_CASH_CHQ,RATIO_CREDIT_INTENSITY,L7_14D,DEBIT,BEHAVIORAL,False,,SAFE,DEBIT|NON_CASH_CHQ|RATIO_CREDIT_INTENSITY|SHORT_WINDOW|TRANSACTION_COUNT|WINDOW_L7_14D
F327,RA_CI_NON_CASH_CHQ_AMT_L7_14D,Ratio of avgs: of Customer Induced Non Cash Non Cheque Total Amount - last 7 to 14D,False,NON_CASH_CHQ,RATIO_CREDIT_INTENSITY,L7_14D,BOTH,BEHAVIORAL,False,,SAFE,AMOUNT|NON_CASH_CHQ|RATIO_CREDIT_INTENSITY|SHORT_WINDOW|WINDOW_L7_14D
F328,RA_CI_NON_CASH_CHQ_AMT_CR_L7_14D,Ratio of avgs: of Customer Induced Non Cash Non Cheque Credit Amount - last 7 to 14D,False,NON_CASH_CHQ,RATIO_CREDIT_INTENSITY,L7_14D,CREDIT,BEHAVIORAL,False,,SAFE,AMOUNT|CREDIT|NON_CASH_CHQ|RATIO_CREDIT_INTENSITY|SHORT_WINDOW|WINDOW_L7_14D
F329,RA_CI_NON_CASH_CHQ_AMT_DB_L7_14D,Ratio of avgs: of Customer Induced Non Cash Non Cheque Debit Amount - last 7 to 14D,False,NON_CASH_CHQ,RATIO_CREDIT_INTENSITY,L7_14D,DEBIT,BEHAVIORAL,False,,SAFE,AMOUNT|DEBIT|NON_CASH_CHQ|RATIO_CREDIT_INTENSITY|SHORT_WINDOW|WINDOW_L7_14D
F330,RA_CI_TXN_L7_14D,Ratio of avgs: of Customer Induced Total txns - last 7 to 14D,False,CASH_INTENSIVE,RATIO_CREDIT_INTENSITY,L7_14D,BOTH,BEHAVIORAL,False,,SAFE,CASH_INTENSIVE|RATIO_CREDIT_INTENSITY|SHORT_WINDOW|TRANSACTION_COUNT|WINDOW_L7_14D
F331,RA_CI_TXN_CR_L7_14D,Ratio of avgs: of Customer Induced Credit txns - last 7 to 14D,False,CASH_INTENSIVE,RATIO_CREDIT_INTENSITY,L7_14D,CREDIT,BEHAVIORAL,False,,SAFE,CASH_INTENSIVE|CREDIT|RATIO_CREDIT_INTENSITY|SHORT_WINDOW|TRANSACTION_COUNT|WINDOW_L7_14D
F332,RA_CI_TXN_DB_L7_14D,Ratio of avgs: of Customer Induced Debit txns - last 7 to 14D,False,CASH_INTENSIVE,RATIO_CREDIT_INTENSITY,L7_14D,DEBIT,BEHAVIORAL,False,,SAFE,CASH_INTENSIVE|DEBIT|RATIO_CREDIT_INTENSITY|SHORT_WINDOW|TRANSACTION_COUNT|WINDOW_L7_14D
F333,RA_CI_AMT_L7_14D,Ratio of avgs: of Customer Induced Total Amount - last 7 to 14D,False,CASH_INTENSIVE,RATIO_CREDIT_INTENSITY,L7_14D,BOTH,BEHAVIORAL,False,,SAFE,AMOUNT|CASH_INTENSIVE|RATIO_CREDIT_INTENSITY|SHORT_WINDOW|WINDOW_L7_14D
F334,RA_CI_AMT_CR_L7_14D,Ratio of avgs: of Customer Induced Credit Amount - last 7 to 14D,False,CASH_INTENSIVE,RATIO_CREDIT_INTENSITY,L7_14D,CREDIT,BEHAVIORAL,False,,SAFE,AMOUNT|CASH_INTENSIVE|CREDIT|RATIO_CREDIT_INTENSITY|SHORT_WINDOW|WINDOW_L7_14D
F335,RA_CI_AMT_DB_L7_14D,Ratio of avgs: of Customer Induced Debit Amount - last 7 to 14D,False,CASH_INTENSIVE,RATIO_CREDIT_INTENSITY,L7_14D,DEBIT,BEHAVIORAL,False,,SAFE,AMOUNT|CASH_INTENSIVE|DEBIT|RATIO_CREDIT_INTENSITY|SHORT_WINDOW|WINDOW_L7_14D
F336,RA_ATM_TXN_L7_14D,Ratio of avgs: of ATM Total txns - last 7 to 14D,False,ATM,RATIO_OF_AVERAGES,L7_14D,BOTH,BEHAVIORAL,False,,SAFE,ATM|RATIO_OF_AVERAGES|SHORT_WINDOW|TRANSACTION_COUNT|WINDOW_L7_14D
F337,RA_ATM_TXN_DB_L7_14D,Ratio of avgs: of ATM Debit txns - last 7 to 14D,False,ATM,RATIO_OF_AVERAGES,L7_14D,DEBIT,BEHAVIORAL,False,,SAFE,ATM|DEBIT|RATIO_OF_AVERAGES|SHORT_WINDOW|TRANSACTION_COUNT|WINDOW_L7_14D
F338,RA_ATM_AMT_L7_14D,Ratio of avgs: of ATM Total Amount - last 7 to 14D,False,ATM,RATIO_OF_AVERAGES,L7_14D,BOTH,BEHAVIORAL,False,,SAFE,AMOUNT|ATM|RATIO_OF_AVERAGES|SHORT_WINDOW|WINDOW_L7_14D
F339,RA_ATM_AMT_DB_L7_14D,Ratio of avgs: of ATM Debit Amount - last 7 to 14D,False,ATM,RATIO_OF_AVERAGES,L7_14D,DEBIT,BEHAVIORAL,False,,SAFE,AMOUNT|ATM|DEBIT|RATIO_OF_AVERAGES|SHORT_WINDOW|WINDOW_L7_14D
F340,RA_BI_FEES_CHRGS_TXN_L7_14D,Ratio of avgs: of Bank Induced Fees Charges Total txns - last 7 to 14D,False,FEES_AND_CHARGES,RATIO_OF_AVERAGES,L7_14D,BOTH,BEHAVIORAL,False,,SAFE,FEES_AND_CHARGES|RATIO_OF_AVERAGES|SHORT_WINDOW|TRANSACTION_COUNT|WINDOW_L7_14D
F341,RA_BI_FEES_CHRGS_TXN_CR_L7_14D,Ratio of avgs: of Bank Induced Fees Charges Credit txns - last 7 to 14D,False,FEES_AND_CHARGES,RATIO_OF_AVERAGES,L7_14D,CREDIT,BEHAVIORAL,False,,SAFE,CREDIT|FEES_AND_CHARGES|RATIO_OF_AVERAGES|SHORT_WINDOW|TRANSACTION_COUNT|WINDOW_L7_14D
F342,RA_BI_FEES_CHRGS_TXN_DB_L7_14D,Ratio of avgs: of Bank Induced Fees Charges Debit txns - last 7 to 14D,False,FEES_AND_CHARGES,RATIO_OF_AVERAGES,L7_14D,DEBIT,BEHAVIORAL,False,,SAFE,DEBIT|FEES_AND_CHARGES|RATIO_OF_AVERAGES|SHORT_WINDOW|TRANSACTION_COUNT|WINDOW_L7_14D
F343,RA_BI_FEES_CHRGS_AMT_L7_14D,Ratio of avgs: of Bank Induced Fees Charges Total Amount - last 7 to 14D,False,FEES_AND_CHARGES,RATIO_OF_AVERAGES,L7_14D,BOTH,BEHAVIORAL,False,,SAFE,AMOUNT|FEES_AND_CHARGES|RATIO_OF_AVERAGES|SHORT_WINDOW|WINDOW_L7_14D
F344,RA_BI_FEES_CHRGS_AMT_CR_L7_14D,Ratio of avgs: of Bank Induced Fees Charges Credit Amount - last 7 to 14D,False,FEES_AND_CHARGES,RATIO_OF_AVERAGES,L7_14D,CREDIT,BEHAVIORAL,False,,SAFE,AMOUNT|CREDIT|FEES_AND_CHARGES|RATIO_OF_AVERAGES|SHORT_WINDOW|WINDOW_L7_14D
F345,RA_BI_FEES_CHRGS_AMT_DB_L7_14D,Ratio of avgs: of Bank Induced Fees Charges Debit Amount - last 7 to 14D,False,FEES_AND_CHARGES,RATIO_OF_AVERAGES,L7_14D,DEBIT,BEHAVIORAL,False,,SAFE,AMOUNT|DEBIT|FEES_AND_CHARGES|RATIO_OF_AVERAGES|SHORT_WINDOW|WINDOW_L7_14D
F346,RA_CI_FEES_CHRGS_TXN_L7_14D,Ratio of avgs: of Customer Induced Fees Charges Total txns - last 7 to 14D,False,FEES_AND_CHARGES,RATIO_CREDIT_INTENSITY,L7_14D,BOTH,BEHAVIORAL,False,,SAFE,FEES_AND_CHARGES|RATIO_CREDIT_INTENSITY|SHORT_WINDOW|TRANSACTION_COUNT|WINDOW_L7_14D
F347,RA_CI_FEES_CHRGS_TXN_CR_L7_14D,Ratio of avgs: of Customer Induced Fees Charges Credit txns - last 7 to 14D,False,FEES_AND_CHARGES,RATIO_CREDIT_INTENSITY,L7_14D,CREDIT,BEHAVIORAL,False,,SAFE,CREDIT|FEES_AND_CHARGES|RATIO_CREDIT_INTENSITY|SHORT_WINDOW|TRANSACTION_COUNT|WINDOW_L7_14D
F348,RA_CI_FEES_CHRGS_TXN_DB_L7_14D,Ratio of avgs: of Customer Induced Fees Charges Debit txns - last 7 to 14D,False,FEES_AND_CHARGES,RATIO_CREDIT_INTENSITY,L7_14D,DEBIT,BEHAVIORAL,False,,SAFE,DEBIT|FEES_AND_CHARGES|RATIO_CREDIT_INTENSITY|SHORT_WINDOW|TRANSACTION_COUNT|WINDOW_L7_14D
F349,RA_CI_FEES_CHRGS_AMT_L7_14D,Ratio of avgs: of Customer Induced Fees Charges Total Amount - last 7 to 14D,False,FEES_AND_CHARGES,RATIO_CREDIT_INTENSITY,L7_14D,BOTH,BEHAVIORAL,False,,SAFE,AMOUNT|FEES_AND_CHARGES|RATIO_CREDIT_INTENSITY|SHORT_WINDOW|WINDOW_L7_14D
F350,RA_CI_FEES_CHRGS_AMT_CR_L7_14D,Ratio of avgs: of Customer Induced Fees Charges Credit Amount - last 7 to 14D,False,FEES_AND_CHARGES,RATIO_CREDIT_INTENSITY,L7_14D,CREDIT,BEHAVIORAL,False,,SAFE,AMOUNT|CREDIT|FEES_AND_CHARGES|RATIO_CREDIT_INTENSITY|SHORT_WINDOW|WINDOW_L7_14D
F351,RA_CI_FEES_CHRGS_AMT_DB_L7_14D,Ratio of avgs: of Customer Induced Fees Charges Debit Amount - last 7 to 14D,False,FEES_AND_CHARGES,RATIO_CREDIT_INTENSITY,L7_14D,DEBIT,BEHAVIORAL,False,,SAFE,AMOUNT|DEBIT|FEES_AND_CHARGES|RATIO_CREDIT_INTENSITY|SHORT_WINDOW|WINDOW_L7_14D
F352,RA_GST_TXN_L7_14D,Ratio of avgs: of GST Total txns - last 7 to 14D,False,GST,RATIO_OF_AVERAGES,L7_14D,BOTH,BEHAVIORAL,False,,SAFE,GST|RATIO_OF_AVERAGES|SHORT_WINDOW|TRANSACTION_COUNT|WINDOW_L7_14D
F353,RA_GST_TXN_CR_L7_14D,Ratio of avgs: of GST Credit txns - last 7 to 14D,False,GST,RATIO_OF_AVERAGES,L7_14D,CREDIT,BEHAVIORAL,False,,SAFE,CREDIT|GST|RATIO_OF_AVERAGES|SHORT_WINDOW|TRANSACTION_COUNT|WINDOW_L7_14D
F354,RA_GST_TXN_DB_L7_14D,Ratio of avgs: of GST Debit txns - last 7 to 14D,False,GST,RATIO_OF_AVERAGES,L7_14D,DEBIT,BEHAVIORAL,False,,SAFE,DEBIT|GST|RATIO_OF_AVERAGES|SHORT_WINDOW|TRANSACTION_COUNT|WINDOW_L7_14D
F355,RA_GST_AMT_L7_14D,Ratio of avgs: of GST Total Amount - last 7 to 14D,False,GST,RATIO_OF_AVERAGES,L7_14D,BOTH,BEHAVIORAL,False,,SAFE,AMOUNT|GST|RATIO_OF_AVERAGES|SHORT_WINDOW|WINDOW_L7_14D
F356,RA_GST_AMT_CR_L7_14D,Ratio of avgs: of GST Credit Amount - last 7 to 14D,False,GST,RATIO_OF_AVERAGES,L7_14D,CREDIT,BEHAVIORAL,False,,SAFE,AMOUNT|CREDIT|GST|RATIO_OF_AVERAGES|SHORT_WINDOW|WINDOW_L7_14D
F357,RA_GST_AMT_DB_L7_14D,Ratio of avgs: of GST Debit Amount - last 7 to 14D,False,GST,RATIO_OF_AVERAGES,L7_14D,DEBIT,BEHAVIORAL,False,,SAFE,AMOUNT|DEBIT|GST|RATIO_OF_AVERAGES|SHORT_WINDOW|WINDOW_L7_14D
F358,RA_ELEC_XFER_TXN_L7_14D,Ratio of avgs: of Online Transfer (IMPS+NEFT+RTGS) Total txns - last 7 to 14D,False,ELEC_XFER,RATIO_OF_AVERAGES,L7_14D,BOTH,BEHAVIORAL,False,,SAFE,ELEC_XFER|RATIO_OF_AVERAGES|SHORT_WINDOW|TRANSACTION_COUNT|WINDOW_L7_14D
F359,RA_ELEC_XFER_TXN_CR_L7_14D,Ratio of avgs: of Online Transfer (IMPS+NEFT+RTGS) Credit txns - last 7 to 14D,False,ELEC_XFER,RATIO_OF_AVERAGES,L7_14D,CREDIT,BEHAVIORAL,False,,SAFE,CREDIT|ELEC_XFER|RATIO_OF_AVERAGES|SHORT_WINDOW|TRANSACTION_COUNT|WINDOW_L7_14D
F360,RA_ELEC_XFER_TXN_DB_L7_14D,Ratio of avgs: of Online Transfer (IMPS+NEFT+RTGS) Debit txns - last 7 to 14D,False,ELEC_XFER,RATIO_OF_AVERAGES,L7_14D,DEBIT,BEHAVIORAL,False,,SAFE,DEBIT|ELEC_XFER|RATIO_OF_AVERAGES|SHORT_WINDOW|TRANSACTION_COUNT|WINDOW_L7_14D
F361,RA_ELEC_XFER_AMT_L7_14D,Ratio of avgs: of Online Transfer (IMPS+NEFT+RTGS) Total Amount - last 7 to 14D,False,ELEC_XFER,RATIO_OF_AVERAGES,L7_14D,BOTH,BEHAVIORAL,False,,SAFE,AMOUNT|ELEC_XFER|RATIO_OF_AVERAGES|SHORT_WINDOW|WINDOW_L7_14D
F362,RA_ELEC_XFER_AMT_CR_L7_14D,Ratio of avgs: of Online Transfer (IMPS+NEFT+RTGS) Credit Amount - last 7 to 14D,False,ELEC_XFER,RATIO_OF_AVERAGES,L7_14D,CREDIT,BEHAVIORAL,False,,SAFE,AMOUNT|CREDIT|ELEC_XFER|RATIO_OF_AVERAGES|SHORT_WINDOW|WINDOW_L7_14D
F363,RA_ELEC_XFER_AMT_DB_L7_14D,Ratio of avgs: of Online Transfer (IMPS+NEFT+RTGS) Debit Amount - last 7 to 14D,False,ELEC_XFER,RATIO_OF_AVERAGES,L7_14D,DEBIT,BEHAVIORAL,False,,SAFE,AMOUNT|DEBIT|ELEC_XFER|RATIO_OF_AVERAGES|SHORT_WINDOW|WINDOW_L7_14D
F364,RA_UPI_XFER_TXN_L7_14D,Ratio of avgs: of UPI  Total txns - last 7 to 14D,False,UPI_XFER,RATIO_OF_AVERAGES,L7_14D,BOTH,BEHAVIORAL,False,,SAFE,RATIO_OF_AVERAGES|SHORT_WINDOW|TRANSACTION_COUNT|UPI_XFER|WINDOW_L7_14D
F365,RA_UPI_TXN_CR_L7_14D,Ratio of avgs: of UPI  Total Amount - last 7 to 14D,False,UPI,RATIO_OF_AVERAGES,L7_14D,CREDIT,BEHAVIORAL,False,,SAFE,AMOUNT|CREDIT|RATIO_OF_AVERAGES|SHORT_WINDOW|UPI|WINDOW_L7_14D
F366,RA_UPI_TXN_DB_L7_14D,Ratio of avgs: of UPI  Credit txns - last 7 to 14D,False,UPI,RATIO_OF_AVERAGES,L7_14D,DEBIT,BEHAVIORAL,False,,SAFE,DEBIT|RATIO_OF_AVERAGES|SHORT_WINDOW|TRANSACTION_COUNT|UPI|WINDOW_L7_14D
F367,RA_UPI_XFER_AMT_L7_14D,Ratio of avgs: of UPI  Debit txns - last 7 to 14D,False,UPI_XFER,RATIO_OF_AVERAGES,L7_14D,BOTH,BEHAVIORAL,False,,SAFE,AMOUNT|RATIO_OF_AVERAGES|SHORT_WINDOW|TRANSACTION_COUNT|UPI_XFER|WINDOW_L7_14D
F368,RA_UPI_AMT_CR_L7_14D,Ratio of avgs: of UPI  Credit Amount - last 7 to 14D,False,UPI,RATIO_OF_AVERAGES,L7_14D,CREDIT,BEHAVIORAL,False,,SAFE,AMOUNT|CREDIT|RATIO_OF_AVERAGES|SHORT_WINDOW|UPI|WINDOW_L7_14D
F369,RA_UPI_AMT_DB_L7_14D,Ratio of avgs: of UPI  Debit Amount - last 7 to 14D,False,UPI,RATIO_OF_AVERAGES,L7_14D,DEBIT,BEHAVIORAL,False,,SAFE,AMOUNT|DEBIT|RATIO_OF_AVERAGES|SHORT_WINDOW|UPI|WINDOW_L7_14D
F370,RA_NET_BNKING_TXN_L7_14D,Ratio of avgs: of Net Banking Total txns - last 7 to 14D,False,NET_BANKING,RATIO_OF_AVERAGES,L7_14D,BOTH,BEHAVIORAL,False,,SAFE,NET_BANKING|RATIO_OF_AVERAGES|SHORT_WINDOW|TRANSACTION_COUNT|WINDOW_L7_14D
F371,RA_NET_BNKING_TXN_CR_L7_14D,Ratio of avgs: of Net Banking Credit txns - last 7 to 14D,False,NET_BANKING,RATIO_OF_AVERAGES,L7_14D,CREDIT,BEHAVIORAL,False,,SAFE,CREDIT|NET_BANKING|RATIO_OF_AVERAGES|SHORT_WINDOW|TRANSACTION_COUNT|WINDOW_L7_14D
F372,RA_NET_BNKING_TXN_DB_L7_14D,Ratio of avgs: of Net Banking Debit txns - last 7 to 14D,False,NET_BANKING,RATIO_OF_AVERAGES,L7_14D,DEBIT,BEHAVIORAL,False,,SAFE,DEBIT|NET_BANKING|RATIO_OF_AVERAGES|SHORT_WINDOW|TRANSACTION_COUNT|WINDOW_L7_14D
F373,RA_NET_BNKING_AMT_L7_14D,Ratio of avgs: of Net Banking Total Amount - last 7 to 14D,False,NET_BANKING,RATIO_OF_AVERAGES,L7_14D,BOTH,BEHAVIORAL,False,,SAFE,AMOUNT|NET_BANKING|RATIO_OF_AVERAGES|SHORT_WINDOW|WINDOW_L7_14D
F374,RA_NET_BNKING_AMT_CR_L7_14D,Ratio of avgs: of Net Banking Credit Amount - last 7 to 14D,False,NET_BANKING,RATIO_OF_AVERAGES,L7_14D,CREDIT,BEHAVIORAL,False,,SAFE,AMOUNT|CREDIT|NET_BANKING|RATIO_OF_AVERAGES|SHORT_WINDOW|WINDOW_L7_14D
F375,RA_NET_BNKING_AMT_DB_L7_14D,Ratio of avgs: of Net Banking Debit Amount - last 7 to 14D,False,NET_BANKING,RATIO_OF_AVERAGES,L7_14D,DEBIT,BEHAVIORAL,False,,SAFE,AMOUNT|DEBIT|NET_BANKING|RATIO_OF_AVERAGES|SHORT_WINDOW|WINDOW_L7_14D
F376,RA_MOB_BNKING_TXN_L7_14D,Ratio of avgs: of Mobile Banking Total txns - last 7 to 14D,False,MOBILE_BANKING,RATIO_OF_AVERAGES,L7_14D,BOTH,BEHAVIORAL,False,,SAFE,MOBILE_BANKING|RATIO_OF_AVERAGES|SHORT_WINDOW|TRANSACTION_COUNT|WINDOW_L7_14D
F377,RA_MBNKING_TXN_CR_L7_14D,Ratio of avgs: of Mobile Banking Total Amount - last 7 to 14D,False,MOBILE_BANKING,RATIO_OF_AVERAGES,L7_14D,CREDIT,BEHAVIORAL,False,,SAFE,AMOUNT|CREDIT|MOBILE_BANKING|RATIO_OF_AVERAGES|SHORT_WINDOW|WINDOW_L7_14D
F378,RA_MBNKING_TXN_DB_L7_14D,Ratio of avgs: of Mobile Banking Credit txns - last 7 to 14D,False,MOBILE_BANKING,RATIO_OF_AVERAGES,L7_14D,DEBIT,BEHAVIORAL,False,,SAFE,DEBIT|MOBILE_BANKING|RATIO_OF_AVERAGES|SHORT_WINDOW|TRANSACTION_COUNT|WINDOW_L7_14D
F379,RA_MOB_BNKING_AMT_L7_14D,Ratio of avgs: of Mobile Banking Debit txns - last 7 to 14D,False,MOBILE_BANKING,RATIO_OF_AVERAGES,L7_14D,BOTH,BEHAVIORAL,False,,SAFE,AMOUNT|MOBILE_BANKING|RATIO_OF_AVERAGES|SHORT_WINDOW|TRANSACTION_COUNT|WINDOW_L7_14D
F380,RA_MBNKING_AMT_CR_L7_14D,Ratio of avgs: of Mobile Banking Credit Amount - last 7 to 14D,False,MOBILE_BANKING,RATIO_OF_AVERAGES,L7_14D,CREDIT,BEHAVIORAL,False,,SAFE,AMOUNT|CREDIT|MOBILE_BANKING|RATIO_OF_AVERAGES|SHORT_WINDOW|WINDOW_L7_14D
F381,RA_MBNKING_AMT_DB_L7_14D,Ratio of avgs: of Mobile Banking Debit Amount - last 7 to 14D,False,MOBILE_BANKING,RATIO_OF_AVERAGES,L7_14D,DEBIT,BEHAVIORAL,False,,SAFE,AMOUNT|DEBIT|MOBILE_BANKING|RATIO_OF_AVERAGES|SHORT_WINDOW|WINDOW_L7_14D
F382,RA_POS_PYMT_TXN_L7_14D,Ratio of avgs: of Merchant Payment Total txns - last 7 to 14D,False,POS_MERCHANT,RATIO_OF_AVERAGES,L7_14D,BOTH,BEHAVIORAL,False,,SAFE,POS_MERCHANT|RATIO_OF_AVERAGES|SHORT_WINDOW|TRANSACTION_COUNT|WINDOW_L7_14D
F383,RA_POS_PYMT_TXN_CR_L7_14D,Ratio of avgs: of Merchant Payment Credit txns - last 7 to 14D,False,POS_MERCHANT,RATIO_OF_AVERAGES,L7_14D,CREDIT,BEHAVIORAL,False,,SAFE,CREDIT|POS_MERCHANT|RATIO_OF_AVERAGES|SHORT_WINDOW|TRANSACTION_COUNT|WINDOW_L7_14D
F384,RA_POS_PYMT_TXN_DB_L7_14D,Ratio of avgs: of Merchant Payment Debit txns - last 7 to 14D,False,POS_MERCHANT,RATIO_OF_AVERAGES,L7_14D,DEBIT,BEHAVIORAL,False,,SAFE,DEBIT|POS_MERCHANT|RATIO_OF_AVERAGES|SHORT_WINDOW|TRANSACTION_COUNT|WINDOW_L7_14D
F385,RA_POS_PYMT_AMT_L7_14D,Ratio of avgs: of Merchant Payment Total Amount - last 7 to 14D,False,POS_MERCHANT,RATIO_OF_AVERAGES,L7_14D,BOTH,BEHAVIORAL,False,,SAFE,AMOUNT|POS_MERCHANT|RATIO_OF_AVERAGES|SHORT_WINDOW|WINDOW_L7_14D
F386,RA_POS_PYMT_AMT_CR_L7_14D,Ratio of avgs: of Merchant Payment Credit Amount - last 7 to 14D,False,POS_MERCHANT,RATIO_OF_AVERAGES,L7_14D,CREDIT,BEHAVIORAL,False,,SAFE,AMOUNT|CREDIT|POS_MERCHANT|RATIO_OF_AVERAGES|SHORT_WINDOW|WINDOW_L7_14D
F387,RA_POS_PYMT_AMT_DB_L7_14D,Ratio of avgs: of Merchant Payment Debit Amount - last 7 to 14D,False,POS_MERCHANT,RATIO_OF_AVERAGES,L7_14D,DEBIT,BEHAVIORAL,False,,SAFE,AMOUNT|DEBIT|POS_MERCHANT|RATIO_OF_AVERAGES|SHORT_WINDOW|WINDOW_L7_14D
F388,RA_APB_TXN_L7_14D,Ratio of avgs: of Aadhar Payment Bridge Total txns - last 7 to 14D,False,AADHAAR_PAYMENT_BRIDGE,RATIO_OF_AVERAGES,L7_14D,BOTH,BEHAVIORAL,False,,SAFE,AADHAAR_PAYMENT_BRIDGE|RATIO_OF_AVERAGES|SHORT_WINDOW|TRANSACTION_COUNT|WINDOW_L7_14D
F389,RA_APB_TXN_CR_L7_14D,Ratio of avgs: of Aadhar Payment Bridge Credit txns - last 7 to 14D,False,AADHAAR_PAYMENT_BRIDGE,RATIO_OF_AVERAGES,L7_14D,CREDIT,BEHAVIORAL,False,,SAFE,AADHAAR_PAYMENT_BRIDGE|CREDIT|RATIO_OF_AVERAGES|SHORT_WINDOW|TRANSACTION_COUNT|WINDOW_L7_14D
F390,RA_APB_TXN_DB_L7_14D,Ratio of avgs: of Aadhar Payment Bridge Debit txns - last 7 to 14D,False,AADHAAR_PAYMENT_BRIDGE,RATIO_OF_AVERAGES,L7_14D,DEBIT,BEHAVIORAL,False,,SAFE,AADHAAR_PAYMENT_BRIDGE|DEBIT|RATIO_OF_AVERAGES|SHORT_WINDOW|TRANSACTION_COUNT|WINDOW_L7_14D
F391,RA_APB_AMT_L7_14D,Ratio of avgs: of Aadhar Payment Bridge Total Amount - last 7 to 14D,False,AADHAAR_PAYMENT_BRIDGE,RATIO_OF_AVERAGES,L7_14D,BOTH,BEHAVIORAL,False,,SAFE,AADHAAR_PAYMENT_BRIDGE|AMOUNT|RATIO_OF_AVERAGES|SHORT_WINDOW|WINDOW_L7_14D
F392,RA_APB_AMT_CR_L7_14D,Ratio of avgs: of Aadhar Payment Bridge Credit Amount - last 7 to 14D,False,AADHAAR_PAYMENT_BRIDGE,RATIO_OF_AVERAGES,L7_14D,CREDIT,BEHAVIORAL,False,,SAFE,AADHAAR_PAYMENT_BRIDGE|AMOUNT|CREDIT|RATIO_OF_AVERAGES|SHORT_WINDOW|WINDOW_L7_14D
F393,RA_APB_AMT_DB_L7_14D,Ratio of avgs: of Aadhar Payment Bridge Debit Amount - last 7 to 14D,False,AADHAAR_PAYMENT_BRIDGE,RATIO_OF_AVERAGES,L7_14D,DEBIT,BEHAVIORAL,False,,SAFE,AADHAAR_PAYMENT_BRIDGE|AMOUNT|DEBIT|RATIO_OF_AVERAGES|SHORT_WINDOW|WINDOW_L7_14D
F394,RA_LOAN_TXN_L7_14D,Ratio of avgs: of Loan Total txns - last 7 to 14D,False,LOAN,RATIO_OF_AVERAGES,L7_14D,BOTH,BEHAVIORAL,False,,SAFE,LOAN|RATIO_OF_AVERAGES|SHORT_WINDOW|TRANSACTION_COUNT|WINDOW_L7_14D
F395,RA_LOAN_TXN_CR_L7_14D,Ratio of avgs: of Loan Credit txns - last 7 to 14D,False,LOAN,RATIO_OF_AVERAGES,L7_14D,CREDIT,BEHAVIORAL,False,,SAFE,CREDIT|LOAN|RATIO_OF_AVERAGES|SHORT_WINDOW|TRANSACTION_COUNT|WINDOW_L7_14D
F396,RA_LOAN_TXN_DB_L7_14D,Ratio of avgs: of Loan Debit txns - last 7 to 14D,False,LOAN,RATIO_OF_AVERAGES,L7_14D,DEBIT,BEHAVIORAL,False,,SAFE,DEBIT|LOAN|RATIO_OF_AVERAGES|SHORT_WINDOW|TRANSACTION_COUNT|WINDOW_L7_14D
F397,RA_LOAN_AMT_L7_14D,Ratio of avgs: of Loan Total Amount - last 7 to 14D,False,LOAN,RATIO_OF_AVERAGES,L7_14D,BOTH,BEHAVIORAL,False,,SAFE,AMOUNT|LOAN|RATIO_OF_AVERAGES|SHORT_WINDOW|WINDOW_L7_14D
F398,RA_LOAN_AMT_CR_L7_14D,Ratio of avgs: of Loan Credit Amount - last 7 to 14D,False,LOAN,RATIO_OF_AVERAGES,L7_14D,CREDIT,BEHAVIORAL,False,,SAFE,AMOUNT|CREDIT|LOAN|RATIO_OF_AVERAGES|SHORT_WINDOW|WINDOW_L7_14D
F399,RA_LOAN_AMT_DB_L7_14D,Ratio of avgs: of Loan Debit Amount - last 7 to 14D,False,LOAN,RATIO_OF_AVERAGES,L7_14D,DEBIT,BEHAVIORAL,False,,SAFE,AMOUNT|DEBIT|LOAN|RATIO_OF_AVERAGES|SHORT_WINDOW|WINDOW_L7_14D
F400,RA_STDNG_INSTR_L7_14D,Ratio of avgs: of Standing Instruction Total txns - last 7 to 14D,False,STANDING_INSTRUCTION,RATIO_OF_AVERAGES,L7_14D,BOTH,BEHAVIORAL,False,,SAFE,RATIO_OF_AVERAGES|SHORT_WINDOW|STANDING_INSTRUCTION|TRANSACTION_COUNT|WINDOW_L7_14D
F401,RA_STDNG_INSTR_CR_TXN_L7_14D,Ratio of avgs: of Standing Instruction Credit txns - last 7 to 14D,False,STANDING_INSTRUCTION,RATIO_OF_AVERAGES,L7_14D,CREDIT,BEHAVIORAL,False,,SAFE,CREDIT|RATIO_OF_AVERAGES|SHORT_WINDOW|STANDING_INSTRUCTION|TRANSACTION_COUNT|WINDOW_L7_14D
F402,RA_STDNG_INSTR_DB_TXN_L7_14D,Ratio of avgs: of Standing Instruction Debit txns - last 7 to 14D,False,STANDING_INSTRUCTION,RATIO_OF_AVERAGES,L7_14D,DEBIT,BEHAVIORAL,False,,SAFE,DEBIT|RATIO_OF_AVERAGES|SHORT_WINDOW|STANDING_INSTRUCTION|TRANSACTION_COUNT|WINDOW_L7_14D
F403,RA_STDNG_INSTR_AMT_L7_14D,Ratio of avgs: of Standing Instruction Total Amount - last 7 to 14D,False,STANDING_INSTRUCTION,RATIO_OF_AVERAGES,L7_14D,BOTH,BEHAVIORAL,False,,SAFE,AMOUNT|RATIO_OF_AVERAGES|SHORT_WINDOW|STANDING_INSTRUCTION|WINDOW_L7_14D
F404,RA_STDNG_INSTR_AMT_CR_L7_14D,Ratio of avgs: of Standing Instruction Credit Amount - last 7 to 14D,False,STANDING_INSTRUCTION,RATIO_OF_AVERAGES,L7_14D,CREDIT,BEHAVIORAL,False,,SAFE,AMOUNT|CREDIT|RATIO_OF_AVERAGES|SHORT_WINDOW|STANDING_INSTRUCTION|WINDOW_L7_14D
F405,RA_STDNG_INSTR_AMT_DB_L7_14D,Ratio of avgs: of Standing Instruction Debit Amount - last 7 to 14D,False,STANDING_INSTRUCTION,RATIO_OF_AVERAGES,L7_14D,DEBIT,BEHAVIORAL,False,,SAFE,AMOUNT|DEBIT|RATIO_OF_AVERAGES|SHORT_WINDOW|STANDING_INSTRUCTION|WINDOW_L7_14D
F406,RA_CASH_TXN_L14_31D,Ratio of avgs: of Cash Total txns - last 14 to 31D,False,CASH,RATIO_OF_AVERAGES,L14_31D,BOTH,BEHAVIORAL,False,,SAFE,CASH|LONG_WINDOW|RATIO_OF_AVERAGES|TRANSACTION_COUNT|WINDOW_L14_31D
F407,RA_CASH_TXN_CR_L14_31D,Ratio of avgs: of Cash Credit txns - last 14 to 31D,False,CASH,RATIO_OF_AVERAGES,L14_31D,CREDIT,BEHAVIORAL,False,,SAFE,CASH|CREDIT|LONG_WINDOW|RATIO_OF_AVERAGES|TRANSACTION_COUNT|WINDOW_L14_31D
F408,RA_CASH_TXN_DB_L14_31D,Ratio of avgs: of Cash Debit txns - last 14 to 31D,False,CASH,RATIO_OF_AVERAGES,L14_31D,DEBIT,BEHAVIORAL,False,,SAFE,CASH|DEBIT|LONG_WINDOW|RATIO_OF_AVERAGES|TRANSACTION_COUNT|WINDOW_L14_31D
F409,RA_CASH_AMT_L14_31D,Ratio of avgs: of Cash Total Amount - last 14 to 31D,False,CASH,RATIO_OF_AVERAGES,L14_31D,BOTH,BEHAVIORAL,False,,SAFE,AMOUNT|CASH|LONG_WINDOW|RATIO_OF_AVERAGES|WINDOW_L14_31D
F410,RA_CASH_AMT_CR_L14_31D,Ratio of avgs: of Cash Credit Amount - last 14 to 31D,False,CASH,RATIO_OF_AVERAGES,L14_31D,CREDIT,BEHAVIORAL,False,,SAFE,AMOUNT|CASH|CREDIT|LONG_WINDOW|RATIO_OF_AVERAGES|WINDOW_L14_31D
F411,RA_CASH_AMT_DB_L14_31D,Ratio of avgs: of Cash Debit Amount - last 14 to 31D,False,CASH,RATIO_OF_AVERAGES,L14_31D,DEBIT,BEHAVIORAL,False,,SAFE,AMOUNT|CASH|DEBIT|LONG_WINDOW|RATIO_OF_AVERAGES|WINDOW_L14_31D
F412,RA_CHQ_TXN_L14_31D,Ratio of avgs: of Cheque Total txns - last 14 to 31D,False,CHEQUE,RATIO_OF_AVERAGES,L14_31D,BOTH,BEHAVIORAL,False,,SAFE,CHEQUE|LONG_WINDOW|RATIO_OF_AVERAGES|TRANSACTION_COUNT|WINDOW_L14_31D
F413,RA_CHQ_TXN_CR_L14_31D,Ratio of avgs: of Cheque Credit txns - last 14 to 31D,False,CHEQUE,RATIO_OF_AVERAGES,L14_31D,CREDIT,BEHAVIORAL,False,,SAFE,CHEQUE|CREDIT|LONG_WINDOW|RATIO_OF_AVERAGES|TRANSACTION_COUNT|WINDOW_L14_31D
F414,RA_CHQ_TXN_DB_L14_31D,Ratio of avgs: of Cheque Debit txns - last 14 to 31D,False,CHEQUE,RATIO_OF_AVERAGES,L14_31D,DEBIT,BEHAVIORAL,False,,SAFE,CHEQUE|DEBIT|LONG_WINDOW|RATIO_OF_AVERAGES|TRANSACTION_COUNT|WINDOW_L14_31D
F415,RA_CHQ_AMT_L14_31D,Ratio of avgs: of Cheque Total Amount - last 14 to 31D,False,CHEQUE,RATIO_OF_AVERAGES,L14_31D,BOTH,BEHAVIORAL,False,,SAFE,AMOUNT|CHEQUE|LONG_WINDOW|RATIO_OF_AVERAGES|WINDOW_L14_31D
F416,RA_CHQ_AMT_CR_L14_31D,Ratio of avgs: of Cheque Credit Amount - last 14 to 31D,False,CHEQUE,RATIO_OF_AVERAGES,L14_31D,CREDIT,BEHAVIORAL,False,,SAFE,AMOUNT|CHEQUE|CREDIT|LONG_WINDOW|RATIO_OF_AVERAGES|WINDOW_L14_31D
F417,RA_CHQ_AMT_DB_L14_31D,Ratio of avgs: of Cheque Debit Amount - last 14 to 31D,False,CHEQUE,RATIO_OF_AVERAGES,L14_31D,DEBIT,BEHAVIORAL,False,,SAFE,AMOUNT|CHEQUE|DEBIT|LONG_WINDOW|RATIO_OF_AVERAGES|WINDOW_L14_31D
F418,RA_NON_CASH_CHQ_TXN_L14_31D,Ratio of avgs: of Non Cash Non Cheque Total txns - last 14 to 31D,False,NON_CASH_CHQ,RATIO_OF_AVERAGES,L14_31D,BOTH,BEHAVIORAL,False,,SAFE,LONG_WINDOW|NON_CASH_CHQ|RATIO_OF_AVERAGES|TRANSACTION_COUNT|WINDOW_L14_31D
F419,RA_NON_CASH_CHQ_TXN_CR_L14_31D,Ratio of avgs: of Non Cash Non Cheque Credit txns - last 14 to 31D,False,NON_CASH_CHQ,RATIO_OF_AVERAGES,L14_31D,CREDIT,BEHAVIORAL,False,,SAFE,CREDIT|LONG_WINDOW|NON_CASH_CHQ|RATIO_OF_AVERAGES|TRANSACTION_COUNT|WINDOW_L14_31D
F420,RA_NON_CASH_CHQ_TXN_DB_L14_31D,Ratio of avgs: of Non Cash Non Cheque Debit txns - last 14 to 31D,False,NON_CASH_CHQ,RATIO_OF_AVERAGES,L14_31D,DEBIT,BEHAVIORAL,False,,SAFE,DEBIT|LONG_WINDOW|NON_CASH_CHQ|RATIO_OF_AVERAGES|TRANSACTION_COUNT|WINDOW_L14_31D
F421,RA_NON_CASH_CHQ_AMT_L14_31D,Ratio of avgs: of Non Cash Non Cheque Total Amount - last 14 to 31D,False,NON_CASH_CHQ,RATIO_OF_AVERAGES,L14_31D,BOTH,BEHAVIORAL,False,,SAFE,AMOUNT|LONG_WINDOW|NON_CASH_CHQ|RATIO_OF_AVERAGES|WINDOW_L14_31D
F422,RA_NON_CASH_CHQ_AMT_CR_L14_31D,Ratio of avgs: of Non Cash Non Cheque Credit Amount - last 14 to 31D,False,NON_CASH_CHQ,RATIO_OF_AVERAGES,L14_31D,CREDIT,BEHAVIORAL,False,,SAFE,AMOUNT|CREDIT|LONG_WINDOW|NON_CASH_CHQ|RATIO_OF_AVERAGES|WINDOW_L14_31D
F423,RA_NON_CASH_CHQ_AMT_DB_L14_31D,Ratio of avgs: of Non Cash Non Cheque Debit Amount - last 14 to 31D,False,NON_CASH_CHQ,RATIO_OF_AVERAGES,L14_31D,DEBIT,BEHAVIORAL,False,,SAFE,AMOUNT|DEBIT|LONG_WINDOW|NON_CASH_CHQ|RATIO_OF_AVERAGES|WINDOW_L14_31D
F424,RA_CI_NON_CASH_CHQ_TXN_L14_31D,Ratio of avgs: of Customer Induced Non Cash Non Cheque Total txns - last 14 to 31D,False,NON_CASH_CHQ,RATIO_CREDIT_INTENSITY,L14_31D,BOTH,BEHAVIORAL,False,,SAFE,LONG_WINDOW|NON_CASH_CHQ|RATIO_CREDIT_INTENSITY|TRANSACTION_COUNT|WINDOW_L14_31D
F425,RA_CI_NON_CASH_CHQ_TXN_CR_14_31D,Ratio of avgs: of Customer Induced Non Cash Non Cheque Credit txns - last 14 to 31D,False,NON_CASH_CHQ,RATIO_CREDIT_INTENSITY,NONE,CREDIT,BEHAVIORAL,False,,SAFE,CREDIT|NON_CASH_CHQ|RATIO_CREDIT_INTENSITY|TRANSACTION_COUNT
F426,RA_CI_NON_CASH_CHQ_TXN_DB_14_31D,Ratio of avgs: of Customer Induced Non Cash Non Cheque Debit txns - last 14 to 31D,False,NON_CASH_CHQ,RATIO_CREDIT_INTENSITY,NONE,DEBIT,BEHAVIORAL,False,,SAFE,DEBIT|NON_CASH_CHQ|RATIO_CREDIT_INTENSITY|TRANSACTION_COUNT
F427,RA_CI_NON_CASH_CHQ_AMT_L14_31D,Ratio of avgs: of Customer Induced Non Cash Non Cheque Total Amount - last 14 to 31D,False,NON_CASH_CHQ,RATIO_CREDIT_INTENSITY,L14_31D,BOTH,BEHAVIORAL,False,,SAFE,AMOUNT|LONG_WINDOW|NON_CASH_CHQ|RATIO_CREDIT_INTENSITY|WINDOW_L14_31D
F428,RA_CI_NON_CASH_CHQ_AMT_CR_14_31D,Ratio of avgs: of Customer Induced Non Cash Non Cheque Credit Amount - last 14 to 31D,False,NON_CASH_CHQ,RATIO_CREDIT_INTENSITY,NONE,CREDIT,BEHAVIORAL,False,,SAFE,AMOUNT|CREDIT|NON_CASH_CHQ|RATIO_CREDIT_INTENSITY
F429,RA_CI_NON_CASH_CHQ_AMT_DB_14_31D,Ratio of avgs: of Customer Induced Non Cash Non Cheque Debit Amount - last 14 to 31D,False,NON_CASH_CHQ,RATIO_CREDIT_INTENSITY,NONE,DEBIT,BEHAVIORAL,False,,SAFE,AMOUNT|DEBIT|NON_CASH_CHQ|RATIO_CREDIT_INTENSITY
F430,RA_CI_TXN_L14_31D,Ratio of avgs: of Customer Induced Total txns - last 14 to 31D,False,CASH_INTENSIVE,RATIO_CREDIT_INTENSITY,L14_31D,BOTH,BEHAVIORAL,False,,SAFE,CASH_INTENSIVE|LONG_WINDOW|RATIO_CREDIT_INTENSITY|TRANSACTION_COUNT|WINDOW_L14_31D
F431,RA_CI_TXN_CR_L14_31D,Ratio of avgs: of Customer Induced Credit txns - last 14 to 31D,False,CASH_INTENSIVE,RATIO_CREDIT_INTENSITY,L14_31D,CREDIT,BEHAVIORAL,False,,SAFE,CASH_INTENSIVE|CREDIT|LONG_WINDOW|RATIO_CREDIT_INTENSITY|TRANSACTION_COUNT|WINDOW_L14_31D
F432,RA_CI_TXN_DB_L14_31D,Ratio of avgs: of Customer Induced Debit txns - last 14 to 31D,False,CASH_INTENSIVE,RATIO_CREDIT_INTENSITY,L14_31D,DEBIT,BEHAVIORAL,False,,SAFE,CASH_INTENSIVE|DEBIT|LONG_WINDOW|RATIO_CREDIT_INTENSITY|TRANSACTION_COUNT|WINDOW_L14_31D
F433,RA_CI_AMT_L14_31D,Ratio of avgs: of Customer Induced Total Amount - last 14 to 31D,False,CASH_INTENSIVE,RATIO_CREDIT_INTENSITY,L14_31D,BOTH,BEHAVIORAL,False,,SAFE,AMOUNT|CASH_INTENSIVE|LONG_WINDOW|RATIO_CREDIT_INTENSITY|WINDOW_L14_31D
F434,RA_CI_AMT_CR_L14_31D,Ratio of avgs: of Customer Induced Credit Amount - last 14 to 31D,False,CASH_INTENSIVE,RATIO_CREDIT_INTENSITY,L14_31D,CREDIT,BEHAVIORAL,False,,SAFE,AMOUNT|CASH_INTENSIVE|CREDIT|LONG_WINDOW|RATIO_CREDIT_INTENSITY|WINDOW_L14_31D
F435,RA_CI_AMT_DB_L14_31D,Ratio of avgs: of Customer Induced Debit Amount - last 14 to 31D,False,CASH_INTENSIVE,RATIO_CREDIT_INTENSITY,L14_31D,DEBIT,BEHAVIORAL,False,,SAFE,AMOUNT|CASH_INTENSIVE|DEBIT|LONG_WINDOW|RATIO_CREDIT_INTENSITY|WINDOW_L14_31D
F436,RA_ATM_TXN_L14_31D,Ratio of avgs: of ATM Total txns - last 14 to 31D,False,ATM,RATIO_OF_AVERAGES,L14_31D,BOTH,BEHAVIORAL,False,,SAFE,ATM|LONG_WINDOW|RATIO_OF_AVERAGES|TRANSACTION_COUNT|WINDOW_L14_31D
F437,RA_ATM_TXN_CR_L14_31D,Ratio of avgs: of ATM Credit txns - last 14 to 31D,False,ATM,RATIO_OF_AVERAGES,L14_31D,CREDIT,BEHAVIORAL,False,,SAFE,ATM|CREDIT|LONG_WINDOW|RATIO_OF_AVERAGES|TRANSACTION_COUNT|WINDOW_L14_31D
F438,RA_ATM_TXN_DB_L14_31D,Ratio of avgs: of ATM Debit txns - last 14 to 31D,False,ATM,RATIO_OF_AVERAGES,L14_31D,DEBIT,BEHAVIORAL,False,,SAFE,ATM|DEBIT|LONG_WINDOW|RATIO_OF_AVERAGES|TRANSACTION_COUNT|WINDOW_L14_31D
F439,RA_ATM_AMT_L14_31D,Ratio of avgs: of ATM Total Amount - last 14 to 31D,False,ATM,RATIO_OF_AVERAGES,L14_31D,BOTH,BEHAVIORAL,False,,SAFE,AMOUNT|ATM|LONG_WINDOW|RATIO_OF_AVERAGES|WINDOW_L14_31D
F440,RA_ATM_AMT_CR_L14_31D,Ratio of avgs: of ATM Credit Amount - last 14 to 31D,False,ATM,RATIO_OF_AVERAGES,L14_31D,CREDIT,BEHAVIORAL,False,,SAFE,AMOUNT|ATM|CREDIT|LONG_WINDOW|RATIO_OF_AVERAGES|WINDOW_L14_31D
F441,RA_ATM_AMT_DB_L14_31D,Ratio of avgs: of ATM Debit Amount - last 14 to 31D,False,ATM,RATIO_OF_AVERAGES,L14_31D,DEBIT,BEHAVIORAL,False,,SAFE,AMOUNT|ATM|DEBIT|LONG_WINDOW|RATIO_OF_AVERAGES|WINDOW_L14_31D
F442,RA_BI_FEES_CHRGS_TXN_L14_31D,Ratio of avgs: of Bank Induced Fees Charges Total txns - last 14 to 31D,False,FEES_AND_CHARGES,RATIO_OF_AVERAGES,L14_31D,BOTH,BEHAVIORAL,False,,SAFE,FEES_AND_CHARGES|LONG_WINDOW|RATIO_OF_AVERAGES|TRANSACTION_COUNT|WINDOW_L14_31D
F443,RA_BI_FEES_CHRGS_TXN_CR_L14_31D,Ratio of avgs: of Bank Induced Fees Charges Credit txns - last 14 to 31D,False,FEES_AND_CHARGES,RATIO_OF_AVERAGES,L14_31D,CREDIT,BEHAVIORAL,False,,SAFE,CREDIT|FEES_AND_CHARGES|LONG_WINDOW|RATIO_OF_AVERAGES|TRANSACTION_COUNT|WINDOW_L14_31D
F444,RA_BI_FEES_CHRGS_TXN_DB_L14_31D,Ratio of avgs: of Bank Induced Fees Charges Debit txns - last 14 to 31D,False,FEES_AND_CHARGES,RATIO_OF_AVERAGES,L14_31D,DEBIT,BEHAVIORAL,False,,SAFE,DEBIT|FEES_AND_CHARGES|LONG_WINDOW|RATIO_OF_AVERAGES|TRANSACTION_COUNT|WINDOW_L14_31D
F445,RA_BI_FEES_CHRGS_AMT_L14_31D,Ratio of avgs: of Bank Induced Fees Charges Total Amount - last 14 to 31D,False,FEES_AND_CHARGES,RATIO_OF_AVERAGES,L14_31D,BOTH,BEHAVIORAL,False,,SAFE,AMOUNT|FEES_AND_CHARGES|LONG_WINDOW|RATIO_OF_AVERAGES|WINDOW_L14_31D
F446,RA_BI_FEES_CHRGS_AMT_CR_L14_31D,Ratio of avgs: of Bank Induced Fees Charges Credit Amount - last 14 to 31D,False,FEES_AND_CHARGES,RATIO_OF_AVERAGES,L14_31D,CREDIT,BEHAVIORAL,False,,SAFE,AMOUNT|CREDIT|FEES_AND_CHARGES|LONG_WINDOW|RATIO_OF_AVERAGES|WINDOW_L14_31D
F447,RA_BI_FEES_CHRGS_AMT_DB_L14_31D,Ratio of avgs: of Bank Induced Fees Charges Debit Amount - last 14 to 31D,False,FEES_AND_CHARGES,RATIO_OF_AVERAGES,L14_31D,DEBIT,BEHAVIORAL,False,,SAFE,AMOUNT|DEBIT|FEES_AND_CHARGES|LONG_WINDOW|RATIO_OF_AVERAGES|WINDOW_L14_31D
F448,RA_CI_FEES_CHRGS_TXN_L14_31D,Ratio of avgs: of Customer Induced Fees Charges Total txns - last 14 to 31D,False,FEES_AND_CHARGES,RATIO_CREDIT_INTENSITY,L14_31D,BOTH,BEHAVIORAL,False,,SAFE,FEES_AND_CHARGES|LONG_WINDOW|RATIO_CREDIT_INTENSITY|TRANSACTION_COUNT|WINDOW_L14_31D
F449,RA_CI_FEES_CHRGS_TXN_CR_L14_31D,Ratio of avgs: of Customer Induced Fees Charges Credit txns - last 14 to 31D,False,FEES_AND_CHARGES,RATIO_CREDIT_INTENSITY,L14_31D,CREDIT,BEHAVIORAL,False,,SAFE,CREDIT|FEES_AND_CHARGES|LONG_WINDOW|RATIO_CREDIT_INTENSITY|TRANSACTION_COUNT|WINDOW_L14_31D
F450,RA_CI_FEES_CHRGS_TXN_DB_L14_31D,Ratio of avgs: of Customer Induced Fees Charges Debit txns - last 14 to 31D,False,FEES_AND_CHARGES,RATIO_CREDIT_INTENSITY,L14_31D,DEBIT,BEHAVIORAL,False,,SAFE,DEBIT|FEES_AND_CHARGES|LONG_WINDOW|RATIO_CREDIT_INTENSITY|TRANSACTION_COUNT|WINDOW_L14_31D
F451,RA_CI_FEES_CHRGS_AMT_L14_31D,Ratio of avgs: of Customer Induced Fees Charges Total Amount - last 14 to 31D,False,FEES_AND_CHARGES,RATIO_CREDIT_INTENSITY,L14_31D,BOTH,BEHAVIORAL,False,,SAFE,AMOUNT|FEES_AND_CHARGES|LONG_WINDOW|RATIO_CREDIT_INTENSITY|WINDOW_L14_31D
F452,RA_CI_FEES_CHRGS_AMT_CR_L14_31D,Ratio of avgs: of Customer Induced Fees Charges Credit Amount - last 14 to 31D,False,FEES_AND_CHARGES,RATIO_CREDIT_INTENSITY,L14_31D,CREDIT,BEHAVIORAL,False,,SAFE,AMOUNT|CREDIT|FEES_AND_CHARGES|LONG_WINDOW|RATIO_CREDIT_INTENSITY|WINDOW_L14_31D
F453,RA_CI_FEES_CHRGS_AMT_DB_L14_31D,Ratio of avgs: of Customer Induced Fees Charges Debit Amount - last 14 to 31D,False,FEES_AND_CHARGES,RATIO_CREDIT_INTENSITY,L14_31D,DEBIT,BEHAVIORAL,False,,SAFE,AMOUNT|DEBIT|FEES_AND_CHARGES|LONG_WINDOW|RATIO_CREDIT_INTENSITY|WINDOW_L14_31D
F454,RA_GST_TXN_L14_31D,Ratio of avgs: of GST Total txns - last 14 to 31D,False,GST,RATIO_OF_AVERAGES,L14_31D,BOTH,BEHAVIORAL,False,,SAFE,GST|LONG_WINDOW|RATIO_OF_AVERAGES|TRANSACTION_COUNT|WINDOW_L14_31D
F455,RA_GST_TXN_CR_L14_31D,Ratio of avgs: of GST Credit txns - last 14 to 31D,False,GST,RATIO_OF_AVERAGES,L14_31D,CREDIT,BEHAVIORAL,False,,SAFE,CREDIT|GST|LONG_WINDOW|RATIO_OF_AVERAGES|TRANSACTION_COUNT|WINDOW_L14_31D
F456,RA_GST_TXN_DB_L14_31D,Ratio of avgs: of GST Debit txns - last 14 to 31D,False,GST,RATIO_OF_AVERAGES,L14_31D,DEBIT,BEHAVIORAL,False,,SAFE,DEBIT|GST|LONG_WINDOW|RATIO_OF_AVERAGES|TRANSACTION_COUNT|WINDOW_L14_31D
F457,RA_GST_AMT_L14_31D,Ratio of avgs: of GST Total Amount - last 14 to 31D,False,GST,RATIO_OF_AVERAGES,L14_31D,BOTH,BEHAVIORAL,False,,SAFE,AMOUNT|GST|LONG_WINDOW|RATIO_OF_AVERAGES|WINDOW_L14_31D
F458,RA_GST_AMT_CR_L14_31D,Ratio of avgs: of GST Credit Amount - last 14 to 31D,False,GST,RATIO_OF_AVERAGES,L14_31D,CREDIT,BEHAVIORAL,False,,SAFE,AMOUNT|CREDIT|GST|LONG_WINDOW|RATIO_OF_AVERAGES|WINDOW_L14_31D
F459,RA_GST_AMT_DB_L14_31D,Ratio of avgs: of GST Debit Amount - last 14 to 31D,False,GST,RATIO_OF_AVERAGES,L14_31D,DEBIT,BEHAVIORAL,False,,SAFE,AMOUNT|DEBIT|GST|LONG_WINDOW|RATIO_OF_AVERAGES|WINDOW_L14_31D
F460,RA_ELEC_XFER_TXN_L14_31D,Ratio of avgs: of Online Transfer (IMPS+NEFT+RTGS) Total txns - last 14 to 31D,False,ELEC_XFER,RATIO_OF_AVERAGES,L14_31D,BOTH,BEHAVIORAL,False,,SAFE,ELEC_XFER|LONG_WINDOW|RATIO_OF_AVERAGES|TRANSACTION_COUNT|WINDOW_L14_31D
F461,RA_ELEC_XFER_TXN_CR_L14_31D,Ratio of avgs: of Online Transfer (IMPS+NEFT+RTGS) Credit txns - last 14 to 31D,False,ELEC_XFER,RATIO_OF_AVERAGES,L14_31D,CREDIT,BEHAVIORAL,False,,SAFE,CREDIT|ELEC_XFER|LONG_WINDOW|RATIO_OF_AVERAGES|TRANSACTION_COUNT|WINDOW_L14_31D
F462,RA_ELEC_XFER_TXN_DB_L14_31D,Ratio of avgs: of Online Transfer (IMPS+NEFT+RTGS) Debit txns - last 14 to 31D,False,ELEC_XFER,RATIO_OF_AVERAGES,L14_31D,DEBIT,BEHAVIORAL,False,,SAFE,DEBIT|ELEC_XFER|LONG_WINDOW|RATIO_OF_AVERAGES|TRANSACTION_COUNT|WINDOW_L14_31D
F463,RA_ELEC_XFER_AMT_L14_31D,Ratio of avgs: of Online Transfer (IMPS+NEFT+RTGS) Total Amount - last 14 to 31D,False,ELEC_XFER,RATIO_OF_AVERAGES,L14_31D,BOTH,BEHAVIORAL,False,,SAFE,AMOUNT|ELEC_XFER|LONG_WINDOW|RATIO_OF_AVERAGES|WINDOW_L14_31D
F464,RA_ELEC_XFER_AMT_CR_L14_31D,Ratio of avgs: of Online Transfer (IMPS+NEFT+RTGS) Credit Amount - last 14 to 31D,False,ELEC_XFER,RATIO_OF_AVERAGES,L14_31D,CREDIT,BEHAVIORAL,False,,SAFE,AMOUNT|CREDIT|ELEC_XFER|LONG_WINDOW|RATIO_OF_AVERAGES|WINDOW_L14_31D
F465,RA_ELEC_XFER_AMT_DB_L14_31D,Ratio of avgs: of Online Transfer (IMPS+NEFT+RTGS) Debit Amount - last 14 to 31D,False,ELEC_XFER,RATIO_OF_AVERAGES,L14_31D,DEBIT,BEHAVIORAL,False,,SAFE,AMOUNT|DEBIT|ELEC_XFER|LONG_WINDOW|RATIO_OF_AVERAGES|WINDOW_L14_31D
F466,RA_UPI_XFER_TXN_L14_31D,Ratio of avgs: of UPI  Total txns - last 14 to 31D,False,UPI_XFER,RATIO_OF_AVERAGES,L14_31D,BOTH,BEHAVIORAL,False,,SAFE,LONG_WINDOW|RATIO_OF_AVERAGES|TRANSACTION_COUNT|UPI_XFER|WINDOW_L14_31D
F467,RA_UPI_TXN_CR_L14_31D,Ratio of avgs: of UPI  Total Amount - last 14 to 31D,False,UPI,RATIO_OF_AVERAGES,L14_31D,CREDIT,BEHAVIORAL,False,,SAFE,AMOUNT|CREDIT|LONG_WINDOW|RATIO_OF_AVERAGES|UPI|WINDOW_L14_31D
F468,RA_UPI_TXN_DB_L14_31D,Ratio of avgs: of UPI  Credit txns - last 14 to 31D,False,UPI,RATIO_OF_AVERAGES,L14_31D,DEBIT,BEHAVIORAL,False,,SAFE,DEBIT|LONG_WINDOW|RATIO_OF_AVERAGES|TRANSACTION_COUNT|UPI|WINDOW_L14_31D
F469,RA_UPI_XFER_AMT_L14_31D,Ratio of avgs: of UPI  Debit txns - last 14 to 31D,False,UPI_XFER,RATIO_OF_AVERAGES,L14_31D,BOTH,BEHAVIORAL,False,,SAFE,AMOUNT|LONG_WINDOW|RATIO_OF_AVERAGES|TRANSACTION_COUNT|UPI_XFER|WINDOW_L14_31D
F470,RA_UPI_AMT_CR_L14_31D,Ratio of avgs: of UPI  Credit Amount - last 14 to 31D,False,UPI,RATIO_OF_AVERAGES,L14_31D,CREDIT,BEHAVIORAL,False,,SAFE,AMOUNT|CREDIT|LONG_WINDOW|RATIO_OF_AVERAGES|UPI|WINDOW_L14_31D
F471,RA_UPI_AMT_DB_L14_31D,Ratio of avgs: of UPI  Debit Amount - last 14 to 31D,False,UPI,RATIO_OF_AVERAGES,L14_31D,DEBIT,BEHAVIORAL,False,,SAFE,AMOUNT|DEBIT|LONG_WINDOW|RATIO_OF_AVERAGES|UPI|WINDOW_L14_31D
F472,RA_NET_BNKING_TXN_L14_31D,Ratio of avgs: of Net Banking Total txns - last 14 to 31D,False,NET_BANKING,RATIO_OF_AVERAGES,L14_31D,BOTH,BEHAVIORAL,False,,SAFE,LONG_WINDOW|NET_BANKING|RATIO_OF_AVERAGES|TRANSACTION_COUNT|WINDOW_L14_31D
F473,RA_NET_BNKING_TXN_CR_L14_31D,Ratio of avgs: of Net Banking Credit txns - last 14 to 31D,False,NET_BANKING,RATIO_OF_AVERAGES,L14_31D,CREDIT,BEHAVIORAL,False,,SAFE,CREDIT|LONG_WINDOW|NET_BANKING|RATIO_OF_AVERAGES|TRANSACTION_COUNT|WINDOW_L14_31D
F474,RA_NET_BNKING_TXN_DB_L14_31D,Ratio of avgs: of Net Banking Debit txns - last 14 to 31D,False,NET_BANKING,RATIO_OF_AVERAGES,L14_31D,DEBIT,BEHAVIORAL,False,,SAFE,DEBIT|LONG_WINDOW|NET_BANKING|RATIO_OF_AVERAGES|TRANSACTION_COUNT|WINDOW_L14_31D
F475,RA_NET_BNKING_AMT_L14_31D,Ratio of avgs: of Net Banking Total Amount - last 14 to 31D,False,NET_BANKING,RATIO_OF_AVERAGES,L14_31D,BOTH,BEHAVIORAL,False,,SAFE,AMOUNT|LONG_WINDOW|NET_BANKING|RATIO_OF_AVERAGES|WINDOW_L14_31D
F476,RA_NET_BNKING_AMT_CR_L14_31D,Ratio of avgs: of Net Banking Credit Amount - last 14 to 31D,False,NET_BANKING,RATIO_OF_AVERAGES,L14_31D,CREDIT,BEHAVIORAL,False,,SAFE,AMOUNT|CREDIT|LONG_WINDOW|NET_BANKING|RATIO_OF_AVERAGES|WINDOW_L14_31D
F477,RA_NET_BNKING_AMT_DB_L14_31D,Ratio of avgs: of Net Banking Debit Amount - last 14 to 31D,False,NET_BANKING,RATIO_OF_AVERAGES,L14_31D,DEBIT,BEHAVIORAL,False,,SAFE,AMOUNT|DEBIT|LONG_WINDOW|NET_BANKING|RATIO_OF_AVERAGES|WINDOW_L14_31D
F478,RA_MOB_BNKING_TXN_L14_31D,Ratio of avgs: of Mobile Banking Total txns - last 14 to 31D,False,MOBILE_BANKING,RATIO_OF_AVERAGES,L14_31D,BOTH,BEHAVIORAL,False,,SAFE,LONG_WINDOW|MOBILE_BANKING|RATIO_OF_AVERAGES|TRANSACTION_COUNT|WINDOW_L14_31D
F479,RA_MBNKING_TXN_CR_L14_31D,Ratio of avgs: of Mobile Banking Total Amount - last 14 to 31D,False,MOBILE_BANKING,RATIO_OF_AVERAGES,L14_31D,CREDIT,BEHAVIORAL,False,,SAFE,AMOUNT|CREDIT|LONG_WINDOW|MOBILE_BANKING|RATIO_OF_AVERAGES|WINDOW_L14_31D
F480,RA_MBNKING_TXN_DB_L14_31D,Ratio of avgs: of Mobile Banking Credit txns - last 14 to 31D,False,MOBILE_BANKING,RATIO_OF_AVERAGES,L14_31D,DEBIT,BEHAVIORAL,False,,SAFE,DEBIT|LONG_WINDOW|MOBILE_BANKING|RATIO_OF_AVERAGES|TRANSACTION_COUNT|WINDOW_L14_31D
F481,RA_MOB_BNKING_AMT_L14_31D,Ratio of avgs: of Mobile Banking Debit txns - last 14 to 31D,False,MOBILE_BANKING,RATIO_OF_AVERAGES,L14_31D,BOTH,BEHAVIORAL,False,,SAFE,AMOUNT|LONG_WINDOW|MOBILE_BANKING|RATIO_OF_AVERAGES|TRANSACTION_COUNT|WINDOW_L14_31D
F482,RA_MBNKING_AMT_CR_L14_31D,Ratio of avgs: of Mobile Banking Credit Amount - last 14 to 31D,False,MOBILE_BANKING,RATIO_OF_AVERAGES,L14_31D,CREDIT,BEHAVIORAL,False,,SAFE,AMOUNT|CREDIT|LONG_WINDOW|MOBILE_BANKING|RATIO_OF_AVERAGES|WINDOW_L14_31D
F483,RA_MBNKING_AMT_DB_L14_31D,Ratio of avgs: of Mobile Banking Debit Amount - last 14 to 31D,False,MOBILE_BANKING,RATIO_OF_AVERAGES,L14_31D,DEBIT,BEHAVIORAL,False,,SAFE,AMOUNT|DEBIT|LONG_WINDOW|MOBILE_BANKING|RATIO_OF_AVERAGES|WINDOW_L14_31D
F484,RA_POS_PYMT_TXN_L14_31D,Ratio of avgs: of Merchant Payment Total txns - last 14 to 31D,False,POS_MERCHANT,RATIO_OF_AVERAGES,L14_31D,BOTH,BEHAVIORAL,False,,SAFE,LONG_WINDOW|POS_MERCHANT|RATIO_OF_AVERAGES|TRANSACTION_COUNT|WINDOW_L14_31D
F485,RA_POS_PYMT_TXN_CR_L14_31D,Ratio of avgs: of Merchant Payment Credit txns - last 14 to 31D,False,POS_MERCHANT,RATIO_OF_AVERAGES,L14_31D,CREDIT,BEHAVIORAL,False,,SAFE,CREDIT|LONG_WINDOW|POS_MERCHANT|RATIO_OF_AVERAGES|TRANSACTION_COUNT|WINDOW_L14_31D
F486,RA_POS_PYMT_TXN_DB_L14_31D,Ratio of avgs: of Merchant Payment Debit txns - last 14 to 31D,False,POS_MERCHANT,RATIO_OF_AVERAGES,L14_31D,DEBIT,BEHAVIORAL,False,,SAFE,DEBIT|LONG_WINDOW|POS_MERCHANT|RATIO_OF_AVERAGES|TRANSACTION_COUNT|WINDOW_L14_31D
F487,RA_POS_PYMT_AMT_L14_31D,Ratio of avgs: of Merchant Payment Total Amount - last 14 to 31D,False,POS_MERCHANT,RATIO_OF_AVERAGES,L14_31D,BOTH,BEHAVIORAL,False,,SAFE,AMOUNT|LONG_WINDOW|POS_MERCHANT|RATIO_OF_AVERAGES|WINDOW_L14_31D
F488,RA_POS_PYMT_AMT_CR_L14_31D,Ratio of avgs: of Merchant Payment Credit Amount - last 14 to 31D,False,POS_MERCHANT,RATIO_OF_AVERAGES,L14_31D,CREDIT,BEHAVIORAL,False,,SAFE,AMOUNT|CREDIT|LONG_WINDOW|POS_MERCHANT|RATIO_OF_AVERAGES|WINDOW_L14_31D
F489,RA_POS_PYMT_AMT_DB_L14_31D,Ratio of avgs: of Merchant Payment Debit Amount - last 14 to 31D,False,POS_MERCHANT,RATIO_OF_AVERAGES,L14_31D,DEBIT,BEHAVIORAL,False,,SAFE,AMOUNT|DEBIT|LONG_WINDOW|POS_MERCHANT|RATIO_OF_AVERAGES|WINDOW_L14_31D
F490,RA_APB_TXN_L14_31D,Ratio of avgs: of Aadhar Payment Bridge Total txns - last 14 to 31D,False,AADHAAR_PAYMENT_BRIDGE,RATIO_OF_AVERAGES,L14_31D,BOTH,BEHAVIORAL,False,,SAFE,AADHAAR_PAYMENT_BRIDGE|LONG_WINDOW|RATIO_OF_AVERAGES|TRANSACTION_COUNT|WINDOW_L14_31D
F491,RA_APB_TXN_CR_L14_31D,Ratio of avgs: of Aadhar Payment Bridge Credit txns - last 14 to 31D,False,AADHAAR_PAYMENT_BRIDGE,RATIO_OF_AVERAGES,L14_31D,CREDIT,BEHAVIORAL,False,,SAFE,AADHAAR_PAYMENT_BRIDGE|CREDIT|LONG_WINDOW|RATIO_OF_AVERAGES|TRANSACTION_COUNT|WINDOW_L14_31D
F492,RA_APB_TXN_DB_L14_31D,Ratio of avgs: of Aadhar Payment Bridge Debit txns - last 14 to 31D,False,AADHAAR_PAYMENT_BRIDGE,RATIO_OF_AVERAGES,L14_31D,DEBIT,BEHAVIORAL,False,,SAFE,AADHAAR_PAYMENT_BRIDGE|DEBIT|LONG_WINDOW|RATIO_OF_AVERAGES|TRANSACTION_COUNT|WINDOW_L14_31D
F493,RA_APB_AMT_L14_31D,Ratio of avgs: of Aadhar Payment Bridge Total Amount - last 14 to 31D,False,AADHAAR_PAYMENT_BRIDGE,RATIO_OF_AVERAGES,L14_31D,BOTH,BEHAVIORAL,False,,SAFE,AADHAAR_PAYMENT_BRIDGE|AMOUNT|LONG_WINDOW|RATIO_OF_AVERAGES|WINDOW_L14_31D
F494,RA_APB_AMT_CR_L14_31D,Ratio of avgs: of Aadhar Payment Bridge Credit Amount - last 14 to 31D,False,AADHAAR_PAYMENT_BRIDGE,RATIO_OF_AVERAGES,L14_31D,CREDIT,BEHAVIORAL,False,,SAFE,AADHAAR_PAYMENT_BRIDGE|AMOUNT|CREDIT|LONG_WINDOW|RATIO_OF_AVERAGES|WINDOW_L14_31D
F495,RA_APB_AMT_DB_L14_31D,Ratio of avgs: of Aadhar Payment Bridge Debit Amount - last 14 to 31D,False,AADHAAR_PAYMENT_BRIDGE,RATIO_OF_AVERAGES,L14_31D,DEBIT,BEHAVIORAL,False,,SAFE,AADHAAR_PAYMENT_BRIDGE|AMOUNT|DEBIT|LONG_WINDOW|RATIO_OF_AVERAGES|WINDOW_L14_31D
F496,RA_LOAN_TXN_L14_31D,Ratio of avgs: of Loan Total txns - last 14 to 31D,False,LOAN,RATIO_OF_AVERAGES,L14_31D,BOTH,BEHAVIORAL,False,,SAFE,LOAN|LONG_WINDOW|RATIO_OF_AVERAGES|TRANSACTION_COUNT|WINDOW_L14_31D
F497,RA_LOAN_TXN_CR_L14_31D,Ratio of avgs: of Loan Credit txns - last 14 to 31D,False,LOAN,RATIO_OF_AVERAGES,L14_31D,CREDIT,BEHAVIORAL,False,,SAFE,CREDIT|LOAN|LONG_WINDOW|RATIO_OF_AVERAGES|TRANSACTION_COUNT|WINDOW_L14_31D
F498,RA_LOAN_TXN_DB_L14_31D,Ratio of avgs: of Loan Debit txns - last 14 to 31D,False,LOAN,RATIO_OF_AVERAGES,L14_31D,DEBIT,BEHAVIORAL,False,,SAFE,DEBIT|LOAN|LONG_WINDOW|RATIO_OF_AVERAGES|TRANSACTION_COUNT|WINDOW_L14_31D
F499,RA_LOAN_AMT_L14_31D,Ratio of avgs: of Loan Total Amount - last 14 to 31D,False,LOAN,RATIO_OF_AVERAGES,L14_31D,BOTH,BEHAVIORAL,False,,SAFE,AMOUNT|LOAN|LONG_WINDOW|RATIO_OF_AVERAGES|WINDOW_L14_31D
F500,RA_LOAN_AMT_CR_L14_31D,Ratio of avgs: of Loan Credit Amount - last 14 to 31D,False,LOAN,RATIO_OF_AVERAGES,L14_31D,CREDIT,BEHAVIORAL,False,,SAFE,AMOUNT|CREDIT|LOAN|LONG_WINDOW|RATIO_OF_AVERAGES|WINDOW_L14_31D
F501,RA_LOAN_AMT_DB_L14_31D,Ratio of avgs: of Loan Debit Amount - last 14 to 31D,False,LOAN,RATIO_OF_AVERAGES,L14_31D,DEBIT,BEHAVIORAL,False,,SAFE,AMOUNT|DEBIT|LOAN|LONG_WINDOW|RATIO_OF_AVERAGES|WINDOW_L14_31D
F502,RA_STDNG_INSTR_L14_31D,Ratio of avgs: of Standing Instruction Total txns - last 14 to 31D,False,STANDING_INSTRUCTION,RATIO_OF_AVERAGES,L14_31D,BOTH,BEHAVIORAL,False,,SAFE,LONG_WINDOW|RATIO_OF_AVERAGES|STANDING_INSTRUCTION|TRANSACTION_COUNT|WINDOW_L14_31D
F503,RA_STDNG_INSTR_CR_TXN_L14_31D,Ratio of avgs: of Standing Instruction Credit txns - last 14 to 31D,False,STANDING_INSTRUCTION,RATIO_OF_AVERAGES,L14_31D,CREDIT,BEHAVIORAL,False,,SAFE,CREDIT|LONG_WINDOW|RATIO_OF_AVERAGES|STANDING_INSTRUCTION|TRANSACTION_COUNT|WINDOW_L14_31D
F504,RA_STDNG_INSTR_DB_TXN_L14_31D,Ratio of avgs: of Standing Instruction Debit txns - last 14 to 31D,False,STANDING_INSTRUCTION,RATIO_OF_AVERAGES,L14_31D,DEBIT,BEHAVIORAL,False,,SAFE,DEBIT|LONG_WINDOW|RATIO_OF_AVERAGES|STANDING_INSTRUCTION|TRANSACTION_COUNT|WINDOW_L14_31D
F505,RA_STDNG_INSTR_AMT_L14_31D,Ratio of avgs: of Standing Instruction Total Amount - last 14 to 31D,False,STANDING_INSTRUCTION,RATIO_OF_AVERAGES,L14_31D,BOTH,BEHAVIORAL,False,,SAFE,AMOUNT|LONG_WINDOW|RATIO_OF_AVERAGES|STANDING_INSTRUCTION|WINDOW_L14_31D
F506,RA_STDNG_INSTR_AMT_CR_L14_31D,Ratio of avgs: of Standing Instruction Credit Amount - last 14 to 31D,False,STANDING_INSTRUCTION,RATIO_OF_AVERAGES,L14_31D,CREDIT,BEHAVIORAL,False,,SAFE,AMOUNT|CREDIT|LONG_WINDOW|RATIO_OF_AVERAGES|STANDING_INSTRUCTION|WINDOW_L14_31D
F507,RA_STDNG_INSTR_AMT_DB_L14_31D,Ratio of avgs: of Standing Instruction Debit Amount - last 14 to 31D,False,STANDING_INSTRUCTION,RATIO_OF_AVERAGES,L14_31D,DEBIT,BEHAVIORAL,False,,SAFE,AMOUNT|DEBIT|LONG_WINDOW|RATIO_OF_AVERAGES|STANDING_INSTRUCTION|WINDOW_L14_31D
F508,RA_CASH_TXN_L7_31D,Ratio of avgs: of Cash Total txns - last 7 to 31D,False,CASH,RATIO_OF_AVERAGES,L7_31D,BOTH,BEHAVIORAL,False,,SAFE,CASH|LONG_WINDOW|RATIO_OF_AVERAGES|TRANSACTION_COUNT|WINDOW_L7_31D
F509,RA_CASH_TXN_CR_L7_31D,Ratio of avgs: of Cash Credit txns - last 7 to 31D,False,CASH,RATIO_OF_AVERAGES,L7_31D,CREDIT,BEHAVIORAL,False,,SAFE,CASH|CREDIT|LONG_WINDOW|RATIO_OF_AVERAGES|TRANSACTION_COUNT|WINDOW_L7_31D
F510,RA_CASH_TXN_DB_L7_31D,Ratio of avgs: of Cash Debit txns - last 7 to 31D,False,CASH,RATIO_OF_AVERAGES,L7_31D,DEBIT,BEHAVIORAL,False,,SAFE,CASH|DEBIT|LONG_WINDOW|RATIO_OF_AVERAGES|TRANSACTION_COUNT|WINDOW_L7_31D
F511,RA_CASH_AMT_L7_31D,Ratio of avgs: of Cash Total Amount - last 7 to 31D,False,CASH,RATIO_OF_AVERAGES,L7_31D,BOTH,BEHAVIORAL,False,,SAFE,AMOUNT|CASH|LONG_WINDOW|RATIO_OF_AVERAGES|WINDOW_L7_31D
F512,RA_CASH_AMT_CR_L7_31D,Ratio of avgs: of Cash Credit Amount - last 7 to 31D,False,CASH,RATIO_OF_AVERAGES,L7_31D,CREDIT,BEHAVIORAL,False,,SAFE,AMOUNT|CASH|CREDIT|LONG_WINDOW|RATIO_OF_AVERAGES|WINDOW_L7_31D
F513,RA_CASH_AMT_DB_L7_31D,Ratio of avgs: of Cash Debit Amount - last 7 to 31D,False,CASH,RATIO_OF_AVERAGES,L7_31D,DEBIT,BEHAVIORAL,False,,SAFE,AMOUNT|CASH|DEBIT|LONG_WINDOW|RATIO_OF_AVERAGES|WINDOW_L7_31D
F514,RA_CHQ_TXN_L7_31D,Ratio of avgs: of Cheque Total txns - last 7 to 31D,False,CHEQUE,RATIO_OF_AVERAGES,L7_31D,BOTH,BEHAVIORAL,False,,SAFE,CHEQUE|LONG_WINDOW|RATIO_OF_AVERAGES|TRANSACTION_COUNT|WINDOW_L7_31D
F515,RA_CHQ_TXN_CR_L7_31D,Ratio of avgs: of Cheque Credit txns - last 7 to 31D,False,CHEQUE,RATIO_OF_AVERAGES,L7_31D,CREDIT,BEHAVIORAL,False,,SAFE,CHEQUE|CREDIT|LONG_WINDOW|RATIO_OF_AVERAGES|TRANSACTION_COUNT|WINDOW_L7_31D
F516,RA_CHQ_TXN_DB_L7_31D,Ratio of avgs: of Cheque Debit txns - last 7 to 31D,False,CHEQUE,RATIO_OF_AVERAGES,L7_31D,DEBIT,BEHAVIORAL,False,,SAFE,CHEQUE|DEBIT|LONG_WINDOW|RATIO_OF_AVERAGES|TRANSACTION_COUNT|WINDOW_L7_31D
F517,RA_CHQ_AMT_L7_31D,Ratio of avgs: of Cheque Total Amount - last 7 to 31D,False,CHEQUE,RATIO_OF_AVERAGES,L7_31D,BOTH,BEHAVIORAL,False,,SAFE,AMOUNT|CHEQUE|LONG_WINDOW|RATIO_OF_AVERAGES|WINDOW_L7_31D
F518,RA_CHQ_AMT_CR_L7_31D,Ratio of avgs: of Cheque Credit Amount - last 7 to 31D,False,CHEQUE,RATIO_OF_AVERAGES,L7_31D,CREDIT,BEHAVIORAL,False,,SAFE,AMOUNT|CHEQUE|CREDIT|LONG_WINDOW|RATIO_OF_AVERAGES|WINDOW_L7_31D
F519,RA_CHQ_AMT_DB_L7_31D,Ratio of avgs: of Cheque Debit Amount - last 7 to 31D,False,CHEQUE,RATIO_OF_AVERAGES,L7_31D,DEBIT,BEHAVIORAL,False,,SAFE,AMOUNT|CHEQUE|DEBIT|LONG_WINDOW|RATIO_OF_AVERAGES|WINDOW_L7_31D
F520,RA_NON_CASH_CHQ_TXN_L7_31D,Ratio of avgs: of Non Cash Non Cheque Total txns - last 7 to 31D,False,NON_CASH_CHQ,RATIO_OF_AVERAGES,L7_31D,BOTH,BEHAVIORAL,False,,SAFE,LONG_WINDOW|NON_CASH_CHQ|RATIO_OF_AVERAGES|TRANSACTION_COUNT|WINDOW_L7_31D
F521,RA_NON_CASH_CHQ_TXN_CR_L7_31D,Ratio of avgs: of Non Cash Non Cheque Credit txns - last 7 to 31D,False,NON_CASH_CHQ,RATIO_OF_AVERAGES,L7_31D,CREDIT,BEHAVIORAL,False,,SAFE,CREDIT|LONG_WINDOW|NON_CASH_CHQ|RATIO_OF_AVERAGES|TRANSACTION_COUNT|WINDOW_L7_31D
F522,RA_NON_CASH_CHQ_TXN_DB_L7_31D,Ratio of avgs: of Non Cash Non Cheque Debit txns - last 7 to 31D,False,NON_CASH_CHQ,RATIO_OF_AVERAGES,L7_31D,DEBIT,BEHAVIORAL,False,,SAFE,DEBIT|LONG_WINDOW|NON_CASH_CHQ|RATIO_OF_AVERAGES|TRANSACTION_COUNT|WINDOW_L7_31D
F523,RA_NON_CASH_CHQ_AMT_L7_31D,Ratio of avgs: of Non Cash Non Cheque Total Amount - last 7 to 31D,False,NON_CASH_CHQ,RATIO_OF_AVERAGES,L7_31D,BOTH,BEHAVIORAL,False,,SAFE,AMOUNT|LONG_WINDOW|NON_CASH_CHQ|RATIO_OF_AVERAGES|WINDOW_L7_31D
F524,RA_NON_CASH_CHQ_AMT_CR_L7_31D,Ratio of avgs: of Non Cash Non Cheque Credit Amount - last 7 to 31D,False,NON_CASH_CHQ,RATIO_OF_AVERAGES,L7_31D,CREDIT,BEHAVIORAL,False,,SAFE,AMOUNT|CREDIT|LONG_WINDOW|NON_CASH_CHQ|RATIO_OF_AVERAGES|WINDOW_L7_31D
F525,RA_NON_CASH_CHQ_AMT_DB_L7_31D,Ratio of avgs: of Non Cash Non Cheque Debit Amount - last 7 to 31D,False,NON_CASH_CHQ,RATIO_OF_AVERAGES,L7_31D,DEBIT,BEHAVIORAL,False,,SAFE,AMOUNT|DEBIT|LONG_WINDOW|NON_CASH_CHQ|RATIO_OF_AVERAGES|WINDOW_L7_31D
F526,RA_CI_NON_CASH_CHQ_TXN_L7_31D,Ratio of avgs: of Customer Induced Non Cash Non Cheque Total txns - last 7 to 31D,False,NON_CASH_CHQ,RATIO_CREDIT_INTENSITY,L7_31D,BOTH,BEHAVIORAL,False,,SAFE,LONG_WINDOW|NON_CASH_CHQ|RATIO_CREDIT_INTENSITY|TRANSACTION_COUNT|WINDOW_L7_31D
F527,RA_CI_NON_CASH_CHQ_TXN_CR_L7_31D,Ratio of avgs: of Customer Induced Non Cash Non Cheque Credit txns - last 7 to 31D,True,NON_CASH_CHQ,RATIO_CREDIT_INTENSITY,L7_31D,CREDIT,BEHAVIORAL,False,,SAFE,CREDIT|LONG_WINDOW|NON_CASH_CHQ|RATIO_CREDIT_INTENSITY|TRANSACTION_COUNT|WINDOW_L7_31D
F528,RA_CI_NON_CASH_CHQ_TXN_DB_L7_31D,Ratio of avgs: of Customer Induced Non Cash Non Cheque Debit txns - last 7 to 31D,False,NON_CASH_CHQ,RATIO_CREDIT_INTENSITY,L7_31D,DEBIT,BEHAVIORAL,False,,SAFE,DEBIT|LONG_WINDOW|NON_CASH_CHQ|RATIO_CREDIT_INTENSITY|TRANSACTION_COUNT|WINDOW_L7_31D
F529,RA_CI_NON_CASH_CHQ_AMT_L7_31D,Ratio of avgs: of Customer Induced Non Cash Non Cheque Total Amount - last 7 to 31D,False,NON_CASH_CHQ,RATIO_CREDIT_INTENSITY,L7_31D,BOTH,BEHAVIORAL,False,,SAFE,AMOUNT|LONG_WINDOW|NON_CASH_CHQ|RATIO_CREDIT_INTENSITY|WINDOW_L7_31D
F530,RA_CI_NON_CASH_CHQ_AMT_CR_L7_31D,Ratio of avgs: of Customer Induced Non Cash Non Cheque Credit Amount - last 7 to 31D,False,NON_CASH_CHQ,RATIO_CREDIT_INTENSITY,L7_31D,CREDIT,BEHAVIORAL,False,,SAFE,AMOUNT|CREDIT|LONG_WINDOW|NON_CASH_CHQ|RATIO_CREDIT_INTENSITY|WINDOW_L7_31D
F531,RA_CI_NON_CASH_CHQ_AMT_DB_L7_31D,Ratio of avgs: of Customer Induced Non Cash Non Cheque Debit Amount - last 7 to 31D,True,NON_CASH_CHQ,RATIO_CREDIT_INTENSITY,L7_31D,DEBIT,BEHAVIORAL,False,,SAFE,AMOUNT|DEBIT|LONG_WINDOW|NON_CASH_CHQ|RATIO_CREDIT_INTENSITY|WINDOW_L7_31D
F532,RA_CI_TXN_L7_31D,Ratio of avgs: of Customer Induced Total txns - last 7 to 31D,False,CASH_INTENSIVE,RATIO_CREDIT_INTENSITY,L7_31D,BOTH,BEHAVIORAL,False,,SAFE,CASH_INTENSIVE|LONG_WINDOW|RATIO_CREDIT_INTENSITY|TRANSACTION_COUNT|WINDOW_L7_31D
F533,RA_CI_TXN_CR_L7_31D,Ratio of avgs: of Customer Induced Credit txns - last 7 to 31D,False,CASH_INTENSIVE,RATIO_CREDIT_INTENSITY,L7_31D,CREDIT,BEHAVIORAL,False,,SAFE,CASH_INTENSIVE|CREDIT|LONG_WINDOW|RATIO_CREDIT_INTENSITY|TRANSACTION_COUNT|WINDOW_L7_31D
F534,RA_CI_TXN_DB_L7_31D,Ratio of avgs: of Customer Induced Debit txns - last 7 to 31D,False,CASH_INTENSIVE,RATIO_CREDIT_INTENSITY,L7_31D,DEBIT,BEHAVIORAL,False,,SAFE,CASH_INTENSIVE|DEBIT|LONG_WINDOW|RATIO_CREDIT_INTENSITY|TRANSACTION_COUNT|WINDOW_L7_31D
F535,RA_CI_AMT_L7_31D,Ratio of avgs: of Customer Induced Total Amount - last 7 to 31D,False,CASH_INTENSIVE,RATIO_CREDIT_INTENSITY,L7_31D,BOTH,BEHAVIORAL,False,,SAFE,AMOUNT|CASH_INTENSIVE|LONG_WINDOW|RATIO_CREDIT_INTENSITY|WINDOW_L7_31D
F536,RA_CI_AMT_CR_L7_31D,Ratio of avgs: of Customer Induced Credit Amount - last 7 to 31D,False,CASH_INTENSIVE,RATIO_CREDIT_INTENSITY,L7_31D,CREDIT,BEHAVIORAL,False,,SAFE,AMOUNT|CASH_INTENSIVE|CREDIT|LONG_WINDOW|RATIO_CREDIT_INTENSITY|WINDOW_L7_31D
F537,RA_CI_AMT_DB_L7_31D,Ratio of avgs: of Customer Induced Debit Amount - last 7 to 31D,False,CASH_INTENSIVE,RATIO_CREDIT_INTENSITY,L7_31D,DEBIT,BEHAVIORAL,False,,SAFE,AMOUNT|CASH_INTENSIVE|DEBIT|LONG_WINDOW|RATIO_CREDIT_INTENSITY|WINDOW_L7_31D
F538,RA_ATM_TXN_L7_31D,Ratio of avgs: of ATM Total txns - last 7 to 31D,False,ATM,RATIO_OF_AVERAGES,L7_31D,BOTH,BEHAVIORAL,False,,SAFE,ATM|LONG_WINDOW|RATIO_OF_AVERAGES|TRANSACTION_COUNT|WINDOW_L7_31D
F539,RA_ATM_TXN_CR_L7_31D,Ratio of avgs: of ATM Credit txns - last 7 to 31D,False,ATM,RATIO_OF_AVERAGES,L7_31D,CREDIT,BEHAVIORAL,False,,SAFE,ATM|CREDIT|LONG_WINDOW|RATIO_OF_AVERAGES|TRANSACTION_COUNT|WINDOW_L7_31D
F540,RA_ATM_TXN_DB_L7_31D,Ratio of avgs: of ATM Debit txns - last 7 to 31D,False,ATM,RATIO_OF_AVERAGES,L7_31D,DEBIT,BEHAVIORAL,False,,SAFE,ATM|DEBIT|LONG_WINDOW|RATIO_OF_AVERAGES|TRANSACTION_COUNT|WINDOW_L7_31D
F541,RA_ATM_AMT_L7_31D,Ratio of avgs: of ATM Total Amount - last 7 to 31D,False,ATM,RATIO_OF_AVERAGES,L7_31D,BOTH,BEHAVIORAL,False,,SAFE,AMOUNT|ATM|LONG_WINDOW|RATIO_OF_AVERAGES|WINDOW_L7_31D
F542,RA_ATM_AMT_CR_L7_31D,Ratio of avgs: of ATM Credit Amount - last 7 to 31D,False,ATM,RATIO_OF_AVERAGES,L7_31D,CREDIT,BEHAVIORAL,False,,SAFE,AMOUNT|ATM|CREDIT|LONG_WINDOW|RATIO_OF_AVERAGES|WINDOW_L7_31D
F543,RA_ATM_AMT_DB_L7_31D,Ratio of avgs: of ATM Debit Amount - last 7 to 31D,False,ATM,RATIO_OF_AVERAGES,L7_31D,DEBIT,BEHAVIORAL,False,,SAFE,AMOUNT|ATM|DEBIT|LONG_WINDOW|RATIO_OF_AVERAGES|WINDOW_L7_31D
F544,RA_BI_FEES_CHRGS_TXN_L7_31D,Ratio of avgs: of Bank Induced Fees Charges Total txns - last 7 to 31D,False,FEES_AND_CHARGES,RATIO_OF_AVERAGES,L7_31D,BOTH,BEHAVIORAL,False,,SAFE,FEES_AND_CHARGES|LONG_WINDOW|RATIO_OF_AVERAGES|TRANSACTION_COUNT|WINDOW_L7_31D
F545,RA_BI_FEES_CHRGS_TXN_CR_L7_31D,Ratio of avgs: of Bank Induced Fees Charges Credit txns - last 7 to 31D,False,FEES_AND_CHARGES,RATIO_OF_AVERAGES,L7_31D,CREDIT,BEHAVIORAL,False,,SAFE,CREDIT|FEES_AND_CHARGES|LONG_WINDOW|RATIO_OF_AVERAGES|TRANSACTION_COUNT|WINDOW_L7_31D
F546,RA_BI_FEES_CHRGS_TXN_DB_L7_31D,Ratio of avgs: of Bank Induced Fees Charges Debit txns - last 7 to 31D,False,FEES_AND_CHARGES,RATIO_OF_AVERAGES,L7_31D,DEBIT,BEHAVIORAL,False,,SAFE,DEBIT|FEES_AND_CHARGES|LONG_WINDOW|RATIO_OF_AVERAGES|TRANSACTION_COUNT|WINDOW_L7_31D
F547,RA_BI_FEES_CHRGS_AMT_L7_31D,Ratio of avgs: of Bank Induced Fees Charges Total Amount - last 7 to 31D,False,FEES_AND_CHARGES,RATIO_OF_AVERAGES,L7_31D,BOTH,BEHAVIORAL,False,,SAFE,AMOUNT|FEES_AND_CHARGES|LONG_WINDOW|RATIO_OF_AVERAGES|WINDOW_L7_31D
F548,RA_BI_FEES_CHRGS_AMT_CR_L7_31D,Ratio of avgs: of Bank Induced Fees Charges Credit Amount - last 7 to 31D,False,FEES_AND_CHARGES,RATIO_OF_AVERAGES,L7_31D,CREDIT,BEHAVIORAL,False,,SAFE,AMOUNT|CREDIT|FEES_AND_CHARGES|LONG_WINDOW|RATIO_OF_AVERAGES|WINDOW_L7_31D
F549,RA_BI_FEES_CHRGS_AMT_DB_L7_31D,Ratio of avgs: of Bank Induced Fees Charges Debit Amount - last 7 to 31D,False,FEES_AND_CHARGES,RATIO_OF_AVERAGES,L7_31D,DEBIT,BEHAVIORAL,False,,SAFE,AMOUNT|DEBIT|FEES_AND_CHARGES|LONG_WINDOW|RATIO_OF_AVERAGES|WINDOW_L7_31D
F550,RA_CI_FEES_CHRGS_TXN_L7_31D,Ratio of avgs: of Customer Induced Fees Charges Total txns - last 7 to 31D,False,FEES_AND_CHARGES,RATIO_CREDIT_INTENSITY,L7_31D,BOTH,BEHAVIORAL,False,,SAFE,FEES_AND_CHARGES|LONG_WINDOW|RATIO_CREDIT_INTENSITY|TRANSACTION_COUNT|WINDOW_L7_31D
F551,RA_CI_FEES_CHRGS_TXN_CR_L7_31D,Ratio of avgs: of Customer Induced Fees Charges Credit txns - last 7 to 31D,False,FEES_AND_CHARGES,RATIO_CREDIT_INTENSITY,L7_31D,CREDIT,BEHAVIORAL,False,,SAFE,CREDIT|FEES_AND_CHARGES|LONG_WINDOW|RATIO_CREDIT_INTENSITY|TRANSACTION_COUNT|WINDOW_L7_31D
F552,RA_CI_FEES_CHRGS_TXN_DB_L7_31D,Ratio of avgs: of Customer Induced Fees Charges Debit txns - last 7 to 31D,False,FEES_AND_CHARGES,RATIO_CREDIT_INTENSITY,L7_31D,DEBIT,BEHAVIORAL,False,,SAFE,DEBIT|FEES_AND_CHARGES|LONG_WINDOW|RATIO_CREDIT_INTENSITY|TRANSACTION_COUNT|WINDOW_L7_31D
F553,RA_CI_FEES_CHRGS_AMT_L7_31D,Ratio of avgs: of Customer Induced Fees Charges Total Amount - last 7 to 31D,False,FEES_AND_CHARGES,RATIO_CREDIT_INTENSITY,L7_31D,BOTH,BEHAVIORAL,False,,SAFE,AMOUNT|FEES_AND_CHARGES|LONG_WINDOW|RATIO_CREDIT_INTENSITY|WINDOW_L7_31D
F554,RA_CI_FEES_CHRGS_AMT_CR_L7_31D,Ratio of avgs: of Customer Induced Fees Charges Credit Amount - last 7 to 31D,False,FEES_AND_CHARGES,RATIO_CREDIT_INTENSITY,L7_31D,CREDIT,BEHAVIORAL,False,,SAFE,AMOUNT|CREDIT|FEES_AND_CHARGES|LONG_WINDOW|RATIO_CREDIT_INTENSITY|WINDOW_L7_31D
F555,RA_CI_FEES_CHRGS_AMT_DB_L7_31D,Ratio of avgs: of Customer Induced Fees Charges Debit Amount - last 7 to 31D,False,FEES_AND_CHARGES,RATIO_CREDIT_INTENSITY,L7_31D,DEBIT,BEHAVIORAL,False,,SAFE,AMOUNT|DEBIT|FEES_AND_CHARGES|LONG_WINDOW|RATIO_CREDIT_INTENSITY|WINDOW_L7_31D
F556,RA_GST_TXN_L7_31D,Ratio of avgs: of GST Total txns - last 7 to 31D,False,GST,RATIO_OF_AVERAGES,L7_31D,BOTH,BEHAVIORAL,False,,SAFE,GST|LONG_WINDOW|RATIO_OF_AVERAGES|TRANSACTION_COUNT|WINDOW_L7_31D
F557,RA_GST_TXN_CR_L7_31D,Ratio of avgs: of GST Credit txns - last 7 to 31D,False,GST,RATIO_OF_AVERAGES,L7_31D,CREDIT,BEHAVIORAL,False,,SAFE,CREDIT|GST|LONG_WINDOW|RATIO_OF_AVERAGES|TRANSACTION_COUNT|WINDOW_L7_31D
F558,RA_GST_TXN_DB_L7_31D,Ratio of avgs: of GST Debit txns - last 7 to 31D,False,GST,RATIO_OF_AVERAGES,L7_31D,DEBIT,BEHAVIORAL,False,,SAFE,DEBIT|GST|LONG_WINDOW|RATIO_OF_AVERAGES|TRANSACTION_COUNT|WINDOW_L7_31D
F559,RA_GST_AMT_L7_31D,Ratio of avgs: of GST Total Amount - last 7 to 31D,False,GST,RATIO_OF_AVERAGES,L7_31D,BOTH,BEHAVIORAL,False,,SAFE,AMOUNT|GST|LONG_WINDOW|RATIO_OF_AVERAGES|WINDOW_L7_31D
F560,RA_GST_AMT_CR_L7_31D,Ratio of avgs: of GST Credit Amount - last 7 to 31D,False,GST,RATIO_OF_AVERAGES,L7_31D,CREDIT,BEHAVIORAL,False,,SAFE,AMOUNT|CREDIT|GST|LONG_WINDOW|RATIO_OF_AVERAGES|WINDOW_L7_31D
F561,RA_GST_AMT_DB_L7_31D,Ratio of avgs: of GST Debit Amount - last 7 to 31D,False,GST,RATIO_OF_AVERAGES,L7_31D,DEBIT,BEHAVIORAL,False,,SAFE,AMOUNT|DEBIT|GST|LONG_WINDOW|RATIO_OF_AVERAGES|WINDOW_L7_31D
F562,RA_ELEC_XFER_TXN_L7_31D,Ratio of avgs: of Online Transfer (IMPS+NEFT+RTGS) Total txns - last 7 to 31D,False,ELEC_XFER,RATIO_OF_AVERAGES,L7_31D,BOTH,BEHAVIORAL,False,,SAFE,ELEC_XFER|LONG_WINDOW|RATIO_OF_AVERAGES|TRANSACTION_COUNT|WINDOW_L7_31D
F563,RA_ELEC_XFER_TXN_CR_L7_31D,Ratio of avgs: of Online Transfer (IMPS+NEFT+RTGS) Credit txns - last 7 to 31D,False,ELEC_XFER,RATIO_OF_AVERAGES,L7_31D,CREDIT,BEHAVIORAL,False,,SAFE,CREDIT|ELEC_XFER|LONG_WINDOW|RATIO_OF_AVERAGES|TRANSACTION_COUNT|WINDOW_L7_31D
F564,RA_ELEC_XFER_TXN_DB_L7_31D,Ratio of avgs: of Online Transfer (IMPS+NEFT+RTGS) Debit txns - last 7 to 31D,False,ELEC_XFER,RATIO_OF_AVERAGES,L7_31D,DEBIT,BEHAVIORAL,False,,SAFE,DEBIT|ELEC_XFER|LONG_WINDOW|RATIO_OF_AVERAGES|TRANSACTION_COUNT|WINDOW_L7_31D
F565,RA_ELEC_XFER_AMT_L7_31D,Ratio of avgs: of Online Transfer (IMPS+NEFT+RTGS) Total Amount - last 7 to 31D,False,ELEC_XFER,RATIO_OF_AVERAGES,L7_31D,BOTH,BEHAVIORAL,False,,SAFE,AMOUNT|ELEC_XFER|LONG_WINDOW|RATIO_OF_AVERAGES|WINDOW_L7_31D
F566,RA_ELEC_XFER_AMT_CR_L7_31D,Ratio of avgs: of Online Transfer (IMPS+NEFT+RTGS) Credit Amount - last 7 to 31D,False,ELEC_XFER,RATIO_OF_AVERAGES,L7_31D,CREDIT,BEHAVIORAL,False,,SAFE,AMOUNT|CREDIT|ELEC_XFER|LONG_WINDOW|RATIO_OF_AVERAGES|WINDOW_L7_31D
F567,RA_ELEC_XFER_AMT_DB_L7_31D,Ratio of avgs: of Online Transfer (IMPS+NEFT+RTGS) Debit Amount - last 7 to 31D,False,ELEC_XFER,RATIO_OF_AVERAGES,L7_31D,DEBIT,BEHAVIORAL,False,,SAFE,AMOUNT|DEBIT|ELEC_XFER|LONG_WINDOW|RATIO_OF_AVERAGES|WINDOW_L7_31D
F568,RA_UPI_XFER_TXN_L7_31D,Ratio of avgs: of UPI  Total txns - last 7 to 31D,False,UPI_XFER,RATIO_OF_AVERAGES,L7_31D,BOTH,BEHAVIORAL,False,,SAFE,LONG_WINDOW|RATIO_OF_AVERAGES|TRANSACTION_COUNT|UPI_XFER|WINDOW_L7_31D
F569,RA_UPI_TXN_CR_L7_31D,Ratio of avgs: of UPI  Total Amount - last 7 to 31D,False,UPI,RATIO_OF_AVERAGES,L7_31D,CREDIT,BEHAVIORAL,False,,SAFE,AMOUNT|CREDIT|LONG_WINDOW|RATIO_OF_AVERAGES|UPI|WINDOW_L7_31D
F570,RA_UPI_TXN_DB_L7_31D,Ratio of avgs: of UPI  Credit txns - last 7 to 31D,False,UPI,RATIO_OF_AVERAGES,L7_31D,DEBIT,BEHAVIORAL,False,,SAFE,DEBIT|LONG_WINDOW|RATIO_OF_AVERAGES|TRANSACTION_COUNT|UPI|WINDOW_L7_31D
F571,RA_UPI_XFER_AMT_L7_31D,Ratio of avgs: of UPI  Debit txns - last 7 to 31D,False,UPI_XFER,RATIO_OF_AVERAGES,L7_31D,BOTH,BEHAVIORAL,False,,SAFE,AMOUNT|LONG_WINDOW|RATIO_OF_AVERAGES|TRANSACTION_COUNT|UPI_XFER|WINDOW_L7_31D
F572,RA_UPI_AMT_CR_L7_31D,Ratio of avgs: of UPI  Credit Amount - last 7 to 31D,False,UPI,RATIO_OF_AVERAGES,L7_31D,CREDIT,BEHAVIORAL,False,,SAFE,AMOUNT|CREDIT|LONG_WINDOW|RATIO_OF_AVERAGES|UPI|WINDOW_L7_31D
F573,RA_UPI_AMT_DB_L7_31D,Ratio of avgs: of UPI  Debit Amount - last 7 to 31D,False,UPI,RATIO_OF_AVERAGES,L7_31D,DEBIT,BEHAVIORAL,False,,SAFE,AMOUNT|DEBIT|LONG_WINDOW|RATIO_OF_AVERAGES|UPI|WINDOW_L7_31D
F574,RA_NET_BNKING_TXN_L7_31D,Ratio of avgs: of Net Banking Total txns - last 7 to 31D,False,NET_BANKING,RATIO_OF_AVERAGES,L7_31D,BOTH,BEHAVIORAL,False,,SAFE,LONG_WINDOW|NET_BANKING|RATIO_OF_AVERAGES|TRANSACTION_COUNT|WINDOW_L7_31D
F575,RA_NET_BNKING_TXN_CR_L7_31D,Ratio of avgs: of Net Banking Credit txns - last 7 to 31D,False,NET_BANKING,RATIO_OF_AVERAGES,L7_31D,CREDIT,BEHAVIORAL,False,,SAFE,CREDIT|LONG_WINDOW|NET_BANKING|RATIO_OF_AVERAGES|TRANSACTION_COUNT|WINDOW_L7_31D
F576,RA_NET_BNKING_TXN_DB_L7_31D,Ratio of avgs: of Net Banking Debit txns - last 7 to 31D,False,NET_BANKING,RATIO_OF_AVERAGES,L7_31D,DEBIT,BEHAVIORAL,False,,SAFE,DEBIT|LONG_WINDOW|NET_BANKING|RATIO_OF_AVERAGES|TRANSACTION_COUNT|WINDOW_L7_31D
F577,RA_NET_BNKING_AMT_L7_31D,Ratio of avgs: of Net Banking Total Amount - last 7 to 31D,False,NET_BANKING,RATIO_OF_AVERAGES,L7_31D,BOTH,BEHAVIORAL,False,,SAFE,AMOUNT|LONG_WINDOW|NET_BANKING|RATIO_OF_AVERAGES|WINDOW_L7_31D
F578,RA_NET_BNKING_AMT_CR_L7_31D,Ratio of avgs: of Net Banking Credit Amount - last 7 to 31D,False,NET_BANKING,RATIO_OF_AVERAGES,L7_31D,CREDIT,BEHAVIORAL,False,,SAFE,AMOUNT|CREDIT|LONG_WINDOW|NET_BANKING|RATIO_OF_AVERAGES|WINDOW_L7_31D
F579,RA_NET_BNKING_AMT_DB_L7_31D,Ratio of avgs: of Net Banking Debit Amount - last 7 to 31D,False,NET_BANKING,RATIO_OF_AVERAGES,L7_31D,DEBIT,BEHAVIORAL,False,,SAFE,AMOUNT|DEBIT|LONG_WINDOW|NET_BANKING|RATIO_OF_AVERAGES|WINDOW_L7_31D
F580,RA_MOB_BNKING_TXN_L7_31D,Ratio of avgs: of Mobile Banking Total txns - last 7 to 31D,False,MOBILE_BANKING,RATIO_OF_AVERAGES,L7_31D,BOTH,BEHAVIORAL,False,,SAFE,LONG_WINDOW|MOBILE_BANKING|RATIO_OF_AVERAGES|TRANSACTION_COUNT|WINDOW_L7_31D
F581,RA_MBNKING_TXN_CR_L7_31D,Ratio of avgs: of Mobile Banking Total Amount - last 7 to 31D,False,MOBILE_BANKING,RATIO_OF_AVERAGES,L7_31D,CREDIT,BEHAVIORAL,False,,SAFE,AMOUNT|CREDIT|LONG_WINDOW|MOBILE_BANKING|RATIO_OF_AVERAGES|WINDOW_L7_31D
F582,RA_MBNKING_TXN_DB_L7_31D,Ratio of avgs: of Mobile Banking Credit txns - last 7 to 31D,False,MOBILE_BANKING,RATIO_OF_AVERAGES,L7_31D,DEBIT,BEHAVIORAL,False,,SAFE,DEBIT|LONG_WINDOW|MOBILE_BANKING|RATIO_OF_AVERAGES|TRANSACTION_COUNT|WINDOW_L7_31D
F583,RA_MOB_BNKING_AMT_L7_31D,Ratio of avgs: of Mobile Banking Debit txns - last 7 to 31D,False,MOBILE_BANKING,RATIO_OF_AVERAGES,L7_31D,BOTH,BEHAVIORAL,False,,SAFE,AMOUNT|LONG_WINDOW|MOBILE_BANKING|RATIO_OF_AVERAGES|TRANSACTION_COUNT|WINDOW_L7_31D
F584,RA_MBNKING_AMT_CR_L7_31D,Ratio of avgs: of Mobile Banking Credit Amount - last 7 to 31D,False,MOBILE_BANKING,RATIO_OF_AVERAGES,L7_31D,CREDIT,BEHAVIORAL,False,,SAFE,AMOUNT|CREDIT|LONG_WINDOW|MOBILE_BANKING|RATIO_OF_AVERAGES|WINDOW_L7_31D
F585,RA_MBNKING_AMT_DB_L7_31D,Ratio of avgs: of Mobile Banking Debit Amount - last 7 to 31D,False,MOBILE_BANKING,RATIO_OF_AVERAGES,L7_31D,DEBIT,BEHAVIORAL,False,,SAFE,AMOUNT|DEBIT|LONG_WINDOW|MOBILE_BANKING|RATIO_OF_AVERAGES|WINDOW_L7_31D
F586,RA_POS_PYMT_TXN_L7_31D,Ratio of avgs: of Merchant Payment Total txns - last 7 to 31D,False,POS_MERCHANT,RATIO_OF_AVERAGES,L7_31D,BOTH,BEHAVIORAL,False,,SAFE,LONG_WINDOW|POS_MERCHANT|RATIO_OF_AVERAGES|TRANSACTION_COUNT|WINDOW_L7_31D
F587,RA_POS_PYMT_TXN_CR_L7_31D,Ratio of avgs: of Merchant Payment Credit txns - last 7 to 31D,False,POS_MERCHANT,RATIO_OF_AVERAGES,L7_31D,CREDIT,BEHAVIORAL,False,,SAFE,CREDIT|LONG_WINDOW|POS_MERCHANT|RATIO_OF_AVERAGES|TRANSACTION_COUNT|WINDOW_L7_31D
F588,RA_POS_PYMT_TXN_DB_L7_31D,Ratio of avgs: of Merchant Payment Debit txns - last 7 to 31D,False,POS_MERCHANT,RATIO_OF_AVERAGES,L7_31D,DEBIT,BEHAVIORAL,False,,SAFE,DEBIT|LONG_WINDOW|POS_MERCHANT|RATIO_OF_AVERAGES|TRANSACTION_COUNT|WINDOW_L7_31D
F589,RA_POS_PYMT_AMT_L7_31D,Ratio of avgs: of Merchant Payment Total Amount - last 7 to 31D,False,POS_MERCHANT,RATIO_OF_AVERAGES,L7_31D,BOTH,BEHAVIORAL,False,,SAFE,AMOUNT|LONG_WINDOW|POS_MERCHANT|RATIO_OF_AVERAGES|WINDOW_L7_31D
F590,RA_POS_PYMT_AMT_CR_L7_31D,Ratio of avgs: of Merchant Payment Credit Amount - last 7 to 31D,False,POS_MERCHANT,RATIO_OF_AVERAGES,L7_31D,CREDIT,BEHAVIORAL,False,,SAFE,AMOUNT|CREDIT|LONG_WINDOW|POS_MERCHANT|RATIO_OF_AVERAGES|WINDOW_L7_31D
F591,RA_POS_PYMT_AMT_DB_L7_31D,Ratio of avgs: of Merchant Payment Debit Amount - last 7 to 31D,False,POS_MERCHANT,RATIO_OF_AVERAGES,L7_31D,DEBIT,BEHAVIORAL,False,,SAFE,AMOUNT|DEBIT|LONG_WINDOW|POS_MERCHANT|RATIO_OF_AVERAGES|WINDOW_L7_31D
F592,RA_APB_TXN_L7_31D,Ratio of avgs: of Aadhar Payment Bridge Total txns - last 7 to 31D,False,AADHAAR_PAYMENT_BRIDGE,RATIO_OF_AVERAGES,L7_31D,BOTH,BEHAVIORAL,False,,SAFE,AADHAAR_PAYMENT_BRIDGE|LONG_WINDOW|RATIO_OF_AVERAGES|TRANSACTION_COUNT|WINDOW_L7_31D
F593,RA_APB_TXN_CR_L7_31D,Ratio of avgs: of Aadhar Payment Bridge Credit txns - last 7 to 31D,False,AADHAAR_PAYMENT_BRIDGE,RATIO_OF_AVERAGES,L7_31D,CREDIT,BEHAVIORAL,False,,SAFE,AADHAAR_PAYMENT_BRIDGE|CREDIT|LONG_WINDOW|RATIO_OF_AVERAGES|TRANSACTION_COUNT|WINDOW_L7_31D
F594,RA_APB_TXN_DB_L7_31D,Ratio of avgs: of Aadhar Payment Bridge Debit txns - last 7 to 31D,False,AADHAAR_PAYMENT_BRIDGE,RATIO_OF_AVERAGES,L7_31D,DEBIT,BEHAVIORAL,False,,SAFE,AADHAAR_PAYMENT_BRIDGE|DEBIT|LONG_WINDOW|RATIO_OF_AVERAGES|TRANSACTION_COUNT|WINDOW_L7_31D
F595,RA_APB_AMT_L7_31D,Ratio of avgs: of Aadhar Payment Bridge Total Amount - last 7 to 31D,False,AADHAAR_PAYMENT_BRIDGE,RATIO_OF_AVERAGES,L7_31D,BOTH,BEHAVIORAL,False,,SAFE,AADHAAR_PAYMENT_BRIDGE|AMOUNT|LONG_WINDOW|RATIO_OF_AVERAGES|WINDOW_L7_31D
F596,RA_APB_AMT_CR_L7_31D,Ratio of avgs: of Aadhar Payment Bridge Credit Amount - last 7 to 31D,False,AADHAAR_PAYMENT_BRIDGE,RATIO_OF_AVERAGES,L7_31D,CREDIT,BEHAVIORAL,False,,SAFE,AADHAAR_PAYMENT_BRIDGE|AMOUNT|CREDIT|LONG_WINDOW|RATIO_OF_AVERAGES|WINDOW_L7_31D
F597,RA_APB_AMT_DB_L7_31D,Ratio of avgs: of Aadhar Payment Bridge Debit Amount - last 7 to 31D,False,AADHAAR_PAYMENT_BRIDGE,RATIO_OF_AVERAGES,L7_31D,DEBIT,BEHAVIORAL,False,,SAFE,AADHAAR_PAYMENT_BRIDGE|AMOUNT|DEBIT|LONG_WINDOW|RATIO_OF_AVERAGES|WINDOW_L7_31D
F598,RA_LOAN_TXN_L7_31D,Ratio of avgs: of Loan Total txns - last 7 to 31D,False,LOAN,RATIO_OF_AVERAGES,L7_31D,BOTH,BEHAVIORAL,False,,SAFE,LOAN|LONG_WINDOW|RATIO_OF_AVERAGES|TRANSACTION_COUNT|WINDOW_L7_31D
F599,RA_LOAN_TXN_CR_L7_31D,Ratio of avgs: of Loan Credit txns - last 7 to 31D,False,LOAN,RATIO_OF_AVERAGES,L7_31D,CREDIT,BEHAVIORAL,False,,SAFE,CREDIT|LOAN|LONG_WINDOW|RATIO_OF_AVERAGES|TRANSACTION_COUNT|WINDOW_L7_31D
F600,RA_LOAN_TXN_DB_L7_31D,Ratio of avgs: of Loan Debit txns - last 7 to 31D,False,LOAN,RATIO_OF_AVERAGES,L7_31D,DEBIT,BEHAVIORAL,False,,SAFE,DEBIT|LOAN|LONG_WINDOW|RATIO_OF_AVERAGES|TRANSACTION_COUNT|WINDOW_L7_31D
F601,RA_LOAN_AMT_L7_31D,Ratio of avgs: of Loan Total Amount - last 7 to 31D,False,LOAN,RATIO_OF_AVERAGES,L7_31D,BOTH,BEHAVIORAL,False,,SAFE,AMOUNT|LOAN|LONG_WINDOW|RATIO_OF_AVERAGES|WINDOW_L7_31D
F602,RA_LOAN_AMT_CR_L7_31D,Ratio of avgs: of Loan Credit Amount - last 7 to 31D,False,LOAN,RATIO_OF_AVERAGES,L7_31D,CREDIT,BEHAVIORAL,False,,SAFE,AMOUNT|CREDIT|LOAN|LONG_WINDOW|RATIO_OF_AVERAGES|WINDOW_L7_31D
F603,RA_LOAN_AMT_DB_L7_31D,Ratio of avgs: of Loan Debit Amount - last 7 to 31D,False,LOAN,RATIO_OF_AVERAGES,L7_31D,DEBIT,BEHAVIORAL,False,,SAFE,AMOUNT|DEBIT|LOAN|LONG_WINDOW|RATIO_OF_AVERAGES|WINDOW_L7_31D
F604,RA_STDNG_INSTR_L7_31D,Ratio of avgs: of Standing Instruction Total txns - last 7 to 31D,False,STANDING_INSTRUCTION,RATIO_OF_AVERAGES,L7_31D,BOTH,BEHAVIORAL,False,,SAFE,LONG_WINDOW|RATIO_OF_AVERAGES|STANDING_INSTRUCTION|TRANSACTION_COUNT|WINDOW_L7_31D
F605,RA_STDNG_INSTR_CR_TXN_L7_31D,Ratio of avgs: of Standing Instruction Credit txns - last 7 to 31D,False,STANDING_INSTRUCTION,RATIO_OF_AVERAGES,L7_31D,CREDIT,BEHAVIORAL,False,,SAFE,CREDIT|LONG_WINDOW|RATIO_OF_AVERAGES|STANDING_INSTRUCTION|TRANSACTION_COUNT|WINDOW_L7_31D
F606,RA_STDNG_INSTR_DB_TXN_L7_31D,Ratio of avgs: of Standing Instruction Debit txns - last 7 to 31D,False,STANDING_INSTRUCTION,RATIO_OF_AVERAGES,L7_31D,DEBIT,BEHAVIORAL,False,,SAFE,DEBIT|LONG_WINDOW|RATIO_OF_AVERAGES|STANDING_INSTRUCTION|TRANSACTION_COUNT|WINDOW_L7_31D
F607,RA_STDNG_INSTR_AMT_L7_31D,Ratio of avgs: of Standing Instruction Total Amount - last 7 to 31D,False,STANDING_INSTRUCTION,RATIO_OF_AVERAGES,L7_31D,BOTH,BEHAVIORAL,False,,SAFE,AMOUNT|LONG_WINDOW|RATIO_OF_AVERAGES|STANDING_INSTRUCTION|WINDOW_L7_31D
F608,RA_STDNG_INSTR_AMT_CR_L7_31D,Ratio of avgs: of Standing Instruction Credit Amount - last 7 to 31D,False,STANDING_INSTRUCTION,RATIO_OF_AVERAGES,L7_31D,CREDIT,BEHAVIORAL,False,,SAFE,AMOUNT|CREDIT|LONG_WINDOW|RATIO_OF_AVERAGES|STANDING_INSTRUCTION|WINDOW_L7_31D
F609,RA_STDNG_INSTR_AMT_DB_L7_31D,Ratio of avgs: of Standing Instruction Debit Amount - last 7 to 31D,False,STANDING_INSTRUCTION,RATIO_OF_AVERAGES,L7_31D,DEBIT,BEHAVIORAL,False,,SAFE,AMOUNT|DEBIT|LONG_WINDOW|RATIO_OF_AVERAGES|STANDING_INSTRUCTION|WINDOW_L7_31D
F610,MIN_CASH_TXNS_L7D,Min Cash Total Txns - last 7D,False,CASH,MINIMUM,L7D,BOTH,BEHAVIORAL,False,,SAFE,CASH|MINIMUM|SHORT_WINDOW|TRANSACTION_COUNT|WINDOW_L7D
F611,MIN_CASH_TXNS_CR_L7D,Min Cash Credit Txns - last 7D,False,CASH,MINIMUM,L7D,CREDIT,BEHAVIORAL,False,,SAFE,CASH|CREDIT|MINIMUM|SHORT_WINDOW|TRANSACTION_COUNT|WINDOW_L7D
F612,MIN_CASH_TXNS_DB_L7D,Min Cash Debit Txns - last 7D,False,CASH,MINIMUM,L7D,DEBIT,BEHAVIORAL,False,,SAFE,CASH|DEBIT|MINIMUM|SHORT_WINDOW|TRANSACTION_COUNT|WINDOW_L7D
F613,MIN_CASH_AMT_L7D,Min Cash Total Amount - last 7D,False,CASH,MINIMUM,L7D,BOTH,BEHAVIORAL,False,,SAFE,AMOUNT|CASH|MINIMUM|SHORT_WINDOW|WINDOW_L7D
F614,MIN_CASH_AMT_CR_L7D,Min Cash Credit Amount - last 7D,False,CASH,MINIMUM,L7D,CREDIT,BEHAVIORAL,False,,SAFE,AMOUNT|CASH|CREDIT|MINIMUM|SHORT_WINDOW|WINDOW_L7D
F615,MIN_CASH_AMT_DB_L7D,Min Cash Debit Amount - last 7D,False,CASH,MINIMUM,L7D,DEBIT,BEHAVIORAL,False,,SAFE,AMOUNT|CASH|DEBIT|MINIMUM|SHORT_WINDOW|WINDOW_L7D
F616,MIN_CHQ_TXNS_L7D,Min Cheque Total Txns - last 7D,False,CHEQUE,MINIMUM,L7D,BOTH,BEHAVIORAL,False,,SAFE,CHEQUE|MINIMUM|SHORT_WINDOW|TRANSACTION_COUNT|WINDOW_L7D
F617,MIN_CHQ_TXNS_CR_L7D,Min Cheque Credit Txns - last 7D,False,CHEQUE,MINIMUM,L7D,CREDIT,BEHAVIORAL,False,,SAFE,CHEQUE|CREDIT|MINIMUM|SHORT_WINDOW|TRANSACTION_COUNT|WINDOW_L7D
F618,MIN_CHQ_TXNS_DB_L7D,Min Cheque Debit Txns - last 7D,False,CHEQUE,MINIMUM,L7D,DEBIT,BEHAVIORAL,False,,SAFE,CHEQUE|DEBIT|MINIMUM|SHORT_WINDOW|TRANSACTION_COUNT|WINDOW_L7D
F619,MIN_CHQ_AMT_L7D,Min Cheque Total Amount - last 7D,False,CHEQUE,MINIMUM,L7D,BOTH,BEHAVIORAL,False,,SAFE,AMOUNT|CHEQUE|MINIMUM|SHORT_WINDOW|WINDOW_L7D
F620,MIN_CHQ_AMT_CR_L7D,Min Cheque Credit Amount - last 7D,False,CHEQUE,MINIMUM,L7D,CREDIT,BEHAVIORAL,False,,SAFE,AMOUNT|CHEQUE|CREDIT|MINIMUM|SHORT_WINDOW|WINDOW_L7D
F621,MIN_CHQ_AMT_DB_L7D,Min Cheque Debit Amount - last 7D,False,CHEQUE,MINIMUM,L7D,DEBIT,BEHAVIORAL,False,,SAFE,AMOUNT|CHEQUE|DEBIT|MINIMUM|SHORT_WINDOW|WINDOW_L7D
F622,MIN_NON_CASH_CHQ_TXNS_L7D,Min Non Cash Non Cheque Total Txns - last 7D,False,NON_CASH_CHQ,MINIMUM,L7D,BOTH,BEHAVIORAL,False,,SAFE,MINIMUM|NON_CASH_CHQ|SHORT_WINDOW|TRANSACTION_COUNT|WINDOW_L7D
F623,MIN_NON_CASH_CHQ_TXNS_CR_L7D,Min Non Cash Non Cheque Credit Txns - last 7D,False,NON_CASH_CHQ,MINIMUM,L7D,CREDIT,BEHAVIORAL,False,,SAFE,CREDIT|MINIMUM|NON_CASH_CHQ|SHORT_WINDOW|TRANSACTION_COUNT|WINDOW_L7D
F624,MIN_NON_CASH_CHQ_TXNS_DB_L7D,Min Non Cash Non Cheque Debit Txns - last 7D,False,NON_CASH_CHQ,MINIMUM,L7D,DEBIT,BEHAVIORAL,False,,SAFE,DEBIT|MINIMUM|NON_CASH_CHQ|SHORT_WINDOW|TRANSACTION_COUNT|WINDOW_L7D
F625,MIN_NON_CASH_CHQ_AMT_L7D,Min Non Cash Non Cheque Total Amount - last 7D,False,NON_CASH_CHQ,MINIMUM,L7D,BOTH,BEHAVIORAL,False,,SAFE,AMOUNT|MINIMUM|NON_CASH_CHQ|SHORT_WINDOW|WINDOW_L7D
F626,MIN_NON_CASH_CHQ_AMT_CR_L7D,Min Non Cash Non Cheque Credit Amount - last 7D,False,NON_CASH_CHQ,MINIMUM,L7D,CREDIT,BEHAVIORAL,False,,SAFE,AMOUNT|CREDIT|MINIMUM|NON_CASH_CHQ|SHORT_WINDOW|WINDOW_L7D
F627,MIN_NON_CASH_CHQ_AMT_DB_L7D,Min Non Cash Non Cheque Debit Amount - last 7D,False,NON_CASH_CHQ,MINIMUM,L7D,DEBIT,BEHAVIORAL,False,,SAFE,AMOUNT|DEBIT|MINIMUM|NON_CASH_CHQ|SHORT_WINDOW|WINDOW_L7D
F628,MIN_CI_NON_CASH_CHQ_TXNS_L7D,Min Customer Induced Non Cash Non Cheque Total Txns - last 7D,False,NON_CASH_CHQ,MINIMUM,L7D,BOTH,BEHAVIORAL,False,,SAFE,MINIMUM|NON_CASH_CHQ|SHORT_WINDOW|TRANSACTION_COUNT|WINDOW_L7D
F629,MIN_CI_NON_CASH_CHQ_TXNS_CR_L7D,Min Customer Induced Non Cash Non Cheque Credit Txns - last 7D,False,NON_CASH_CHQ,MINIMUM,L7D,CREDIT,BEHAVIORAL,False,,SAFE,CREDIT|MINIMUM|NON_CASH_CHQ|SHORT_WINDOW|TRANSACTION_COUNT|WINDOW_L7D
F630,MIN_CI_NON_CASH_CHQ_TXNS_DB_L7D,Min Customer Induced Non Cash Non Cheque Debit Txns - last 7D,False,NON_CASH_CHQ,MINIMUM,L7D,DEBIT,BEHAVIORAL,False,,SAFE,DEBIT|MINIMUM|NON_CASH_CHQ|SHORT_WINDOW|TRANSACTION_COUNT|WINDOW_L7D
F631,MIN_CI_NON_CASH_CHQ_AMT_L7D,Min Customer Induced Non Cash Non Cheque Total Amount - last 7D,False,NON_CASH_CHQ,MINIMUM,L7D,BOTH,BEHAVIORAL,False,,SAFE,AMOUNT|MINIMUM|NON_CASH_CHQ|SHORT_WINDOW|WINDOW_L7D
F632,MIN_CI_NON_CASH_CHQ_AMT_CR_L7D,Min Customer Induced Non Cash Non Cheque Credit Amount - last 7D,False,NON_CASH_CHQ,MINIMUM,L7D,CREDIT,BEHAVIORAL,False,,SAFE,AMOUNT|CREDIT|MINIMUM|NON_CASH_CHQ|SHORT_WINDOW|WINDOW_L7D
F633,MIN_CI_NON_CASH_CHQ_AMT_DB_L7D,Min Customer Induced Non Cash Non Cheque Debit Amount - last 7D,False,NON_CASH_CHQ,MINIMUM,L7D,DEBIT,BEHAVIORAL,False,,SAFE,AMOUNT|DEBIT|MINIMUM|NON_CASH_CHQ|SHORT_WINDOW|WINDOW_L7D
F634,MIN_CI_TXNS_L7D,Min Customer Induced Total Txns - last 7D,False,CASH_INTENSIVE,MINIMUM,L7D,BOTH,BEHAVIORAL,False,,SAFE,CASH_INTENSIVE|MINIMUM|SHORT_WINDOW|TRANSACTION_COUNT|WINDOW_L7D
F635,MIN_CI_TXNS_CR_L7D,Min Customer Induced Credit Txns - last 7D,False,CASH_INTENSIVE,MINIMUM,L7D,CREDIT,BEHAVIORAL,False,,SAFE,CASH_INTENSIVE|CREDIT|MINIMUM|SHORT_WINDOW|TRANSACTION_COUNT|WINDOW_L7D
F636,MIN_CI_TXNS_DB_L7D,Min Customer Induced Debit Txns - last 7D,False,CASH_INTENSIVE,MINIMUM,L7D,DEBIT,BEHAVIORAL,False,,SAFE,CASH_INTENSIVE|DEBIT|MINIMUM|SHORT_WINDOW|TRANSACTION_COUNT|WINDOW_L7D
F637,MIN_CI_AMT_L7D,Min Customer Induced Total Amount - last 7D,False,CASH_INTENSIVE,MINIMUM,L7D,BOTH,BEHAVIORAL,False,,SAFE,AMOUNT|CASH_INTENSIVE|MINIMUM|SHORT_WINDOW|WINDOW_L7D
F638,MIN_CI_AMT_CR_L7D,Min Customer Induced Credit Amount - last 7D,False,CASH_INTENSIVE,MINIMUM,L7D,CREDIT,BEHAVIORAL,False,,SAFE,AMOUNT|CASH_INTENSIVE|CREDIT|MINIMUM|SHORT_WINDOW|WINDOW_L7D
F639,MIN_CI_AMT_DB_L7D,Min Customer Induced Debit Amount - last 7D,False,CASH_INTENSIVE,MINIMUM,L7D,DEBIT,BEHAVIORAL,False,,SAFE,AMOUNT|CASH_INTENSIVE|DEBIT|MINIMUM|SHORT_WINDOW|WINDOW_L7D
F640,MIN_ATM_TXNS_L7D,Min ATM Total Txns - last 7D,False,ATM,MINIMUM,L7D,BOTH,BEHAVIORAL,False,,SAFE,ATM|MINIMUM|SHORT_WINDOW|TRANSACTION_COUNT|WINDOW_L7D
F641,MIN_ATM_TXNS_CR_L7D,Min ATM Credit Txns - last 7D,False,ATM,MINIMUM,L7D,CREDIT,BEHAVIORAL,False,,SAFE,ATM|CREDIT|MINIMUM|SHORT_WINDOW|TRANSACTION_COUNT|WINDOW_L7D
F642,MIN_ATM_TXNS_DB_L7D,Min ATM Debit Txns - last 7D,False,ATM,MINIMUM,L7D,DEBIT,BEHAVIORAL,False,,SAFE,ATM|DEBIT|MINIMUM|SHORT_WINDOW|TRANSACTION_COUNT|WINDOW_L7D
F643,MIN_ATM_AMT_L7D,Min ATM Total Amount - last 7D,False,ATM,MINIMUM,L7D,BOTH,BEHAVIORAL,False,,SAFE,AMOUNT|ATM|MINIMUM|SHORT_WINDOW|WINDOW_L7D
F644,MIN_ATM_AMT_CR_L7D,Min ATM Credit Amount - last 7D,False,ATM,MINIMUM,L7D,CREDIT,BEHAVIORAL,False,,SAFE,AMOUNT|ATM|CREDIT|MINIMUM|SHORT_WINDOW|WINDOW_L7D
F645,MIN_ATM_AMT_DB_L7D,Min ATM Debit Amount - last 7D,False,ATM,MINIMUM,L7D,DEBIT,BEHAVIORAL,False,,SAFE,AMOUNT|ATM|DEBIT|MINIMUM|SHORT_WINDOW|WINDOW_L7D
F646,MIN_BI_FEES_CHRGS_TXNS_L7D,Min Bank Induced Fees Charges Total Txns - last 7D,False,FEES_AND_CHARGES,MINIMUM,L7D,BOTH,BEHAVIORAL,False,,SAFE,FEES_AND_CHARGES|MINIMUM|SHORT_WINDOW|TRANSACTION_COUNT|WINDOW_L7D
F647,MIN_BI_FEES_CHRGS_TXNS_CR_L7D,Min Bank Induced Fees Charges Credit Txns - last 7D,False,FEES_AND_CHARGES,MINIMUM,L7D,CREDIT,BEHAVIORAL,False,,SAFE,CREDIT|FEES_AND_CHARGES|MINIMUM|SHORT_WINDOW|TRANSACTION_COUNT|WINDOW_L7D
F648,MIN_BI_FEES_CHRGS_TXNS_DB_L7D,Min Bank Induced Fees Charges Debit Txns - last 7D,False,FEES_AND_CHARGES,MINIMUM,L7D,DEBIT,BEHAVIORAL,False,,SAFE,DEBIT|FEES_AND_CHARGES|MINIMUM|SHORT_WINDOW|TRANSACTION_COUNT|WINDOW_L7D
F649,MIN_BI_FEES_CHRGS_AMT_L7D,Min Bank Induced Fees Charges Total Amount - last 7D,False,FEES_AND_CHARGES,MINIMUM,L7D,BOTH,BEHAVIORAL,False,,SAFE,AMOUNT|FEES_AND_CHARGES|MINIMUM|SHORT_WINDOW|WINDOW_L7D
F650,MIN_BI_FEES_CHRGS_AMT_CR_L7D,Min Bank Induced Fees Charges Credit Amount - last 7D,False,FEES_AND_CHARGES,MINIMUM,L7D,CREDIT,BEHAVIORAL,False,,SAFE,AMOUNT|CREDIT|FEES_AND_CHARGES|MINIMUM|SHORT_WINDOW|WINDOW_L7D
F651,MIN_BI_FEES_CHRGS_AMT_DB_L7D,Min Bank Induced Fees Charges Debit Amount - last 7D,False,FEES_AND_CHARGES,MINIMUM,L7D,DEBIT,BEHAVIORAL,False,,SAFE,AMOUNT|DEBIT|FEES_AND_CHARGES|MINIMUM|SHORT_WINDOW|WINDOW_L7D
F652,MIN_CI_FEES_CHRGS_TXNS_L7D,Min Customer Induced Fees Charges Total Txns - last 7D,False,FEES_AND_CHARGES,MINIMUM,L7D,BOTH,BEHAVIORAL,False,,SAFE,FEES_AND_CHARGES|MINIMUM|SHORT_WINDOW|TRANSACTION_COUNT|WINDOW_L7D
F653,MIN_CI_FEES_CHRGS_TXNS_CR_L7D,Min Customer Induced Fees Charges Credit Txns - last 7D,False,FEES_AND_CHARGES,MINIMUM,L7D,CREDIT,BEHAVIORAL,False,,SAFE,CREDIT|FEES_AND_CHARGES|MINIMUM|SHORT_WINDOW|TRANSACTION_COUNT|WINDOW_L7D
F654,MIN_CI_FEES_CHRGS_TXNS_DB_L7D,Min Customer Induced Fees Charges Debit Txns - last 7D,False,FEES_AND_CHARGES,MINIMUM,L7D,DEBIT,BEHAVIORAL,False,,SAFE,DEBIT|FEES_AND_CHARGES|MINIMUM|SHORT_WINDOW|TRANSACTION_COUNT|WINDOW_L7D
F655,MIN_CI_FEES_CHRGS_AMT_L7D,Min Customer Induced Fees Charges Total Amount - last 7D,False,FEES_AND_CHARGES,MINIMUM,L7D,BOTH,BEHAVIORAL,False,,SAFE,AMOUNT|FEES_AND_CHARGES|MINIMUM|SHORT_WINDOW|WINDOW_L7D
F656,MIN_CI_FEES_CHRGS_AMT_CR_L7D,Min Customer Induced Fees Charges Credit Amount - last 7D,False,FEES_AND_CHARGES,MINIMUM,L7D,CREDIT,BEHAVIORAL,False,,SAFE,AMOUNT|CREDIT|FEES_AND_CHARGES|MINIMUM|SHORT_WINDOW|WINDOW_L7D
F657,MIN_CI_FEES_CHRGS_AMT_DB_L7D,Min Customer Induced Fees Charges Debit Amount - last 7D,False,FEES_AND_CHARGES,MINIMUM,L7D,DEBIT,BEHAVIORAL,False,,SAFE,AMOUNT|DEBIT|FEES_AND_CHARGES|MINIMUM|SHORT_WINDOW|WINDOW_L7D
F658,MIN_GST_TXNS_L7D,Min GST Total Txns - last 7D,False,GST,MINIMUM,L7D,BOTH,BEHAVIORAL,False,,SAFE,GST|MINIMUM|SHORT_WINDOW|TRANSACTION_COUNT|WINDOW_L7D
F659,MIN_GST_TXNS_CR_L7D,Min GST Credit Txns - last 7D,False,GST,MINIMUM,L7D,CREDIT,BEHAVIORAL,False,,SAFE,CREDIT|GST|MINIMUM|SHORT_WINDOW|TRANSACTION_COUNT|WINDOW_L7D
F660,MIN_GST_TXNS_DB_L7D,Min GST Debit Txns - last 7D,False,GST,MINIMUM,L7D,DEBIT,BEHAVIORAL,False,,SAFE,DEBIT|GST|MINIMUM|SHORT_WINDOW|TRANSACTION_COUNT|WINDOW_L7D
F661,MIN_GST_AMT_L7D,Min GST Total Amount - last 7D,False,GST,MINIMUM,L7D,BOTH,BEHAVIORAL,False,,SAFE,AMOUNT|GST|MINIMUM|SHORT_WINDOW|WINDOW_L7D
F662,MIN_GST_AMT_CR_L7D,Min GST Credit Amount - last 7D,False,GST,MINIMUM,L7D,CREDIT,BEHAVIORAL,False,,SAFE,AMOUNT|CREDIT|GST|MINIMUM|SHORT_WINDOW|WINDOW_L7D
F663,MIN_GST_AMT_DB_L7D,Min GST Debit Amount - last 7D,False,GST,MINIMUM,L7D,DEBIT,BEHAVIORAL,False,,SAFE,AMOUNT|DEBIT|GST|MINIMUM|SHORT_WINDOW|WINDOW_L7D
F664,MIN_ELEC_XFER_TXNS_L7D,Min Online Transfer (IMPS+NEFT+RTGS) Total Txns - last 7D,False,ELEC_XFER,MINIMUM,L7D,BOTH,BEHAVIORAL,False,,SAFE,ELEC_XFER|MINIMUM|SHORT_WINDOW|TRANSACTION_COUNT|WINDOW_L7D
F665,MIN_ELEC_XFER_TXNS_CR_L7D,Min Online Transfer (IMPS+NEFT+RTGS) Credit Txns - last 7D,False,ELEC_XFER,MINIMUM,L7D,CREDIT,BEHAVIORAL,False,,SAFE,CREDIT|ELEC_XFER|MINIMUM|SHORT_WINDOW|TRANSACTION_COUNT|WINDOW_L7D
F666,MIN_ELEC_XFER_TXNS_DB_L7D,Min Online Transfer (IMPS+NEFT+RTGS) Debit Txns - last 7D,False,ELEC_XFER,MINIMUM,L7D,DEBIT,BEHAVIORAL,False,,SAFE,DEBIT|ELEC_XFER|MINIMUM|SHORT_WINDOW|TRANSACTION_COUNT|WINDOW_L7D
F667,MIN_ELEC_XFER_AMT_L7D,Min Online Transfer (IMPS+NEFT+RTGS) Total Amount - last 7D,False,ELEC_XFER,MINIMUM,L7D,BOTH,BEHAVIORAL,False,,SAFE,AMOUNT|ELEC_XFER|MINIMUM|SHORT_WINDOW|WINDOW_L7D
F668,MIN_ELEC_XFER_AMT_CR_L7D,Min Online Transfer (IMPS+NEFT+RTGS) Credit Amount - last 7D,False,ELEC_XFER,MINIMUM,L7D,CREDIT,BEHAVIORAL,False,,SAFE,AMOUNT|CREDIT|ELEC_XFER|MINIMUM|SHORT_WINDOW|WINDOW_L7D
F669,MIN_ELEC_XFER_AMT_DB_L7D,Min Online Transfer (IMPS+NEFT+RTGS) Debit Amount - last 7D,False,ELEC_XFER,MINIMUM,L7D,DEBIT,BEHAVIORAL,False,,SAFE,AMOUNT|DEBIT|ELEC_XFER|MINIMUM|SHORT_WINDOW|WINDOW_L7D
F670,MIN_UPI_XFER_TXNS_L7D,Min UPI Total Txns - last 7D,True,UPI_XFER,MINIMUM,L7D,BOTH,BEHAVIORAL,False,,SAFE,MINIMUM|SHORT_WINDOW|TRANSACTION_COUNT|UPI_XFER|WINDOW_L7D
F671,MIN_UPI_TXNS_CR_L7D,Min UPI Credit Txns - last 7D,False,UPI,MINIMUM,L7D,CREDIT,BEHAVIORAL,False,,SAFE,CREDIT|MINIMUM|SHORT_WINDOW|TRANSACTION_COUNT|UPI|WINDOW_L7D
F672,MIN_UPI_TXNS_DB_L7D,Min UPI Debit Txns - last 7D,False,UPI,MINIMUM,L7D,DEBIT,BEHAVIORAL,False,,SAFE,DEBIT|MINIMUM|SHORT_WINDOW|TRANSACTION_COUNT|UPI|WINDOW_L7D
F673,MIN_UPI_XFER_AMT_L7D,Min UPI Total Amount - last 7D,False,UPI_XFER,MINIMUM,L7D,BOTH,BEHAVIORAL,False,,SAFE,AMOUNT|MINIMUM|SHORT_WINDOW|UPI_XFER|WINDOW_L7D
F674,MIN_UPI_AMT_CR_L7D,Min UPI Credit Amount - last 7D,False,UPI,MINIMUM,L7D,CREDIT,BEHAVIORAL,False,,SAFE,AMOUNT|CREDIT|MINIMUM|SHORT_WINDOW|UPI|WINDOW_L7D
F675,MIN_UPI_AMT_DB_L7D,Min UPI Debit Amount - last 7D,False,UPI,MINIMUM,L7D,DEBIT,BEHAVIORAL,False,,SAFE,AMOUNT|DEBIT|MINIMUM|SHORT_WINDOW|UPI|WINDOW_L7D
F676,MIN_NET_BNKING_TXNS_L7D,Min Net Banking Total Txns - last 7D,False,NET_BANKING,MINIMUM,L7D,BOTH,BEHAVIORAL,False,,SAFE,MINIMUM|NET_BANKING|SHORT_WINDOW|TRANSACTION_COUNT|WINDOW_L7D
F677,MIN_NET_BNKING_TXNS_CR_L7D,Min Net Banking Credit Txns - last 7D,False,NET_BANKING,MINIMUM,L7D,CREDIT,BEHAVIORAL,False,,SAFE,CREDIT|MINIMUM|NET_BANKING|SHORT_WINDOW|TRANSACTION_COUNT|WINDOW_L7D
F678,MIN_NET_BNKING_TXNS_DB_L7D,Min Net Banking Debit Txns - last 7D,False,NET_BANKING,MINIMUM,L7D,DEBIT,BEHAVIORAL,False,,SAFE,DEBIT|MINIMUM|NET_BANKING|SHORT_WINDOW|TRANSACTION_COUNT|WINDOW_L7D
F679,MIN_NET_BNKING_AMT_L7D,Min Net Banking Total Amount - last 7D,False,NET_BANKING,MINIMUM,L7D,BOTH,BEHAVIORAL,False,,SAFE,AMOUNT|MINIMUM|NET_BANKING|SHORT_WINDOW|WINDOW_L7D
F680,MIN_NET_BNKING_AMT_CR_L7D,Min Net Banking Credit Amount - last 7D,False,NET_BANKING,MINIMUM,L7D,CREDIT,BEHAVIORAL,False,,SAFE,AMOUNT|CREDIT|MINIMUM|NET_BANKING|SHORT_WINDOW|WINDOW_L7D
F681,MIN_NET_BNKING_AMT_DB_L7D,Min Net Banking Debit Amount - last 7D,False,NET_BANKING,MINIMUM,L7D,DEBIT,BEHAVIORAL,False,,SAFE,AMOUNT|DEBIT|MINIMUM|NET_BANKING|SHORT_WINDOW|WINDOW_L7D
F682,MIN_MOB_BNKING_TXNS_L7D,Min Mobile Banking Total Txns - last 7D,False,MOBILE_BANKING,MINIMUM,L7D,BOTH,BEHAVIORAL,False,,SAFE,MINIMUM|MOBILE_BANKING|SHORT_WINDOW|TRANSACTION_COUNT|WINDOW_L7D
F683,MIN_MBNKING_TXNS_CR_L7D,Min Mobile Banking Total Amount - last 7D,False,MOBILE_BANKING,MINIMUM,L7D,CREDIT,BEHAVIORAL,False,,SAFE,AMOUNT|CREDIT|MINIMUM|MOBILE_BANKING|SHORT_WINDOW|WINDOW_L7D
F684,MIN_MBNKING_TXNS_DB_L7D,Min Mobile Banking Credit Txns - last 7D,False,MOBILE_BANKING,MINIMUM,L7D,DEBIT,BEHAVIORAL,False,,SAFE,DEBIT|MINIMUM|MOBILE_BANKING|SHORT_WINDOW|TRANSACTION_COUNT|WINDOW_L7D
F685,MIN_MOB_BNKING_AMT_L7D,Min Mobile Banking Debit Txns - last 7D,False,MOBILE_BANKING,MINIMUM,L7D,BOTH,BEHAVIORAL,False,,SAFE,AMOUNT|MINIMUM|MOBILE_BANKING|SHORT_WINDOW|TRANSACTION_COUNT|WINDOW_L7D
F686,MIN_MBNKING_AMT_CR_L7D,Min Mobile Banking Credit Amount - last 7D,False,MOBILE_BANKING,MINIMUM,L7D,CREDIT,BEHAVIORAL,False,,SAFE,AMOUNT|CREDIT|MINIMUM|MOBILE_BANKING|SHORT_WINDOW|WINDOW_L7D
F687,MIN_MBNKING_AMT_DB_L7D,Min Mobile Banking Debit Amount - last 7D,False,MOBILE_BANKING,MINIMUM,L7D,DEBIT,BEHAVIORAL,False,,SAFE,AMOUNT|DEBIT|MINIMUM|MOBILE_BANKING|SHORT_WINDOW|WINDOW_L7D
F688,MIN_POS_PYMT_TXNS_L7D,Min Merchant Payment Total Txns - last 7D,False,POS_MERCHANT,MINIMUM,L7D,BOTH,BEHAVIORAL,False,,SAFE,MINIMUM|POS_MERCHANT|SHORT_WINDOW|TRANSACTION_COUNT|WINDOW_L7D
F689,MIN_POS_PYMT_TXNS_CR_L7D,Min Merchant Payment Credit Txns - last 7D,False,POS_MERCHANT,MINIMUM,L7D,CREDIT,BEHAVIORAL,False,,SAFE,CREDIT|MINIMUM|POS_MERCHANT|SHORT_WINDOW|TRANSACTION_COUNT|WINDOW_L7D
F690,MIN_POS_PYMT_TXNS_DB_L7D,Min Merchant Payment Debit Txns - last 7D,False,POS_MERCHANT,MINIMUM,L7D,DEBIT,BEHAVIORAL,False,,SAFE,DEBIT|MINIMUM|POS_MERCHANT|SHORT_WINDOW|TRANSACTION_COUNT|WINDOW_L7D
F691,MIN_POS_PYMT_AMT_L7D,Min Merchant Payment Total Amount - last 7D,False,POS_MERCHANT,MINIMUM,L7D,BOTH,BEHAVIORAL,False,,SAFE,AMOUNT|MINIMUM|POS_MERCHANT|SHORT_WINDOW|WINDOW_L7D
F692,MIN_POS_PYMT_AMT_CR_L7D,Min Merchant Payment Credit Amount - last 7D,False,POS_MERCHANT,MINIMUM,L7D,CREDIT,BEHAVIORAL,False,,SAFE,AMOUNT|CREDIT|MINIMUM|POS_MERCHANT|SHORT_WINDOW|WINDOW_L7D
F693,MIN_POS_PYMT_AMT_DB_L7D,Min Merchant Payment Debit Amount - last 7D,False,POS_MERCHANT,MINIMUM,L7D,DEBIT,BEHAVIORAL,False,,SAFE,AMOUNT|DEBIT|MINIMUM|POS_MERCHANT|SHORT_WINDOW|WINDOW_L7D
F694,MIN_BBPS_TXNS_L7D,Min Bharat Bill Payment System Total Txns - last 7D,False,BBPS,MINIMUM,L7D,BOTH,BEHAVIORAL,False,,SAFE,BBPS|MINIMUM|SHORT_WINDOW|TRANSACTION_COUNT|WINDOW_L7D
F695,MIN_BBPS_TXNS_CR_L7D,Min Bharat Bill Payment System Credit Txns - last 7D,False,BBPS,MINIMUM,L7D,CREDIT,BEHAVIORAL,False,,SAFE,BBPS|CREDIT|MINIMUM|SHORT_WINDOW|TRANSACTION_COUNT|WINDOW_L7D
F696,MIN_BBPS_TXNS_DB_L7D,Min Bharat Bill Payment System Debit Txns - last 7D,False,BBPS,MINIMUM,L7D,DEBIT,BEHAVIORAL,False,,SAFE,BBPS|DEBIT|MINIMUM|SHORT_WINDOW|TRANSACTION_COUNT|WINDOW_L7D
F697,MIN_BBPS_AMT_L7D,Min Bharat Bill Payment System Total Amount - last 7D,False,BBPS,MINIMUM,L7D,BOTH,BEHAVIORAL,False,,SAFE,AMOUNT|BBPS|MINIMUM|SHORT_WINDOW|WINDOW_L7D
F698,MIN_BBPS_AMT_CR_L7D,Min Bharat Bill Payment System Credit Amount - last 7D,False,BBPS,MINIMUM,L7D,CREDIT,BEHAVIORAL,False,,SAFE,AMOUNT|BBPS|CREDIT|MINIMUM|SHORT_WINDOW|WINDOW_L7D
F699,MIN_BBPS_AMT_DB_L7D,Min Bharat Bill Payment System Debit Amount - last 7D,False,BBPS,MINIMUM,L7D,DEBIT,BEHAVIORAL,False,,SAFE,AMOUNT|BBPS|DEBIT|MINIMUM|SHORT_WINDOW|WINDOW_L7D
F700,MIN_APB_TXNS_L7D,Min Aadhar Payment Bridge Total Txns - last 7D,False,AADHAAR_PAYMENT_BRIDGE,MINIMUM,L7D,BOTH,BEHAVIORAL,False,,SAFE,AADHAAR_PAYMENT_BRIDGE|MINIMUM|SHORT_WINDOW|TRANSACTION_COUNT|WINDOW_L7D
F701,MIN_APB_TXNS_CR_L7D,Min Aadhar Payment Bridge Credit Txns - last 7D,False,AADHAAR_PAYMENT_BRIDGE,MINIMUM,L7D,CREDIT,BEHAVIORAL,False,,SAFE,AADHAAR_PAYMENT_BRIDGE|CREDIT|MINIMUM|SHORT_WINDOW|TRANSACTION_COUNT|WINDOW_L7D
F702,MIN_APB_TXNS_DB_L7D,Min Aadhar Payment Bridge Debit Txns - last 7D,False,AADHAAR_PAYMENT_BRIDGE,MINIMUM,L7D,DEBIT,BEHAVIORAL,False,,SAFE,AADHAAR_PAYMENT_BRIDGE|DEBIT|MINIMUM|SHORT_WINDOW|TRANSACTION_COUNT|WINDOW_L7D
F703,MIN_APB_AMT_L7D,Min Aadhar Payment Bridge Total Amount - last 7D,False,AADHAAR_PAYMENT_BRIDGE,MINIMUM,L7D,BOTH,BEHAVIORAL,False,,SAFE,AADHAAR_PAYMENT_BRIDGE|AMOUNT|MINIMUM|SHORT_WINDOW|WINDOW_L7D
F704,MIN_APB_AMT_CR_L7D,Min Aadhar Payment Bridge Credit Amount - last 7D,False,AADHAAR_PAYMENT_BRIDGE,MINIMUM,L7D,CREDIT,BEHAVIORAL,False,,SAFE,AADHAAR_PAYMENT_BRIDGE|AMOUNT|CREDIT|MINIMUM|SHORT_WINDOW|WINDOW_L7D
F705,MIN_APB_AMT_DB_L7D,Min Aadhar Payment Bridge Debit Amount - last 7D,False,AADHAAR_PAYMENT_BRIDGE,MINIMUM,L7D,DEBIT,BEHAVIORAL,False,,SAFE,AADHAAR_PAYMENT_BRIDGE|AMOUNT|DEBIT|MINIMUM|SHORT_WINDOW|WINDOW_L7D
F706,MIN_LOAN_TXNS_L7D,Min Loan Total Txns - last 7D,False,LOAN,MINIMUM,L7D,BOTH,BEHAVIORAL,False,,SAFE,LOAN|MINIMUM|SHORT_WINDOW|TRANSACTION_COUNT|WINDOW_L7D
F707,MIN_LOAN_TXNS_CR_L7D,Min Loan Credit Txns - last 7D,False,LOAN,MINIMUM,L7D,CREDIT,BEHAVIORAL,False,,SAFE,CREDIT|LOAN|MINIMUM|SHORT_WINDOW|TRANSACTION_COUNT|WINDOW_L7D
F708,MIN_LOAN_TXNS_DB_L7D,Min Loan Debit Txns - last 7D,False,LOAN,MINIMUM,L7D,DEBIT,BEHAVIORAL,False,,SAFE,DEBIT|LOAN|MINIMUM|SHORT_WINDOW|TRANSACTION_COUNT|WINDOW_L7D
F709,MIN_LOAN_AMT_L7D,Min Loan Total Amount - last 7D,False,LOAN,MINIMUM,L7D,BOTH,BEHAVIORAL,False,,SAFE,AMOUNT|LOAN|MINIMUM|SHORT_WINDOW|WINDOW_L7D
F710,MIN_LOAN_AMT_CR_L7D,Min Loan Credit Amount - last 7D,False,LOAN,MINIMUM,L7D,CREDIT,BEHAVIORAL,False,,SAFE,AMOUNT|CREDIT|LOAN|MINIMUM|SHORT_WINDOW|WINDOW_L7D
F711,MIN_LOAN_AMT_DB_L7D,Min Loan Debit Amount - last 7D,False,LOAN,MINIMUM,L7D,DEBIT,BEHAVIORAL,False,,SAFE,AMOUNT|DEBIT|LOAN|MINIMUM|SHORT_WINDOW|WINDOW_L7D
F712,MIN_STDNG_INSTR_L7D,Min Standing Instruction Total Txns - last 7D,False,STANDING_INSTRUCTION,MINIMUM,L7D,BOTH,BEHAVIORAL,False,,SAFE,MINIMUM|SHORT_WINDOW|STANDING_INSTRUCTION|TRANSACTION_COUNT|WINDOW_L7D
F713,MIN_STDNG_INSTR_CR_TXNS_L7D,Min Standing Instruction Credit Txns - last 7D,False,STANDING_INSTRUCTION,MINIMUM,L7D,CREDIT,BEHAVIORAL,False,,SAFE,CREDIT|MINIMUM|SHORT_WINDOW|STANDING_INSTRUCTION|TRANSACTION_COUNT|WINDOW_L7D
F714,MIN_STDNG_INSTR_DB_TXNS_L7D,Min Standing Instruction Debit Txns - last 7D,False,STANDING_INSTRUCTION,MINIMUM,L7D,DEBIT,BEHAVIORAL,False,,SAFE,DEBIT|MINIMUM|SHORT_WINDOW|STANDING_INSTRUCTION|TRANSACTION_COUNT|WINDOW_L7D
F715,MIN_STDNG_INSTR_AMT_L7D,Min Standing Instruction Total Amount - last 7D,False,STANDING_INSTRUCTION,MINIMUM,L7D,BOTH,BEHAVIORAL,False,,SAFE,AMOUNT|MINIMUM|SHORT_WINDOW|STANDING_INSTRUCTION|WINDOW_L7D
F716,MIN_STDNG_INSTR_AMT_CR_L7D,Min Standing Instruction Credit Amount - last 7D,False,STANDING_INSTRUCTION,MINIMUM,L7D,CREDIT,BEHAVIORAL,False,,SAFE,AMOUNT|CREDIT|MINIMUM|SHORT_WINDOW|STANDING_INSTRUCTION|WINDOW_L7D
F717,MIN_STDNG_INSTR_AMT_DB_L7D,Min Standing Instruction Debit Amount - last 7D,False,STANDING_INSTRUCTION,MINIMUM,L7D,DEBIT,BEHAVIORAL,False,,SAFE,AMOUNT|DEBIT|MINIMUM|SHORT_WINDOW|STANDING_INSTRUCTION|WINDOW_L7D
F718,MIN_CASH_TXNS_L14D,Min Cash Total Txns - last 14D,False,CASH,MINIMUM,L14D,BOTH,BEHAVIORAL,False,,SAFE,CASH|MINIMUM|TRANSACTION_COUNT|WINDOW_L14D
F719,MIN_CASH_TXNS_CR_L14D,Min Cash Credit Txns - last 14D,False,CASH,MINIMUM,L14D,CREDIT,BEHAVIORAL,False,,SAFE,CASH|CREDIT|MINIMUM|TRANSACTION_COUNT|WINDOW_L14D
F720,MIN_CASH_TXNS_DB_L14D,Min Cash Debit Txns - last 14D,False,CASH,MINIMUM,L14D,DEBIT,BEHAVIORAL,False,,SAFE,CASH|DEBIT|MINIMUM|TRANSACTION_COUNT|WINDOW_L14D
F721,MIN_CASH_AMT_L14D,Min Cash Total Amount - last 14D,False,CASH,MINIMUM,L14D,BOTH,BEHAVIORAL,False,,SAFE,AMOUNT|CASH|MINIMUM|WINDOW_L14D
F722,MIN_CASH_AMT_CR_L14D,Min Cash Credit Amount - last 14D,False,CASH,MINIMUM,L14D,CREDIT,BEHAVIORAL,False,,SAFE,AMOUNT|CASH|CREDIT|MINIMUM|WINDOW_L14D
F723,MIN_CASH_AMT_DB_L14D,Min Cash Debit Amount - last 14D,False,CASH,MINIMUM,L14D,DEBIT,BEHAVIORAL,False,,SAFE,AMOUNT|CASH|DEBIT|MINIMUM|WINDOW_L14D
F724,MIN_CHQ_TXNS_L14D,Min Cheque Total Txns - last 14D,False,CHEQUE,MINIMUM,L14D,BOTH,BEHAVIORAL,False,,SAFE,CHEQUE|MINIMUM|TRANSACTION_COUNT|WINDOW_L14D
F725,MIN_CHQ_TXNS_CR_L14D,Min Cheque Credit Txns - last 14D,False,CHEQUE,MINIMUM,L14D,CREDIT,BEHAVIORAL,False,,SAFE,CHEQUE|CREDIT|MINIMUM|TRANSACTION_COUNT|WINDOW_L14D
F726,MIN_CHQ_TXNS_DB_L14D,Min Cheque Debit Txns - last 14D,False,CHEQUE,MINIMUM,L14D,DEBIT,BEHAVIORAL,False,,SAFE,CHEQUE|DEBIT|MINIMUM|TRANSACTION_COUNT|WINDOW_L14D
F727,MIN_CHQ_AMT_L14D,Min Cheque Total Amount - last 14D,False,CHEQUE,MINIMUM,L14D,BOTH,BEHAVIORAL,False,,SAFE,AMOUNT|CHEQUE|MINIMUM|WINDOW_L14D
F728,MIN_CHQ_AMT_CR_L14D,Min Cheque Credit Amount - last 14D,False,CHEQUE,MINIMUM,L14D,CREDIT,BEHAVIORAL,False,,SAFE,AMOUNT|CHEQUE|CREDIT|MINIMUM|WINDOW_L14D
F729,MIN_CHQ_AMT_DB_L14D,Min Cheque Debit Amount - last 14D,False,CHEQUE,MINIMUM,L14D,DEBIT,BEHAVIORAL,False,,SAFE,AMOUNT|CHEQUE|DEBIT|MINIMUM|WINDOW_L14D
F730,MIN_NON_CASH_CHQ_TXNS_L14D,Min Non Cash Non Cheque Total Txns - last 14D,False,NON_CASH_CHQ,MINIMUM,L14D,BOTH,BEHAVIORAL,False,,SAFE,MINIMUM|NON_CASH_CHQ|TRANSACTION_COUNT|WINDOW_L14D
F731,MIN_NON_CASH_CHQ_TXNS_CR_L14D,Min Non Cash Non Cheque Credit Txns - last 14D,False,NON_CASH_CHQ,MINIMUM,L14D,CREDIT,BEHAVIORAL,False,,SAFE,CREDIT|MINIMUM|NON_CASH_CHQ|TRANSACTION_COUNT|WINDOW_L14D
F732,MIN_NON_CASH_CHQ_TXNS_DB_L14D,Min Non Cash Non Cheque Debit Txns - last 14D,False,NON_CASH_CHQ,MINIMUM,L14D,DEBIT,BEHAVIORAL,False,,SAFE,DEBIT|MINIMUM|NON_CASH_CHQ|TRANSACTION_COUNT|WINDOW_L14D
F733,MIN_NON_CASH_CHQ_AMT_L14D,Min Non Cash Non Cheque Total Amount - last 14D,False,NON_CASH_CHQ,MINIMUM,L14D,BOTH,BEHAVIORAL,False,,SAFE,AMOUNT|MINIMUM|NON_CASH_CHQ|WINDOW_L14D
F734,MIN_NON_CASH_CHQ_AMT_CR_L14D,Min Non Cash Non Cheque Credit Amount - last 14D,False,NON_CASH_CHQ,MINIMUM,L14D,CREDIT,BEHAVIORAL,False,,SAFE,AMOUNT|CREDIT|MINIMUM|NON_CASH_CHQ|WINDOW_L14D
F735,MIN_NON_CASH_CHQ_AMT_DB_L14D,Min Non Cash Non Cheque Debit Amount - last 14D,False,NON_CASH_CHQ,MINIMUM,L14D,DEBIT,BEHAVIORAL,False,,SAFE,AMOUNT|DEBIT|MINIMUM|NON_CASH_CHQ|WINDOW_L14D
F736,MIN_CI_NON_CASH_CHQ_TXNS_L14D,Min Customer Induced Non Cash Non Cheque Total Txns - last 14D,False,NON_CASH_CHQ,MINIMUM,L14D,BOTH,BEHAVIORAL,False,,SAFE,MINIMUM|NON_CASH_CHQ|TRANSACTION_COUNT|WINDOW_L14D
F737,MIN_CI_NON_CASH_CHQ_TXNS_CR_L14D,Min Customer Induced Non Cash Non Cheque Credit Txns - last 14D,False,NON_CASH_CHQ,MINIMUM,L14D,CREDIT,BEHAVIORAL,False,,SAFE,CREDIT|MINIMUM|NON_CASH_CHQ|TRANSACTION_COUNT|WINDOW_L14D
F738,MIN_CI_NON_CASH_CHQ_TXNS_DB_L14D,Min Customer Induced Non Cash Non Cheque Debit Txns - last 14D,False,NON_CASH_CHQ,MINIMUM,L14D,DEBIT,BEHAVIORAL,False,,SAFE,DEBIT|MINIMUM|NON_CASH_CHQ|TRANSACTION_COUNT|WINDOW_L14D
F739,MIN_CI_NON_CASH_CHQ_AMT_L14D,Min Customer Induced Non Cash Non Cheque Total Amount - last 14D,False,NON_CASH_CHQ,MINIMUM,L14D,BOTH,BEHAVIORAL,False,,SAFE,AMOUNT|MINIMUM|NON_CASH_CHQ|WINDOW_L14D
F740,MIN_CI_NON_CASH_CHQ_AMT_CR_L14D,Min Customer Induced Non Cash Non Cheque Credit Amount - last 14D,False,NON_CASH_CHQ,MINIMUM,L14D,CREDIT,BEHAVIORAL,False,,SAFE,AMOUNT|CREDIT|MINIMUM|NON_CASH_CHQ|WINDOW_L14D
F741,MIN_CI_NON_CASH_CHQ_AMT_DB_L14D,Min Customer Induced Non Cash Non Cheque Debit Amount - last 14D,False,NON_CASH_CHQ,MINIMUM,L14D,DEBIT,BEHAVIORAL,False,,SAFE,AMOUNT|DEBIT|MINIMUM|NON_CASH_CHQ|WINDOW_L14D
F742,MIN_CI_TXNS_L14D,Min Customer Induced Total Txns - last 14D,False,CASH_INTENSIVE,MINIMUM,L14D,BOTH,BEHAVIORAL,False,,SAFE,CASH_INTENSIVE|MINIMUM|TRANSACTION_COUNT|WINDOW_L14D
F743,MIN_CI_TXNS_CR_L14D,Min Customer Induced Credit Txns - last 14D,False,CASH_INTENSIVE,MINIMUM,L14D,CREDIT,BEHAVIORAL,False,,SAFE,CASH_INTENSIVE|CREDIT|MINIMUM|TRANSACTION_COUNT|WINDOW_L14D
F744,MIN_CI_TXNS_DB_L14D,Min Customer Induced Debit Txns - last 14D,False,CASH_INTENSIVE,MINIMUM,L14D,DEBIT,BEHAVIORAL,False,,SAFE,CASH_INTENSIVE|DEBIT|MINIMUM|TRANSACTION_COUNT|WINDOW_L14D
F745,MIN_CI_AMT_L14D,Min Customer Induced Total Amount - last 14D,False,CASH_INTENSIVE,MINIMUM,L14D,BOTH,BEHAVIORAL,False,,SAFE,AMOUNT|CASH_INTENSIVE|MINIMUM|WINDOW_L14D
F746,MIN_CI_AMT_CR_L14D,Min Customer Induced Credit Amount - last 14D,False,CASH_INTENSIVE,MINIMUM,L14D,CREDIT,BEHAVIORAL,False,,SAFE,AMOUNT|CASH_INTENSIVE|CREDIT|MINIMUM|WINDOW_L14D
F747,MIN_CI_AMT_DB_L14D,Min Customer Induced Debit Amount - last 14D,False,CASH_INTENSIVE,MINIMUM,L14D,DEBIT,BEHAVIORAL,False,,SAFE,AMOUNT|CASH_INTENSIVE|DEBIT|MINIMUM|WINDOW_L14D
F748,MIN_ATM_TXNS_L14D,Min ATM Total Txns - last 14D,False,ATM,MINIMUM,L14D,BOTH,BEHAVIORAL,False,,SAFE,ATM|MINIMUM|TRANSACTION_COUNT|WINDOW_L14D
F749,MIN_ATM_TXNS_CR_L14D,Min ATM Credit Txns - last 14D,False,ATM,MINIMUM,L14D,CREDIT,BEHAVIORAL,False,,SAFE,ATM|CREDIT|MINIMUM|TRANSACTION_COUNT|WINDOW_L14D
F750,MIN_ATM_TXNS_DB_L14D,Min ATM Debit Txns - last 14D,False,ATM,MINIMUM,L14D,DEBIT,BEHAVIORAL,False,,SAFE,ATM|DEBIT|MINIMUM|TRANSACTION_COUNT|WINDOW_L14D
F751,MIN_ATM_AMT_L14D,Min ATM Total Amount - last 14D,False,ATM,MINIMUM,L14D,BOTH,BEHAVIORAL,False,,SAFE,AMOUNT|ATM|MINIMUM|WINDOW_L14D
F752,MIN_ATM_AMT_CR_L14D,Min ATM Credit Amount - last 14D,False,ATM,MINIMUM,L14D,CREDIT,BEHAVIORAL,False,,SAFE,AMOUNT|ATM|CREDIT|MINIMUM|WINDOW_L14D
F753,MIN_ATM_AMT_DB_L14D,Min ATM Debit Amount - last 14D,False,ATM,MINIMUM,L14D,DEBIT,BEHAVIORAL,False,,SAFE,AMOUNT|ATM|DEBIT|MINIMUM|WINDOW_L14D
F754,MIN_BI_FEES_CHRGS_TXNS_L14D,Min Bank Induced Fees Charges Total Txns - last 14D,False,FEES_AND_CHARGES,MINIMUM,L14D,BOTH,BEHAVIORAL,False,,SAFE,FEES_AND_CHARGES|MINIMUM|TRANSACTION_COUNT|WINDOW_L14D
F755,MIN_BI_FEES_CHRGS_TXNS_CR_L14D,Min Bank Induced Fees Charges Credit Txns - last 14D,False,FEES_AND_CHARGES,MINIMUM,L14D,CREDIT,BEHAVIORAL,False,,SAFE,CREDIT|FEES_AND_CHARGES|MINIMUM|TRANSACTION_COUNT|WINDOW_L14D
F756,MIN_BI_FEES_CHRGS_TXNS_DB_L14D,Min Bank Induced Fees Charges Debit Txns - last 14D,False,FEES_AND_CHARGES,MINIMUM,L14D,DEBIT,BEHAVIORAL,False,,SAFE,DEBIT|FEES_AND_CHARGES|MINIMUM|TRANSACTION_COUNT|WINDOW_L14D
F757,MIN_BI_FEES_CHRGS_AMT_L14D,Min Bank Induced Fees Charges Total Amount - last 14D,False,FEES_AND_CHARGES,MINIMUM,L14D,BOTH,BEHAVIORAL,False,,SAFE,AMOUNT|FEES_AND_CHARGES|MINIMUM|WINDOW_L14D
F758,MIN_BI_FEES_CHRGS_AMT_CR_L14D,Min Bank Induced Fees Charges Credit Amount - last 14D,False,FEES_AND_CHARGES,MINIMUM,L14D,CREDIT,BEHAVIORAL,False,,SAFE,AMOUNT|CREDIT|FEES_AND_CHARGES|MINIMUM|WINDOW_L14D
F759,MIN_BI_FEES_CHRGS_AMT_DB_L14D,Min Bank Induced Fees Charges Debit Amount - last 14D,False,FEES_AND_CHARGES,MINIMUM,L14D,DEBIT,BEHAVIORAL,False,,SAFE,AMOUNT|DEBIT|FEES_AND_CHARGES|MINIMUM|WINDOW_L14D
F760,MIN_CI_FEES_CHRGS_TXNS_L14D,Min Customer Induced Fees Charges Total Txns - last 14D,False,FEES_AND_CHARGES,MINIMUM,L14D,BOTH,BEHAVIORAL,False,,SAFE,FEES_AND_CHARGES|MINIMUM|TRANSACTION_COUNT|WINDOW_L14D
F761,MIN_CI_FEES_CHRGS_TXNS_CR_L14D,Min Customer Induced Fees Charges Credit Txns - last 14D,False,FEES_AND_CHARGES,MINIMUM,L14D,CREDIT,BEHAVIORAL,False,,SAFE,CREDIT|FEES_AND_CHARGES|MINIMUM|TRANSACTION_COUNT|WINDOW_L14D
F762,MIN_CI_FEES_CHRGS_TXNS_DB_L14D,Min Customer Induced Fees Charges Debit Txns - last 14D,False,FEES_AND_CHARGES,MINIMUM,L14D,DEBIT,BEHAVIORAL,False,,SAFE,DEBIT|FEES_AND_CHARGES|MINIMUM|TRANSACTION_COUNT|WINDOW_L14D
F763,MIN_CI_FEES_CHRGS_AMT_L14D,Min Customer Induced Fees Charges Total Amount - last 14D,False,FEES_AND_CHARGES,MINIMUM,L14D,BOTH,BEHAVIORAL,False,,SAFE,AMOUNT|FEES_AND_CHARGES|MINIMUM|WINDOW_L14D
F764,MIN_CI_FEES_CHRGS_AMT_CR_L14D,Min Customer Induced Fees Charges Credit Amount - last 14D,False,FEES_AND_CHARGES,MINIMUM,L14D,CREDIT,BEHAVIORAL,False,,SAFE,AMOUNT|CREDIT|FEES_AND_CHARGES|MINIMUM|WINDOW_L14D
F765,MIN_CI_FEES_CHRGS_AMT_DB_L14D,Min Customer Induced Fees Charges Debit Amount - last 14D,False,FEES_AND_CHARGES,MINIMUM,L14D,DEBIT,BEHAVIORAL,False,,SAFE,AMOUNT|DEBIT|FEES_AND_CHARGES|MINIMUM|WINDOW_L14D
F766,MIN_GST_TXNS_L14D,Min GST Total Txns - last 14D,False,GST,MINIMUM,L14D,BOTH,BEHAVIORAL,False,,SAFE,GST|MINIMUM|TRANSACTION_COUNT|WINDOW_L14D
F767,MIN_GST_TXNS_CR_L14D,Min GST Credit Txns - last 14D,False,GST,MINIMUM,L14D,CREDIT,BEHAVIORAL,False,,SAFE,CREDIT|GST|MINIMUM|TRANSACTION_COUNT|WINDOW_L14D
F768,MIN_GST_TXNS_DB_L14D,Min GST Debit Txns - last 14D,False,GST,MINIMUM,L14D,DEBIT,BEHAVIORAL,False,,SAFE,DEBIT|GST|MINIMUM|TRANSACTION_COUNT|WINDOW_L14D
F769,MIN_GST_AMT_L14D,Min GST Total Amount - last 14D,False,GST,MINIMUM,L14D,BOTH,BEHAVIORAL,False,,SAFE,AMOUNT|GST|MINIMUM|WINDOW_L14D
F770,MIN_GST_AMT_CR_L14D,Min GST Credit Amount - last 14D,False,GST,MINIMUM,L14D,CREDIT,BEHAVIORAL,False,,SAFE,AMOUNT|CREDIT|GST|MINIMUM|WINDOW_L14D
F771,MIN_GST_AMT_DB_L14D,Min GST Debit Amount - last 14D,False,GST,MINIMUM,L14D,DEBIT,BEHAVIORAL,False,,SAFE,AMOUNT|DEBIT|GST|MINIMUM|WINDOW_L14D
F772,MIN_ELEC_XFER_TXNS_L14D,Min Online Transfer (IMPS+NEFT+RTGS) Total Txns - last 14D,False,ELEC_XFER,MINIMUM,L14D,BOTH,BEHAVIORAL,False,,SAFE,ELEC_XFER|MINIMUM|TRANSACTION_COUNT|WINDOW_L14D
F773,MIN_ELEC_XFER_TXNS_CR_L14D,Min Online Transfer (IMPS+NEFT+RTGS) Credit Txns - last 14D,False,ELEC_XFER,MINIMUM,L14D,CREDIT,BEHAVIORAL,False,,SAFE,CREDIT|ELEC_XFER|MINIMUM|TRANSACTION_COUNT|WINDOW_L14D
F774,MIN_ELEC_XFER_TXNS_DB_L14D,Min Online Transfer (IMPS+NEFT+RTGS) Debit Txns - last 14D,False,ELEC_XFER,MINIMUM,L14D,DEBIT,BEHAVIORAL,False,,SAFE,DEBIT|ELEC_XFER|MINIMUM|TRANSACTION_COUNT|WINDOW_L14D
F775,MIN_ELEC_XFER_AMT_L14D,Min Online Transfer (IMPS+NEFT+RTGS) Total Amount - last 14D,False,ELEC_XFER,MINIMUM,L14D,BOTH,BEHAVIORAL,False,,SAFE,AMOUNT|ELEC_XFER|MINIMUM|WINDOW_L14D
F776,MIN_ELEC_XFER_AMT_CR_L14D,Min Online Transfer (IMPS+NEFT+RTGS) Credit Amount - last 14D,False,ELEC_XFER,MINIMUM,L14D,CREDIT,BEHAVIORAL,False,,SAFE,AMOUNT|CREDIT|ELEC_XFER|MINIMUM|WINDOW_L14D
F777,MIN_ELEC_XFER_AMT_DB_L14D,Min Online Transfer (IMPS+NEFT+RTGS) Debit Amount - last 14D,False,ELEC_XFER,MINIMUM,L14D,DEBIT,BEHAVIORAL,False,,SAFE,AMOUNT|DEBIT|ELEC_XFER|MINIMUM|WINDOW_L14D
F778,MIN_UPI_XFER_TXNS_L14D,Min UPI Total Txns - last 14D,False,UPI_XFER,MINIMUM,L14D,BOTH,BEHAVIORAL,False,,SAFE,MINIMUM|TRANSACTION_COUNT|UPI_XFER|WINDOW_L14D
F779,MIN_UPI_TXNS_CR_L14D,Min UPI Credit Txns - last 14D,False,UPI,MINIMUM,L14D,CREDIT,BEHAVIORAL,False,,SAFE,CREDIT|MINIMUM|TRANSACTION_COUNT|UPI|WINDOW_L14D
F780,MIN_UPI_TXNS_DB_L14D,Min UPI Debit Txns - last 14D,False,UPI,MINIMUM,L14D,DEBIT,BEHAVIORAL,False,,SAFE,DEBIT|MINIMUM|TRANSACTION_COUNT|UPI|WINDOW_L14D
F781,MIN_UPI_XFER_AMT_L14D,Min UPI Total Amount - last 14D,False,UPI_XFER,MINIMUM,L14D,BOTH,BEHAVIORAL,False,,SAFE,AMOUNT|MINIMUM|UPI_XFER|WINDOW_L14D
F782,MIN_UPI_AMT_CR_L14D,Min UPI Credit Amount - last 14D,False,UPI,MINIMUM,L14D,CREDIT,BEHAVIORAL,False,,SAFE,AMOUNT|CREDIT|MINIMUM|UPI|WINDOW_L14D
F783,MIN_UPI_AMT_DB_L14D,Min UPI Debit Amount - last 14D,False,UPI,MINIMUM,L14D,DEBIT,BEHAVIORAL,False,,SAFE,AMOUNT|DEBIT|MINIMUM|UPI|WINDOW_L14D
F784,MIN_NET_BNKING_TXNS_L14D,Min Net Banking Total Txns - last 14D,False,NET_BANKING,MINIMUM,L14D,BOTH,BEHAVIORAL,False,,SAFE,MINIMUM|NET_BANKING|TRANSACTION_COUNT|WINDOW_L14D
F785,MIN_NET_BNKING_TXNS_CR_L14D,Min Net Banking Credit Txns - last 14D,False,NET_BANKING,MINIMUM,L14D,CREDIT,BEHAVIORAL,False,,SAFE,CREDIT|MINIMUM|NET_BANKING|TRANSACTION_COUNT|WINDOW_L14D
F786,MIN_NET_BNKING_TXNS_DB_L14D,Min Net Banking Debit Txns - last 14D,False,NET_BANKING,MINIMUM,L14D,DEBIT,BEHAVIORAL,False,,SAFE,DEBIT|MINIMUM|NET_BANKING|TRANSACTION_COUNT|WINDOW_L14D
F787,MIN_NET_BNKING_AMT_L14D,Min Net Banking Total Amount - last 14D,False,NET_BANKING,MINIMUM,L14D,BOTH,BEHAVIORAL,False,,SAFE,AMOUNT|MINIMUM|NET_BANKING|WINDOW_L14D
F788,MIN_NET_BNKING_AMT_CR_L14D,Min Net Banking Credit Amount - last 14D,False,NET_BANKING,MINIMUM,L14D,CREDIT,BEHAVIORAL,False,,SAFE,AMOUNT|CREDIT|MINIMUM|NET_BANKING|WINDOW_L14D
F789,MIN_NET_BNKING_AMT_DB_L14D,Min Net Banking Debit Amount - last 14D,False,NET_BANKING,MINIMUM,L14D,DEBIT,BEHAVIORAL,False,,SAFE,AMOUNT|DEBIT|MINIMUM|NET_BANKING|WINDOW_L14D
F790,MIN_MOB_BNKING_TXNS_L14D,Min Mobile Banking Total Txns - last 14D,False,MOBILE_BANKING,MINIMUM,L14D,BOTH,BEHAVIORAL,False,,SAFE,MINIMUM|MOBILE_BANKING|TRANSACTION_COUNT|WINDOW_L14D
F791,MIN_MBNKING_TXNS_CR_L14D,Min Mobile Banking Total Amount - last 14D,False,MOBILE_BANKING,MINIMUM,L14D,CREDIT,BEHAVIORAL,False,,SAFE,AMOUNT|CREDIT|MINIMUM|MOBILE_BANKING|WINDOW_L14D
F792,MIN_MBNKING_TXNS_DB_L14D,Min Mobile Banking Credit Txns - last 14D,False,MOBILE_BANKING,MINIMUM,L14D,DEBIT,BEHAVIORAL,False,,SAFE,DEBIT|MINIMUM|MOBILE_BANKING|TRANSACTION_COUNT|WINDOW_L14D
F793,MIN_MOB_BNKING_AMT_L14D,Min Mobile Banking Debit Txns - last 14D,False,MOBILE_BANKING,MINIMUM,L14D,BOTH,BEHAVIORAL,False,,SAFE,AMOUNT|MINIMUM|MOBILE_BANKING|TRANSACTION_COUNT|WINDOW_L14D
F794,MIN_MBNKING_AMT_CR_L14D,Min Mobile Banking Credit Amount - last 14D,False,MOBILE_BANKING,MINIMUM,L14D,CREDIT,BEHAVIORAL,False,,SAFE,AMOUNT|CREDIT|MINIMUM|MOBILE_BANKING|WINDOW_L14D
F795,MIN_MBNKING_AMT_DB_L14D,Min Mobile Banking Debit Amount - last 14D,False,MOBILE_BANKING,MINIMUM,L14D,DEBIT,BEHAVIORAL,False,,SAFE,AMOUNT|DEBIT|MINIMUM|MOBILE_BANKING|WINDOW_L14D
F796,MIN_POS_PYMT_TXNS_L14D,Min Merchant Payment Total Txns - last 14D,False,POS_MERCHANT,MINIMUM,L14D,BOTH,BEHAVIORAL,False,,SAFE,MINIMUM|POS_MERCHANT|TRANSACTION_COUNT|WINDOW_L14D
F797,MIN_POS_PYMT_TXNS_CR_L14D,Min Merchant Payment Credit Txns - last 14D,False,POS_MERCHANT,MINIMUM,L14D,CREDIT,BEHAVIORAL,False,,SAFE,CREDIT|MINIMUM|POS_MERCHANT|TRANSACTION_COUNT|WINDOW_L14D
F798,MIN_POS_PYMT_TXNS_DB_L14D,Min Merchant Payment Debit Txns - last 14D,False,POS_MERCHANT,MINIMUM,L14D,DEBIT,BEHAVIORAL,False,,SAFE,DEBIT|MINIMUM|POS_MERCHANT|TRANSACTION_COUNT|WINDOW_L14D
F799,MIN_POS_PYMT_AMT_L14D,Min Merchant Payment Total Amount - last 14D,False,POS_MERCHANT,MINIMUM,L14D,BOTH,BEHAVIORAL,False,,SAFE,AMOUNT|MINIMUM|POS_MERCHANT|WINDOW_L14D
F800,MIN_POS_PYMT_AMT_CR_L14D,Min Merchant Payment Credit Amount - last 14D,False,POS_MERCHANT,MINIMUM,L14D,CREDIT,BEHAVIORAL,False,,SAFE,AMOUNT|CREDIT|MINIMUM|POS_MERCHANT|WINDOW_L14D
F801,MIN_POS_PYMT_AMT_DB_L14D,Min Merchant Payment Debit Amount - last 14D,False,POS_MERCHANT,MINIMUM,L14D,DEBIT,BEHAVIORAL,False,,SAFE,AMOUNT|DEBIT|MINIMUM|POS_MERCHANT|WINDOW_L14D
F802,MIN_BBPS_TXNS_L14D,Min Bharat Bill Payment System Total Txns - last 14D,False,BBPS,MINIMUM,L14D,BOTH,BEHAVIORAL,False,,SAFE,BBPS|MINIMUM|TRANSACTION_COUNT|WINDOW_L14D
F803,MIN_BBPS_TXNS_CR_L14D,Min Bharat Bill Payment System Credit Txns - last 14D,False,BBPS,MINIMUM,L14D,CREDIT,BEHAVIORAL,False,,SAFE,BBPS|CREDIT|MINIMUM|TRANSACTION_COUNT|WINDOW_L14D
F804,MIN_BBPS_TXNS_DB_L14D,Min Bharat Bill Payment System Debit Txns - last 14D,False,BBPS,MINIMUM,L14D,DEBIT,BEHAVIORAL,False,,SAFE,BBPS|DEBIT|MINIMUM|TRANSACTION_COUNT|WINDOW_L14D
F805,MIN_BBPS_AMT_L14D,Min Bharat Bill Payment System Total Amount - last 14D,False,BBPS,MINIMUM,L14D,BOTH,BEHAVIORAL,False,,SAFE,AMOUNT|BBPS|MINIMUM|WINDOW_L14D
F806,MIN_BBPS_AMT_CR_L14D,Min Bharat Bill Payment System Credit Amount - last 14D,False,BBPS,MINIMUM,L14D,CREDIT,BEHAVIORAL,False,,SAFE,AMOUNT|BBPS|CREDIT|MINIMUM|WINDOW_L14D
F807,MIN_BBPS_AMT_DB_L14D,Min Bharat Bill Payment System Debit Amount - last 14D,False,BBPS,MINIMUM,L14D,DEBIT,BEHAVIORAL,False,,SAFE,AMOUNT|BBPS|DEBIT|MINIMUM|WINDOW_L14D
F808,MIN_APB_TXNS_L14D,Min Aadhar Payment Bridge Total Txns - last 14D,False,AADHAAR_PAYMENT_BRIDGE,MINIMUM,L14D,BOTH,BEHAVIORAL,False,,SAFE,AADHAAR_PAYMENT_BRIDGE|MINIMUM|TRANSACTION_COUNT|WINDOW_L14D
F809,MIN_APB_TXNS_CR_L14D,Min Aadhar Payment Bridge Credit Txns - last 14D,False,AADHAAR_PAYMENT_BRIDGE,MINIMUM,L14D,CREDIT,BEHAVIORAL,False,,SAFE,AADHAAR_PAYMENT_BRIDGE|CREDIT|MINIMUM|TRANSACTION_COUNT|WINDOW_L14D
F810,MIN_APB_TXNS_DB_L14D,Min Aadhar Payment Bridge Debit Txns - last 14D,False,AADHAAR_PAYMENT_BRIDGE,MINIMUM,L14D,DEBIT,BEHAVIORAL,False,,SAFE,AADHAAR_PAYMENT_BRIDGE|DEBIT|MINIMUM|TRANSACTION_COUNT|WINDOW_L14D
F811,MIN_APB_AMT_L14D,Min Aadhar Payment Bridge Total Amount - last 14D,False,AADHAAR_PAYMENT_BRIDGE,MINIMUM,L14D,BOTH,BEHAVIORAL,False,,SAFE,AADHAAR_PAYMENT_BRIDGE|AMOUNT|MINIMUM|WINDOW_L14D
F812,MIN_APB_AMT_CR_L14D,Min Aadhar Payment Bridge Credit Amount - last 14D,False,AADHAAR_PAYMENT_BRIDGE,MINIMUM,L14D,CREDIT,BEHAVIORAL,False,,SAFE,AADHAAR_PAYMENT_BRIDGE|AMOUNT|CREDIT|MINIMUM|WINDOW_L14D
F813,MIN_APB_AMT_DB_L14D,Min Aadhar Payment Bridge Debit Amount - last 14D,False,AADHAAR_PAYMENT_BRIDGE,MINIMUM,L14D,DEBIT,BEHAVIORAL,False,,SAFE,AADHAAR_PAYMENT_BRIDGE|AMOUNT|DEBIT|MINIMUM|WINDOW_L14D
F814,MIN_LOAN_TXNS_L14D,Min Loan Total Txns - last 14D,False,LOAN,MINIMUM,L14D,BOTH,BEHAVIORAL,False,,SAFE,LOAN|MINIMUM|TRANSACTION_COUNT|WINDOW_L14D
F815,MIN_LOAN_TXNS_CR_L14D,Min Loan Credit Txns - last 14D,False,LOAN,MINIMUM,L14D,CREDIT,BEHAVIORAL,False,,SAFE,CREDIT|LOAN|MINIMUM|TRANSACTION_COUNT|WINDOW_L14D
F816,MIN_LOAN_TXNS_DB_L14D,Min Loan Debit Txns - last 14D,False,LOAN,MINIMUM,L14D,DEBIT,BEHAVIORAL,False,,SAFE,DEBIT|LOAN|MINIMUM|TRANSACTION_COUNT|WINDOW_L14D
F817,MIN_LOAN_AMT_L14D,Min Loan Total Amount - last 14D,False,LOAN,MINIMUM,L14D,BOTH,BEHAVIORAL,False,,SAFE,AMOUNT|LOAN|MINIMUM|WINDOW_L14D
F818,MIN_LOAN_AMT_CR_L14D,Min Loan Credit Amount - last 14D,False,LOAN,MINIMUM,L14D,CREDIT,BEHAVIORAL,False,,SAFE,AMOUNT|CREDIT|LOAN|MINIMUM|WINDOW_L14D
F819,MIN_LOAN_AMT_DB_L14D,Min Loan Debit Amount - last 14D,False,LOAN,MINIMUM,L14D,DEBIT,BEHAVIORAL,False,,SAFE,AMOUNT|DEBIT|LOAN|MINIMUM|WINDOW_L14D
F820,MIN_STDNG_INSTR_L14D,Min Standing Instruction Total Txns - last 14D,False,STANDING_INSTRUCTION,MINIMUM,L14D,BOTH,BEHAVIORAL,False,,SAFE,MINIMUM|STANDING_INSTRUCTION|TRANSACTION_COUNT|WINDOW_L14D
F821,MIN_STDNG_INSTR_CR_TXNS_L14D,Min Standing Instruction Credit Txns - last 14D,False,STANDING_INSTRUCTION,MINIMUM,L14D,CREDIT,BEHAVIORAL,False,,SAFE,CREDIT|MINIMUM|STANDING_INSTRUCTION|TRANSACTION_COUNT|WINDOW_L14D
F822,MIN_STDNG_INSTR_DB_TXNS_L14D,Min Standing Instruction Debit Txns - last 14D,False,STANDING_INSTRUCTION,MINIMUM,L14D,DEBIT,BEHAVIORAL,False,,SAFE,DEBIT|MINIMUM|STANDING_INSTRUCTION|TRANSACTION_COUNT|WINDOW_L14D
F823,MIN_STDNG_INSTR_AMT_L14D,Min Standing Instruction Total Amount - last 14D,False,STANDING_INSTRUCTION,MINIMUM,L14D,BOTH,BEHAVIORAL,False,,SAFE,AMOUNT|MINIMUM|STANDING_INSTRUCTION|WINDOW_L14D
F824,MIN_STDNG_INSTR_AMT_CR_L14D,Min Standing Instruction Credit Amount - last 14D,False,STANDING_INSTRUCTION,MINIMUM,L14D,CREDIT,BEHAVIORAL,False,,SAFE,AMOUNT|CREDIT|MINIMUM|STANDING_INSTRUCTION|WINDOW_L14D
F825,MIN_STDNG_INSTR_AMT_DB_L14D,Min Standing Instruction Debit Amount - last 14D,False,STANDING_INSTRUCTION,MINIMUM,L14D,DEBIT,BEHAVIORAL,False,,SAFE,AMOUNT|DEBIT|MINIMUM|STANDING_INSTRUCTION|WINDOW_L14D
F826,MIN_CASH_TXNS_L31D,Min Cash Total Txns - last 31D,False,CASH,MINIMUM,L31D,BOTH,BEHAVIORAL,False,,SAFE,CASH|LONG_WINDOW|MINIMUM|TRANSACTION_COUNT|WINDOW_L31D
F827,MIN_CASH_TXNS_CR_L31D,Min Cash Credit Txns - last 31D,False,CASH,MINIMUM,L31D,CREDIT,BEHAVIORAL,False,,SAFE,CASH|CREDIT|LONG_WINDOW|MINIMUM|TRANSACTION_COUNT|WINDOW_L31D
F828,MIN_CASH_TXNS_DB_L31D,Min Cash Debit Txns - last 31D,False,CASH,MINIMUM,L31D,DEBIT,BEHAVIORAL,False,,SAFE,CASH|DEBIT|LONG_WINDOW|MINIMUM|TRANSACTION_COUNT|WINDOW_L31D
F829,MIN_CASH_AMT_L31D,Min Cash Total Amount - last 31D,False,CASH,MINIMUM,L31D,BOTH,BEHAVIORAL,False,,SAFE,AMOUNT|CASH|LONG_WINDOW|MINIMUM|WINDOW_L31D
F830,MIN_CASH_AMT_CR_L31D,Min Cash Credit Amount - last 31D,False,CASH,MINIMUM,L31D,CREDIT,BEHAVIORAL,False,,SAFE,AMOUNT|CASH|CREDIT|LONG_WINDOW|MINIMUM|WINDOW_L31D
F831,MIN_CASH_AMT_DB_L31D,Min Cash Debit Amount - last 31D,False,CASH,MINIMUM,L31D,DEBIT,BEHAVIORAL,False,,SAFE,AMOUNT|CASH|DEBIT|LONG_WINDOW|MINIMUM|WINDOW_L31D
F832,MIN_CHQ_TXNS_L31D,Min Cheque Total Txns - last 31D,False,CHEQUE,MINIMUM,L31D,BOTH,BEHAVIORAL,False,,SAFE,CHEQUE|LONG_WINDOW|MINIMUM|TRANSACTION_COUNT|WINDOW_L31D
F833,MIN_CHQ_TXNS_CR_L31D,Min Cheque Credit Txns - last 31D,False,CHEQUE,MINIMUM,L31D,CREDIT,BEHAVIORAL,False,,SAFE,CHEQUE|CREDIT|LONG_WINDOW|MINIMUM|TRANSACTION_COUNT|WINDOW_L31D
F834,MIN_CHQ_TXNS_DB_L31D,Min Cheque Debit Txns - last 31D,False,CHEQUE,MINIMUM,L31D,DEBIT,BEHAVIORAL,False,,SAFE,CHEQUE|DEBIT|LONG_WINDOW|MINIMUM|TRANSACTION_COUNT|WINDOW_L31D
F835,MIN_CHQ_AMT_L31D,Min Cheque Total Amount - last 31D,False,CHEQUE,MINIMUM,L31D,BOTH,BEHAVIORAL,False,,SAFE,AMOUNT|CHEQUE|LONG_WINDOW|MINIMUM|WINDOW_L31D
F836,MIN_CHQ_AMT_CR_L31D,Min Cheque Credit Amount - last 31D,False,CHEQUE,MINIMUM,L31D,CREDIT,BEHAVIORAL,False,,SAFE,AMOUNT|CHEQUE|CREDIT|LONG_WINDOW|MINIMUM|WINDOW_L31D
F837,MIN_CHQ_AMT_DB_L31D,Min Cheque Debit Amount - last 31D,False,CHEQUE,MINIMUM,L31D,DEBIT,BEHAVIORAL,False,,SAFE,AMOUNT|CHEQUE|DEBIT|LONG_WINDOW|MINIMUM|WINDOW_L31D
F838,MIN_NON_CASH_CHQ_TXNS_L31D,Min Non Cash Non Cheque Total Txns - last 31D,False,NON_CASH_CHQ,MINIMUM,L31D,BOTH,BEHAVIORAL,False,,SAFE,LONG_WINDOW|MINIMUM|NON_CASH_CHQ|TRANSACTION_COUNT|WINDOW_L31D
F839,MIN_NON_CASH_CHQ_TXNS_CR_L31D,Min Non Cash Non Cheque Credit Txns - last 31D,False,NON_CASH_CHQ,MINIMUM,L31D,CREDIT,BEHAVIORAL,False,,SAFE,CREDIT|LONG_WINDOW|MINIMUM|NON_CASH_CHQ|TRANSACTION_COUNT|WINDOW_L31D
F840,MIN_NON_CASH_CHQ_TXNS_DB_L31D,Min Non Cash Non Cheque Debit Txns - last 31D,False,NON_CASH_CHQ,MINIMUM,L31D,DEBIT,BEHAVIORAL,False,,SAFE,DEBIT|LONG_WINDOW|MINIMUM|NON_CASH_CHQ|TRANSACTION_COUNT|WINDOW_L31D
F841,MIN_NON_CASH_CHQ_AMT_L31D,Min Non Cash Non Cheque Total Amount - last 31D,False,NON_CASH_CHQ,MINIMUM,L31D,BOTH,BEHAVIORAL,False,,SAFE,AMOUNT|LONG_WINDOW|MINIMUM|NON_CASH_CHQ|WINDOW_L31D
F842,MIN_NON_CASH_CHQ_AMT_CR_L31D,Min Non Cash Non Cheque Credit Amount - last 31D,False,NON_CASH_CHQ,MINIMUM,L31D,CREDIT,BEHAVIORAL,False,,SAFE,AMOUNT|CREDIT|LONG_WINDOW|MINIMUM|NON_CASH_CHQ|WINDOW_L31D
F843,MIN_NON_CASH_CHQ_AMT_DB_L31D,Min Non Cash Non Cheque Debit Amount - last 31D,False,NON_CASH_CHQ,MINIMUM,L31D,DEBIT,BEHAVIORAL,False,,SAFE,AMOUNT|DEBIT|LONG_WINDOW|MINIMUM|NON_CASH_CHQ|WINDOW_L31D
F844,MIN_CI_NON_CASH_CHQ_TXNS_L31D,Min Customer Induced Non Cash Non Cheque Total Txns - last 31D,False,NON_CASH_CHQ,MINIMUM,L31D,BOTH,BEHAVIORAL,False,,SAFE,LONG_WINDOW|MINIMUM|NON_CASH_CHQ|TRANSACTION_COUNT|WINDOW_L31D
F845,MIN_CI_NON_CASH_CHQ_TXNS_CR_L31D,Min Customer Induced Non Cash Non Cheque Credit Txns - last 31D,False,NON_CASH_CHQ,MINIMUM,L31D,CREDIT,BEHAVIORAL,False,,SAFE,CREDIT|LONG_WINDOW|MINIMUM|NON_CASH_CHQ|TRANSACTION_COUNT|WINDOW_L31D
F846,MIN_CI_NON_CASH_CHQ_TXNS_DB_L31D,Min Customer Induced Non Cash Non Cheque Debit Txns - last 31D,False,NON_CASH_CHQ,MINIMUM,L31D,DEBIT,BEHAVIORAL,False,,SAFE,DEBIT|LONG_WINDOW|MINIMUM|NON_CASH_CHQ|TRANSACTION_COUNT|WINDOW_L31D
F847,MIN_CI_NON_CASH_CHQ_AMT_L31D,Min Customer Induced Non Cash Non Cheque Total Amount - last 31D,False,NON_CASH_CHQ,MINIMUM,L31D,BOTH,BEHAVIORAL,False,,SAFE,AMOUNT|LONG_WINDOW|MINIMUM|NON_CASH_CHQ|WINDOW_L31D
F848,MIN_CI_NON_CASH_CHQ_AMT_CR_L31D,Min Customer Induced Non Cash Non Cheque Credit Amount - last 31D,False,NON_CASH_CHQ,MINIMUM,L31D,CREDIT,BEHAVIORAL,False,,SAFE,AMOUNT|CREDIT|LONG_WINDOW|MINIMUM|NON_CASH_CHQ|WINDOW_L31D
F849,MIN_CI_NON_CASH_CHQ_AMT_DB_L31D,Min Customer Induced Non Cash Non Cheque Debit Amount - last 31D,False,NON_CASH_CHQ,MINIMUM,L31D,DEBIT,BEHAVIORAL,False,,SAFE,AMOUNT|DEBIT|LONG_WINDOW|MINIMUM|NON_CASH_CHQ|WINDOW_L31D
F850,MIN_CI_TXNS_L31D,Min Customer Induced Total Txns - last 31D,False,CASH_INTENSIVE,MINIMUM,L31D,BOTH,BEHAVIORAL,False,,SAFE,CASH_INTENSIVE|LONG_WINDOW|MINIMUM|TRANSACTION_COUNT|WINDOW_L31D
F851,MIN_CI_TXNS_CR_L31D,Min Customer Induced Credit Txns - last 31D,False,CASH_INTENSIVE,MINIMUM,L31D,CREDIT,BEHAVIORAL,False,,SAFE,CASH_INTENSIVE|CREDIT|LONG_WINDOW|MINIMUM|TRANSACTION_COUNT|WINDOW_L31D
F852,MIN_CI_TXNS_DB_L31D,Min Customer Induced Debit Txns - last 31D,False,CASH_INTENSIVE,MINIMUM,L31D,DEBIT,BEHAVIORAL,False,,SAFE,CASH_INTENSIVE|DEBIT|LONG_WINDOW|MINIMUM|TRANSACTION_COUNT|WINDOW_L31D
F853,MIN_CI_AMT_L31D,Min Customer Induced Total Amount - last 31D,False,CASH_INTENSIVE,MINIMUM,L31D,BOTH,BEHAVIORAL,False,,SAFE,AMOUNT|CASH_INTENSIVE|LONG_WINDOW|MINIMUM|WINDOW_L31D
F854,MIN_CI_AMT_CR_L31D,Min Customer Induced Credit Amount - last 31D,False,CASH_INTENSIVE,MINIMUM,L31D,CREDIT,BEHAVIORAL,False,,SAFE,AMOUNT|CASH_INTENSIVE|CREDIT|LONG_WINDOW|MINIMUM|WINDOW_L31D
F855,MIN_CI_AMT_DB_L31D,Min Customer Induced Debit Amount - last 31D,False,CASH_INTENSIVE,MINIMUM,L31D,DEBIT,BEHAVIORAL,False,,SAFE,AMOUNT|CASH_INTENSIVE|DEBIT|LONG_WINDOW|MINIMUM|WINDOW_L31D
F856,MIN_ATM_TXNS_L31D,Min ATM Total Txns - last 31D,False,ATM,MINIMUM,L31D,BOTH,BEHAVIORAL,False,,SAFE,ATM|LONG_WINDOW|MINIMUM|TRANSACTION_COUNT|WINDOW_L31D
F857,MIN_ATM_TXNS_CR_L31D,Min ATM Credit Txns - last 31D,False,ATM,MINIMUM,L31D,CREDIT,BEHAVIORAL,False,,SAFE,ATM|CREDIT|LONG_WINDOW|MINIMUM|TRANSACTION_COUNT|WINDOW_L31D
F858,MIN_ATM_TXNS_DB_L31D,Min ATM Debit Txns - last 31D,False,ATM,MINIMUM,L31D,DEBIT,BEHAVIORAL,False,,SAFE,ATM|DEBIT|LONG_WINDOW|MINIMUM|TRANSACTION_COUNT|WINDOW_L31D
F859,MIN_ATM_AMT_L31D,Min ATM Total Amount - last 31D,False,ATM,MINIMUM,L31D,BOTH,BEHAVIORAL,False,,SAFE,AMOUNT|ATM|LONG_WINDOW|MINIMUM|WINDOW_L31D
F860,MIN_ATM_AMT_CR_L31D,Min ATM Credit Amount - last 31D,False,ATM,MINIMUM,L31D,CREDIT,BEHAVIORAL,False,,SAFE,AMOUNT|ATM|CREDIT|LONG_WINDOW|MINIMUM|WINDOW_L31D
F861,MIN_ATM_AMT_DB_L31D,Min ATM Debit Amount - last 31D,False,ATM,MINIMUM,L31D,DEBIT,BEHAVIORAL,False,,SAFE,AMOUNT|ATM|DEBIT|LONG_WINDOW|MINIMUM|WINDOW_L31D
F862,MIN_BI_FEES_CHRGS_TXNS_L31D,Min Bank Induced Fees Charges Total Txns - last 31D,False,FEES_AND_CHARGES,MINIMUM,L31D,BOTH,BEHAVIORAL,False,,SAFE,FEES_AND_CHARGES|LONG_WINDOW|MINIMUM|TRANSACTION_COUNT|WINDOW_L31D
F863,MIN_BI_FEES_CHRGS_TXNS_CR_L31D,Min Bank Induced Fees Charges Credit Txns - last 31D,False,FEES_AND_CHARGES,MINIMUM,L31D,CREDIT,BEHAVIORAL,False,,SAFE,CREDIT|FEES_AND_CHARGES|LONG_WINDOW|MINIMUM|TRANSACTION_COUNT|WINDOW_L31D
F864,MIN_BI_FEES_CHRGS_TXNS_DB_L31D,Min Bank Induced Fees Charges Debit Txns - last 31D,False,FEES_AND_CHARGES,MINIMUM,L31D,DEBIT,BEHAVIORAL,False,,SAFE,DEBIT|FEES_AND_CHARGES|LONG_WINDOW|MINIMUM|TRANSACTION_COUNT|WINDOW_L31D
F865,MIN_BI_FEES_CHRGS_AMT_L31D,Min Bank Induced Fees Charges Total Amount - last 31D,False,FEES_AND_CHARGES,MINIMUM,L31D,BOTH,BEHAVIORAL,False,,SAFE,AMOUNT|FEES_AND_CHARGES|LONG_WINDOW|MINIMUM|WINDOW_L31D
F866,MIN_BI_FEES_CHRGS_AMT_CR_L31D,Min Bank Induced Fees Charges Credit Amount - last 31D,False,FEES_AND_CHARGES,MINIMUM,L31D,CREDIT,BEHAVIORAL,False,,SAFE,AMOUNT|CREDIT|FEES_AND_CHARGES|LONG_WINDOW|MINIMUM|WINDOW_L31D
F867,MIN_BI_FEES_CHRGS_AMT_DB_L31D,Min Bank Induced Fees Charges Debit Amount - last 31D,False,FEES_AND_CHARGES,MINIMUM,L31D,DEBIT,BEHAVIORAL,False,,SAFE,AMOUNT|DEBIT|FEES_AND_CHARGES|LONG_WINDOW|MINIMUM|WINDOW_L31D
F868,MIN_CI_FEES_CHRGS_TXNS_L31D,Min Customer Induced Fees Charges Total Txns - last 31D,False,FEES_AND_CHARGES,MINIMUM,L31D,BOTH,BEHAVIORAL,False,,SAFE,FEES_AND_CHARGES|LONG_WINDOW|MINIMUM|TRANSACTION_COUNT|WINDOW_L31D
F869,MIN_CI_FEES_CHRGS_TXNS_CR_L31D,Min Customer Induced Fees Charges Credit Txns - last 31D,False,FEES_AND_CHARGES,MINIMUM,L31D,CREDIT,BEHAVIORAL,False,,SAFE,CREDIT|FEES_AND_CHARGES|LONG_WINDOW|MINIMUM|TRANSACTION_COUNT|WINDOW_L31D
F870,MIN_CI_FEES_CHRGS_TXNS_DB_L31D,Min Customer Induced Fees Charges Debit Txns - last 31D,False,FEES_AND_CHARGES,MINIMUM,L31D,DEBIT,BEHAVIORAL,False,,SAFE,DEBIT|FEES_AND_CHARGES|LONG_WINDOW|MINIMUM|TRANSACTION_COUNT|WINDOW_L31D
F871,MIN_CI_FEES_CHRGS_AMT_L31D,Min Customer Induced Fees Charges Total Amount - last 31D,False,FEES_AND_CHARGES,MINIMUM,L31D,BOTH,BEHAVIORAL,False,,SAFE,AMOUNT|FEES_AND_CHARGES|LONG_WINDOW|MINIMUM|WINDOW_L31D
F872,MIN_CI_FEES_CHRGS_AMT_CR_L31D,Min Customer Induced Fees Charges Credit Amount - last 31D,False,FEES_AND_CHARGES,MINIMUM,L31D,CREDIT,BEHAVIORAL,False,,SAFE,AMOUNT|CREDIT|FEES_AND_CHARGES|LONG_WINDOW|MINIMUM|WINDOW_L31D
F873,MIN_CI_FEES_CHRGS_AMT_DB_L31D,Min Customer Induced Fees Charges Debit Amount - last 31D,False,FEES_AND_CHARGES,MINIMUM,L31D,DEBIT,BEHAVIORAL,False,,SAFE,AMOUNT|DEBIT|FEES_AND_CHARGES|LONG_WINDOW|MINIMUM|WINDOW_L31D
F874,MIN_GST_TXNS_L31D,Min GST Total Txns - last 31D,False,GST,MINIMUM,L31D,BOTH,BEHAVIORAL,False,,SAFE,GST|LONG_WINDOW|MINIMUM|TRANSACTION_COUNT|WINDOW_L31D
F875,MIN_GST_TXNS_CR_L31D,Min GST Credit Txns - last 31D,False,GST,MINIMUM,L31D,CREDIT,BEHAVIORAL,False,,SAFE,CREDIT|GST|LONG_WINDOW|MINIMUM|TRANSACTION_COUNT|WINDOW_L31D
F876,MIN_GST_TXNS_DB_L31D,Min GST Debit Txns - last 31D,False,GST,MINIMUM,L31D,DEBIT,BEHAVIORAL,False,,SAFE,DEBIT|GST|LONG_WINDOW|MINIMUM|TRANSACTION_COUNT|WINDOW_L31D
F877,MIN_GST_AMT_L31D,Min GST Total Amount - last 31D,False,GST,MINIMUM,L31D,BOTH,BEHAVIORAL,False,,SAFE,AMOUNT|GST|LONG_WINDOW|MINIMUM|WINDOW_L31D
F878,MIN_GST_AMT_CR_L31D,Min GST Credit Amount - last 31D,False,GST,MINIMUM,L31D,CREDIT,BEHAVIORAL,False,,SAFE,AMOUNT|CREDIT|GST|LONG_WINDOW|MINIMUM|WINDOW_L31D
F879,MIN_GST_AMT_DB_L31D,Min GST Debit Amount - last 31D,False,GST,MINIMUM,L31D,DEBIT,BEHAVIORAL,False,,SAFE,AMOUNT|DEBIT|GST|LONG_WINDOW|MINIMUM|WINDOW_L31D
F880,MIN_ELEC_XFER_TXNS_L31D,Min Online Transfer (IMPS+NEFT+RTGS) Total Txns - last 31D,False,ELEC_XFER,MINIMUM,L31D,BOTH,BEHAVIORAL,False,,SAFE,ELEC_XFER|LONG_WINDOW|MINIMUM|TRANSACTION_COUNT|WINDOW_L31D
F881,MIN_ELEC_XFER_TXNS_CR_L31D,Min Online Transfer (IMPS+NEFT+RTGS) Credit Txns - last 31D,False,ELEC_XFER,MINIMUM,L31D,CREDIT,BEHAVIORAL,False,,SAFE,CREDIT|ELEC_XFER|LONG_WINDOW|MINIMUM|TRANSACTION_COUNT|WINDOW_L31D
F882,MIN_ELEC_XFER_TXNS_DB_L31D,Min Online Transfer (IMPS+NEFT+RTGS) Debit Txns - last 31D,False,ELEC_XFER,MINIMUM,L31D,DEBIT,BEHAVIORAL,False,,SAFE,DEBIT|ELEC_XFER|LONG_WINDOW|MINIMUM|TRANSACTION_COUNT|WINDOW_L31D
F883,MIN_ELEC_XFER_AMT_L31D,Min Online Transfer (IMPS+NEFT+RTGS) Total Amount - last 31D,False,ELEC_XFER,MINIMUM,L31D,BOTH,BEHAVIORAL,False,,SAFE,AMOUNT|ELEC_XFER|LONG_WINDOW|MINIMUM|WINDOW_L31D
F884,MIN_ELEC_XFER_AMT_CR_L31D,Min Online Transfer (IMPS+NEFT+RTGS) Credit Amount - last 31D,False,ELEC_XFER,MINIMUM,L31D,CREDIT,BEHAVIORAL,False,,SAFE,AMOUNT|CREDIT|ELEC_XFER|LONG_WINDOW|MINIMUM|WINDOW_L31D
F885,MIN_ELEC_XFER_AMT_DB_L31D,Min Online Transfer (IMPS+NEFT+RTGS) Debit Amount - last 31D,False,ELEC_XFER,MINIMUM,L31D,DEBIT,BEHAVIORAL,False,,SAFE,AMOUNT|DEBIT|ELEC_XFER|LONG_WINDOW|MINIMUM|WINDOW_L31D
F886,MIN_UPI_XFER_TXNS_L31D,Min UPI Total Txns - last 31D,False,UPI_XFER,MINIMUM,L31D,BOTH,BEHAVIORAL,False,,SAFE,LONG_WINDOW|MINIMUM|TRANSACTION_COUNT|UPI_XFER|WINDOW_L31D
F887,MIN_UPI_TXNS_CR_L31D,Min UPI Credit Txns - last 31D,False,UPI,MINIMUM,L31D,CREDIT,BEHAVIORAL,False,,SAFE,CREDIT|LONG_WINDOW|MINIMUM|TRANSACTION_COUNT|UPI|WINDOW_L31D
F888,MIN_UPI_TXNS_DB_L31D,Min UPI Debit Txns - last 31D,False,UPI,MINIMUM,L31D,DEBIT,BEHAVIORAL,False,,SAFE,DEBIT|LONG_WINDOW|MINIMUM|TRANSACTION_COUNT|UPI|WINDOW_L31D
F889,MIN_UPI_XFER_AMT_L31D,Min UPI Total Amount - last 31D,False,UPI_XFER,MINIMUM,L31D,BOTH,BEHAVIORAL,False,,SAFE,AMOUNT|LONG_WINDOW|MINIMUM|UPI_XFER|WINDOW_L31D
F890,MIN_UPI_AMT_CR_L31D,Min UPI Credit Amount - last 31D,False,UPI,MINIMUM,L31D,CREDIT,BEHAVIORAL,False,,SAFE,AMOUNT|CREDIT|LONG_WINDOW|MINIMUM|UPI|WINDOW_L31D
F891,MIN_UPI_AMT_DB_L31D,Min UPI Debit Amount - last 31D,False,UPI,MINIMUM,L31D,DEBIT,BEHAVIORAL,False,,SAFE,AMOUNT|DEBIT|LONG_WINDOW|MINIMUM|UPI|WINDOW_L31D
F892,MIN_NET_BNKING_TXNS_L31D,Min Net Banking Total Txns - last 31D,False,NET_BANKING,MINIMUM,L31D,BOTH,BEHAVIORAL,False,,SAFE,LONG_WINDOW|MINIMUM|NET_BANKING|TRANSACTION_COUNT|WINDOW_L31D
F893,MIN_NET_BNKING_TXNS_CR_L31D,Min Net Banking Credit Txns - last 31D,False,NET_BANKING,MINIMUM,L31D,CREDIT,BEHAVIORAL,False,,SAFE,CREDIT|LONG_WINDOW|MINIMUM|NET_BANKING|TRANSACTION_COUNT|WINDOW_L31D
F894,MIN_NET_BNKING_TXNS_DB_L31D,Min Net Banking Debit Txns - last 31D,False,NET_BANKING,MINIMUM,L31D,DEBIT,BEHAVIORAL,False,,SAFE,DEBIT|LONG_WINDOW|MINIMUM|NET_BANKING|TRANSACTION_COUNT|WINDOW_L31D
F895,MIN_NET_BNKING_AMT_L31D,Min Net Banking Total Amount - last 31D,False,NET_BANKING,MINIMUM,L31D,BOTH,BEHAVIORAL,False,,SAFE,AMOUNT|LONG_WINDOW|MINIMUM|NET_BANKING|WINDOW_L31D
F896,MIN_NET_BNKING_AMT_CR_L31D,Min Net Banking Credit Amount - last 31D,False,NET_BANKING,MINIMUM,L31D,CREDIT,BEHAVIORAL,False,,SAFE,AMOUNT|CREDIT|LONG_WINDOW|MINIMUM|NET_BANKING|WINDOW_L31D
F897,MIN_NET_BNKING_AMT_DB_L31D,Min Net Banking Debit Amount - last 31D,False,NET_BANKING,MINIMUM,L31D,DEBIT,BEHAVIORAL,False,,SAFE,AMOUNT|DEBIT|LONG_WINDOW|MINIMUM|NET_BANKING|WINDOW_L31D
F898,MIN_MOB_BNKING_TXNS_L31D,Min Mobile Banking Total Txns - last 31D,False,MOBILE_BANKING,MINIMUM,L31D,BOTH,BEHAVIORAL,False,,SAFE,LONG_WINDOW|MINIMUM|MOBILE_BANKING|TRANSACTION_COUNT|WINDOW_L31D
F899,MIN_MBNKING_TXNS_CR_L31D,Min Mobile Banking Total Amount - last 31D,False,MOBILE_BANKING,MINIMUM,L31D,CREDIT,BEHAVIORAL,False,,SAFE,AMOUNT|CREDIT|LONG_WINDOW|MINIMUM|MOBILE_BANKING|WINDOW_L31D
F900,MIN_MBNKING_TXNS_DB_L31D,Min Mobile Banking Credit Txns - last 31D,False,MOBILE_BANKING,MINIMUM,L31D,DEBIT,BEHAVIORAL,False,,SAFE,DEBIT|LONG_WINDOW|MINIMUM|MOBILE_BANKING|TRANSACTION_COUNT|WINDOW_L31D
F901,MIN_MOB_BNKING_AMT_L31D,Min Mobile Banking Debit Txns - last 31D,False,MOBILE_BANKING,MINIMUM,L31D,BOTH,BEHAVIORAL,False,,SAFE,AMOUNT|LONG_WINDOW|MINIMUM|MOBILE_BANKING|TRANSACTION_COUNT|WINDOW_L31D
F902,MIN_MBNKING_AMT_CR_L31D,Min Mobile Banking Credit Amount - last 31D,False,MOBILE_BANKING,MINIMUM,L31D,CREDIT,BEHAVIORAL,False,,SAFE,AMOUNT|CREDIT|LONG_WINDOW|MINIMUM|MOBILE_BANKING|WINDOW_L31D
F903,MIN_MBNKING_AMT_DB_L31D,Min Mobile Banking Debit Amount - last 31D,False,MOBILE_BANKING,MINIMUM,L31D,DEBIT,BEHAVIORAL,False,,SAFE,AMOUNT|DEBIT|LONG_WINDOW|MINIMUM|MOBILE_BANKING|WINDOW_L31D
F904,MIN_POS_PYMT_TXNS_L31D,Min Merchant Payment Total Txns - last 31D,False,POS_MERCHANT,MINIMUM,L31D,BOTH,BEHAVIORAL,False,,SAFE,LONG_WINDOW|MINIMUM|POS_MERCHANT|TRANSACTION_COUNT|WINDOW_L31D
F905,MIN_POS_PYMT_TXNS_CR_L31D,Min Merchant Payment Credit Txns - last 31D,False,POS_MERCHANT,MINIMUM,L31D,CREDIT,BEHAVIORAL,False,,SAFE,CREDIT|LONG_WINDOW|MINIMUM|POS_MERCHANT|TRANSACTION_COUNT|WINDOW_L31D
F906,MIN_POS_PYMT_TXNS_DB_L31D,Min Merchant Payment Debit Txns - last 31D,False,POS_MERCHANT,MINIMUM,L31D,DEBIT,BEHAVIORAL,False,,SAFE,DEBIT|LONG_WINDOW|MINIMUM|POS_MERCHANT|TRANSACTION_COUNT|WINDOW_L31D
F907,MIN_POS_PYMT_AMT_L31D,Min Merchant Payment Total Amount - last 31D,False,POS_MERCHANT,MINIMUM,L31D,BOTH,BEHAVIORAL,False,,SAFE,AMOUNT|LONG_WINDOW|MINIMUM|POS_MERCHANT|WINDOW_L31D
F908,MIN_POS_PYMT_AMT_CR_L31D,Min Merchant Payment Credit Amount - last 31D,False,POS_MERCHANT,MINIMUM,L31D,CREDIT,BEHAVIORAL,False,,SAFE,AMOUNT|CREDIT|LONG_WINDOW|MINIMUM|POS_MERCHANT|WINDOW_L31D
F909,MIN_POS_PYMT_AMT_DB_L31D,Min Merchant Payment Debit Amount - last 31D,False,POS_MERCHANT,MINIMUM,L31D,DEBIT,BEHAVIORAL,False,,SAFE,AMOUNT|DEBIT|LONG_WINDOW|MINIMUM|POS_MERCHANT|WINDOW_L31D
F910,MIN_BBPS_TXNS_L31D,Min Bharat Bill Payment System Total Txns - last 31D,False,BBPS,MINIMUM,L31D,BOTH,BEHAVIORAL,False,,SAFE,BBPS|LONG_WINDOW|MINIMUM|TRANSACTION_COUNT|WINDOW_L31D
F911,MIN_BBPS_TXNS_CR_L31D,Min Bharat Bill Payment System Credit Txns - last 31D,False,BBPS,MINIMUM,L31D,CREDIT,BEHAVIORAL,False,,SAFE,BBPS|CREDIT|LONG_WINDOW|MINIMUM|TRANSACTION_COUNT|WINDOW_L31D
F912,MIN_BBPS_TXNS_DB_L31D,Min Bharat Bill Payment System Debit Txns - last 31D,False,BBPS,MINIMUM,L31D,DEBIT,BEHAVIORAL,False,,SAFE,BBPS|DEBIT|LONG_WINDOW|MINIMUM|TRANSACTION_COUNT|WINDOW_L31D
F913,MIN_BBPS_AMT_L31D,Min Bharat Bill Payment System Total Amount - last 31D,False,BBPS,MINIMUM,L31D,BOTH,BEHAVIORAL,False,,SAFE,AMOUNT|BBPS|LONG_WINDOW|MINIMUM|WINDOW_L31D
F914,MIN_BBPS_AMT_CR_L31D,Min Bharat Bill Payment System Credit Amount - last 31D,False,BBPS,MINIMUM,L31D,CREDIT,BEHAVIORAL,False,,SAFE,AMOUNT|BBPS|CREDIT|LONG_WINDOW|MINIMUM|WINDOW_L31D
F915,MIN_BBPS_AMT_DB_L31D,Min Bharat Bill Payment System Debit Amount - last 31D,False,BBPS,MINIMUM,L31D,DEBIT,BEHAVIORAL,False,,SAFE,AMOUNT|BBPS|DEBIT|LONG_WINDOW|MINIMUM|WINDOW_L31D
F916,MIN_APB_TXNS_L31D,Min Aadhar Payment Bridge Total Txns - last 31D,False,AADHAAR_PAYMENT_BRIDGE,MINIMUM,L31D,BOTH,BEHAVIORAL,False,,SAFE,AADHAAR_PAYMENT_BRIDGE|LONG_WINDOW|MINIMUM|TRANSACTION_COUNT|WINDOW_L31D
F917,MIN_APB_TXNS_CR_L31D,Min Aadhar Payment Bridge Credit Txns - last 31D,False,AADHAAR_PAYMENT_BRIDGE,MINIMUM,L31D,CREDIT,BEHAVIORAL,False,,SAFE,AADHAAR_PAYMENT_BRIDGE|CREDIT|LONG_WINDOW|MINIMUM|TRANSACTION_COUNT|WINDOW_L31D
F918,MIN_APB_TXNS_DB_L31D,Min Aadhar Payment Bridge Debit Txns - last 31D,False,AADHAAR_PAYMENT_BRIDGE,MINIMUM,L31D,DEBIT,BEHAVIORAL,False,,SAFE,AADHAAR_PAYMENT_BRIDGE|DEBIT|LONG_WINDOW|MINIMUM|TRANSACTION_COUNT|WINDOW_L31D
F919,MIN_APB_AMT_L31D,Min Aadhar Payment Bridge Total Amount - last 31D,False,AADHAAR_PAYMENT_BRIDGE,MINIMUM,L31D,BOTH,BEHAVIORAL,False,,SAFE,AADHAAR_PAYMENT_BRIDGE|AMOUNT|LONG_WINDOW|MINIMUM|WINDOW_L31D
F920,MIN_APB_AMT_CR_L31D,Min Aadhar Payment Bridge Credit Amount - last 31D,False,AADHAAR_PAYMENT_BRIDGE,MINIMUM,L31D,CREDIT,BEHAVIORAL,False,,SAFE,AADHAAR_PAYMENT_BRIDGE|AMOUNT|CREDIT|LONG_WINDOW|MINIMUM|WINDOW_L31D
F921,MIN_APB_AMT_DB_L31D,Min Aadhar Payment Bridge Debit Amount - last 31D,False,AADHAAR_PAYMENT_BRIDGE,MINIMUM,L31D,DEBIT,BEHAVIORAL,False,,SAFE,AADHAAR_PAYMENT_BRIDGE|AMOUNT|DEBIT|LONG_WINDOW|MINIMUM|WINDOW_L31D
F922,MIN_LOAN_TXNS_L31D,Min Loan Total Txns - last 31D,False,LOAN,MINIMUM,L31D,BOTH,BEHAVIORAL,False,,SAFE,LOAN|LONG_WINDOW|MINIMUM|TRANSACTION_COUNT|WINDOW_L31D
F923,MIN_LOAN_TXNS_CR_L31D,Min Loan Credit Txns - last 31D,False,LOAN,MINIMUM,L31D,CREDIT,BEHAVIORAL,False,,SAFE,CREDIT|LOAN|LONG_WINDOW|MINIMUM|TRANSACTION_COUNT|WINDOW_L31D
F924,MIN_LOAN_TXNS_DB_L31D,Min Loan Debit Txns - last 31D,False,LOAN,MINIMUM,L31D,DEBIT,BEHAVIORAL,False,,SAFE,DEBIT|LOAN|LONG_WINDOW|MINIMUM|TRANSACTION_COUNT|WINDOW_L31D
F925,MIN_LOAN_AMT_L31D,Min Loan Total Amount - last 31D,False,LOAN,MINIMUM,L31D,BOTH,BEHAVIORAL,False,,SAFE,AMOUNT|LOAN|LONG_WINDOW|MINIMUM|WINDOW_L31D
F926,MIN_LOAN_AMT_CR_L31D,Min Loan Credit Amount - last 31D,False,LOAN,MINIMUM,L31D,CREDIT,BEHAVIORAL,False,,SAFE,AMOUNT|CREDIT|LOAN|LONG_WINDOW|MINIMUM|WINDOW_L31D
F927,MIN_LOAN_AMT_DB_L31D,Min Loan Debit Amount - last 31D,False,LOAN,MINIMUM,L31D,DEBIT,BEHAVIORAL,False,,SAFE,AMOUNT|DEBIT|LOAN|LONG_WINDOW|MINIMUM|WINDOW_L31D
F928,MIN_STDNG_INSTR_L31D,Min Standing Instruction Total Txns - last 31D,False,STANDING_INSTRUCTION,MINIMUM,L31D,BOTH,BEHAVIORAL,False,,SAFE,LONG_WINDOW|MINIMUM|STANDING_INSTRUCTION|TRANSACTION_COUNT|WINDOW_L31D
F929,MIN_STDNG_INSTR_CR_TXNS_L31D,Min Standing Instruction Credit Txns - last 31D,False,STANDING_INSTRUCTION,MINIMUM,L31D,CREDIT,BEHAVIORAL,False,,SAFE,CREDIT|LONG_WINDOW|MINIMUM|STANDING_INSTRUCTION|TRANSACTION_COUNT|WINDOW_L31D
F930,MIN_STDNG_INSTR_DB_TXNS_L31D,Min Standing Instruction Debit Txns - last 31D,False,STANDING_INSTRUCTION,MINIMUM,L31D,DEBIT,BEHAVIORAL,False,,SAFE,DEBIT|LONG_WINDOW|MINIMUM|STANDING_INSTRUCTION|TRANSACTION_COUNT|WINDOW_L31D
F931,MIN_STDNG_INSTR_AMT_L31D,Min Standing Instruction Total Amount - last 31D,False,STANDING_INSTRUCTION,MINIMUM,L31D,BOTH,BEHAVIORAL,False,,SAFE,AMOUNT|LONG_WINDOW|MINIMUM|STANDING_INSTRUCTION|WINDOW_L31D
F932,MIN_STDNG_INSTR_AMT_CR_L31D,Min Standing Instruction Credit Amount - last 31D,False,STANDING_INSTRUCTION,MINIMUM,L31D,CREDIT,BEHAVIORAL,False,,SAFE,AMOUNT|CREDIT|LONG_WINDOW|MINIMUM|STANDING_INSTRUCTION|WINDOW_L31D
F933,MIN_STDNG_INSTR_AMT_DB_L31D,Min Standing Instruction Debit Amount - last 31D,False,STANDING_INSTRUCTION,MINIMUM,L31D,DEBIT,BEHAVIORAL,False,,SAFE,AMOUNT|DEBIT|LONG_WINDOW|MINIMUM|STANDING_INSTRUCTION|WINDOW_L31D
F934,MAX_CASH_TXNS_L7D,Max Cash Total Txns - last 7D,False,CASH,MAXIMUM,L7D,BOTH,BEHAVIORAL,False,,SAFE,CASH|MAXIMUM|SHORT_WINDOW|TRANSACTION_COUNT|WINDOW_L7D
F935,MAX_CASH_TXNS_CR_L7D,Max Cash Credit Txns - last 7D,False,CASH,MAXIMUM,L7D,CREDIT,BEHAVIORAL,False,,SAFE,CASH|CREDIT|MAXIMUM|SHORT_WINDOW|TRANSACTION_COUNT|WINDOW_L7D
F936,MAX_CASH_TXNS_DB_L7D,Max Cash Debit Txns - last 7D,False,CASH,MAXIMUM,L7D,DEBIT,BEHAVIORAL,False,,SAFE,CASH|DEBIT|MAXIMUM|SHORT_WINDOW|TRANSACTION_COUNT|WINDOW_L7D
F937,MAX_CASH_AMT_L7D,Max Cash Total Amount - last 7D,False,CASH,MAXIMUM,L7D,BOTH,BEHAVIORAL,False,,SAFE,AMOUNT|CASH|MAXIMUM|SHORT_WINDOW|WINDOW_L7D
F938,MAX_CASH_AMT_CR_L7D,Max Cash Credit Amount - last 7D,False,CASH,MAXIMUM,L7D,CREDIT,BEHAVIORAL,False,,SAFE,AMOUNT|CASH|CREDIT|MAXIMUM|SHORT_WINDOW|WINDOW_L7D
F939,MAX_CASH_AMT_DB_L7D,Max Cash Debit Amount - last 7D,False,CASH,MAXIMUM,L7D,DEBIT,BEHAVIORAL,False,,SAFE,AMOUNT|CASH|DEBIT|MAXIMUM|SHORT_WINDOW|WINDOW_L7D
F940,MAX_CHQ_TXNS_L7D,Max Cheque Total Txns - last 7D,False,CHEQUE,MAXIMUM,L7D,BOTH,BEHAVIORAL,False,,SAFE,CHEQUE|MAXIMUM|SHORT_WINDOW|TRANSACTION_COUNT|WINDOW_L7D
F941,MAX_CHQ_TXNS_CR_L7D,Max Cheque Credit Txns - last 7D,False,CHEQUE,MAXIMUM,L7D,CREDIT,BEHAVIORAL,False,,SAFE,CHEQUE|CREDIT|MAXIMUM|SHORT_WINDOW|TRANSACTION_COUNT|WINDOW_L7D
F942,MAX_CHQ_TXNS_DB_L7D,Max Cheque Debit Txns - last 7D,False,CHEQUE,MAXIMUM,L7D,DEBIT,BEHAVIORAL,False,,SAFE,CHEQUE|DEBIT|MAXIMUM|SHORT_WINDOW|TRANSACTION_COUNT|WINDOW_L7D
F943,MAX_CHQ_AMT_L7D,Max Cheque Total Amount - last 7D,False,CHEQUE,MAXIMUM,L7D,BOTH,BEHAVIORAL,False,,SAFE,AMOUNT|CHEQUE|MAXIMUM|SHORT_WINDOW|WINDOW_L7D
F944,MAX_CHQ_AMT_CR_L7D,Max Cheque Credit Amount - last 7D,False,CHEQUE,MAXIMUM,L7D,CREDIT,BEHAVIORAL,False,,SAFE,AMOUNT|CHEQUE|CREDIT|MAXIMUM|SHORT_WINDOW|WINDOW_L7D
F945,MAX_CHQ_AMT_DB_L7D,Max Cheque Debit Amount - last 7D,False,CHEQUE,MAXIMUM,L7D,DEBIT,BEHAVIORAL,False,,SAFE,AMOUNT|CHEQUE|DEBIT|MAXIMUM|SHORT_WINDOW|WINDOW_L7D
F946,MAX_NON_CASH_CHQ_TXNS_L7D,Max Non Cash Non Cheque Total Txns - last 7D,False,NON_CASH_CHQ,MAXIMUM,L7D,BOTH,BEHAVIORAL,False,,SAFE,MAXIMUM|NON_CASH_CHQ|SHORT_WINDOW|TRANSACTION_COUNT|WINDOW_L7D
F947,MAX_NON_CASH_CHQ_TXNS_CR_L7D,Max Non Cash Non Cheque Credit Txns - last 7D,False,NON_CASH_CHQ,MAXIMUM,L7D,CREDIT,BEHAVIORAL,False,,SAFE,CREDIT|MAXIMUM|NON_CASH_CHQ|SHORT_WINDOW|TRANSACTION_COUNT|WINDOW_L7D
F948,MAX_NON_CASH_CHQ_TXNS_DB_L7D,Max Non Cash Non Cheque Debit Txns - last 7D,False,NON_CASH_CHQ,MAXIMUM,L7D,DEBIT,BEHAVIORAL,False,,SAFE,DEBIT|MAXIMUM|NON_CASH_CHQ|SHORT_WINDOW|TRANSACTION_COUNT|WINDOW_L7D
F949,MAX_NON_CASH_CHQ_AMT_L7D,Max Non Cash Non Cheque Total Amount - last 7D,False,NON_CASH_CHQ,MAXIMUM,L7D,BOTH,BEHAVIORAL,False,,SAFE,AMOUNT|MAXIMUM|NON_CASH_CHQ|SHORT_WINDOW|WINDOW_L7D
F950,MAX_NON_CASH_CHQ_AMT_CR_L7D,Max Non Cash Non Cheque Credit Amount - last 7D,False,NON_CASH_CHQ,MAXIMUM,L7D,CREDIT,BEHAVIORAL,False,,SAFE,AMOUNT|CREDIT|MAXIMUM|NON_CASH_CHQ|SHORT_WINDOW|WINDOW_L7D
F951,MAX_NON_CASH_CHQ_AMT_DB_L7D,Max Non Cash Non Cheque Debit Amount - last 7D,False,NON_CASH_CHQ,MAXIMUM,L7D,DEBIT,BEHAVIORAL,False,,SAFE,AMOUNT|DEBIT|MAXIMUM|NON_CASH_CHQ|SHORT_WINDOW|WINDOW_L7D
F952,MAX_CI_NON_CASH_CHQ_TXNS_L7D,Max Customer Induced Non Cash Non Cheque Total Txns - last 7D,False,NON_CASH_CHQ,MAXIMUM,L7D,BOTH,BEHAVIORAL,False,,SAFE,MAXIMUM|NON_CASH_CHQ|SHORT_WINDOW|TRANSACTION_COUNT|WINDOW_L7D
F953,MAX_CI_NON_CASH_CHQ_TXNS_CR_L7D,Max Customer Induced Non Cash Non Cheque Credit Txns - last 7D,False,NON_CASH_CHQ,MAXIMUM,L7D,CREDIT,BEHAVIORAL,False,,SAFE,CREDIT|MAXIMUM|NON_CASH_CHQ|SHORT_WINDOW|TRANSACTION_COUNT|WINDOW_L7D
F954,MAX_CI_NON_CASH_CHQ_TXNS_DB_L7D,Max Customer Induced Non Cash Non Cheque Debit Txns - last 7D,False,NON_CASH_CHQ,MAXIMUM,L7D,DEBIT,BEHAVIORAL,False,,SAFE,DEBIT|MAXIMUM|NON_CASH_CHQ|SHORT_WINDOW|TRANSACTION_COUNT|WINDOW_L7D
F955,MAX_CI_NON_CASH_CHQ_AMT_L7D,Max Customer Induced Non Cash Non Cheque Total Amount - last 7D,False,NON_CASH_CHQ,MAXIMUM,L7D,BOTH,BEHAVIORAL,False,,SAFE,AMOUNT|MAXIMUM|NON_CASH_CHQ|SHORT_WINDOW|WINDOW_L7D
F956,MAX_CI_NON_CASH_CHQ_AMT_CR_L7D,Max Customer Induced Non Cash Non Cheque Credit Amount - last 7D,False,NON_CASH_CHQ,MAXIMUM,L7D,CREDIT,BEHAVIORAL,False,,SAFE,AMOUNT|CREDIT|MAXIMUM|NON_CASH_CHQ|SHORT_WINDOW|WINDOW_L7D
F957,MAX_CI_NON_CASH_CHQ_AMT_DB_L7D,Max Customer Induced Non Cash Non Cheque Debit Amount - last 7D,False,NON_CASH_CHQ,MAXIMUM,L7D,DEBIT,BEHAVIORAL,False,,SAFE,AMOUNT|DEBIT|MAXIMUM|NON_CASH_CHQ|SHORT_WINDOW|WINDOW_L7D
F958,MAX_CI_TXNS_L7D,Max Customer Induced Total Txns - last 7D,False,CASH_INTENSIVE,MAXIMUM,L7D,BOTH,BEHAVIORAL,False,,SAFE,CASH_INTENSIVE|MAXIMUM|SHORT_WINDOW|TRANSACTION_COUNT|WINDOW_L7D
F959,MAX_CI_TXNS_CR_L7D,Max Customer Induced Credit Txns - last 7D,False,CASH_INTENSIVE,MAXIMUM,L7D,CREDIT,BEHAVIORAL,False,,SAFE,CASH_INTENSIVE|CREDIT|MAXIMUM|SHORT_WINDOW|TRANSACTION_COUNT|WINDOW_L7D
F960,MAX_CI_TXNS_DB_L7D,Max Customer Induced Debit Txns - last 7D,False,CASH_INTENSIVE,MAXIMUM,L7D,DEBIT,BEHAVIORAL,False,,SAFE,CASH_INTENSIVE|DEBIT|MAXIMUM|SHORT_WINDOW|TRANSACTION_COUNT|WINDOW_L7D
F961,MAX_CI_AMT_L7D,Max Customer Induced Total Amount - last 7D,False,CASH_INTENSIVE,MAXIMUM,L7D,BOTH,BEHAVIORAL,False,,SAFE,AMOUNT|CASH_INTENSIVE|MAXIMUM|SHORT_WINDOW|WINDOW_L7D
F962,MAX_CI_AMT_CR_L7D,Max Customer Induced Credit Amount - last 7D,False,CASH_INTENSIVE,MAXIMUM,L7D,CREDIT,BEHAVIORAL,False,,SAFE,AMOUNT|CASH_INTENSIVE|CREDIT|MAXIMUM|SHORT_WINDOW|WINDOW_L7D
F963,MAX_CI_AMT_DB_L7D,Max Customer Induced Debit Amount - last 7D,False,CASH_INTENSIVE,MAXIMUM,L7D,DEBIT,BEHAVIORAL,False,,SAFE,AMOUNT|CASH_INTENSIVE|DEBIT|MAXIMUM|SHORT_WINDOW|WINDOW_L7D
F964,MAX_ATM_TXNS_L7D,Max ATM Total Txns - last 7D,False,ATM,MAXIMUM,L7D,BOTH,BEHAVIORAL,False,,SAFE,ATM|MAXIMUM|SHORT_WINDOW|TRANSACTION_COUNT|WINDOW_L7D
F965,MAX_ATM_TXNS_CR_L7D,Max ATM Credit Txns - last 7D,False,ATM,MAXIMUM,L7D,CREDIT,BEHAVIORAL,False,,SAFE,ATM|CREDIT|MAXIMUM|SHORT_WINDOW|TRANSACTION_COUNT|WINDOW_L7D
F966,MAX_ATM_TXNS_DB_L7D,Max ATM Debit Txns - last 7D,False,ATM,MAXIMUM,L7D,DEBIT,BEHAVIORAL,False,,SAFE,ATM|DEBIT|MAXIMUM|SHORT_WINDOW|TRANSACTION_COUNT|WINDOW_L7D
F967,MAX_ATM_AMT_L7D,Max ATM Total Amount - last 7D,False,ATM,MAXIMUM,L7D,BOTH,BEHAVIORAL,False,,SAFE,AMOUNT|ATM|MAXIMUM|SHORT_WINDOW|WINDOW_L7D
F968,MAX_ATM_AMT_CR_L7D,Max ATM Credit Amount - last 7D,False,ATM,MAXIMUM,L7D,CREDIT,BEHAVIORAL,False,,SAFE,AMOUNT|ATM|CREDIT|MAXIMUM|SHORT_WINDOW|WINDOW_L7D
F969,MAX_ATM_AMT_DB_L7D,Max ATM Debit Amount - last 7D,False,ATM,MAXIMUM,L7D,DEBIT,BEHAVIORAL,False,,SAFE,AMOUNT|ATM|DEBIT|MAXIMUM|SHORT_WINDOW|WINDOW_L7D
F970,MAX_BI_FEES_CHRGS_TXNS_L7D,Max Bank Induced Fees Charges Total Txns - last 7D,False,FEES_AND_CHARGES,MAXIMUM,L7D,BOTH,BEHAVIORAL,False,,SAFE,FEES_AND_CHARGES|MAXIMUM|SHORT_WINDOW|TRANSACTION_COUNT|WINDOW_L7D
F971,MAX_BI_FEES_CHRGS_TXNS_CR_L7D,Max Bank Induced Fees Charges Credit Txns - last 7D,False,FEES_AND_CHARGES,MAXIMUM,L7D,CREDIT,BEHAVIORAL,False,,SAFE,CREDIT|FEES_AND_CHARGES|MAXIMUM|SHORT_WINDOW|TRANSACTION_COUNT|WINDOW_L7D
F972,MAX_BI_FEES_CHRGS_TXNS_DB_L7D,Max Bank Induced Fees Charges Debit Txns - last 7D,False,FEES_AND_CHARGES,MAXIMUM,L7D,DEBIT,BEHAVIORAL,False,,SAFE,DEBIT|FEES_AND_CHARGES|MAXIMUM|SHORT_WINDOW|TRANSACTION_COUNT|WINDOW_L7D
F973,MAX_BI_FEES_CHRGS_AMT_L7D,Max Bank Induced Fees Charges Total Amount - last 7D,False,FEES_AND_CHARGES,MAXIMUM,L7D,BOTH,BEHAVIORAL,False,,SAFE,AMOUNT|FEES_AND_CHARGES|MAXIMUM|SHORT_WINDOW|WINDOW_L7D
F974,MAX_BI_FEES_CHRGS_AMT_CR_L7D,Max Bank Induced Fees Charges Credit Amount - last 7D,False,FEES_AND_CHARGES,MAXIMUM,L7D,CREDIT,BEHAVIORAL,False,,SAFE,AMOUNT|CREDIT|FEES_AND_CHARGES|MAXIMUM|SHORT_WINDOW|WINDOW_L7D
F975,MAX_BI_FEES_CHRGS_AMT_DB_L7D,Max Bank Induced Fees Charges Debit Amount - last 7D,False,FEES_AND_CHARGES,MAXIMUM,L7D,DEBIT,BEHAVIORAL,False,,SAFE,AMOUNT|DEBIT|FEES_AND_CHARGES|MAXIMUM|SHORT_WINDOW|WINDOW_L7D
F976,MAX_CI_FEES_CHRGS_TXNS_L7D,Max Customer Induced Fees Charges Total Txns - last 7D,False,FEES_AND_CHARGES,MAXIMUM,L7D,BOTH,BEHAVIORAL,False,,SAFE,FEES_AND_CHARGES|MAXIMUM|SHORT_WINDOW|TRANSACTION_COUNT|WINDOW_L7D
F977,MAX_CI_FEES_CHRGS_TXNS_CR_L7D,Max Customer Induced Fees Charges Credit Txns - last 7D,False,FEES_AND_CHARGES,MAXIMUM,L7D,CREDIT,BEHAVIORAL,False,,SAFE,CREDIT|FEES_AND_CHARGES|MAXIMUM|SHORT_WINDOW|TRANSACTION_COUNT|WINDOW_L7D
F978,MAX_CI_FEES_CHRGS_TXNS_DB_L7D,Max Customer Induced Fees Charges Debit Txns - last 7D,False,FEES_AND_CHARGES,MAXIMUM,L7D,DEBIT,BEHAVIORAL,False,,SAFE,DEBIT|FEES_AND_CHARGES|MAXIMUM|SHORT_WINDOW|TRANSACTION_COUNT|WINDOW_L7D
F979,MAX_CI_FEES_CHRGS_AMT_L7D,Max Customer Induced Fees Charges Total Amount - last 7D,False,FEES_AND_CHARGES,MAXIMUM,L7D,BOTH,BEHAVIORAL,False,,SAFE,AMOUNT|FEES_AND_CHARGES|MAXIMUM|SHORT_WINDOW|WINDOW_L7D
F980,MAX_CI_FEES_CHRGS_AMT_CR_L7D,Max Customer Induced Fees Charges Credit Amount - last 7D,False,FEES_AND_CHARGES,MAXIMUM,L7D,CREDIT,BEHAVIORAL,False,,SAFE,AMOUNT|CREDIT|FEES_AND_CHARGES|MAXIMUM|SHORT_WINDOW|WINDOW_L7D
F981,MAX_CI_FEES_CHRGS_AMT_DB_L7D,Max Customer Induced Fees Charges Debit Amount - last 7D,False,FEES_AND_CHARGES,MAXIMUM,L7D,DEBIT,BEHAVIORAL,False,,SAFE,AMOUNT|DEBIT|FEES_AND_CHARGES|MAXIMUM|SHORT_WINDOW|WINDOW_L7D
F982,MAX_GST_TXNS_L7D,Max GST Total Txns - last 7D,False,GST,MAXIMUM,L7D,BOTH,BEHAVIORAL,False,,SAFE,GST|MAXIMUM|SHORT_WINDOW|TRANSACTION_COUNT|WINDOW_L7D
F983,MAX_GST_TXNS_CR_L7D,Max GST Credit Txns - last 7D,False,GST,MAXIMUM,L7D,CREDIT,BEHAVIORAL,False,,SAFE,CREDIT|GST|MAXIMUM|SHORT_WINDOW|TRANSACTION_COUNT|WINDOW_L7D
F984,MAX_GST_TXNS_DB_L7D,Max GST Debit Txns - last 7D,False,GST,MAXIMUM,L7D,DEBIT,BEHAVIORAL,False,,SAFE,DEBIT|GST|MAXIMUM|SHORT_WINDOW|TRANSACTION_COUNT|WINDOW_L7D
F985,MAX_GST_AMT_L7D,Max GST Total Amount - last 7D,False,GST,MAXIMUM,L7D,BOTH,BEHAVIORAL,False,,SAFE,AMOUNT|GST|MAXIMUM|SHORT_WINDOW|WINDOW_L7D
F986,MAX_GST_AMT_CR_L7D,Max GST Credit Amount - last 7D,False,GST,MAXIMUM,L7D,CREDIT,BEHAVIORAL,False,,SAFE,AMOUNT|CREDIT|GST|MAXIMUM|SHORT_WINDOW|WINDOW_L7D
F987,MAX_GST_AMT_DB_L7D,Max GST Debit Amount - last 7D,False,GST,MAXIMUM,L7D,DEBIT,BEHAVIORAL,False,,SAFE,AMOUNT|DEBIT|GST|MAXIMUM|SHORT_WINDOW|WINDOW_L7D
F988,MAX_ELEC_XFER_TXNS_L7D,Max Online Transfer (IMPS+NEFT+RTGS) Total Txns - last 7D,False,ELEC_XFER,MAXIMUM,L7D,BOTH,BEHAVIORAL,False,,SAFE,ELEC_XFER|MAXIMUM|SHORT_WINDOW|TRANSACTION_COUNT|WINDOW_L7D
F989,MAX_ELEC_XFER_TXNS_CR_L7D,Max Online Transfer (IMPS+NEFT+RTGS) Credit Txns - last 7D,False,ELEC_XFER,MAXIMUM,L7D,CREDIT,BEHAVIORAL,False,,SAFE,CREDIT|ELEC_XFER|MAXIMUM|SHORT_WINDOW|TRANSACTION_COUNT|WINDOW_L7D
F990,MAX_ELEC_XFER_TXNS_DB_L7D,Max Online Transfer (IMPS+NEFT+RTGS) Debit Txns - last 7D,False,ELEC_XFER,MAXIMUM,L7D,DEBIT,BEHAVIORAL,False,,SAFE,DEBIT|ELEC_XFER|MAXIMUM|SHORT_WINDOW|TRANSACTION_COUNT|WINDOW_L7D
F991,MAX_ELEC_XFER_AMT_L7D,Max Online Transfer (IMPS+NEFT+RTGS) Total Amount - last 7D,False,ELEC_XFER,MAXIMUM,L7D,BOTH,BEHAVIORAL,False,,SAFE,AMOUNT|ELEC_XFER|MAXIMUM|SHORT_WINDOW|WINDOW_L7D
F992,MAX_ELEC_XFER_AMT_CR_L7D,Max Online Transfer (IMPS+NEFT+RTGS) Credit Amount - last 7D,False,ELEC_XFER,MAXIMUM,L7D,CREDIT,BEHAVIORAL,False,,SAFE,AMOUNT|CREDIT|ELEC_XFER|MAXIMUM|SHORT_WINDOW|WINDOW_L7D
F993,MAX_ELEC_XFER_AMT_DB_L7D,Max Online Transfer (IMPS+NEFT+RTGS) Debit Amount - last 7D,False,ELEC_XFER,MAXIMUM,L7D,DEBIT,BEHAVIORAL,False,,SAFE,AMOUNT|DEBIT|ELEC_XFER|MAXIMUM|SHORT_WINDOW|WINDOW_L7D
F994,MAX_UPI_XFER_TXNS_L7D,Max UPI Total Txns - last 7D,False,UPI_XFER,MAXIMUM,L7D,BOTH,BEHAVIORAL,False,,SAFE,MAXIMUM|SHORT_WINDOW|TRANSACTION_COUNT|UPI_XFER|WINDOW_L7D
F995,MAX_UPI_TXNS_CR_L7D,Max UPI Total Amount - last 7D,False,UPI,MAXIMUM,L7D,CREDIT,BEHAVIORAL,False,,SAFE,AMOUNT|CREDIT|MAXIMUM|SHORT_WINDOW|UPI|WINDOW_L7D
F996,MAX_UPI_TXNS_DB_L7D,Max UPI Credit Txns - last 7D,False,UPI,MAXIMUM,L7D,DEBIT,BEHAVIORAL,False,,SAFE,DEBIT|MAXIMUM|SHORT_WINDOW|TRANSACTION_COUNT|UPI|WINDOW_L7D
F997,MAX_UPI_XFER_AMT_L7D,Max UPI Debit Txns - last 7D,False,UPI_XFER,MAXIMUM,L7D,BOTH,BEHAVIORAL,False,,SAFE,AMOUNT|MAXIMUM|SHORT_WINDOW|TRANSACTION_COUNT|UPI_XFER|WINDOW_L7D
F998,MAX_UPI_AMT_CR_L7D,Max UPI Credit Amount - last 7D,False,UPI,MAXIMUM,L7D,CREDIT,BEHAVIORAL,False,,SAFE,AMOUNT|CREDIT|MAXIMUM|SHORT_WINDOW|UPI|WINDOW_L7D
F999,MAX_UPI_AMT_DB_L7D,Max UPI Debit Amount - last 7D,False,UPI,MAXIMUM,L7D,DEBIT,BEHAVIORAL,False,,SAFE,AMOUNT|DEBIT|MAXIMUM|SHORT_WINDOW|UPI|WINDOW_L7D
F1000,MAX_NET_BNKING_TXNS_L7D,Max Net Banking Total Txns - last 7D,False,NET_BANKING,MAXIMUM,L7D,BOTH,BEHAVIORAL,False,,SAFE,MAXIMUM|NET_BANKING|SHORT_WINDOW|TRANSACTION_COUNT|WINDOW_L7D
F1001,MAX_NET_BNKING_TXNS_CR_L7D,Max Net Banking Credit Txns - last 7D,False,NET_BANKING,MAXIMUM,L7D,CREDIT,BEHAVIORAL,False,,SAFE,CREDIT|MAXIMUM|NET_BANKING|SHORT_WINDOW|TRANSACTION_COUNT|WINDOW_L7D
F1002,MAX_NET_BNKING_TXNS_DB_L7D,Max Net Banking Debit Txns - last 7D,False,NET_BANKING,MAXIMUM,L7D,DEBIT,BEHAVIORAL,False,,SAFE,DEBIT|MAXIMUM|NET_BANKING|SHORT_WINDOW|TRANSACTION_COUNT|WINDOW_L7D
F1003,MAX_NET_BNKING_AMT_L7D,Max Net Banking Total Amount - last 7D,False,NET_BANKING,MAXIMUM,L7D,BOTH,BEHAVIORAL,False,,SAFE,AMOUNT|MAXIMUM|NET_BANKING|SHORT_WINDOW|WINDOW_L7D
F1004,MAX_NET_BNKING_AMT_CR_L7D,Max Net Banking Credit Amount - last 7D,False,NET_BANKING,MAXIMUM,L7D,CREDIT,BEHAVIORAL,False,,SAFE,AMOUNT|CREDIT|MAXIMUM|NET_BANKING|SHORT_WINDOW|WINDOW_L7D
F1005,MAX_NET_BNKING_AMT_DB_L7D,Max Net Banking Debit Amount - last 7D,False,NET_BANKING,MAXIMUM,L7D,DEBIT,BEHAVIORAL,False,,SAFE,AMOUNT|DEBIT|MAXIMUM|NET_BANKING|SHORT_WINDOW|WINDOW_L7D
F1006,MAX_MOB_BNKING_TXNS_L7D,Max Mobile Banking Total Txns - last 7D,False,MOBILE_BANKING,MAXIMUM,L7D,BOTH,BEHAVIORAL,False,,SAFE,MAXIMUM|MOBILE_BANKING|SHORT_WINDOW|TRANSACTION_COUNT|WINDOW_L7D
F1007,MAX_MBNKING_TXNS_CR_L7D,Max Mobile Banking Total Amount - last 7D,False,MOBILE_BANKING,MAXIMUM,L7D,CREDIT,BEHAVIORAL,False,,SAFE,AMOUNT|CREDIT|MAXIMUM|MOBILE_BANKING|SHORT_WINDOW|WINDOW_L7D
F1008,MAX_MBNKING_TXNS_DB_L7D,Max Mobile Banking Credit Txns - last 7D,False,MOBILE_BANKING,MAXIMUM,L7D,DEBIT,BEHAVIORAL,False,,SAFE,DEBIT|MAXIMUM|MOBILE_BANKING|SHORT_WINDOW|TRANSACTION_COUNT|WINDOW_L7D
F1009,MAX_MOB_BNKING_AMT_L7D,Max Mobile Banking Debit Txns - last 7D,False,MOBILE_BANKING,MAXIMUM,L7D,BOTH,BEHAVIORAL,False,,SAFE,AMOUNT|MAXIMUM|MOBILE_BANKING|SHORT_WINDOW|TRANSACTION_COUNT|WINDOW_L7D
F1010,MAX_MBNKING_AMT_CR_L7D,Max Mobile Banking Credit Amount - last 7D,False,MOBILE_BANKING,MAXIMUM,L7D,CREDIT,BEHAVIORAL,False,,SAFE,AMOUNT|CREDIT|MAXIMUM|MOBILE_BANKING|SHORT_WINDOW|WINDOW_L7D
F1011,MAX_MBNKING_AMT_DB_L7D,Max Mobile Banking Debit Amount - last 7D,False,MOBILE_BANKING,MAXIMUM,L7D,DEBIT,BEHAVIORAL,False,,SAFE,AMOUNT|DEBIT|MAXIMUM|MOBILE_BANKING|SHORT_WINDOW|WINDOW_L7D
F1012,MAX_POS_PYMT_TXNS_L7D,Max Merchant Payment Total Txns - last 7D,False,POS_MERCHANT,MAXIMUM,L7D,BOTH,BEHAVIORAL,False,,SAFE,MAXIMUM|POS_MERCHANT|SHORT_WINDOW|TRANSACTION_COUNT|WINDOW_L7D
F1013,MAX_POS_PYMT_TXNS_CR_L7D,Max Merchant Payment Credit Txns - last 7D,False,POS_MERCHANT,MAXIMUM,L7D,CREDIT,BEHAVIORAL,False,,SAFE,CREDIT|MAXIMUM|POS_MERCHANT|SHORT_WINDOW|TRANSACTION_COUNT|WINDOW_L7D
F1014,MAX_POS_PYMT_TXNS_DB_L7D,Max Merchant Payment Debit Txns - last 7D,False,POS_MERCHANT,MAXIMUM,L7D,DEBIT,BEHAVIORAL,False,,SAFE,DEBIT|MAXIMUM|POS_MERCHANT|SHORT_WINDOW|TRANSACTION_COUNT|WINDOW_L7D
F1015,MAX_POS_PYMT_AMT_L7D,Max Merchant Payment Total Amount - last 7D,False,POS_MERCHANT,MAXIMUM,L7D,BOTH,BEHAVIORAL,False,,SAFE,AMOUNT|MAXIMUM|POS_MERCHANT|SHORT_WINDOW|WINDOW_L7D
F1016,MAX_POS_PYMT_AMT_CR_L7D,Max Merchant Payment Credit Amount - last 7D,False,POS_MERCHANT,MAXIMUM,L7D,CREDIT,BEHAVIORAL,False,,SAFE,AMOUNT|CREDIT|MAXIMUM|POS_MERCHANT|SHORT_WINDOW|WINDOW_L7D
F1017,MAX_POS_PYMT_AMT_DB_L7D,Max Merchant Payment Debit Amount - last 7D,False,POS_MERCHANT,MAXIMUM,L7D,DEBIT,BEHAVIORAL,False,,SAFE,AMOUNT|DEBIT|MAXIMUM|POS_MERCHANT|SHORT_WINDOW|WINDOW_L7D
F1018,MAX_BBPS_TXNS_L7D,Max Bharat Bill Payment System Total Txns - last 7D,False,BBPS,MAXIMUM,L7D,BOTH,BEHAVIORAL,False,,SAFE,BBPS|MAXIMUM|SHORT_WINDOW|TRANSACTION_COUNT|WINDOW_L7D
F1019,MAX_BBPS_TXNS_CR_L7D,Max Bharat Bill Payment System Credit Txns - last 7D,False,BBPS,MAXIMUM,L7D,CREDIT,BEHAVIORAL,False,,SAFE,BBPS|CREDIT|MAXIMUM|SHORT_WINDOW|TRANSACTION_COUNT|WINDOW_L7D
F1020,MAX_BBPS_TXNS_DB_L7D,Max Bharat Bill Payment System Debit Txns - last 7D,False,BBPS,MAXIMUM,L7D,DEBIT,BEHAVIORAL,False,,SAFE,BBPS|DEBIT|MAXIMUM|SHORT_WINDOW|TRANSACTION_COUNT|WINDOW_L7D
F1021,MAX_BBPS_AMT_L7D,Max Bharat Bill Payment System Total Amount - last 7D,False,BBPS,MAXIMUM,L7D,BOTH,BEHAVIORAL,False,,SAFE,AMOUNT|BBPS|MAXIMUM|SHORT_WINDOW|WINDOW_L7D
F1022,MAX_BBPS_AMT_CR_L7D,Max Bharat Bill Payment System Credit Amount - last 7D,False,BBPS,MAXIMUM,L7D,CREDIT,BEHAVIORAL,False,,SAFE,AMOUNT|BBPS|CREDIT|MAXIMUM|SHORT_WINDOW|WINDOW_L7D
F1023,MAX_BBPS_AMT_DB_L7D,Max Bharat Bill Payment System Debit Amount - last 7D,False,BBPS,MAXIMUM,L7D,DEBIT,BEHAVIORAL,False,,SAFE,AMOUNT|BBPS|DEBIT|MAXIMUM|SHORT_WINDOW|WINDOW_L7D
F1024,MAX_APB_TXNS_L7D,Max Aadhar Payment Bridge Total Txns - last 7D,False,AADHAAR_PAYMENT_BRIDGE,MAXIMUM,L7D,BOTH,BEHAVIORAL,False,,SAFE,AADHAAR_PAYMENT_BRIDGE|MAXIMUM|SHORT_WINDOW|TRANSACTION_COUNT|WINDOW_L7D
F1025,MAX_APB_TXNS_CR_L7D,Max Aadhar Payment Bridge Credit Txns - last 7D,False,AADHAAR_PAYMENT_BRIDGE,MAXIMUM,L7D,CREDIT,BEHAVIORAL,False,,SAFE,AADHAAR_PAYMENT_BRIDGE|CREDIT|MAXIMUM|SHORT_WINDOW|TRANSACTION_COUNT|WINDOW_L7D
F1026,MAX_APB_TXNS_DB_L7D,Max Aadhar Payment Bridge Debit Txns - last 7D,False,AADHAAR_PAYMENT_BRIDGE,MAXIMUM,L7D,DEBIT,BEHAVIORAL,False,,SAFE,AADHAAR_PAYMENT_BRIDGE|DEBIT|MAXIMUM|SHORT_WINDOW|TRANSACTION_COUNT|WINDOW_L7D
F1027,MAX_APB_AMT_L7D,Max Aadhar Payment Bridge Total Amount - last 7D,False,AADHAAR_PAYMENT_BRIDGE,MAXIMUM,L7D,BOTH,BEHAVIORAL,False,,SAFE,AADHAAR_PAYMENT_BRIDGE|AMOUNT|MAXIMUM|SHORT_WINDOW|WINDOW_L7D
F1028,MAX_APB_AMT_CR_L7D,Max Aadhar Payment Bridge Credit Amount - last 7D,False,AADHAAR_PAYMENT_BRIDGE,MAXIMUM,L7D,CREDIT,BEHAVIORAL,False,,SAFE,AADHAAR_PAYMENT_BRIDGE|AMOUNT|CREDIT|MAXIMUM|SHORT_WINDOW|WINDOW_L7D
F1029,MAX_APB_AMT_DB_L7D,Max Aadhar Payment Bridge Debit Amount - last 7D,False,AADHAAR_PAYMENT_BRIDGE,MAXIMUM,L7D,DEBIT,BEHAVIORAL,False,,SAFE,AADHAAR_PAYMENT_BRIDGE|AMOUNT|DEBIT|MAXIMUM|SHORT_WINDOW|WINDOW_L7D
F1030,MAX_LOAN_TXNS_L7D,Max Loan Total Txns - last 7D,False,LOAN,MAXIMUM,L7D,BOTH,BEHAVIORAL,False,,SAFE,LOAN|MAXIMUM|SHORT_WINDOW|TRANSACTION_COUNT|WINDOW_L7D
F1031,MAX_LOAN_TXNS_CR_L7D,Max Loan Credit Txns - last 7D,False,LOAN,MAXIMUM,L7D,CREDIT,BEHAVIORAL,False,,SAFE,CREDIT|LOAN|MAXIMUM|SHORT_WINDOW|TRANSACTION_COUNT|WINDOW_L7D
F1032,MAX_LOAN_TXNS_DB_L7D,Max Loan Debit Txns - last 7D,False,LOAN,MAXIMUM,L7D,DEBIT,BEHAVIORAL,False,,SAFE,DEBIT|LOAN|MAXIMUM|SHORT_WINDOW|TRANSACTION_COUNT|WINDOW_L7D
F1033,MAX_LOAN_AMT_L7D,Max Loan Total Amount - last 7D,False,LOAN,MAXIMUM,L7D,BOTH,BEHAVIORAL,False,,SAFE,AMOUNT|LOAN|MAXIMUM|SHORT_WINDOW|WINDOW_L7D
F1034,MAX_LOAN_AMT_CR_L7D,Max Loan Credit Amount - last 7D,False,LOAN,MAXIMUM,L7D,CREDIT,BEHAVIORAL,False,,SAFE,AMOUNT|CREDIT|LOAN|MAXIMUM|SHORT_WINDOW|WINDOW_L7D
F1035,MAX_LOAN_AMT_DB_L7D,Max Loan Debit Amount - last 7D,False,LOAN,MAXIMUM,L7D,DEBIT,BEHAVIORAL,False,,SAFE,AMOUNT|DEBIT|LOAN|MAXIMUM|SHORT_WINDOW|WINDOW_L7D
F1036,MAX_STDNG_INSTR_L7D,Max Standing Instruction Total Txns - last 7D,False,STANDING_INSTRUCTION,MAXIMUM,L7D,BOTH,BEHAVIORAL,False,,SAFE,MAXIMUM|SHORT_WINDOW|STANDING_INSTRUCTION|TRANSACTION_COUNT|WINDOW_L7D
F1037,MAX_STDNG_INSTR_CR_TXNS_L7D,Max Standing Instruction Credit Txns - last 7D,False,STANDING_INSTRUCTION,MAXIMUM,L7D,CREDIT,BEHAVIORAL,False,,SAFE,CREDIT|MAXIMUM|SHORT_WINDOW|STANDING_INSTRUCTION|TRANSACTION_COUNT|WINDOW_L7D
F1038,MAX_STDNG_INSTR_DB_TXNS_L7D,Max Standing Instruction Debit Txns - last 7D,False,STANDING_INSTRUCTION,MAXIMUM,L7D,DEBIT,BEHAVIORAL,False,,SAFE,DEBIT|MAXIMUM|SHORT_WINDOW|STANDING_INSTRUCTION|TRANSACTION_COUNT|WINDOW_L7D
F1039,MAX_STDNG_INSTR_AMT_L7D,Max Standing Instruction Total Amount - last 7D,False,STANDING_INSTRUCTION,MAXIMUM,L7D,BOTH,BEHAVIORAL,False,,SAFE,AMOUNT|MAXIMUM|SHORT_WINDOW|STANDING_INSTRUCTION|WINDOW_L7D
F1040,MAX_STDNG_INSTR_AMT_CR_L7D,Max Standing Instruction Credit Amount - last 7D,False,STANDING_INSTRUCTION,MAXIMUM,L7D,CREDIT,BEHAVIORAL,False,,SAFE,AMOUNT|CREDIT|MAXIMUM|SHORT_WINDOW|STANDING_INSTRUCTION|WINDOW_L7D
F1041,MAX_STDNG_INSTR_AMT_DB_L7D,Max Standing Instruction Debit Amount - last 7D,False,STANDING_INSTRUCTION,MAXIMUM,L7D,DEBIT,BEHAVIORAL,False,,SAFE,AMOUNT|DEBIT|MAXIMUM|SHORT_WINDOW|STANDING_INSTRUCTION|WINDOW_L7D
F1042,MAX_CASH_TXNS_L14D,Max Cash Total Txns - last 14D,False,CASH,MAXIMUM,L14D,BOTH,BEHAVIORAL,False,,SAFE,CASH|MAXIMUM|TRANSACTION_COUNT|WINDOW_L14D
F1043,MAX_CASH_TXNS_CR_L14D,Max Cash Credit Txns - last 14D,False,CASH,MAXIMUM,L14D,CREDIT,BEHAVIORAL,False,,SAFE,CASH|CREDIT|MAXIMUM|TRANSACTION_COUNT|WINDOW_L14D
F1044,MAX_CASH_TXNS_DB_L14D,Max Cash Debit Txns - last 14D,False,CASH,MAXIMUM,L14D,DEBIT,BEHAVIORAL,False,,SAFE,CASH|DEBIT|MAXIMUM|TRANSACTION_COUNT|WINDOW_L14D
F1045,MAX_CASH_AMT_L14D,Max Cash Total Amount - last 14D,False,CASH,MAXIMUM,L14D,BOTH,BEHAVIORAL,False,,SAFE,AMOUNT|CASH|MAXIMUM|WINDOW_L14D
F1046,MAX_CASH_AMT_CR_L14D,Max Cash Credit Amount - last 14D,False,CASH,MAXIMUM,L14D,CREDIT,BEHAVIORAL,False,,SAFE,AMOUNT|CASH|CREDIT|MAXIMUM|WINDOW_L14D
F1047,MAX_CASH_AMT_DB_L14D,Max Cash Debit Amount - last 14D,False,CASH,MAXIMUM,L14D,DEBIT,BEHAVIORAL,False,,SAFE,AMOUNT|CASH|DEBIT|MAXIMUM|WINDOW_L14D
F1048,MAX_CHQ_TXNS_L14D,Max Cheque Total Txns - last 14D,False,CHEQUE,MAXIMUM,L14D,BOTH,BEHAVIORAL,False,,SAFE,CHEQUE|MAXIMUM|TRANSACTION_COUNT|WINDOW_L14D
F1049,MAX_CHQ_TXNS_CR_L14D,Max Cheque Credit Txns - last 14D,False,CHEQUE,MAXIMUM,L14D,CREDIT,BEHAVIORAL,False,,SAFE,CHEQUE|CREDIT|MAXIMUM|TRANSACTION_COUNT|WINDOW_L14D
F1050,MAX_CHQ_TXNS_DB_L14D,Max Cheque Debit Txns - last 14D,False,CHEQUE,MAXIMUM,L14D,DEBIT,BEHAVIORAL,False,,SAFE,CHEQUE|DEBIT|MAXIMUM|TRANSACTION_COUNT|WINDOW_L14D
F1051,MAX_CHQ_AMT_L14D,Max Cheque Total Amount - last 14D,False,CHEQUE,MAXIMUM,L14D,BOTH,BEHAVIORAL,False,,SAFE,AMOUNT|CHEQUE|MAXIMUM|WINDOW_L14D
F1052,MAX_CHQ_AMT_CR_L14D,Max Cheque Credit Amount - last 14D,False,CHEQUE,MAXIMUM,L14D,CREDIT,BEHAVIORAL,False,,SAFE,AMOUNT|CHEQUE|CREDIT|MAXIMUM|WINDOW_L14D
F1053,MAX_CHQ_AMT_DB_L14D,Max Cheque Debit Amount - last 14D,False,CHEQUE,MAXIMUM,L14D,DEBIT,BEHAVIORAL,False,,SAFE,AMOUNT|CHEQUE|DEBIT|MAXIMUM|WINDOW_L14D
F1054,MAX_NON_CASH_CHQ_TXNS_L14D,Max Non Cash Non Cheque Total Txns - last 14D,False,NON_CASH_CHQ,MAXIMUM,L14D,BOTH,BEHAVIORAL,False,,SAFE,MAXIMUM|NON_CASH_CHQ|TRANSACTION_COUNT|WINDOW_L14D
F1055,MAX_NON_CASH_CHQ_TXNS_CR_L14D,Max Non Cash Non Cheque Credit Txns - last 14D,False,NON_CASH_CHQ,MAXIMUM,L14D,CREDIT,BEHAVIORAL,False,,SAFE,CREDIT|MAXIMUM|NON_CASH_CHQ|TRANSACTION_COUNT|WINDOW_L14D
F1056,MAX_NON_CASH_CHQ_TXNS_DB_L14D,Max Non Cash Non Cheque Debit Txns - last 14D,False,NON_CASH_CHQ,MAXIMUM,L14D,DEBIT,BEHAVIORAL,False,,SAFE,DEBIT|MAXIMUM|NON_CASH_CHQ|TRANSACTION_COUNT|WINDOW_L14D
F1057,MAX_NON_CASH_CHQ_AMT_L14D,Max Non Cash Non Cheque Total Amount - last 14D,False,NON_CASH_CHQ,MAXIMUM,L14D,BOTH,BEHAVIORAL,False,,SAFE,AMOUNT|MAXIMUM|NON_CASH_CHQ|WINDOW_L14D
F1058,MAX_NON_CASH_CHQ_AMT_CR_L14D,Max Non Cash Non Cheque Credit Amount - last 14D,False,NON_CASH_CHQ,MAXIMUM,L14D,CREDIT,BEHAVIORAL,False,,SAFE,AMOUNT|CREDIT|MAXIMUM|NON_CASH_CHQ|WINDOW_L14D
F1059,MAX_NON_CASH_CHQ_AMT_DB_L14D,Max Non Cash Non Cheque Debit Amount - last 14D,False,NON_CASH_CHQ,MAXIMUM,L14D,DEBIT,BEHAVIORAL,False,,SAFE,AMOUNT|DEBIT|MAXIMUM|NON_CASH_CHQ|WINDOW_L14D
F1060,MAX_CI_NON_CASH_CHQ_TXNS_L14D,Max Customer Induced Non Cash Non Cheque Total Txns - last 14D,False,NON_CASH_CHQ,MAXIMUM,L14D,BOTH,BEHAVIORAL,False,,SAFE,MAXIMUM|NON_CASH_CHQ|TRANSACTION_COUNT|WINDOW_L14D
F1061,MAX_CI_NON_CASH_CHQ_TXNS_CR_L14D,Max Customer Induced Non Cash Non Cheque Credit Txns - last 14D,False,NON_CASH_CHQ,MAXIMUM,L14D,CREDIT,BEHAVIORAL,False,,SAFE,CREDIT|MAXIMUM|NON_CASH_CHQ|TRANSACTION_COUNT|WINDOW_L14D
F1062,MAX_CI_NON_CASH_CHQ_TXNS_DB_L14D,Max Customer Induced Non Cash Non Cheque Debit Txns - last 14D,False,NON_CASH_CHQ,MAXIMUM,L14D,DEBIT,BEHAVIORAL,False,,SAFE,DEBIT|MAXIMUM|NON_CASH_CHQ|TRANSACTION_COUNT|WINDOW_L14D
F1063,MAX_CI_NON_CASH_CHQ_AMT_L14D,Max Customer Induced Non Cash Non Cheque Total Amount - last 14D,False,NON_CASH_CHQ,MAXIMUM,L14D,BOTH,BEHAVIORAL,False,,SAFE,AMOUNT|MAXIMUM|NON_CASH_CHQ|WINDOW_L14D
F1064,MAX_CI_NON_CASH_CHQ_AMT_CR_L14D,Max Customer Induced Non Cash Non Cheque Credit Amount - last 14D,False,NON_CASH_CHQ,MAXIMUM,L14D,CREDIT,BEHAVIORAL,False,,SAFE,AMOUNT|CREDIT|MAXIMUM|NON_CASH_CHQ|WINDOW_L14D
F1065,MAX_CI_NON_CASH_CHQ_AMT_DB_L14D,Max Customer Induced Non Cash Non Cheque Debit Amount - last 14D,False,NON_CASH_CHQ,MAXIMUM,L14D,DEBIT,BEHAVIORAL,False,,SAFE,AMOUNT|DEBIT|MAXIMUM|NON_CASH_CHQ|WINDOW_L14D
F1066,MAX_CI_TXNS_L14D,Max Customer Induced Total Txns - last 14D,False,CASH_INTENSIVE,MAXIMUM,L14D,BOTH,BEHAVIORAL,False,,SAFE,CASH_INTENSIVE|MAXIMUM|TRANSACTION_COUNT|WINDOW_L14D
F1067,MAX_CI_TXNS_CR_L14D,Max Customer Induced Credit Txns - last 14D,False,CASH_INTENSIVE,MAXIMUM,L14D,CREDIT,BEHAVIORAL,False,,SAFE,CASH_INTENSIVE|CREDIT|MAXIMUM|TRANSACTION_COUNT|WINDOW_L14D
F1068,MAX_CI_TXNS_DB_L14D,Max Customer Induced Debit Txns - last 14D,False,CASH_INTENSIVE,MAXIMUM,L14D,DEBIT,BEHAVIORAL,False,,SAFE,CASH_INTENSIVE|DEBIT|MAXIMUM|TRANSACTION_COUNT|WINDOW_L14D
F1069,MAX_CI_AMT_L14D,Max Customer Induced Total Amount - last 14D,False,CASH_INTENSIVE,MAXIMUM,L14D,BOTH,BEHAVIORAL,False,,SAFE,AMOUNT|CASH_INTENSIVE|MAXIMUM|WINDOW_L14D
F1070,MAX_CI_AMT_CR_L14D,Max Customer Induced Credit Amount - last 14D,False,CASH_INTENSIVE,MAXIMUM,L14D,CREDIT,BEHAVIORAL,False,,SAFE,AMOUNT|CASH_INTENSIVE|CREDIT|MAXIMUM|WINDOW_L14D
F1071,MAX_CI_AMT_DB_L14D,Max Customer Induced Debit Amount - last 14D,False,CASH_INTENSIVE,MAXIMUM,L14D,DEBIT,BEHAVIORAL,False,,SAFE,AMOUNT|CASH_INTENSIVE|DEBIT|MAXIMUM|WINDOW_L14D
F1072,MAX_ATM_TXNS_L14D,Max ATM Total Txns - last 14D,False,ATM,MAXIMUM,L14D,BOTH,BEHAVIORAL,False,,SAFE,ATM|MAXIMUM|TRANSACTION_COUNT|WINDOW_L14D
F1073,MAX_ATM_TXNS_CR_L14D,Max ATM Credit Txns - last 14D,False,ATM,MAXIMUM,L14D,CREDIT,BEHAVIORAL,False,,SAFE,ATM|CREDIT|MAXIMUM|TRANSACTION_COUNT|WINDOW_L14D
F1074,MAX_ATM_TXNS_DB_L14D,Max ATM Debit Txns - last 14D,False,ATM,MAXIMUM,L14D,DEBIT,BEHAVIORAL,False,,SAFE,ATM|DEBIT|MAXIMUM|TRANSACTION_COUNT|WINDOW_L14D
F1075,MAX_ATM_AMT_L14D,Max ATM Total Amount - last 14D,False,ATM,MAXIMUM,L14D,BOTH,BEHAVIORAL,False,,SAFE,AMOUNT|ATM|MAXIMUM|WINDOW_L14D
F1076,MAX_ATM_AMT_CR_L14D,Max ATM Credit Amount - last 14D,False,ATM,MAXIMUM,L14D,CREDIT,BEHAVIORAL,False,,SAFE,AMOUNT|ATM|CREDIT|MAXIMUM|WINDOW_L14D
F1077,MAX_ATM_AMT_DB_L14D,Max ATM Debit Amount - last 14D,False,ATM,MAXIMUM,L14D,DEBIT,BEHAVIORAL,False,,SAFE,AMOUNT|ATM|DEBIT|MAXIMUM|WINDOW_L14D
F1078,MAX_BI_FEES_CHRGS_TXNS_L14D,Max Bank Induced Fees Charges Total Txns - last 14D,False,FEES_AND_CHARGES,MAXIMUM,L14D,BOTH,BEHAVIORAL,False,,SAFE,FEES_AND_CHARGES|MAXIMUM|TRANSACTION_COUNT|WINDOW_L14D
F1079,MAX_BI_FEES_CHRGS_TXNS_CR_L14D,Max Bank Induced Fees Charges Credit Txns - last 14D,False,FEES_AND_CHARGES,MAXIMUM,L14D,CREDIT,BEHAVIORAL,False,,SAFE,CREDIT|FEES_AND_CHARGES|MAXIMUM|TRANSACTION_COUNT|WINDOW_L14D
F1080,MAX_BI_FEES_CHRGS_TXNS_DB_L14D,Max Bank Induced Fees Charges Debit Txns - last 14D,False,FEES_AND_CHARGES,MAXIMUM,L14D,DEBIT,BEHAVIORAL,False,,SAFE,DEBIT|FEES_AND_CHARGES|MAXIMUM|TRANSACTION_COUNT|WINDOW_L14D
F1081,MAX_BI_FEES_CHRGS_AMT_L14D,Max Bank Induced Fees Charges Total Amount - last 14D,False,FEES_AND_CHARGES,MAXIMUM,L14D,BOTH,BEHAVIORAL,False,,SAFE,AMOUNT|FEES_AND_CHARGES|MAXIMUM|WINDOW_L14D
F1082,MAX_BI_FEES_CHRGS_AMT_CR_L14D,Max Bank Induced Fees Charges Credit Amount - last 14D,False,FEES_AND_CHARGES,MAXIMUM,L14D,CREDIT,BEHAVIORAL,False,,SAFE,AMOUNT|CREDIT|FEES_AND_CHARGES|MAXIMUM|WINDOW_L14D
F1083,MAX_BI_FEES_CHRGS_AMT_DB_L14D,Max Bank Induced Fees Charges Debit Amount - last 14D,False,FEES_AND_CHARGES,MAXIMUM,L14D,DEBIT,BEHAVIORAL,False,,SAFE,AMOUNT|DEBIT|FEES_AND_CHARGES|MAXIMUM|WINDOW_L14D
F1084,MAX_CI_FEES_CHRGS_TXNS_L14D,Max Customer Induced Fees Charges Total Txns - last 14D,False,FEES_AND_CHARGES,MAXIMUM,L14D,BOTH,BEHAVIORAL,False,,SAFE,FEES_AND_CHARGES|MAXIMUM|TRANSACTION_COUNT|WINDOW_L14D
F1085,MAX_CI_FEES_CHRGS_TXNS_CR_L14D,Max Customer Induced Fees Charges Credit Txns - last 14D,False,FEES_AND_CHARGES,MAXIMUM,L14D,CREDIT,BEHAVIORAL,False,,SAFE,CREDIT|FEES_AND_CHARGES|MAXIMUM|TRANSACTION_COUNT|WINDOW_L14D
F1086,MAX_CI_FEES_CHRGS_TXNS_DB_L14D,Max Customer Induced Fees Charges Debit Txns - last 14D,False,FEES_AND_CHARGES,MAXIMUM,L14D,DEBIT,BEHAVIORAL,False,,SAFE,DEBIT|FEES_AND_CHARGES|MAXIMUM|TRANSACTION_COUNT|WINDOW_L14D
F1087,MAX_CI_FEES_CHRGS_AMT_L14D,Max Customer Induced Fees Charges Total Amount - last 14D,False,FEES_AND_CHARGES,MAXIMUM,L14D,BOTH,BEHAVIORAL,False,,SAFE,AMOUNT|FEES_AND_CHARGES|MAXIMUM|WINDOW_L14D
F1088,MAX_CI_FEES_CHRGS_AMT_CR_L14D,Max Customer Induced Fees Charges Credit Amount - last 14D,False,FEES_AND_CHARGES,MAXIMUM,L14D,CREDIT,BEHAVIORAL,False,,SAFE,AMOUNT|CREDIT|FEES_AND_CHARGES|MAXIMUM|WINDOW_L14D
F1089,MAX_CI_FEES_CHRGS_AMT_DB_L14D,Max Customer Induced Fees Charges Debit Amount - last 14D,False,FEES_AND_CHARGES,MAXIMUM,L14D,DEBIT,BEHAVIORAL,False,,SAFE,AMOUNT|DEBIT|FEES_AND_CHARGES|MAXIMUM|WINDOW_L14D
F1090,MAX_GST_TXNS_L14D,Max GST Total Txns - last 14D,False,GST,MAXIMUM,L14D,BOTH,BEHAVIORAL,False,,SAFE,GST|MAXIMUM|TRANSACTION_COUNT|WINDOW_L14D
F1091,MAX_GST_TXNS_CR_L14D,Max GST Credit Txns - last 14D,False,GST,MAXIMUM,L14D,CREDIT,BEHAVIORAL,False,,SAFE,CREDIT|GST|MAXIMUM|TRANSACTION_COUNT|WINDOW_L14D
F1092,MAX_GST_TXNS_DB_L14D,Max GST Debit Txns - last 14D,False,GST,MAXIMUM,L14D,DEBIT,BEHAVIORAL,False,,SAFE,DEBIT|GST|MAXIMUM|TRANSACTION_COUNT|WINDOW_L14D
F1093,MAX_GST_AMT_L14D,Max GST Total Amount - last 14D,False,GST,MAXIMUM,L14D,BOTH,BEHAVIORAL,False,,SAFE,AMOUNT|GST|MAXIMUM|WINDOW_L14D
F1094,MAX_GST_AMT_CR_L14D,Max GST Credit Amount - last 14D,False,GST,MAXIMUM,L14D,CREDIT,BEHAVIORAL,False,,SAFE,AMOUNT|CREDIT|GST|MAXIMUM|WINDOW_L14D
F1095,MAX_GST_AMT_DB_L14D,Max GST Debit Amount - last 14D,False,GST,MAXIMUM,L14D,DEBIT,BEHAVIORAL,False,,SAFE,AMOUNT|DEBIT|GST|MAXIMUM|WINDOW_L14D
F1096,MAX_ELEC_XFER_TXNS_L14D,Max Online Transfer (IMPS+NEFT+RTGS) Total Txns - last 14D,False,ELEC_XFER,MAXIMUM,L14D,BOTH,BEHAVIORAL,False,,SAFE,ELEC_XFER|MAXIMUM|TRANSACTION_COUNT|WINDOW_L14D
F1097,MAX_ELEC_XFER_TXNS_CR_L14D,Max Online Transfer (IMPS+NEFT+RTGS) Credit Txns - last 14D,False,ELEC_XFER,MAXIMUM,L14D,CREDIT,BEHAVIORAL,False,,SAFE,CREDIT|ELEC_XFER|MAXIMUM|TRANSACTION_COUNT|WINDOW_L14D
F1098,MAX_ELEC_XFER_TXNS_DB_L14D,Max Online Transfer (IMPS+NEFT+RTGS) Debit Txns - last 14D,False,ELEC_XFER,MAXIMUM,L14D,DEBIT,BEHAVIORAL,False,,SAFE,DEBIT|ELEC_XFER|MAXIMUM|TRANSACTION_COUNT|WINDOW_L14D
F1099,MAX_ELEC_XFER_AMT_L14D,Max Online Transfer (IMPS+NEFT+RTGS) Total Amount - last 14D,False,ELEC_XFER,MAXIMUM,L14D,BOTH,BEHAVIORAL,False,,SAFE,AMOUNT|ELEC_XFER|MAXIMUM|WINDOW_L14D
F1100,MAX_ELEC_XFER_AMT_CR_L14D,Max Online Transfer (IMPS+NEFT+RTGS) Credit Amount - last 14D,False,ELEC_XFER,MAXIMUM,L14D,CREDIT,BEHAVIORAL,False,,SAFE,AMOUNT|CREDIT|ELEC_XFER|MAXIMUM|WINDOW_L14D
F1101,MAX_ELEC_XFER_AMT_DB_L14D,Max Online Transfer (IMPS+NEFT+RTGS) Debit Amount - last 14D,False,ELEC_XFER,MAXIMUM,L14D,DEBIT,BEHAVIORAL,False,,SAFE,AMOUNT|DEBIT|ELEC_XFER|MAXIMUM|WINDOW_L14D
F1102,MAX_UPI_XFER_TXNS_L14D,Max UPI Total Txns - last 14D,False,UPI_XFER,MAXIMUM,L14D,BOTH,BEHAVIORAL,False,,SAFE,MAXIMUM|TRANSACTION_COUNT|UPI_XFER|WINDOW_L14D
F1103,MAX_UPI_TXNS_CR_L14D,Max UPI Total Amount - last 14D,False,UPI,MAXIMUM,L14D,CREDIT,BEHAVIORAL,False,,SAFE,AMOUNT|CREDIT|MAXIMUM|UPI|WINDOW_L14D
F1104,MAX_UPI_TXNS_DB_L14D,Max UPI Credit Txns - last 14D,False,UPI,MAXIMUM,L14D,DEBIT,BEHAVIORAL,False,,SAFE,DEBIT|MAXIMUM|TRANSACTION_COUNT|UPI|WINDOW_L14D
F1105,MAX_UPI_XFER_AMT_L14D,Max UPI Debit Txns - last 14D,False,UPI_XFER,MAXIMUM,L14D,BOTH,BEHAVIORAL,False,,SAFE,AMOUNT|MAXIMUM|TRANSACTION_COUNT|UPI_XFER|WINDOW_L14D
F1106,MAX_UPI_AMT_CR_L14D,Max UPI Credit Amount - last 14D,False,UPI,MAXIMUM,L14D,CREDIT,BEHAVIORAL,False,,SAFE,AMOUNT|CREDIT|MAXIMUM|UPI|WINDOW_L14D
F1107,MAX_UPI_AMT_DB_L14D,Max UPI Debit Amount - last 14D,False,UPI,MAXIMUM,L14D,DEBIT,BEHAVIORAL,False,,SAFE,AMOUNT|DEBIT|MAXIMUM|UPI|WINDOW_L14D
F1108,MAX_NET_BNKING_TXNS_L14D,Max Net Banking Total Txns - last 14D,False,NET_BANKING,MAXIMUM,L14D,BOTH,BEHAVIORAL,False,,SAFE,MAXIMUM|NET_BANKING|TRANSACTION_COUNT|WINDOW_L14D
F1109,MAX_NET_BNKING_TXNS_CR_L14D,Max Net Banking Credit Txns - last 14D,False,NET_BANKING,MAXIMUM,L14D,CREDIT,BEHAVIORAL,False,,SAFE,CREDIT|MAXIMUM|NET_BANKING|TRANSACTION_COUNT|WINDOW_L14D
F1110,MAX_NET_BNKING_TXNS_DB_L14D,Max Net Banking Debit Txns - last 14D,False,NET_BANKING,MAXIMUM,L14D,DEBIT,BEHAVIORAL,False,,SAFE,DEBIT|MAXIMUM|NET_BANKING|TRANSACTION_COUNT|WINDOW_L14D
F1111,MAX_NET_BNKING_AMT_L14D,Max Net Banking Total Amount - last 14D,False,NET_BANKING,MAXIMUM,L14D,BOTH,BEHAVIORAL,False,,SAFE,AMOUNT|MAXIMUM|NET_BANKING|WINDOW_L14D
F1112,MAX_NET_BNKING_AMT_CR_L14D,Max Net Banking Credit Amount - last 14D,False,NET_BANKING,MAXIMUM,L14D,CREDIT,BEHAVIORAL,False,,SAFE,AMOUNT|CREDIT|MAXIMUM|NET_BANKING|WINDOW_L14D
F1113,MAX_NET_BNKING_AMT_DB_L14D,Max Net Banking Debit Amount - last 14D,False,NET_BANKING,MAXIMUM,L14D,DEBIT,BEHAVIORAL,False,,SAFE,AMOUNT|DEBIT|MAXIMUM|NET_BANKING|WINDOW_L14D
F1114,MAX_MOB_BNKING_TXNS_L14D,Max Mobile Banking Total Txns - last 14D,False,MOBILE_BANKING,MAXIMUM,L14D,BOTH,BEHAVIORAL,False,,SAFE,MAXIMUM|MOBILE_BANKING|TRANSACTION_COUNT|WINDOW_L14D
F1115,MAX_MBNKING_TXNS_CR_L14D,Max Mobile Banking Total Amount - last 14D,False,MOBILE_BANKING,MAXIMUM,L14D,CREDIT,BEHAVIORAL,False,,SAFE,AMOUNT|CREDIT|MAXIMUM|MOBILE_BANKING|WINDOW_L14D
F1116,MAX_MBNKING_TXNS_DB_L14D,Max Mobile Banking Credit Txns - last 14D,False,MOBILE_BANKING,MAXIMUM,L14D,DEBIT,BEHAVIORAL,False,,SAFE,DEBIT|MAXIMUM|MOBILE_BANKING|TRANSACTION_COUNT|WINDOW_L14D
F1117,MAX_MOB_BNKING_AMT_L14D,Max Mobile Banking Debit Txns - last 14D,False,MOBILE_BANKING,MAXIMUM,L14D,BOTH,BEHAVIORAL,False,,SAFE,AMOUNT|MAXIMUM|MOBILE_BANKING|TRANSACTION_COUNT|WINDOW_L14D
F1118,MAX_MBNKING_AMT_CR_L14D,Max Mobile Banking Credit Amount - last 14D,False,MOBILE_BANKING,MAXIMUM,L14D,CREDIT,BEHAVIORAL,False,,SAFE,AMOUNT|CREDIT|MAXIMUM|MOBILE_BANKING|WINDOW_L14D
F1119,MAX_MBNKING_AMT_DB_L14D,Max Mobile Banking Debit Amount - last 14D,False,MOBILE_BANKING,MAXIMUM,L14D,DEBIT,BEHAVIORAL,False,,SAFE,AMOUNT|DEBIT|MAXIMUM|MOBILE_BANKING|WINDOW_L14D
F1120,MAX_POS_PYMT_TXNS_L14D,Max Merchant Payment Total Txns - last 14D,False,POS_MERCHANT,MAXIMUM,L14D,BOTH,BEHAVIORAL,False,,SAFE,MAXIMUM|POS_MERCHANT|TRANSACTION_COUNT|WINDOW_L14D
F1121,MAX_POS_PYMT_TXNS_CR_L14D,Max Merchant Payment Credit Txns - last 14D,False,POS_MERCHANT,MAXIMUM,L14D,CREDIT,BEHAVIORAL,False,,SAFE,CREDIT|MAXIMUM|POS_MERCHANT|TRANSACTION_COUNT|WINDOW_L14D
F1122,MAX_POS_PYMT_TXNS_DB_L14D,Max Merchant Payment Debit Txns - last 14D,False,POS_MERCHANT,MAXIMUM,L14D,DEBIT,BEHAVIORAL,False,,SAFE,DEBIT|MAXIMUM|POS_MERCHANT|TRANSACTION_COUNT|WINDOW_L14D
F1123,MAX_POS_PYMT_AMT_L14D,Max Merchant Payment Total Amount - last 14D,False,POS_MERCHANT,MAXIMUM,L14D,BOTH,BEHAVIORAL,False,,SAFE,AMOUNT|MAXIMUM|POS_MERCHANT|WINDOW_L14D
F1124,MAX_POS_PYMT_AMT_CR_L14D,Max Merchant Payment Credit Amount - last 14D,False,POS_MERCHANT,MAXIMUM,L14D,CREDIT,BEHAVIORAL,False,,SAFE,AMOUNT|CREDIT|MAXIMUM|POS_MERCHANT|WINDOW_L14D
F1125,MAX_POS_PYMT_AMT_DB_L14D,Max Merchant Payment Debit Amount - last 14D,False,POS_MERCHANT,MAXIMUM,L14D,DEBIT,BEHAVIORAL,False,,SAFE,AMOUNT|DEBIT|MAXIMUM|POS_MERCHANT|WINDOW_L14D
F1126,MAX_BBPS_TXNS_L14D,Max Bharat Bill Payment System Total Txns - last 14D,False,BBPS,MAXIMUM,L14D,BOTH,BEHAVIORAL,False,,SAFE,BBPS|MAXIMUM|TRANSACTION_COUNT|WINDOW_L14D
F1127,MAX_BBPS_TXNS_CR_L14D,Max Bharat Bill Payment System Credit Txns - last 14D,False,BBPS,MAXIMUM,L14D,CREDIT,BEHAVIORAL,False,,SAFE,BBPS|CREDIT|MAXIMUM|TRANSACTION_COUNT|WINDOW_L14D
F1128,MAX_BBPS_TXNS_DB_L14D,Max Bharat Bill Payment System Debit Txns - last 14D,False,BBPS,MAXIMUM,L14D,DEBIT,BEHAVIORAL,False,,SAFE,BBPS|DEBIT|MAXIMUM|TRANSACTION_COUNT|WINDOW_L14D
F1129,MAX_BBPS_AMT_L14D,Max Bharat Bill Payment System Total Amount - last 14D,False,BBPS,MAXIMUM,L14D,BOTH,BEHAVIORAL,False,,SAFE,AMOUNT|BBPS|MAXIMUM|WINDOW_L14D
F1130,MAX_BBPS_AMT_CR_L14D,Max Bharat Bill Payment System Credit Amount - last 14D,False,BBPS,MAXIMUM,L14D,CREDIT,BEHAVIORAL,False,,SAFE,AMOUNT|BBPS|CREDIT|MAXIMUM|WINDOW_L14D
F1131,MAX_BBPS_AMT_DB_L14D,Max Bharat Bill Payment System Debit Amount - last 14D,False,BBPS,MAXIMUM,L14D,DEBIT,BEHAVIORAL,False,,SAFE,AMOUNT|BBPS|DEBIT|MAXIMUM|WINDOW_L14D
F1132,MAX_APB_TXNS_L14D,Max Aadhar Payment Bridge Total Txns - last 14D,False,AADHAAR_PAYMENT_BRIDGE,MAXIMUM,L14D,BOTH,BEHAVIORAL,False,,SAFE,AADHAAR_PAYMENT_BRIDGE|MAXIMUM|TRANSACTION_COUNT|WINDOW_L14D
F1133,MAX_APB_TXNS_CR_L14D,Max Aadhar Payment Bridge Credit Txns - last 14D,False,AADHAAR_PAYMENT_BRIDGE,MAXIMUM,L14D,CREDIT,BEHAVIORAL,False,,SAFE,AADHAAR_PAYMENT_BRIDGE|CREDIT|MAXIMUM|TRANSACTION_COUNT|WINDOW_L14D
F1134,MAX_APB_TXNS_DB_L14D,Max Aadhar Payment Bridge Debit Txns - last 14D,False,AADHAAR_PAYMENT_BRIDGE,MAXIMUM,L14D,DEBIT,BEHAVIORAL,False,,SAFE,AADHAAR_PAYMENT_BRIDGE|DEBIT|MAXIMUM|TRANSACTION_COUNT|WINDOW_L14D
F1135,MAX_APB_AMT_L14D,Max Aadhar Payment Bridge Total Amount - last 14D,False,AADHAAR_PAYMENT_BRIDGE,MAXIMUM,L14D,BOTH,BEHAVIORAL,False,,SAFE,AADHAAR_PAYMENT_BRIDGE|AMOUNT|MAXIMUM|WINDOW_L14D
F1136,MAX_APB_AMT_CR_L14D,Max Aadhar Payment Bridge Credit Amount - last 14D,False,AADHAAR_PAYMENT_BRIDGE,MAXIMUM,L14D,CREDIT,BEHAVIORAL,False,,SAFE,AADHAAR_PAYMENT_BRIDGE|AMOUNT|CREDIT|MAXIMUM|WINDOW_L14D
F1137,MAX_APB_AMT_DB_L14D,Max Aadhar Payment Bridge Debit Amount - last 14D,False,AADHAAR_PAYMENT_BRIDGE,MAXIMUM,L14D,DEBIT,BEHAVIORAL,False,,SAFE,AADHAAR_PAYMENT_BRIDGE|AMOUNT|DEBIT|MAXIMUM|WINDOW_L14D
F1138,MAX_LOAN_TXNS_L14D,Max Loan Total Txns - last 14D,False,LOAN,MAXIMUM,L14D,BOTH,BEHAVIORAL,False,,SAFE,LOAN|MAXIMUM|TRANSACTION_COUNT|WINDOW_L14D
F1139,MAX_LOAN_TXNS_CR_L14D,Max Loan Credit Txns - last 14D,False,LOAN,MAXIMUM,L14D,CREDIT,BEHAVIORAL,False,,SAFE,CREDIT|LOAN|MAXIMUM|TRANSACTION_COUNT|WINDOW_L14D
F1140,MAX_LOAN_TXNS_DB_L14D,Max Loan Debit Txns - last 14D,False,LOAN,MAXIMUM,L14D,DEBIT,BEHAVIORAL,False,,SAFE,DEBIT|LOAN|MAXIMUM|TRANSACTION_COUNT|WINDOW_L14D
F1141,MAX_LOAN_AMT_L14D,Max Loan Total Amount - last 14D,False,LOAN,MAXIMUM,L14D,BOTH,BEHAVIORAL,False,,SAFE,AMOUNT|LOAN|MAXIMUM|WINDOW_L14D
F1142,MAX_LOAN_AMT_CR_L14D,Max Loan Credit Amount - last 14D,False,LOAN,MAXIMUM,L14D,CREDIT,BEHAVIORAL,False,,SAFE,AMOUNT|CREDIT|LOAN|MAXIMUM|WINDOW_L14D
F1143,MAX_LOAN_AMT_DB_L14D,Max Loan Debit Amount - last 14D,False,LOAN,MAXIMUM,L14D,DEBIT,BEHAVIORAL,False,,SAFE,AMOUNT|DEBIT|LOAN|MAXIMUM|WINDOW_L14D
F1144,MAX_STDNG_INSTR_L14D,Max Standing Instruction Total Txns - last 14D,False,STANDING_INSTRUCTION,MAXIMUM,L14D,BOTH,BEHAVIORAL,False,,SAFE,MAXIMUM|STANDING_INSTRUCTION|TRANSACTION_COUNT|WINDOW_L14D
F1145,MAX_STDNG_INSTR_CR_TXNS_L14D,Max Standing Instruction Credit Txns - last 14D,False,STANDING_INSTRUCTION,MAXIMUM,L14D,CREDIT,BEHAVIORAL,False,,SAFE,CREDIT|MAXIMUM|STANDING_INSTRUCTION|TRANSACTION_COUNT|WINDOW_L14D
F1146,MAX_STDNG_INSTR_DB_TXNS_L14D,Max Standing Instruction Debit Txns - last 14D,False,STANDING_INSTRUCTION,MAXIMUM,L14D,DEBIT,BEHAVIORAL,False,,SAFE,DEBIT|MAXIMUM|STANDING_INSTRUCTION|TRANSACTION_COUNT|WINDOW_L14D
F1147,MAX_STDNG_INSTR_AMT_L14D,Max Standing Instruction Total Amount - last 14D,False,STANDING_INSTRUCTION,MAXIMUM,L14D,BOTH,BEHAVIORAL,False,,SAFE,AMOUNT|MAXIMUM|STANDING_INSTRUCTION|WINDOW_L14D
F1148,MAX_STDNG_INSTR_AMT_CR_L14D,Max Standing Instruction Credit Amount - last 14D,False,STANDING_INSTRUCTION,MAXIMUM,L14D,CREDIT,BEHAVIORAL,False,,SAFE,AMOUNT|CREDIT|MAXIMUM|STANDING_INSTRUCTION|WINDOW_L14D
F1149,MAX_STDNG_INSTR_AMT_DB_L14D,Max Standing Instruction Debit Amount - last 14D,False,STANDING_INSTRUCTION,MAXIMUM,L14D,DEBIT,BEHAVIORAL,False,,SAFE,AMOUNT|DEBIT|MAXIMUM|STANDING_INSTRUCTION|WINDOW_L14D
F1150,MAX_CASH_TXNS_L31D,Max Cash Total Txns - last 31D,False,CASH,MAXIMUM,L31D,BOTH,BEHAVIORAL,False,,SAFE,CASH|LONG_WINDOW|MAXIMUM|TRANSACTION_COUNT|WINDOW_L31D
F1151,MAX_CASH_TXNS_CR_L31D,Max Cash Credit Txns - last 31D,False,CASH,MAXIMUM,L31D,CREDIT,BEHAVIORAL,False,,SAFE,CASH|CREDIT|LONG_WINDOW|MAXIMUM|TRANSACTION_COUNT|WINDOW_L31D
F1152,MAX_CASH_TXNS_DB_L31D,Max Cash Debit Txns - last 31D,False,CASH,MAXIMUM,L31D,DEBIT,BEHAVIORAL,False,,SAFE,CASH|DEBIT|LONG_WINDOW|MAXIMUM|TRANSACTION_COUNT|WINDOW_L31D
F1153,MAX_CASH_AMT_L31D,Max Cash Total Amount - last 31D,False,CASH,MAXIMUM,L31D,BOTH,BEHAVIORAL,False,,SAFE,AMOUNT|CASH|LONG_WINDOW|MAXIMUM|WINDOW_L31D
F1154,MAX_CASH_AMT_CR_L31D,Max Cash Credit Amount - last 31D,False,CASH,MAXIMUM,L31D,CREDIT,BEHAVIORAL,False,,SAFE,AMOUNT|CASH|CREDIT|LONG_WINDOW|MAXIMUM|WINDOW_L31D
F1155,MAX_CASH_AMT_DB_L31D,Max Cash Debit Amount - last 31D,False,CASH,MAXIMUM,L31D,DEBIT,BEHAVIORAL,False,,SAFE,AMOUNT|CASH|DEBIT|LONG_WINDOW|MAXIMUM|WINDOW_L31D
F1156,MAX_CHQ_TXNS_L31D,Max Cheque Total Txns - last 31D,False,CHEQUE,MAXIMUM,L31D,BOTH,BEHAVIORAL,False,,SAFE,CHEQUE|LONG_WINDOW|MAXIMUM|TRANSACTION_COUNT|WINDOW_L31D
F1157,MAX_CHQ_TXNS_CR_L31D,Max Cheque Credit Txns - last 31D,False,CHEQUE,MAXIMUM,L31D,CREDIT,BEHAVIORAL,False,,SAFE,CHEQUE|CREDIT|LONG_WINDOW|MAXIMUM|TRANSACTION_COUNT|WINDOW_L31D
F1158,MAX_CHQ_TXNS_DB_L31D,Max Cheque Debit Txns - last 31D,False,CHEQUE,MAXIMUM,L31D,DEBIT,BEHAVIORAL,False,,SAFE,CHEQUE|DEBIT|LONG_WINDOW|MAXIMUM|TRANSACTION_COUNT|WINDOW_L31D
F1159,MAX_CHQ_AMT_L31D,Max Cheque Total Amount - last 31D,False,CHEQUE,MAXIMUM,L31D,BOTH,BEHAVIORAL,False,,SAFE,AMOUNT|CHEQUE|LONG_WINDOW|MAXIMUM|WINDOW_L31D
F1160,MAX_CHQ_AMT_CR_L31D,Max Cheque Credit Amount - last 31D,False,CHEQUE,MAXIMUM,L31D,CREDIT,BEHAVIORAL,False,,SAFE,AMOUNT|CHEQUE|CREDIT|LONG_WINDOW|MAXIMUM|WINDOW_L31D
F1161,MAX_CHQ_AMT_DB_L31D,Max Cheque Debit Amount - last 31D,False,CHEQUE,MAXIMUM,L31D,DEBIT,BEHAVIORAL,False,,SAFE,AMOUNT|CHEQUE|DEBIT|LONG_WINDOW|MAXIMUM|WINDOW_L31D
F1162,MAX_NON_CASH_CHQ_TXNS_L31D,Max Non Cash Non Cheque Total Txns - last 31D,False,NON_CASH_CHQ,MAXIMUM,L31D,BOTH,BEHAVIORAL,False,,SAFE,LONG_WINDOW|MAXIMUM|NON_CASH_CHQ|TRANSACTION_COUNT|WINDOW_L31D
F1163,MAX_NON_CASH_CHQ_TXNS_CR_L31D,Max Non Cash Non Cheque Credit Txns - last 31D,False,NON_CASH_CHQ,MAXIMUM,L31D,CREDIT,BEHAVIORAL,False,,SAFE,CREDIT|LONG_WINDOW|MAXIMUM|NON_CASH_CHQ|TRANSACTION_COUNT|WINDOW_L31D
F1164,MAX_NON_CASH_CHQ_TXNS_DB_L31D,Max Non Cash Non Cheque Debit Txns - last 31D,False,NON_CASH_CHQ,MAXIMUM,L31D,DEBIT,BEHAVIORAL,False,,SAFE,DEBIT|LONG_WINDOW|MAXIMUM|NON_CASH_CHQ|TRANSACTION_COUNT|WINDOW_L31D
F1165,MAX_NON_CASH_CHQ_AMT_L31D,Max Non Cash Non Cheque Total Amount - last 31D,False,NON_CASH_CHQ,MAXIMUM,L31D,BOTH,BEHAVIORAL,False,,SAFE,AMOUNT|LONG_WINDOW|MAXIMUM|NON_CASH_CHQ|WINDOW_L31D
F1166,MAX_NON_CASH_CHQ_AMT_CR_L31D,Max Non Cash Non Cheque Credit Amount - last 31D,False,NON_CASH_CHQ,MAXIMUM,L31D,CREDIT,BEHAVIORAL,False,,SAFE,AMOUNT|CREDIT|LONG_WINDOW|MAXIMUM|NON_CASH_CHQ|WINDOW_L31D
F1167,MAX_NON_CASH_CHQ_AMT_DB_L31D,Max Non Cash Non Cheque Debit Amount - last 31D,False,NON_CASH_CHQ,MAXIMUM,L31D,DEBIT,BEHAVIORAL,False,,SAFE,AMOUNT|DEBIT|LONG_WINDOW|MAXIMUM|NON_CASH_CHQ|WINDOW_L31D
F1168,MAX_CI_NON_CASH_CHQ_TXNS_L31D,Max Customer Induced Non Cash Non Cheque Total Txns - last 31D,False,NON_CASH_CHQ,MAXIMUM,L31D,BOTH,BEHAVIORAL,False,,SAFE,LONG_WINDOW|MAXIMUM|NON_CASH_CHQ|TRANSACTION_COUNT|WINDOW_L31D
F1169,MAX_CI_NON_CASH_CHQ_TXNS_CR_L31D,Max Customer Induced Non Cash Non Cheque Credit Txns - last 31D,False,NON_CASH_CHQ,MAXIMUM,L31D,CREDIT,BEHAVIORAL,False,,SAFE,CREDIT|LONG_WINDOW|MAXIMUM|NON_CASH_CHQ|TRANSACTION_COUNT|WINDOW_L31D
F1170,MAX_CI_NON_CASH_CHQ_TXNS_DB_L31D,Max Customer Induced Non Cash Non Cheque Debit Txns - last 31D,False,NON_CASH_CHQ,MAXIMUM,L31D,DEBIT,BEHAVIORAL,False,,SAFE,DEBIT|LONG_WINDOW|MAXIMUM|NON_CASH_CHQ|TRANSACTION_COUNT|WINDOW_L31D
F1171,MAX_CI_NON_CASH_CHQ_AMT_L31D,Max Customer Induced Non Cash Non Cheque Total Amount - last 31D,False,NON_CASH_CHQ,MAXIMUM,L31D,BOTH,BEHAVIORAL,False,,SAFE,AMOUNT|LONG_WINDOW|MAXIMUM|NON_CASH_CHQ|WINDOW_L31D
F1172,MAX_CI_NON_CASH_CHQ_AMT_CR_L31D,Max Customer Induced Non Cash Non Cheque Credit Amount - last 31D,False,NON_CASH_CHQ,MAXIMUM,L31D,CREDIT,BEHAVIORAL,False,,SAFE,AMOUNT|CREDIT|LONG_WINDOW|MAXIMUM|NON_CASH_CHQ|WINDOW_L31D
F1173,MAX_CI_NON_CASH_CHQ_AMT_DB_L31D,Max Customer Induced Non Cash Non Cheque Debit Amount - last 31D,False,NON_CASH_CHQ,MAXIMUM,L31D,DEBIT,BEHAVIORAL,False,,SAFE,AMOUNT|DEBIT|LONG_WINDOW|MAXIMUM|NON_CASH_CHQ|WINDOW_L31D
F1174,MAX_CI_TXNS_L31D,Max Customer Induced Total Txns - last 31D,False,CASH_INTENSIVE,MAXIMUM,L31D,BOTH,BEHAVIORAL,False,,SAFE,CASH_INTENSIVE|LONG_WINDOW|MAXIMUM|TRANSACTION_COUNT|WINDOW_L31D
F1175,MAX_CI_TXNS_CR_L31D,Max Customer Induced Credit Txns - last 31D,False,CASH_INTENSIVE,MAXIMUM,L31D,CREDIT,BEHAVIORAL,False,,SAFE,CASH_INTENSIVE|CREDIT|LONG_WINDOW|MAXIMUM|TRANSACTION_COUNT|WINDOW_L31D
F1176,MAX_CI_TXNS_DB_L31D,Max Customer Induced Debit Txns - last 31D,False,CASH_INTENSIVE,MAXIMUM,L31D,DEBIT,BEHAVIORAL,False,,SAFE,CASH_INTENSIVE|DEBIT|LONG_WINDOW|MAXIMUM|TRANSACTION_COUNT|WINDOW_L31D
F1177,MAX_CI_AMT_L31D,Max Customer Induced Total Amount - last 31D,False,CASH_INTENSIVE,MAXIMUM,L31D,BOTH,BEHAVIORAL,False,,SAFE,AMOUNT|CASH_INTENSIVE|LONG_WINDOW|MAXIMUM|WINDOW_L31D
F1178,MAX_CI_AMT_CR_L31D,Max Customer Induced Credit Amount - last 31D,False,CASH_INTENSIVE,MAXIMUM,L31D,CREDIT,BEHAVIORAL,False,,SAFE,AMOUNT|CASH_INTENSIVE|CREDIT|LONG_WINDOW|MAXIMUM|WINDOW_L31D
F1179,MAX_CI_AMT_DB_L31D,Max Customer Induced Debit Amount - last 31D,False,CASH_INTENSIVE,MAXIMUM,L31D,DEBIT,BEHAVIORAL,False,,SAFE,AMOUNT|CASH_INTENSIVE|DEBIT|LONG_WINDOW|MAXIMUM|WINDOW_L31D
F1180,MAX_ATM_TXNS_L31D,Max ATM Total Txns - last 31D,False,ATM,MAXIMUM,L31D,BOTH,BEHAVIORAL,False,,SAFE,ATM|LONG_WINDOW|MAXIMUM|TRANSACTION_COUNT|WINDOW_L31D
F1181,MAX_ATM_TXNS_CR_L31D,Max ATM Credit Txns - last 31D,False,ATM,MAXIMUM,L31D,CREDIT,BEHAVIORAL,False,,SAFE,ATM|CREDIT|LONG_WINDOW|MAXIMUM|TRANSACTION_COUNT|WINDOW_L31D
F1182,MAX_ATM_TXNS_DB_L31D,Max ATM Debit Txns - last 31D,False,ATM,MAXIMUM,L31D,DEBIT,BEHAVIORAL,False,,SAFE,ATM|DEBIT|LONG_WINDOW|MAXIMUM|TRANSACTION_COUNT|WINDOW_L31D
F1183,MAX_ATM_AMT_L31D,Max ATM Total Amount - last 31D,False,ATM,MAXIMUM,L31D,BOTH,BEHAVIORAL,False,,SAFE,AMOUNT|ATM|LONG_WINDOW|MAXIMUM|WINDOW_L31D
F1184,MAX_ATM_AMT_CR_L31D,Max ATM Credit Amount - last 31D,False,ATM,MAXIMUM,L31D,CREDIT,BEHAVIORAL,False,,SAFE,AMOUNT|ATM|CREDIT|LONG_WINDOW|MAXIMUM|WINDOW_L31D
F1185,MAX_ATM_AMT_DB_L31D,Max ATM Debit Amount - last 31D,False,ATM,MAXIMUM,L31D,DEBIT,BEHAVIORAL,False,,SAFE,AMOUNT|ATM|DEBIT|LONG_WINDOW|MAXIMUM|WINDOW_L31D
F1186,MAX_BI_FEES_CHRGS_TXNS_L31D,Max Bank Induced Fees Charges Total Txns - last 31D,False,FEES_AND_CHARGES,MAXIMUM,L31D,BOTH,BEHAVIORAL,False,,SAFE,FEES_AND_CHARGES|LONG_WINDOW|MAXIMUM|TRANSACTION_COUNT|WINDOW_L31D
F1187,MAX_BI_FEES_CHRGS_TXNS_CR_L31D,Max Bank Induced Fees Charges Credit Txns - last 31D,False,FEES_AND_CHARGES,MAXIMUM,L31D,CREDIT,BEHAVIORAL,False,,SAFE,CREDIT|FEES_AND_CHARGES|LONG_WINDOW|MAXIMUM|TRANSACTION_COUNT|WINDOW_L31D
F1188,MAX_BI_FEES_CHRGS_TXNS_DB_L31D,Max Bank Induced Fees Charges Debit Txns - last 31D,False,FEES_AND_CHARGES,MAXIMUM,L31D,DEBIT,BEHAVIORAL,False,,SAFE,DEBIT|FEES_AND_CHARGES|LONG_WINDOW|MAXIMUM|TRANSACTION_COUNT|WINDOW_L31D
F1189,MAX_BI_FEES_CHRGS_AMT_L31D,Max Bank Induced Fees Charges Total Amount - last 31D,False,FEES_AND_CHARGES,MAXIMUM,L31D,BOTH,BEHAVIORAL,False,,SAFE,AMOUNT|FEES_AND_CHARGES|LONG_WINDOW|MAXIMUM|WINDOW_L31D
F1190,MAX_BI_FEES_CHRGS_AMT_CR_L31D,Max Bank Induced Fees Charges Credit Amount - last 31D,False,FEES_AND_CHARGES,MAXIMUM,L31D,CREDIT,BEHAVIORAL,False,,SAFE,AMOUNT|CREDIT|FEES_AND_CHARGES|LONG_WINDOW|MAXIMUM|WINDOW_L31D
F1191,MAX_BI_FEES_CHRGS_AMT_DB_L31D,Max Bank Induced Fees Charges Debit Amount - last 31D,False,FEES_AND_CHARGES,MAXIMUM,L31D,DEBIT,BEHAVIORAL,False,,SAFE,AMOUNT|DEBIT|FEES_AND_CHARGES|LONG_WINDOW|MAXIMUM|WINDOW_L31D
F1192,MAX_CI_FEES_CHRGS_TXNS_L31D,Max Customer Induced Fees Charges Total Txns - last 31D,False,FEES_AND_CHARGES,MAXIMUM,L31D,BOTH,BEHAVIORAL,False,,SAFE,FEES_AND_CHARGES|LONG_WINDOW|MAXIMUM|TRANSACTION_COUNT|WINDOW_L31D
F1193,MAX_CI_FEES_CHRGS_TXNS_CR_L31D,Max Customer Induced Fees Charges Credit Txns - last 31D,False,FEES_AND_CHARGES,MAXIMUM,L31D,CREDIT,BEHAVIORAL,False,,SAFE,CREDIT|FEES_AND_CHARGES|LONG_WINDOW|MAXIMUM|TRANSACTION_COUNT|WINDOW_L31D
F1194,MAX_CI_FEES_CHRGS_TXNS_DB_L31D,Max Customer Induced Fees Charges Debit Txns - last 31D,False,FEES_AND_CHARGES,MAXIMUM,L31D,DEBIT,BEHAVIORAL,False,,SAFE,DEBIT|FEES_AND_CHARGES|LONG_WINDOW|MAXIMUM|TRANSACTION_COUNT|WINDOW_L31D
F1195,MAX_CI_FEES_CHRGS_AMT_L31D,Max Customer Induced Fees Charges Total Amount - last 31D,False,FEES_AND_CHARGES,MAXIMUM,L31D,BOTH,BEHAVIORAL,False,,SAFE,AMOUNT|FEES_AND_CHARGES|LONG_WINDOW|MAXIMUM|WINDOW_L31D
F1196,MAX_CI_FEES_CHRGS_AMT_CR_L31D,Max Customer Induced Fees Charges Credit Amount - last 31D,False,FEES_AND_CHARGES,MAXIMUM,L31D,CREDIT,BEHAVIORAL,False,,SAFE,AMOUNT|CREDIT|FEES_AND_CHARGES|LONG_WINDOW|MAXIMUM|WINDOW_L31D
F1197,MAX_CI_FEES_CHRGS_AMT_DB_L31D,Max Customer Induced Fees Charges Debit Amount - last 31D,False,FEES_AND_CHARGES,MAXIMUM,L31D,DEBIT,BEHAVIORAL,False,,SAFE,AMOUNT|DEBIT|FEES_AND_CHARGES|LONG_WINDOW|MAXIMUM|WINDOW_L31D
F1198,MAX_GST_TXNS_L31D,Max GST Total Txns - last 31D,False,GST,MAXIMUM,L31D,BOTH,BEHAVIORAL,False,,SAFE,GST|LONG_WINDOW|MAXIMUM|TRANSACTION_COUNT|WINDOW_L31D
F1199,MAX_GST_TXNS_CR_L31D,Max GST Credit Txns - last 31D,False,GST,MAXIMUM,L31D,CREDIT,BEHAVIORAL,False,,SAFE,CREDIT|GST|LONG_WINDOW|MAXIMUM|TRANSACTION_COUNT|WINDOW_L31D
F1200,MAX_GST_TXNS_DB_L31D,Max GST Debit Txns - last 31D,False,GST,MAXIMUM,L31D,DEBIT,BEHAVIORAL,False,,SAFE,DEBIT|GST|LONG_WINDOW|MAXIMUM|TRANSACTION_COUNT|WINDOW_L31D
F1201,MAX_GST_AMT_L31D,Max GST Total Amount - last 31D,False,GST,MAXIMUM,L31D,BOTH,BEHAVIORAL,False,,SAFE,AMOUNT|GST|LONG_WINDOW|MAXIMUM|WINDOW_L31D
F1202,MAX_GST_AMT_CR_L31D,Max GST Credit Amount - last 31D,False,GST,MAXIMUM,L31D,CREDIT,BEHAVIORAL,False,,SAFE,AMOUNT|CREDIT|GST|LONG_WINDOW|MAXIMUM|WINDOW_L31D
F1203,MAX_GST_AMT_DB_L31D,Max GST Debit Amount - last 31D,False,GST,MAXIMUM,L31D,DEBIT,BEHAVIORAL,False,,SAFE,AMOUNT|DEBIT|GST|LONG_WINDOW|MAXIMUM|WINDOW_L31D
F1204,MAX_ELEC_XFER_TXNS_L31D,Max Online Transfer (IMPS+NEFT+RTGS) Total Txns - last 31D,False,ELEC_XFER,MAXIMUM,L31D,BOTH,BEHAVIORAL,False,,SAFE,ELEC_XFER|LONG_WINDOW|MAXIMUM|TRANSACTION_COUNT|WINDOW_L31D
F1205,MAX_ELEC_XFER_TXNS_CR_L31D,Max Online Transfer (IMPS+NEFT+RTGS) Credit Txns - last 31D,False,ELEC_XFER,MAXIMUM,L31D,CREDIT,BEHAVIORAL,False,,SAFE,CREDIT|ELEC_XFER|LONG_WINDOW|MAXIMUM|TRANSACTION_COUNT|WINDOW_L31D
F1206,MAX_ELEC_XFER_TXNS_DB_L31D,Max Online Transfer (IMPS+NEFT+RTGS) Debit Txns - last 31D,False,ELEC_XFER,MAXIMUM,L31D,DEBIT,BEHAVIORAL,False,,SAFE,DEBIT|ELEC_XFER|LONG_WINDOW|MAXIMUM|TRANSACTION_COUNT|WINDOW_L31D
F1207,MAX_ELEC_XFER_AMT_L31D,Max Online Transfer (IMPS+NEFT+RTGS) Total Amount - last 31D,False,ELEC_XFER,MAXIMUM,L31D,BOTH,BEHAVIORAL,False,,SAFE,AMOUNT|ELEC_XFER|LONG_WINDOW|MAXIMUM|WINDOW_L31D
F1208,MAX_ELEC_XFER_AMT_CR_L31D,Max Online Transfer (IMPS+NEFT+RTGS) Credit Amount - last 31D,False,ELEC_XFER,MAXIMUM,L31D,CREDIT,BEHAVIORAL,False,,SAFE,AMOUNT|CREDIT|ELEC_XFER|LONG_WINDOW|MAXIMUM|WINDOW_L31D
F1209,MAX_ELEC_XFER_AMT_DB_L31D,Max Online Transfer (IMPS+NEFT+RTGS) Debit Amount - last 31D,False,ELEC_XFER,MAXIMUM,L31D,DEBIT,BEHAVIORAL,False,,SAFE,AMOUNT|DEBIT|ELEC_XFER|LONG_WINDOW|MAXIMUM|WINDOW_L31D
F1210,MAX_UPI_XFER_TXNS_L31D,Max UPI Total Txns - last 31D,False,UPI_XFER,MAXIMUM,L31D,BOTH,BEHAVIORAL,False,,SAFE,LONG_WINDOW|MAXIMUM|TRANSACTION_COUNT|UPI_XFER|WINDOW_L31D
F1211,MAX_UPI_TXNS_CR_L31D,Max UPI Total Amount - last 31D,False,UPI,MAXIMUM,L31D,CREDIT,BEHAVIORAL,False,,SAFE,AMOUNT|CREDIT|LONG_WINDOW|MAXIMUM|UPI|WINDOW_L31D
F1212,MAX_UPI_TXNS_DB_L31D,Max UPI Credit Txns - last 31D,False,UPI,MAXIMUM,L31D,DEBIT,BEHAVIORAL,False,,SAFE,DEBIT|LONG_WINDOW|MAXIMUM|TRANSACTION_COUNT|UPI|WINDOW_L31D
F1213,MAX_UPI_XFER_AMT_L31D,Max UPI Debit Txns - last 31D,False,UPI_XFER,MAXIMUM,L31D,BOTH,BEHAVIORAL,False,,SAFE,AMOUNT|LONG_WINDOW|MAXIMUM|TRANSACTION_COUNT|UPI_XFER|WINDOW_L31D
F1214,MAX_UPI_AMT_CR_L31D,Max UPI Credit Amount - last 31D,False,UPI,MAXIMUM,L31D,CREDIT,BEHAVIORAL,False,,SAFE,AMOUNT|CREDIT|LONG_WINDOW|MAXIMUM|UPI|WINDOW_L31D
F1215,MAX_UPI_AMT_DB_L31D,Max UPI Debit Amount - last 31D,False,UPI,MAXIMUM,L31D,DEBIT,BEHAVIORAL,False,,SAFE,AMOUNT|DEBIT|LONG_WINDOW|MAXIMUM|UPI|WINDOW_L31D
F1216,MAX_NET_BNKING_TXNS_L31D,Max Net Banking Total Txns - last 31D,False,NET_BANKING,MAXIMUM,L31D,BOTH,BEHAVIORAL,False,,SAFE,LONG_WINDOW|MAXIMUM|NET_BANKING|TRANSACTION_COUNT|WINDOW_L31D
F1217,MAX_NET_BNKING_TXNS_CR_L31D,Max Net Banking Credit Txns - last 31D,False,NET_BANKING,MAXIMUM,L31D,CREDIT,BEHAVIORAL,False,,SAFE,CREDIT|LONG_WINDOW|MAXIMUM|NET_BANKING|TRANSACTION_COUNT|WINDOW_L31D
F1218,MAX_NET_BNKING_TXNS_DB_L31D,Max Net Banking Debit Txns - last 31D,False,NET_BANKING,MAXIMUM,L31D,DEBIT,BEHAVIORAL,False,,SAFE,DEBIT|LONG_WINDOW|MAXIMUM|NET_BANKING|TRANSACTION_COUNT|WINDOW_L31D
F1219,MAX_NET_BNKING_AMT_L31D,Max Net Banking Total Amount - last 31D,False,NET_BANKING,MAXIMUM,L31D,BOTH,BEHAVIORAL,False,,SAFE,AMOUNT|LONG_WINDOW|MAXIMUM|NET_BANKING|WINDOW_L31D
F1220,MAX_NET_BNKING_AMT_CR_L31D,Max Net Banking Credit Amount - last 31D,False,NET_BANKING,MAXIMUM,L31D,CREDIT,BEHAVIORAL,False,,SAFE,AMOUNT|CREDIT|LONG_WINDOW|MAXIMUM|NET_BANKING|WINDOW_L31D
F1221,MAX_NET_BNKING_AMT_DB_L31D,Max Net Banking Debit Amount - last 31D,False,NET_BANKING,MAXIMUM,L31D,DEBIT,BEHAVIORAL,False,,SAFE,AMOUNT|DEBIT|LONG_WINDOW|MAXIMUM|NET_BANKING|WINDOW_L31D
F1222,MAX_MOB_BNKING_TXNS_L31D,Max Mobile Banking Total Txns - last 31D,False,MOBILE_BANKING,MAXIMUM,L31D,BOTH,BEHAVIORAL,False,,SAFE,LONG_WINDOW|MAXIMUM|MOBILE_BANKING|TRANSACTION_COUNT|WINDOW_L31D
F1223,MAX_MBNKING_TXNS_CR_L31D,Max Mobile Banking Total Amount - last 31D,False,MOBILE_BANKING,MAXIMUM,L31D,CREDIT,BEHAVIORAL,False,,SAFE,AMOUNT|CREDIT|LONG_WINDOW|MAXIMUM|MOBILE_BANKING|WINDOW_L31D
F1224,MAX_MBNKING_TXNS_DB_L31D,Max Mobile Banking Credit Txns - last 31D,False,MOBILE_BANKING,MAXIMUM,L31D,DEBIT,BEHAVIORAL,False,,SAFE,DEBIT|LONG_WINDOW|MAXIMUM|MOBILE_BANKING|TRANSACTION_COUNT|WINDOW_L31D
F1225,MAX_MOB_BNKING_AMT_L31D,Max Mobile Banking Debit Txns - last 31D,False,MOBILE_BANKING,MAXIMUM,L31D,BOTH,BEHAVIORAL,False,,SAFE,AMOUNT|LONG_WINDOW|MAXIMUM|MOBILE_BANKING|TRANSACTION_COUNT|WINDOW_L31D
F1226,MAX_MBNKING_AMT_CR_L31D,Max Mobile Banking Credit Amount - last 31D,False,MOBILE_BANKING,MAXIMUM,L31D,CREDIT,BEHAVIORAL,False,,SAFE,AMOUNT|CREDIT|LONG_WINDOW|MAXIMUM|MOBILE_BANKING|WINDOW_L31D
F1227,MAX_MBNKING_AMT_DB_L31D,Max Mobile Banking Debit Amount - last 31D,False,MOBILE_BANKING,MAXIMUM,L31D,DEBIT,BEHAVIORAL,False,,SAFE,AMOUNT|DEBIT|LONG_WINDOW|MAXIMUM|MOBILE_BANKING|WINDOW_L31D
F1228,MAX_POS_PYMT_TXNS_L31D,Max Merchant Payment Total Txns - last 31D,False,POS_MERCHANT,MAXIMUM,L31D,BOTH,BEHAVIORAL,False,,SAFE,LONG_WINDOW|MAXIMUM|POS_MERCHANT|TRANSACTION_COUNT|WINDOW_L31D
F1229,MAX_POS_PYMT_TXNS_CR_L31D,Max Merchant Payment Credit Txns - last 31D,False,POS_MERCHANT,MAXIMUM,L31D,CREDIT,BEHAVIORAL,False,,SAFE,CREDIT|LONG_WINDOW|MAXIMUM|POS_MERCHANT|TRANSACTION_COUNT|WINDOW_L31D
F1230,MAX_POS_PYMT_TXNS_DB_L31D,Max Merchant Payment Debit Txns - last 31D,False,POS_MERCHANT,MAXIMUM,L31D,DEBIT,BEHAVIORAL,False,,SAFE,DEBIT|LONG_WINDOW|MAXIMUM|POS_MERCHANT|TRANSACTION_COUNT|WINDOW_L31D
F1231,MAX_POS_PYMT_AMT_L31D,Max Merchant Payment Total Amount - last 31D,False,POS_MERCHANT,MAXIMUM,L31D,BOTH,BEHAVIORAL,False,,SAFE,AMOUNT|LONG_WINDOW|MAXIMUM|POS_MERCHANT|WINDOW_L31D
F1232,MAX_POS_PYMT_AMT_CR_L31D,Max Merchant Payment Credit Amount - last 31D,False,POS_MERCHANT,MAXIMUM,L31D,CREDIT,BEHAVIORAL,False,,SAFE,AMOUNT|CREDIT|LONG_WINDOW|MAXIMUM|POS_MERCHANT|WINDOW_L31D
F1233,MAX_POS_PYMT_AMT_DB_L31D,Max Merchant Payment Debit Amount - last 31D,False,POS_MERCHANT,MAXIMUM,L31D,DEBIT,BEHAVIORAL,False,,SAFE,AMOUNT|DEBIT|LONG_WINDOW|MAXIMUM|POS_MERCHANT|WINDOW_L31D
F1234,MAX_BBPS_TXNS_L31D,Max Bharat Bill Payment System Total Txns - last 31D,False,BBPS,MAXIMUM,L31D,BOTH,BEHAVIORAL,False,,SAFE,BBPS|LONG_WINDOW|MAXIMUM|TRANSACTION_COUNT|WINDOW_L31D
F1235,MAX_BBPS_TXNS_CR_L31D,Max Bharat Bill Payment System Credit Txns - last 31D,False,BBPS,MAXIMUM,L31D,CREDIT,BEHAVIORAL,False,,SAFE,BBPS|CREDIT|LONG_WINDOW|MAXIMUM|TRANSACTION_COUNT|WINDOW_L31D
F1236,MAX_BBPS_TXNS_DB_L31D,Max Bharat Bill Payment System Debit Txns - last 31D,False,BBPS,MAXIMUM,L31D,DEBIT,BEHAVIORAL,False,,SAFE,BBPS|DEBIT|LONG_WINDOW|MAXIMUM|TRANSACTION_COUNT|WINDOW_L31D
F1237,MAX_BBPS_AMT_L31D,Max Bharat Bill Payment System Total Amount - last 31D,False,BBPS,MAXIMUM,L31D,BOTH,BEHAVIORAL,False,,SAFE,AMOUNT|BBPS|LONG_WINDOW|MAXIMUM|WINDOW_L31D
F1238,MAX_BBPS_AMT_CR_L31D,Max Bharat Bill Payment System Credit Amount - last 31D,False,BBPS,MAXIMUM,L31D,CREDIT,BEHAVIORAL,False,,SAFE,AMOUNT|BBPS|CREDIT|LONG_WINDOW|MAXIMUM|WINDOW_L31D
F1239,MAX_BBPS_AMT_DB_L31D,Max Bharat Bill Payment System Debit Amount - last 31D,False,BBPS,MAXIMUM,L31D,DEBIT,BEHAVIORAL,False,,SAFE,AMOUNT|BBPS|DEBIT|LONG_WINDOW|MAXIMUM|WINDOW_L31D
F1240,MAX_APB_TXNS_L31D,Max Aadhar Payment Bridge Total Txns - last 31D,False,AADHAAR_PAYMENT_BRIDGE,MAXIMUM,L31D,BOTH,BEHAVIORAL,False,,SAFE,AADHAAR_PAYMENT_BRIDGE|LONG_WINDOW|MAXIMUM|TRANSACTION_COUNT|WINDOW_L31D
F1241,MAX_APB_TXNS_CR_L31D,Max Aadhar Payment Bridge Credit Txns - last 31D,False,AADHAAR_PAYMENT_BRIDGE,MAXIMUM,L31D,CREDIT,BEHAVIORAL,False,,SAFE,AADHAAR_PAYMENT_BRIDGE|CREDIT|LONG_WINDOW|MAXIMUM|TRANSACTION_COUNT|WINDOW_L31D
F1242,MAX_APB_TXNS_DB_L31D,Max Aadhar Payment Bridge Debit Txns - last 31D,False,AADHAAR_PAYMENT_BRIDGE,MAXIMUM,L31D,DEBIT,BEHAVIORAL,False,,SAFE,AADHAAR_PAYMENT_BRIDGE|DEBIT|LONG_WINDOW|MAXIMUM|TRANSACTION_COUNT|WINDOW_L31D
F1243,MAX_APB_AMT_L31D,Max Aadhar Payment Bridge Total Amount - last 31D,False,AADHAAR_PAYMENT_BRIDGE,MAXIMUM,L31D,BOTH,BEHAVIORAL,False,,SAFE,AADHAAR_PAYMENT_BRIDGE|AMOUNT|LONG_WINDOW|MAXIMUM|WINDOW_L31D
F1244,MAX_APB_AMT_CR_L31D,Max Aadhar Payment Bridge Credit Amount - last 31D,False,AADHAAR_PAYMENT_BRIDGE,MAXIMUM,L31D,CREDIT,BEHAVIORAL,False,,SAFE,AADHAAR_PAYMENT_BRIDGE|AMOUNT|CREDIT|LONG_WINDOW|MAXIMUM|WINDOW_L31D
F1245,MAX_APB_AMT_DB_L31D,Max Aadhar Payment Bridge Debit Amount - last 31D,False,AADHAAR_PAYMENT_BRIDGE,MAXIMUM,L31D,DEBIT,BEHAVIORAL,False,,SAFE,AADHAAR_PAYMENT_BRIDGE|AMOUNT|DEBIT|LONG_WINDOW|MAXIMUM|WINDOW_L31D
F1246,MAX_LOAN_TXNS_L31D,Max Loan Total Txns - last 31D,False,LOAN,MAXIMUM,L31D,BOTH,BEHAVIORAL,False,,SAFE,LOAN|LONG_WINDOW|MAXIMUM|TRANSACTION_COUNT|WINDOW_L31D
F1247,MAX_LOAN_TXNS_CR_L31D,Max Loan Credit Txns - last 31D,False,LOAN,MAXIMUM,L31D,CREDIT,BEHAVIORAL,False,,SAFE,CREDIT|LOAN|LONG_WINDOW|MAXIMUM|TRANSACTION_COUNT|WINDOW_L31D
F1248,MAX_LOAN_TXNS_DB_L31D,Max Loan Debit Txns - last 31D,False,LOAN,MAXIMUM,L31D,DEBIT,BEHAVIORAL,False,,SAFE,DEBIT|LOAN|LONG_WINDOW|MAXIMUM|TRANSACTION_COUNT|WINDOW_L31D
F1249,MAX_LOAN_AMT_L31D,Max Loan Total Amount - last 31D,False,LOAN,MAXIMUM,L31D,BOTH,BEHAVIORAL,False,,SAFE,AMOUNT|LOAN|LONG_WINDOW|MAXIMUM|WINDOW_L31D
F1250,MAX_LOAN_AMT_CR_L31D,Max Loan Credit Amount - last 31D,False,LOAN,MAXIMUM,L31D,CREDIT,BEHAVIORAL,False,,SAFE,AMOUNT|CREDIT|LOAN|LONG_WINDOW|MAXIMUM|WINDOW_L31D
F1251,MAX_LOAN_AMT_DB_L31D,Max Loan Debit Amount - last 31D,False,LOAN,MAXIMUM,L31D,DEBIT,BEHAVIORAL,False,,SAFE,AMOUNT|DEBIT|LOAN|LONG_WINDOW|MAXIMUM|WINDOW_L31D
F1252,MAX_STDNG_INSTR_L31D,Max Standing Instruction Total Txns - last 31D,False,STANDING_INSTRUCTION,MAXIMUM,L31D,BOTH,BEHAVIORAL,False,,SAFE,LONG_WINDOW|MAXIMUM|STANDING_INSTRUCTION|TRANSACTION_COUNT|WINDOW_L31D
F1253,MAX_STDNG_INSTR_CR_TXNS_L31D,Max Standing Instruction Credit Txns - last 31D,False,STANDING_INSTRUCTION,MAXIMUM,L31D,CREDIT,BEHAVIORAL,False,,SAFE,CREDIT|LONG_WINDOW|MAXIMUM|STANDING_INSTRUCTION|TRANSACTION_COUNT|WINDOW_L31D
F1254,MAX_STDNG_INSTR_DB_TXNS_L31D,Max Standing Instruction Debit Txns - last 31D,False,STANDING_INSTRUCTION,MAXIMUM,L31D,DEBIT,BEHAVIORAL,False,,SAFE,DEBIT|LONG_WINDOW|MAXIMUM|STANDING_INSTRUCTION|TRANSACTION_COUNT|WINDOW_L31D
F1255,MAX_STDNG_INSTR_AMT_L31D,Max Standing Instruction Total Amount - last 31D,False,STANDING_INSTRUCTION,MAXIMUM,L31D,BOTH,BEHAVIORAL,False,,SAFE,AMOUNT|LONG_WINDOW|MAXIMUM|STANDING_INSTRUCTION|WINDOW_L31D
F1256,MAX_STDNG_INSTR_AMT_CR_L31D,Max Standing Instruction Credit Amount - last 31D,False,STANDING_INSTRUCTION,MAXIMUM,L31D,CREDIT,BEHAVIORAL,False,,SAFE,AMOUNT|CREDIT|LONG_WINDOW|MAXIMUM|STANDING_INSTRUCTION|WINDOW_L31D
F1257,MAX_STDNG_INSTR_AMT_DB_L31D,Max Standing Instruction Debit Amount - last 31D,False,STANDING_INSTRUCTION,MAXIMUM,L31D,DEBIT,BEHAVIORAL,False,,SAFE,AMOUNT|DEBIT|LONG_WINDOW|MAXIMUM|STANDING_INSTRUCTION|WINDOW_L31D
F1258,MM_CASH_TXNS_L7D,Difference of Max and Min: Cash Total Txns - last 7D,False,CASH,RANGE_MAX_MINUS_MIN,L7D,BOTH,BEHAVIORAL,False,,SAFE,CASH|RANGE_MAX_MINUS_MIN|SHORT_WINDOW|TRANSACTION_COUNT|WINDOW_L7D
F1259,MM_CASH_TXNS_CR_L7D,Difference of Max and Min: Cash Credit Txns - last 7D,False,CASH,RANGE_MAX_MINUS_MIN,L7D,CREDIT,BEHAVIORAL,False,,SAFE,CASH|CREDIT|RANGE_MAX_MINUS_MIN|SHORT_WINDOW|TRANSACTION_COUNT|WINDOW_L7D
F1260,MM_CASH_TXNS_DB_L7D,Difference of Max and Min: Cash Debit Txns - last 7D,False,CASH,RANGE_MAX_MINUS_MIN,L7D,DEBIT,BEHAVIORAL,False,,SAFE,CASH|DEBIT|RANGE_MAX_MINUS_MIN|SHORT_WINDOW|TRANSACTION_COUNT|WINDOW_L7D
F1261,MM_CASH_AMT_L7D,Difference of Max and Min: Cash Total Amount - last 7D,False,CASH,RANGE_MAX_MINUS_MIN,L7D,BOTH,BEHAVIORAL,False,,SAFE,AMOUNT|CASH|RANGE_MAX_MINUS_MIN|SHORT_WINDOW|WINDOW_L7D
F1262,MM_CASH_AMT_CR_L7D,Difference of Max and Min: Cash Credit Amount - last 7D,False,CASH,RANGE_MAX_MINUS_MIN,L7D,CREDIT,BEHAVIORAL,False,,SAFE,AMOUNT|CASH|CREDIT|RANGE_MAX_MINUS_MIN|SHORT_WINDOW|WINDOW_L7D
F1263,MM_CASH_AMT_DB_L7D,Difference of Max and Min: Cash Debit Amount - last 7D,False,CASH,RANGE_MAX_MINUS_MIN,L7D,DEBIT,BEHAVIORAL,False,,SAFE,AMOUNT|CASH|DEBIT|RANGE_MAX_MINUS_MIN|SHORT_WINDOW|WINDOW_L7D
F1264,MM_CHQ_TXNS_L7D,Difference of Max and Min: Cheque Total Txns - last 7D,False,CHEQUE,RANGE_MAX_MINUS_MIN,L7D,BOTH,BEHAVIORAL,False,,SAFE,CHEQUE|RANGE_MAX_MINUS_MIN|SHORT_WINDOW|TRANSACTION_COUNT|WINDOW_L7D
F1265,MM_CHQ_TXNS_CR_L7D,Difference of Max and Min: Cheque Credit Txns - last 7D,False,CHEQUE,RANGE_MAX_MINUS_MIN,L7D,CREDIT,BEHAVIORAL,False,,SAFE,CHEQUE|CREDIT|RANGE_MAX_MINUS_MIN|SHORT_WINDOW|TRANSACTION_COUNT|WINDOW_L7D
F1266,MM_CHQ_TXNS_DB_L7D,Difference of Max and Min: Cheque Debit Txns - last 7D,False,CHEQUE,RANGE_MAX_MINUS_MIN,L7D,DEBIT,BEHAVIORAL,False,,SAFE,CHEQUE|DEBIT|RANGE_MAX_MINUS_MIN|SHORT_WINDOW|TRANSACTION_COUNT|WINDOW_L7D
F1267,MM_CHQ_AMT_L7D,Difference of Max and Min: Cheque Total Amount - last 7D,False,CHEQUE,RANGE_MAX_MINUS_MIN,L7D,BOTH,BEHAVIORAL,False,,SAFE,AMOUNT|CHEQUE|RANGE_MAX_MINUS_MIN|SHORT_WINDOW|WINDOW_L7D
F1268,MM_CHQ_AMT_CR_L7D,Difference of Max and Min: Cheque Credit Amount - last 7D,False,CHEQUE,RANGE_MAX_MINUS_MIN,L7D,CREDIT,BEHAVIORAL,False,,SAFE,AMOUNT|CHEQUE|CREDIT|RANGE_MAX_MINUS_MIN|SHORT_WINDOW|WINDOW_L7D
F1269,MM_CHQ_AMT_DB_L7D,Difference of Max and Min: Cheque Debit Amount - last 7D,False,CHEQUE,RANGE_MAX_MINUS_MIN,L7D,DEBIT,BEHAVIORAL,False,,SAFE,AMOUNT|CHEQUE|DEBIT|RANGE_MAX_MINUS_MIN|SHORT_WINDOW|WINDOW_L7D
F1270,MM_NON_CASH_CHQ_TXNS_L7D,Difference of Max and Min: Non Cash Non Cheque Total Txns - last 7D,False,NON_CASH_CHQ,RANGE_MAX_MINUS_MIN,L7D,BOTH,BEHAVIORAL,False,,SAFE,NON_CASH_CHQ|RANGE_MAX_MINUS_MIN|SHORT_WINDOW|TRANSACTION_COUNT|WINDOW_L7D
F1271,MM_NON_CASH_CHQ_TXNS_CR_L7D,Difference of Max and Min: Non Cash Non Cheque Credit Txns - last 7D,False,NON_CASH_CHQ,RANGE_MAX_MINUS_MIN,L7D,CREDIT,BEHAVIORAL,False,,SAFE,CREDIT|NON_CASH_CHQ|RANGE_MAX_MINUS_MIN|SHORT_WINDOW|TRANSACTION_COUNT|WINDOW_L7D
F1272,MM_NON_CASH_CHQ_TXNS_DB_L7D,Difference of Max and Min: Non Cash Non Cheque Debit Txns - last 7D,False,NON_CASH_CHQ,RANGE_MAX_MINUS_MIN,L7D,DEBIT,BEHAVIORAL,False,,SAFE,DEBIT|NON_CASH_CHQ|RANGE_MAX_MINUS_MIN|SHORT_WINDOW|TRANSACTION_COUNT|WINDOW_L7D
F1273,MM_NON_CASH_CHQ_AMT_L7D,Difference of Max and Min: Non Cash Non Cheque Total Amount - last 7D,False,NON_CASH_CHQ,RANGE_MAX_MINUS_MIN,L7D,BOTH,BEHAVIORAL,False,,SAFE,AMOUNT|NON_CASH_CHQ|RANGE_MAX_MINUS_MIN|SHORT_WINDOW|WINDOW_L7D
F1274,MM_NON_CASH_CHQ_AMT_CR_L7D,Difference of Max and Min: Non Cash Non Cheque Credit Amount - last 7D,False,NON_CASH_CHQ,RANGE_MAX_MINUS_MIN,L7D,CREDIT,BEHAVIORAL,False,,SAFE,AMOUNT|CREDIT|NON_CASH_CHQ|RANGE_MAX_MINUS_MIN|SHORT_WINDOW|WINDOW_L7D
F1275,MM_NON_CASH_CHQ_AMT_DB_L7D,Difference of Max and Min: Non Cash Non Cheque Debit Amount - last 7D,False,NON_CASH_CHQ,RANGE_MAX_MINUS_MIN,L7D,DEBIT,BEHAVIORAL,False,,SAFE,AMOUNT|DEBIT|NON_CASH_CHQ|RANGE_MAX_MINUS_MIN|SHORT_WINDOW|WINDOW_L7D
F1276,MM_CI_NON_CASH_CHQ_TXNS_L7D,Difference of Max and Min: Customer Induced Non Cash Non Cheque Total Txns - last 7D,False,NON_CASH_CHQ,RANGE_MAX_MINUS_MIN,L7D,BOTH,BEHAVIORAL,False,,SAFE,NON_CASH_CHQ|RANGE_MAX_MINUS_MIN|SHORT_WINDOW|TRANSACTION_COUNT|WINDOW_L7D
F1277,MM_CI_NON_CASH_CHQ_TXNS_CR_L7D,Difference of Max and Min: Customer Induced Non Cash Non Cheque Credit Txns - last 7D,False,NON_CASH_CHQ,RANGE_MAX_MINUS_MIN,L7D,CREDIT,BEHAVIORAL,False,,SAFE,CREDIT|NON_CASH_CHQ|RANGE_MAX_MINUS_MIN|SHORT_WINDOW|TRANSACTION_COUNT|WINDOW_L7D
F1278,MM_CI_NON_CASH_CHQ_TXNS_DB_L7D,Difference of Max and Min: Customer Induced Non Cash Non Cheque Debit Txns - last 7D,False,NON_CASH_CHQ,RANGE_MAX_MINUS_MIN,L7D,DEBIT,BEHAVIORAL,False,,SAFE,DEBIT|NON_CASH_CHQ|RANGE_MAX_MINUS_MIN|SHORT_WINDOW|TRANSACTION_COUNT|WINDOW_L7D
F1279,MM_CI_NON_CASH_CHQ_AMT_L7D,Difference of Max and Min: Customer Induced Non Cash Non Cheque Total Amount - last 7D,False,NON_CASH_CHQ,RANGE_MAX_MINUS_MIN,L7D,BOTH,BEHAVIORAL,False,,SAFE,AMOUNT|NON_CASH_CHQ|RANGE_MAX_MINUS_MIN|SHORT_WINDOW|WINDOW_L7D
F1280,MM_CI_NON_CASH_CHQ_AMT_CR_L7D,Difference of Max and Min: Customer Induced Non Cash Non Cheque Credit Amount - last 7D,False,NON_CASH_CHQ,RANGE_MAX_MINUS_MIN,L7D,CREDIT,BEHAVIORAL,False,,SAFE,AMOUNT|CREDIT|NON_CASH_CHQ|RANGE_MAX_MINUS_MIN|SHORT_WINDOW|WINDOW_L7D
F1281,MM_CI_NON_CASH_CHQ_AMT_DB_L7D,Difference of Max and Min: Customer Induced Non Cash Non Cheque Debit Amount - last 7D,False,NON_CASH_CHQ,RANGE_MAX_MINUS_MIN,L7D,DEBIT,BEHAVIORAL,False,,SAFE,AMOUNT|DEBIT|NON_CASH_CHQ|RANGE_MAX_MINUS_MIN|SHORT_WINDOW|WINDOW_L7D
F1282,MM_CI_TXNS_L7D,Difference of Max and Min: Customer Induced Total Txns - last 7D,False,CASH_INTENSIVE,RANGE_MAX_MINUS_MIN,L7D,BOTH,BEHAVIORAL,False,,SAFE,CASH_INTENSIVE|RANGE_MAX_MINUS_MIN|SHORT_WINDOW|TRANSACTION_COUNT|WINDOW_L7D
F1283,MM_CI_TXNS_CR_L7D,Difference of Max and Min: Customer Induced Credit Txns - last 7D,False,CASH_INTENSIVE,RANGE_MAX_MINUS_MIN,L7D,CREDIT,BEHAVIORAL,False,,SAFE,CASH_INTENSIVE|CREDIT|RANGE_MAX_MINUS_MIN|SHORT_WINDOW|TRANSACTION_COUNT|WINDOW_L7D
F1284,MM_CI_TXNS_DB_L7D,Difference of Max and Min: Customer Induced Debit Txns - last 7D,False,CASH_INTENSIVE,RANGE_MAX_MINUS_MIN,L7D,DEBIT,BEHAVIORAL,False,,SAFE,CASH_INTENSIVE|DEBIT|RANGE_MAX_MINUS_MIN|SHORT_WINDOW|TRANSACTION_COUNT|WINDOW_L7D
F1285,MM_CI_AMT_L7D,Difference of Max and Min: Customer Induced Total Amount - last 7D,False,CASH_INTENSIVE,RANGE_MAX_MINUS_MIN,L7D,BOTH,BEHAVIORAL,False,,SAFE,AMOUNT|CASH_INTENSIVE|RANGE_MAX_MINUS_MIN|SHORT_WINDOW|WINDOW_L7D
F1286,MM_CI_AMT_CR_L7D,Difference of Max and Min: Customer Induced Credit Amount - last 7D,False,CASH_INTENSIVE,RANGE_MAX_MINUS_MIN,L7D,CREDIT,BEHAVIORAL,False,,SAFE,AMOUNT|CASH_INTENSIVE|CREDIT|RANGE_MAX_MINUS_MIN|SHORT_WINDOW|WINDOW_L7D
F1287,MM_CI_AMT_DB_L7D,Difference of Max and Min: Customer Induced Debit Amount - last 7D,False,CASH_INTENSIVE,RANGE_MAX_MINUS_MIN,L7D,DEBIT,BEHAVIORAL,False,,SAFE,AMOUNT|CASH_INTENSIVE|DEBIT|RANGE_MAX_MINUS_MIN|SHORT_WINDOW|WINDOW_L7D
F1288,MM_ATM_TXNS_L7D,Difference of Max and Min: ATM Total Txns - last 7D,False,ATM,RANGE_MAX_MINUS_MIN,L7D,BOTH,BEHAVIORAL,False,,SAFE,ATM|RANGE_MAX_MINUS_MIN|SHORT_WINDOW|TRANSACTION_COUNT|WINDOW_L7D
F1289,MM_ATM_TXNS_CR_L7D,Difference of Max and Min: ATM Credit Txns - last 7D,False,ATM,RANGE_MAX_MINUS_MIN,L7D,CREDIT,BEHAVIORAL,False,,SAFE,ATM|CREDIT|RANGE_MAX_MINUS_MIN|SHORT_WINDOW|TRANSACTION_COUNT|WINDOW_L7D
F1290,MM_ATM_TXNS_DB_L7D,Difference of Max and Min: ATM Debit Txns - last 7D,False,ATM,RANGE_MAX_MINUS_MIN,L7D,DEBIT,BEHAVIORAL,False,,SAFE,ATM|DEBIT|RANGE_MAX_MINUS_MIN|SHORT_WINDOW|TRANSACTION_COUNT|WINDOW_L7D
F1291,MM_ATM_AMT_L7D,Difference of Max and Min: ATM Total Amount - last 7D,False,ATM,RANGE_MAX_MINUS_MIN,L7D,BOTH,BEHAVIORAL,False,,SAFE,AMOUNT|ATM|RANGE_MAX_MINUS_MIN|SHORT_WINDOW|WINDOW_L7D
F1292,MM_ATM_AMT_CR_L7D,Difference of Max and Min: ATM Credit Amount - last 7D,False,ATM,RANGE_MAX_MINUS_MIN,L7D,CREDIT,BEHAVIORAL,False,,SAFE,AMOUNT|ATM|CREDIT|RANGE_MAX_MINUS_MIN|SHORT_WINDOW|WINDOW_L7D
F1293,MM_ATM_AMT_DB_L7D,Difference of Max and Min: ATM Debit Amount - last 7D,False,ATM,RANGE_MAX_MINUS_MIN,L7D,DEBIT,BEHAVIORAL,False,,SAFE,AMOUNT|ATM|DEBIT|RANGE_MAX_MINUS_MIN|SHORT_WINDOW|WINDOW_L7D
F1294,MM_BI_FEES_CHRGS_TXNS_L7D,Difference of Max and Min: Bank Induced Fees Charges Total Txns - last 7D,False,FEES_AND_CHARGES,RANGE_MAX_MINUS_MIN,L7D,BOTH,BEHAVIORAL,False,,SAFE,FEES_AND_CHARGES|RANGE_MAX_MINUS_MIN|SHORT_WINDOW|TRANSACTION_COUNT|WINDOW_L7D
F1295,MM_BI_FEES_CHRGS_TXNS_CR_L7D,Difference of Max and Min: Bank Induced Fees Charges Credit Txns - last 7D,False,FEES_AND_CHARGES,RANGE_MAX_MINUS_MIN,L7D,CREDIT,BEHAVIORAL,False,,SAFE,CREDIT|FEES_AND_CHARGES|RANGE_MAX_MINUS_MIN|SHORT_WINDOW|TRANSACTION_COUNT|WINDOW_L7D
F1296,MM_BI_FEES_CHRGS_TXNS_DB_L7D,Difference of Max and Min: Bank Induced Fees Charges Debit Txns - last 7D,False,FEES_AND_CHARGES,RANGE_MAX_MINUS_MIN,L7D,DEBIT,BEHAVIORAL,False,,SAFE,DEBIT|FEES_AND_CHARGES|RANGE_MAX_MINUS_MIN|SHORT_WINDOW|TRANSACTION_COUNT|WINDOW_L7D
F1297,MM_BI_FEES_CHRGS_AMT_L7D,Difference of Max and Min: Bank Induced Fees Charges Total Amount - last 7D,False,FEES_AND_CHARGES,RANGE_MAX_MINUS_MIN,L7D,BOTH,BEHAVIORAL,False,,SAFE,AMOUNT|FEES_AND_CHARGES|RANGE_MAX_MINUS_MIN|SHORT_WINDOW|WINDOW_L7D
F1298,MM_BI_FEES_CHRGS_AMT_CR_L7D,Difference of Max and Min: Bank Induced Fees Charges Credit Amount - last 7D,False,FEES_AND_CHARGES,RANGE_MAX_MINUS_MIN,L7D,CREDIT,BEHAVIORAL,False,,SAFE,AMOUNT|CREDIT|FEES_AND_CHARGES|RANGE_MAX_MINUS_MIN|SHORT_WINDOW|WINDOW_L7D
F1299,MM_BI_FEES_CHRGS_AMT_DB_L7D,Difference of Max and Min: Bank Induced Fees Charges Debit Amount - last 7D,False,FEES_AND_CHARGES,RANGE_MAX_MINUS_MIN,L7D,DEBIT,BEHAVIORAL,False,,SAFE,AMOUNT|DEBIT|FEES_AND_CHARGES|RANGE_MAX_MINUS_MIN|SHORT_WINDOW|WINDOW_L7D
F1300,MM_CI_FEES_CHRGS_TXNS_L7D,Difference of Max and Min: Customer Induced Fees Charges Total Txns - last 7D,False,FEES_AND_CHARGES,RANGE_MAX_MINUS_MIN,L7D,BOTH,BEHAVIORAL,False,,SAFE,FEES_AND_CHARGES|RANGE_MAX_MINUS_MIN|SHORT_WINDOW|TRANSACTION_COUNT|WINDOW_L7D
F1301,MM_CI_FEES_CHRGS_TXNS_CR_L7D,Difference of Max and Min: Customer Induced Fees Charges Credit Txns - last 7D,False,FEES_AND_CHARGES,RANGE_MAX_MINUS_MIN,L7D,CREDIT,BEHAVIORAL,False,,SAFE,CREDIT|FEES_AND_CHARGES|RANGE_MAX_MINUS_MIN|SHORT_WINDOW|TRANSACTION_COUNT|WINDOW_L7D
F1302,MM_CI_FEES_CHRGS_TXNS_DB_L7D,Difference of Max and Min: Customer Induced Fees Charges Debit Txns - last 7D,False,FEES_AND_CHARGES,RANGE_MAX_MINUS_MIN,L7D,DEBIT,BEHAVIORAL,False,,SAFE,DEBIT|FEES_AND_CHARGES|RANGE_MAX_MINUS_MIN|SHORT_WINDOW|TRANSACTION_COUNT|WINDOW_L7D
F1303,MM_CI_FEES_CHRGS_AMT_L7D,Difference of Max and Min: Customer Induced Fees Charges Total Amount - last 7D,False,FEES_AND_CHARGES,RANGE_MAX_MINUS_MIN,L7D,BOTH,BEHAVIORAL,False,,SAFE,AMOUNT|FEES_AND_CHARGES|RANGE_MAX_MINUS_MIN|SHORT_WINDOW|WINDOW_L7D
F1304,MM_CI_FEES_CHRGS_AMT_CR_L7D,Difference of Max and Min: Customer Induced Fees Charges Credit Amount - last 7D,False,FEES_AND_CHARGES,RANGE_MAX_MINUS_MIN,L7D,CREDIT,BEHAVIORAL,False,,SAFE,AMOUNT|CREDIT|FEES_AND_CHARGES|RANGE_MAX_MINUS_MIN|SHORT_WINDOW|WINDOW_L7D
F1305,MM_CI_FEES_CHRGS_AMT_DB_L7D,Difference of Max and Min: Customer Induced Fees Charges Debit Amount - last 7D,False,FEES_AND_CHARGES,RANGE_MAX_MINUS_MIN,L7D,DEBIT,BEHAVIORAL,False,,SAFE,AMOUNT|DEBIT|FEES_AND_CHARGES|RANGE_MAX_MINUS_MIN|SHORT_WINDOW|WINDOW_L7D
F1306,MM_GST_TXNS_L7D,Difference of Max and Min: GST Total Txns - last 7D,False,GST,RANGE_MAX_MINUS_MIN,L7D,BOTH,BEHAVIORAL,False,,SAFE,GST|RANGE_MAX_MINUS_MIN|SHORT_WINDOW|TRANSACTION_COUNT|WINDOW_L7D
F1307,MM_GST_TXNS_CR_L7D,Difference of Max and Min: GST Credit Txns - last 7D,False,GST,RANGE_MAX_MINUS_MIN,L7D,CREDIT,BEHAVIORAL,False,,SAFE,CREDIT|GST|RANGE_MAX_MINUS_MIN|SHORT_WINDOW|TRANSACTION_COUNT|WINDOW_L7D
F1308,MM_GST_TXNS_DB_L7D,Difference of Max and Min: GST Debit Txns - last 7D,False,GST,RANGE_MAX_MINUS_MIN,L7D,DEBIT,BEHAVIORAL,False,,SAFE,DEBIT|GST|RANGE_MAX_MINUS_MIN|SHORT_WINDOW|TRANSACTION_COUNT|WINDOW_L7D
F1309,MM_GST_AMT_L7D,Difference of Max and Min: GST Total Amount - last 7D,False,GST,RANGE_MAX_MINUS_MIN,L7D,BOTH,BEHAVIORAL,False,,SAFE,AMOUNT|GST|RANGE_MAX_MINUS_MIN|SHORT_WINDOW|WINDOW_L7D
F1310,MM_GST_AMT_CR_L7D,Difference of Max and Min: GST Credit Amount - last 7D,False,GST,RANGE_MAX_MINUS_MIN,L7D,CREDIT,BEHAVIORAL,False,,SAFE,AMOUNT|CREDIT|GST|RANGE_MAX_MINUS_MIN|SHORT_WINDOW|WINDOW_L7D
F1311,MM_GST_AMT_DB_L7D,Difference of Max and Min: GST Debit Amount - last 7D,False,GST,RANGE_MAX_MINUS_MIN,L7D,DEBIT,BEHAVIORAL,False,,SAFE,AMOUNT|DEBIT|GST|RANGE_MAX_MINUS_MIN|SHORT_WINDOW|WINDOW_L7D
F1312,MM_ELEC_XFER_TXNS_L7D,Difference of Max and Min: Online Transfer (IMPS+NEFT+RTGS) Total Txns - last 7D,False,ELEC_XFER,RANGE_MAX_MINUS_MIN,L7D,BOTH,BEHAVIORAL,False,,SAFE,ELEC_XFER|RANGE_MAX_MINUS_MIN|SHORT_WINDOW|TRANSACTION_COUNT|WINDOW_L7D
F1313,MM_ELEC_XFER_TXNS_CR_L7D,Difference of Max and Min: Online Transfer (IMPS+NEFT+RTGS) Credit Txns - last 7D,False,ELEC_XFER,RANGE_MAX_MINUS_MIN,L7D,CREDIT,BEHAVIORAL,False,,SAFE,CREDIT|ELEC_XFER|RANGE_MAX_MINUS_MIN|SHORT_WINDOW|TRANSACTION_COUNT|WINDOW_L7D
F1314,MM_ELEC_XFER_TXNS_DB_L7D,Difference of Max and Min: Online Transfer (IMPS+NEFT+RTGS) Debit Txns - last 7D,False,ELEC_XFER,RANGE_MAX_MINUS_MIN,L7D,DEBIT,BEHAVIORAL,False,,SAFE,DEBIT|ELEC_XFER|RANGE_MAX_MINUS_MIN|SHORT_WINDOW|TRANSACTION_COUNT|WINDOW_L7D
F1315,MM_ELEC_XFER_AMT_L7D,Difference of Max and Min: Online Transfer (IMPS+NEFT+RTGS) Total Amount - last 7D,False,ELEC_XFER,RANGE_MAX_MINUS_MIN,L7D,BOTH,BEHAVIORAL,False,,SAFE,AMOUNT|ELEC_XFER|RANGE_MAX_MINUS_MIN|SHORT_WINDOW|WINDOW_L7D
F1316,MM_ELEC_XFER_AMT_CR_L7D,Difference of Max and Min: Online Transfer (IMPS+NEFT+RTGS) Credit Amount - last 7D,False,ELEC_XFER,RANGE_MAX_MINUS_MIN,L7D,CREDIT,BEHAVIORAL,False,,SAFE,AMOUNT|CREDIT|ELEC_XFER|RANGE_MAX_MINUS_MIN|SHORT_WINDOW|WINDOW_L7D
F1317,MM_ELEC_XFER_AMT_DB_L7D,Difference of Max and Min: Online Transfer (IMPS+NEFT+RTGS) Debit Amount - last 7D,False,ELEC_XFER,RANGE_MAX_MINUS_MIN,L7D,DEBIT,BEHAVIORAL,False,,SAFE,AMOUNT|DEBIT|ELEC_XFER|RANGE_MAX_MINUS_MIN|SHORT_WINDOW|WINDOW_L7D
F1318,MM_UPI_XFER_TXNS_L7D,Difference of Max and Min: UPI Total Txns - last 7D,False,UPI_XFER,RANGE_MAX_MINUS_MIN,L7D,BOTH,BEHAVIORAL,False,,SAFE,RANGE_MAX_MINUS_MIN|SHORT_WINDOW|TRANSACTION_COUNT|UPI_XFER|WINDOW_L7D
F1319,MM_UPI_TXNS_CR_L7D,Difference of Max and Min: UPI Total Amount - last 7D,False,UPI,RANGE_MAX_MINUS_MIN,L7D,CREDIT,BEHAVIORAL,False,,SAFE,AMOUNT|CREDIT|RANGE_MAX_MINUS_MIN|SHORT_WINDOW|UPI|WINDOW_L7D
F1320,MM_UPI_TXNS_DB_L7D,Difference of Max and Min: UPI Credit Txns - last 7D,False,UPI,RANGE_MAX_MINUS_MIN,L7D,DEBIT,BEHAVIORAL,False,,SAFE,DEBIT|RANGE_MAX_MINUS_MIN|SHORT_WINDOW|TRANSACTION_COUNT|UPI|WINDOW_L7D
F1321,MM_UPI_XFER_AMT_L7D,Difference of Max and Min: UPI Debit Txns - last 7D,False,UPI_XFER,RANGE_MAX_MINUS_MIN,L7D,BOTH,BEHAVIORAL,False,,SAFE,AMOUNT|RANGE_MAX_MINUS_MIN|SHORT_WINDOW|TRANSACTION_COUNT|UPI_XFER|WINDOW_L7D
F1322,MM_UPI_AMT_CR_L7D,Difference of Max and Min: UPI Credit Amount - last 7D,False,UPI,RANGE_MAX_MINUS_MIN,L7D,CREDIT,BEHAVIORAL,False,,SAFE,AMOUNT|CREDIT|RANGE_MAX_MINUS_MIN|SHORT_WINDOW|UPI|WINDOW_L7D
F1323,MM_UPI_AMT_DB_L7D,Difference of Max and Min: UPI Debit Amount - last 7D,False,UPI,RANGE_MAX_MINUS_MIN,L7D,DEBIT,BEHAVIORAL,False,,SAFE,AMOUNT|DEBIT|RANGE_MAX_MINUS_MIN|SHORT_WINDOW|UPI|WINDOW_L7D
F1324,MM_NET_BNKING_TXNS_L7D,Difference of Max and Min: Net Banking Total Txns - last 7D,False,NET_BANKING,RANGE_MAX_MINUS_MIN,L7D,BOTH,BEHAVIORAL,False,,SAFE,NET_BANKING|RANGE_MAX_MINUS_MIN|SHORT_WINDOW|TRANSACTION_COUNT|WINDOW_L7D
F1325,MM_NET_BNKING_TXNS_CR_L7D,Difference of Max and Min: Net Banking Credit Txns - last 7D,False,NET_BANKING,RANGE_MAX_MINUS_MIN,L7D,CREDIT,BEHAVIORAL,False,,SAFE,CREDIT|NET_BANKING|RANGE_MAX_MINUS_MIN|SHORT_WINDOW|TRANSACTION_COUNT|WINDOW_L7D
F1326,MM_NET_BNKING_TXNS_DB_L7D,Difference of Max and Min: Net Banking Debit Txns - last 7D,False,NET_BANKING,RANGE_MAX_MINUS_MIN,L7D,DEBIT,BEHAVIORAL,False,,SAFE,DEBIT|NET_BANKING|RANGE_MAX_MINUS_MIN|SHORT_WINDOW|TRANSACTION_COUNT|WINDOW_L7D
F1327,MM_NET_BNKING_AMT_L7D,Difference of Max and Min: Net Banking Total Amount - last 7D,False,NET_BANKING,RANGE_MAX_MINUS_MIN,L7D,BOTH,BEHAVIORAL,False,,SAFE,AMOUNT|NET_BANKING|RANGE_MAX_MINUS_MIN|SHORT_WINDOW|WINDOW_L7D
F1328,MM_NET_BNKING_AMT_CR_L7D,Difference of Max and Min: Net Banking Credit Amount - last 7D,False,NET_BANKING,RANGE_MAX_MINUS_MIN,L7D,CREDIT,BEHAVIORAL,False,,SAFE,AMOUNT|CREDIT|NET_BANKING|RANGE_MAX_MINUS_MIN|SHORT_WINDOW|WINDOW_L7D
F1329,MM_NET_BNKING_AMT_DB_L7D,Difference of Max and Min: Net Banking Debit Amount - last 7D,False,NET_BANKING,RANGE_MAX_MINUS_MIN,L7D,DEBIT,BEHAVIORAL,False,,SAFE,AMOUNT|DEBIT|NET_BANKING|RANGE_MAX_MINUS_MIN|SHORT_WINDOW|WINDOW_L7D
F1330,MM_MOB_BNKING_TXNS_L7D,Difference of Max and Min: Mobile Banking Total Txns - last 7D,False,MOBILE_BANKING,RANGE_MAX_MINUS_MIN,L7D,BOTH,BEHAVIORAL,False,,SAFE,MOBILE_BANKING|RANGE_MAX_MINUS_MIN|SHORT_WINDOW|TRANSACTION_COUNT|WINDOW_L7D
F1331,MM_MBNKING_TXNS_CR_L7D,Difference of Max and Min: Mobile Banking Total Amount - last 7D,False,MOBILE_BANKING,RANGE_MAX_MINUS_MIN,L7D,CREDIT,BEHAVIORAL,False,,SAFE,AMOUNT|CREDIT|MOBILE_BANKING|RANGE_MAX_MINUS_MIN|SHORT_WINDOW|WINDOW_L7D
F1332,MM_MBNKING_TXNS_DB_L7D,Difference of Max and Min: Mobile Banking Credit Txns - last 7D,False,MOBILE_BANKING,RANGE_MAX_MINUS_MIN,L7D,DEBIT,BEHAVIORAL,False,,SAFE,DEBIT|MOBILE_BANKING|RANGE_MAX_MINUS_MIN|SHORT_WINDOW|TRANSACTION_COUNT|WINDOW_L7D
F1333,MM_MOB_BNKING_AMT_L7D,Difference of Max and Min: Mobile Banking Debit Txns - last 7D,False,MOBILE_BANKING,RANGE_MAX_MINUS_MIN,L7D,BOTH,BEHAVIORAL,False,,SAFE,AMOUNT|MOBILE_BANKING|RANGE_MAX_MINUS_MIN|SHORT_WINDOW|TRANSACTION_COUNT|WINDOW_L7D
F1334,MM_MBNKING_AMT_CR_L7D,Difference of Max and Min: Mobile Banking Credit Amount - last 7D,False,MOBILE_BANKING,RANGE_MAX_MINUS_MIN,L7D,CREDIT,BEHAVIORAL,False,,SAFE,AMOUNT|CREDIT|MOBILE_BANKING|RANGE_MAX_MINUS_MIN|SHORT_WINDOW|WINDOW_L7D
F1335,MM_MBNKING_AMT_DB_L7D,Difference of Max and Min: Mobile Banking Debit Amount - last 7D,False,MOBILE_BANKING,RANGE_MAX_MINUS_MIN,L7D,DEBIT,BEHAVIORAL,False,,SAFE,AMOUNT|DEBIT|MOBILE_BANKING|RANGE_MAX_MINUS_MIN|SHORT_WINDOW|WINDOW_L7D
F1336,MM_POS_PYMT_TXNS_L7D,Difference of Max and Min: Merchant Payment Total Txns - last 7D,False,POS_MERCHANT,RANGE_MAX_MINUS_MIN,L7D,BOTH,BEHAVIORAL,False,,SAFE,POS_MERCHANT|RANGE_MAX_MINUS_MIN|SHORT_WINDOW|TRANSACTION_COUNT|WINDOW_L7D
F1337,MM_POS_PYMT_TXNS_CR_L7D,Difference of Max and Min: Merchant Payment Credit Txns - last 7D,False,POS_MERCHANT,RANGE_MAX_MINUS_MIN,L7D,CREDIT,BEHAVIORAL,False,,SAFE,CREDIT|POS_MERCHANT|RANGE_MAX_MINUS_MIN|SHORT_WINDOW|TRANSACTION_COUNT|WINDOW_L7D
F1338,MM_POS_PYMT_TXNS_DB_L7D,Difference of Max and Min: Merchant Payment Debit Txns - last 7D,False,POS_MERCHANT,RANGE_MAX_MINUS_MIN,L7D,DEBIT,BEHAVIORAL,False,,SAFE,DEBIT|POS_MERCHANT|RANGE_MAX_MINUS_MIN|SHORT_WINDOW|TRANSACTION_COUNT|WINDOW_L7D
F1339,MM_POS_PYMT_AMT_L7D,Difference of Max and Min: Merchant Payment Total Amount - last 7D,False,POS_MERCHANT,RANGE_MAX_MINUS_MIN,L7D,BOTH,BEHAVIORAL,False,,SAFE,AMOUNT|POS_MERCHANT|RANGE_MAX_MINUS_MIN|SHORT_WINDOW|WINDOW_L7D
F1340,MM_POS_PYMT_AMT_CR_L7D,Difference of Max and Min: Merchant Payment Credit Amount - last 7D,False,POS_MERCHANT,RANGE_MAX_MINUS_MIN,L7D,CREDIT,BEHAVIORAL,False,,SAFE,AMOUNT|CREDIT|POS_MERCHANT|RANGE_MAX_MINUS_MIN|SHORT_WINDOW|WINDOW_L7D
F1341,MM_POS_PYMT_AMT_DB_L7D,Difference of Max and Min: Merchant Payment Debit Amount - last 7D,False,POS_MERCHANT,RANGE_MAX_MINUS_MIN,L7D,DEBIT,BEHAVIORAL,False,,SAFE,AMOUNT|DEBIT|POS_MERCHANT|RANGE_MAX_MINUS_MIN|SHORT_WINDOW|WINDOW_L7D
F1342,MM_BBPS_TXNS_L7D,Difference of Max and Min: Bharat Bill Payment System Total Txns - last 7D,False,BBPS,RANGE_MAX_MINUS_MIN,L7D,BOTH,BEHAVIORAL,False,,SAFE,BBPS|RANGE_MAX_MINUS_MIN|SHORT_WINDOW|TRANSACTION_COUNT|WINDOW_L7D
F1343,MM_BBPS_TXNS_CR_L7D,Difference of Max and Min: Bharat Bill Payment System Credit Txns - last 7D,False,BBPS,RANGE_MAX_MINUS_MIN,L7D,CREDIT,BEHAVIORAL,False,,SAFE,BBPS|CREDIT|RANGE_MAX_MINUS_MIN|SHORT_WINDOW|TRANSACTION_COUNT|WINDOW_L7D
F1344,MM_BBPS_TXNS_DB_L7D,Difference of Max and Min: Bharat Bill Payment System Debit Txns - last 7D,False,BBPS,RANGE_MAX_MINUS_MIN,L7D,DEBIT,BEHAVIORAL,False,,SAFE,BBPS|DEBIT|RANGE_MAX_MINUS_MIN|SHORT_WINDOW|TRANSACTION_COUNT|WINDOW_L7D
F1345,MM_BBPS_AMT_L7D,Difference of Max and Min: Bharat Bill Payment System Total Amount - last 7D,False,BBPS,RANGE_MAX_MINUS_MIN,L7D,BOTH,BEHAVIORAL,False,,SAFE,AMOUNT|BBPS|RANGE_MAX_MINUS_MIN|SHORT_WINDOW|WINDOW_L7D
F1346,MM_BBPS_AMT_CR_L7D,Difference of Max and Min: Bharat Bill Payment System Credit Amount - last 7D,False,BBPS,RANGE_MAX_MINUS_MIN,L7D,CREDIT,BEHAVIORAL,False,,SAFE,AMOUNT|BBPS|CREDIT|RANGE_MAX_MINUS_MIN|SHORT_WINDOW|WINDOW_L7D
F1347,MM_BBPS_AMT_DB_L7D,Difference of Max and Min: Bharat Bill Payment System Debit Amount - last 7D,False,BBPS,RANGE_MAX_MINUS_MIN,L7D,DEBIT,BEHAVIORAL,False,,SAFE,AMOUNT|BBPS|DEBIT|RANGE_MAX_MINUS_MIN|SHORT_WINDOW|WINDOW_L7D
F1348,MM_APB_TXNS_L7D,Difference of Max and Min: Aadhar Payment Bridge Total Txns - last 7D,False,AADHAAR_PAYMENT_BRIDGE,RANGE_MAX_MINUS_MIN,L7D,BOTH,BEHAVIORAL,False,,SAFE,AADHAAR_PAYMENT_BRIDGE|RANGE_MAX_MINUS_MIN|SHORT_WINDOW|TRANSACTION_COUNT|WINDOW_L7D
F1349,MM_APB_TXNS_CR_L7D,Difference of Max and Min: Aadhar Payment Bridge Credit Txns - last 7D,False,AADHAAR_PAYMENT_BRIDGE,RANGE_MAX_MINUS_MIN,L7D,CREDIT,BEHAVIORAL,False,,SAFE,AADHAAR_PAYMENT_BRIDGE|CREDIT|RANGE_MAX_MINUS_MIN|SHORT_WINDOW|TRANSACTION_COUNT|WINDOW_L7D
F1350,MM_APB_TXNS_DB_L7D,Difference of Max and Min: Aadhar Payment Bridge Debit Txns - last 7D,False,AADHAAR_PAYMENT_BRIDGE,RANGE_MAX_MINUS_MIN,L7D,DEBIT,BEHAVIORAL,False,,SAFE,AADHAAR_PAYMENT_BRIDGE|DEBIT|RANGE_MAX_MINUS_MIN|SHORT_WINDOW|TRANSACTION_COUNT|WINDOW_L7D
F1351,MM_APB_AMT_L7D,Difference of Max and Min: Aadhar Payment Bridge Total Amount - last 7D,False,AADHAAR_PAYMENT_BRIDGE,RANGE_MAX_MINUS_MIN,L7D,BOTH,BEHAVIORAL,False,,SAFE,AADHAAR_PAYMENT_BRIDGE|AMOUNT|RANGE_MAX_MINUS_MIN|SHORT_WINDOW|WINDOW_L7D
F1352,MM_APB_AMT_CR_L7D,Difference of Max and Min: Aadhar Payment Bridge Credit Amount - last 7D,False,AADHAAR_PAYMENT_BRIDGE,RANGE_MAX_MINUS_MIN,L7D,CREDIT,BEHAVIORAL,False,,SAFE,AADHAAR_PAYMENT_BRIDGE|AMOUNT|CREDIT|RANGE_MAX_MINUS_MIN|SHORT_WINDOW|WINDOW_L7D
F1353,MM_APB_AMT_DB_L7D,Difference of Max and Min: Aadhar Payment Bridge Debit Amount - last 7D,False,AADHAAR_PAYMENT_BRIDGE,RANGE_MAX_MINUS_MIN,L7D,DEBIT,BEHAVIORAL,False,,SAFE,AADHAAR_PAYMENT_BRIDGE|AMOUNT|DEBIT|RANGE_MAX_MINUS_MIN|SHORT_WINDOW|WINDOW_L7D
F1354,MM_LOAN_TXNS_L7D,Difference of Max and Min: Loan Total Txns - last 7D,False,LOAN,RANGE_MAX_MINUS_MIN,L7D,BOTH,BEHAVIORAL,False,,SAFE,LOAN|RANGE_MAX_MINUS_MIN|SHORT_WINDOW|TRANSACTION_COUNT|WINDOW_L7D
F1355,MM_LOAN_TXNS_CR_L7D,Difference of Max and Min: Loan Credit Txns - last 7D,False,LOAN,RANGE_MAX_MINUS_MIN,L7D,CREDIT,BEHAVIORAL,False,,SAFE,CREDIT|LOAN|RANGE_MAX_MINUS_MIN|SHORT_WINDOW|TRANSACTION_COUNT|WINDOW_L7D
F1356,MM_LOAN_TXNS_DB_L7D,Difference of Max and Min: Loan Debit Txns - last 7D,False,LOAN,RANGE_MAX_MINUS_MIN,L7D,DEBIT,BEHAVIORAL,False,,SAFE,DEBIT|LOAN|RANGE_MAX_MINUS_MIN|SHORT_WINDOW|TRANSACTION_COUNT|WINDOW_L7D
F1357,MM_LOAN_AMT_L7D,Difference of Max and Min: Loan Total Amount - last 7D,False,LOAN,RANGE_MAX_MINUS_MIN,L7D,BOTH,BEHAVIORAL,False,,SAFE,AMOUNT|LOAN|RANGE_MAX_MINUS_MIN|SHORT_WINDOW|WINDOW_L7D
F1358,MM_LOAN_AMT_CR_L7D,Difference of Max and Min: Loan Credit Amount - last 7D,False,LOAN,RANGE_MAX_MINUS_MIN,L7D,CREDIT,BEHAVIORAL,False,,SAFE,AMOUNT|CREDIT|LOAN|RANGE_MAX_MINUS_MIN|SHORT_WINDOW|WINDOW_L7D
F1359,MM_LOAN_AMT_DB_L7D,Difference of Max and Min: Loan Debit Amount - last 7D,False,LOAN,RANGE_MAX_MINUS_MIN,L7D,DEBIT,BEHAVIORAL,False,,SAFE,AMOUNT|DEBIT|LOAN|RANGE_MAX_MINUS_MIN|SHORT_WINDOW|WINDOW_L7D
F1360,MM_STDNG_INSTR_L7D,Difference of Max and Min: Standing Instruction Total Txns - last 7D,False,STANDING_INSTRUCTION,RANGE_MAX_MINUS_MIN,L7D,BOTH,BEHAVIORAL,False,,SAFE,RANGE_MAX_MINUS_MIN|SHORT_WINDOW|STANDING_INSTRUCTION|TRANSACTION_COUNT|WINDOW_L7D
F1361,MM_STDNG_INSTR_CR_TXNS_L7D,Difference of Max and Min: Standing Instruction Credit Txns - last 7D,False,STANDING_INSTRUCTION,RANGE_MAX_MINUS_MIN,L7D,CREDIT,BEHAVIORAL,False,,SAFE,CREDIT|RANGE_MAX_MINUS_MIN|SHORT_WINDOW|STANDING_INSTRUCTION|TRANSACTION_COUNT|WINDOW_L7D
F1362,MM_STDNG_INSTR_DB_TXNS_L7D,Difference of Max and Min: Standing Instruction Debit Txns - last 7D,False,STANDING_INSTRUCTION,RANGE_MAX_MINUS_MIN,L7D,DEBIT,BEHAVIORAL,False,,SAFE,DEBIT|RANGE_MAX_MINUS_MIN|SHORT_WINDOW|STANDING_INSTRUCTION|TRANSACTION_COUNT|WINDOW_L7D
F1363,MM_STDNG_INSTR_AMT_L7D,Difference of Max and Min: Standing Instruction Total Amount - last 7D,False,STANDING_INSTRUCTION,RANGE_MAX_MINUS_MIN,L7D,BOTH,BEHAVIORAL,False,,SAFE,AMOUNT|RANGE_MAX_MINUS_MIN|SHORT_WINDOW|STANDING_INSTRUCTION|WINDOW_L7D
F1364,MM_STDNG_INSTR_AMT_CR_L7D,Difference of Max and Min: Standing Instruction Credit Amount - last 7D,False,STANDING_INSTRUCTION,RANGE_MAX_MINUS_MIN,L7D,CREDIT,BEHAVIORAL,False,,SAFE,AMOUNT|CREDIT|RANGE_MAX_MINUS_MIN|SHORT_WINDOW|STANDING_INSTRUCTION|WINDOW_L7D
F1365,MM_STDNG_INSTR_AMT_DB_L7D,Difference of Max and Min: Standing Instruction Debit Amount - last 7D,False,STANDING_INSTRUCTION,RANGE_MAX_MINUS_MIN,L7D,DEBIT,BEHAVIORAL,False,,SAFE,AMOUNT|DEBIT|RANGE_MAX_MINUS_MIN|SHORT_WINDOW|STANDING_INSTRUCTION|WINDOW_L7D
F1366,MM_CASH_TXNS_L14D,Difference of Max and Min: Cash Total Txns - last 14D,False,CASH,RANGE_MAX_MINUS_MIN,L14D,BOTH,BEHAVIORAL,False,,SAFE,CASH|RANGE_MAX_MINUS_MIN|TRANSACTION_COUNT|WINDOW_L14D
F1367,MM_CASH_TXNS_CR_L14D,Difference of Max and Min: Cash Credit Txns - last 14D,False,CASH,RANGE_MAX_MINUS_MIN,L14D,CREDIT,BEHAVIORAL,False,,SAFE,CASH|CREDIT|RANGE_MAX_MINUS_MIN|TRANSACTION_COUNT|WINDOW_L14D
F1368,MM_CASH_TXNS_DB_L14D,Difference of Max and Min: Cash Debit Txns - last 14D,False,CASH,RANGE_MAX_MINUS_MIN,L14D,DEBIT,BEHAVIORAL,False,,SAFE,CASH|DEBIT|RANGE_MAX_MINUS_MIN|TRANSACTION_COUNT|WINDOW_L14D
F1369,MM_CASH_AMT_L14D,Difference of Max and Min: Cash Total Amount - last 14D,False,CASH,RANGE_MAX_MINUS_MIN,L14D,BOTH,BEHAVIORAL,False,,SAFE,AMOUNT|CASH|RANGE_MAX_MINUS_MIN|WINDOW_L14D
F1370,MM_CASH_AMT_CR_L14D,Difference of Max and Min: Cash Credit Amount - last 14D,False,CASH,RANGE_MAX_MINUS_MIN,L14D,CREDIT,BEHAVIORAL,False,,SAFE,AMOUNT|CASH|CREDIT|RANGE_MAX_MINUS_MIN|WINDOW_L14D
F1371,MM_CASH_AMT_DB_L14D,Difference of Max and Min: Cash Debit Amount - last 14D,False,CASH,RANGE_MAX_MINUS_MIN,L14D,DEBIT,BEHAVIORAL,False,,SAFE,AMOUNT|CASH|DEBIT|RANGE_MAX_MINUS_MIN|WINDOW_L14D
F1372,MM_CHQ_TXNS_L14D,Difference of Max and Min: Cheque Total Txns - last 14D,False,CHEQUE,RANGE_MAX_MINUS_MIN,L14D,BOTH,BEHAVIORAL,False,,SAFE,CHEQUE|RANGE_MAX_MINUS_MIN|TRANSACTION_COUNT|WINDOW_L14D
F1373,MM_CHQ_TXNS_CR_L14D,Difference of Max and Min: Cheque Credit Txns - last 14D,False,CHEQUE,RANGE_MAX_MINUS_MIN,L14D,CREDIT,BEHAVIORAL,False,,SAFE,CHEQUE|CREDIT|RANGE_MAX_MINUS_MIN|TRANSACTION_COUNT|WINDOW_L14D
F1374,MM_CHQ_TXNS_DB_L14D,Difference of Max and Min: Cheque Debit Txns - last 14D,False,CHEQUE,RANGE_MAX_MINUS_MIN,L14D,DEBIT,BEHAVIORAL,False,,SAFE,CHEQUE|DEBIT|RANGE_MAX_MINUS_MIN|TRANSACTION_COUNT|WINDOW_L14D
F1375,MM_CHQ_AMT_L14D,Difference of Max and Min: Cheque Total Amount - last 14D,False,CHEQUE,RANGE_MAX_MINUS_MIN,L14D,BOTH,BEHAVIORAL,False,,SAFE,AMOUNT|CHEQUE|RANGE_MAX_MINUS_MIN|WINDOW_L14D
F1376,MM_CHQ_AMT_CR_L14D,Difference of Max and Min: Cheque Credit Amount - last 14D,False,CHEQUE,RANGE_MAX_MINUS_MIN,L14D,CREDIT,BEHAVIORAL,False,,SAFE,AMOUNT|CHEQUE|CREDIT|RANGE_MAX_MINUS_MIN|WINDOW_L14D
F1377,MM_CHQ_AMT_DB_L14D,Difference of Max and Min: Cheque Debit Amount - last 14D,False,CHEQUE,RANGE_MAX_MINUS_MIN,L14D,DEBIT,BEHAVIORAL,False,,SAFE,AMOUNT|CHEQUE|DEBIT|RANGE_MAX_MINUS_MIN|WINDOW_L14D
F1378,MM_NON_CASH_CHQ_TXNS_L14D,Difference of Max and Min: Non Cash Non Cheque Total Txns - last 14D,False,NON_CASH_CHQ,RANGE_MAX_MINUS_MIN,L14D,BOTH,BEHAVIORAL,False,,SAFE,NON_CASH_CHQ|RANGE_MAX_MINUS_MIN|TRANSACTION_COUNT|WINDOW_L14D
F1379,MM_NON_CASH_CHQ_TXNS_CR_L14D,Difference of Max and Min: Non Cash Non Cheque Credit Txns - last 14D,False,NON_CASH_CHQ,RANGE_MAX_MINUS_MIN,L14D,CREDIT,BEHAVIORAL,False,,SAFE,CREDIT|NON_CASH_CHQ|RANGE_MAX_MINUS_MIN|TRANSACTION_COUNT|WINDOW_L14D
F1380,MM_NON_CASH_CHQ_TXNS_DB_L14D,Difference of Max and Min: Non Cash Non Cheque Debit Txns - last 14D,False,NON_CASH_CHQ,RANGE_MAX_MINUS_MIN,L14D,DEBIT,BEHAVIORAL,False,,SAFE,DEBIT|NON_CASH_CHQ|RANGE_MAX_MINUS_MIN|TRANSACTION_COUNT|WINDOW_L14D
F1381,MM_NON_CASH_CHQ_AMT_L14D,Difference of Max and Min: Non Cash Non Cheque Total Amount - last 14D,False,NON_CASH_CHQ,RANGE_MAX_MINUS_MIN,L14D,BOTH,BEHAVIORAL,False,,SAFE,AMOUNT|NON_CASH_CHQ|RANGE_MAX_MINUS_MIN|WINDOW_L14D
F1382,MM_NON_CASH_CHQ_AMT_CR_L14D,Difference of Max and Min: Non Cash Non Cheque Credit Amount - last 14D,False,NON_CASH_CHQ,RANGE_MAX_MINUS_MIN,L14D,CREDIT,BEHAVIORAL,False,,SAFE,AMOUNT|CREDIT|NON_CASH_CHQ|RANGE_MAX_MINUS_MIN|WINDOW_L14D
F1383,MM_NON_CASH_CHQ_AMT_DB_L14D,Difference of Max and Min: Non Cash Non Cheque Debit Amount - last 14D,False,NON_CASH_CHQ,RANGE_MAX_MINUS_MIN,L14D,DEBIT,BEHAVIORAL,False,,SAFE,AMOUNT|DEBIT|NON_CASH_CHQ|RANGE_MAX_MINUS_MIN|WINDOW_L14D
F1384,MM_CI_NON_CASH_CHQ_TXNS_L14D,Difference of Max and Min: Customer Induced Non Cash Non Cheque Total Txns - last 14D,False,NON_CASH_CHQ,RANGE_MAX_MINUS_MIN,L14D,BOTH,BEHAVIORAL,False,,SAFE,NON_CASH_CHQ|RANGE_MAX_MINUS_MIN|TRANSACTION_COUNT|WINDOW_L14D
F1385,MM_CI_NON_CASH_CHQ_TXNS_CR_L14D,Difference of Max and Min: Customer Induced Non Cash Non Cheque Credit Txns - last 14D,False,NON_CASH_CHQ,RANGE_MAX_MINUS_MIN,L14D,CREDIT,BEHAVIORAL,False,,SAFE,CREDIT|NON_CASH_CHQ|RANGE_MAX_MINUS_MIN|TRANSACTION_COUNT|WINDOW_L14D
F1386,MM_CI_NON_CASH_CHQ_TXNS_DB_L14D,Difference of Max and Min: Customer Induced Non Cash Non Cheque Debit Txns - last 14D,False,NON_CASH_CHQ,RANGE_MAX_MINUS_MIN,L14D,DEBIT,BEHAVIORAL,False,,SAFE,DEBIT|NON_CASH_CHQ|RANGE_MAX_MINUS_MIN|TRANSACTION_COUNT|WINDOW_L14D
F1387,MM_CI_NON_CASH_CHQ_AMT_L14D,Difference of Max and Min: Customer Induced Non Cash Non Cheque Total Amount - last 14D,False,NON_CASH_CHQ,RANGE_MAX_MINUS_MIN,L14D,BOTH,BEHAVIORAL,False,,SAFE,AMOUNT|NON_CASH_CHQ|RANGE_MAX_MINUS_MIN|WINDOW_L14D
F1388,MM_CI_NON_CASH_CHQ_AMT_CR_L14D,Difference of Max and Min: Customer Induced Non Cash Non Cheque Credit Amount - last 14D,False,NON_CASH_CHQ,RANGE_MAX_MINUS_MIN,L14D,CREDIT,BEHAVIORAL,False,,SAFE,AMOUNT|CREDIT|NON_CASH_CHQ|RANGE_MAX_MINUS_MIN|WINDOW_L14D
F1389,MM_CI_NON_CASH_CHQ_AMT_DB_L14D,Difference of Max and Min: Customer Induced Non Cash Non Cheque Debit Amount - last 14D,False,NON_CASH_CHQ,RANGE_MAX_MINUS_MIN,L14D,DEBIT,BEHAVIORAL,False,,SAFE,AMOUNT|DEBIT|NON_CASH_CHQ|RANGE_MAX_MINUS_MIN|WINDOW_L14D
F1390,MM_CI_TXNS_L14D,Difference of Max and Min: Customer Induced Total Txns - last 14D,False,CASH_INTENSIVE,RANGE_MAX_MINUS_MIN,L14D,BOTH,BEHAVIORAL,False,,SAFE,CASH_INTENSIVE|RANGE_MAX_MINUS_MIN|TRANSACTION_COUNT|WINDOW_L14D
F1391,MM_CI_TXNS_CR_L14D,Difference of Max and Min: Customer Induced Credit Txns - last 14D,False,CASH_INTENSIVE,RANGE_MAX_MINUS_MIN,L14D,CREDIT,BEHAVIORAL,False,,SAFE,CASH_INTENSIVE|CREDIT|RANGE_MAX_MINUS_MIN|TRANSACTION_COUNT|WINDOW_L14D
F1392,MM_CI_TXNS_DB_L14D,Difference of Max and Min: Customer Induced Debit Txns - last 14D,False,CASH_INTENSIVE,RANGE_MAX_MINUS_MIN,L14D,DEBIT,BEHAVIORAL,False,,SAFE,CASH_INTENSIVE|DEBIT|RANGE_MAX_MINUS_MIN|TRANSACTION_COUNT|WINDOW_L14D
F1393,MM_CI_AMT_L14D,Difference of Max and Min: Customer Induced Total Amount - last 14D,False,CASH_INTENSIVE,RANGE_MAX_MINUS_MIN,L14D,BOTH,BEHAVIORAL,False,,SAFE,AMOUNT|CASH_INTENSIVE|RANGE_MAX_MINUS_MIN|WINDOW_L14D
F1394,MM_CI_AMT_CR_L14D,Difference of Max and Min: Customer Induced Credit Amount - last 14D,False,CASH_INTENSIVE,RANGE_MAX_MINUS_MIN,L14D,CREDIT,BEHAVIORAL,False,,SAFE,AMOUNT|CASH_INTENSIVE|CREDIT|RANGE_MAX_MINUS_MIN|WINDOW_L14D
F1395,MM_CI_AMT_DB_L14D,Difference of Max and Min: Customer Induced Debit Amount - last 14D,False,CASH_INTENSIVE,RANGE_MAX_MINUS_MIN,L14D,DEBIT,BEHAVIORAL,False,,SAFE,AMOUNT|CASH_INTENSIVE|DEBIT|RANGE_MAX_MINUS_MIN|WINDOW_L14D
F1396,MM_ATM_TXNS_L14D,Difference of Max and Min: ATM Total Txns - last 14D,False,ATM,RANGE_MAX_MINUS_MIN,L14D,BOTH,BEHAVIORAL,False,,SAFE,ATM|RANGE_MAX_MINUS_MIN|TRANSACTION_COUNT|WINDOW_L14D
F1397,MM_ATM_TXNS_CR_L14D,Difference of Max and Min: ATM Credit Txns - last 14D,False,ATM,RANGE_MAX_MINUS_MIN,L14D,CREDIT,BEHAVIORAL,False,,SAFE,ATM|CREDIT|RANGE_MAX_MINUS_MIN|TRANSACTION_COUNT|WINDOW_L14D
F1398,MM_ATM_TXNS_DB_L14D,Difference of Max and Min: ATM Debit Txns - last 14D,False,ATM,RANGE_MAX_MINUS_MIN,L14D,DEBIT,BEHAVIORAL,False,,SAFE,ATM|DEBIT|RANGE_MAX_MINUS_MIN|TRANSACTION_COUNT|WINDOW_L14D
F1399,MM_ATM_AMT_L14D,Difference of Max and Min: ATM Total Amount - last 14D,False,ATM,RANGE_MAX_MINUS_MIN,L14D,BOTH,BEHAVIORAL,False,,SAFE,AMOUNT|ATM|RANGE_MAX_MINUS_MIN|WINDOW_L14D
F1400,MM_ATM_AMT_CR_L14D,Difference of Max and Min: ATM Credit Amount - last 14D,False,ATM,RANGE_MAX_MINUS_MIN,L14D,CREDIT,BEHAVIORAL,False,,SAFE,AMOUNT|ATM|CREDIT|RANGE_MAX_MINUS_MIN|WINDOW_L14D
F1401,MM_ATM_AMT_DB_L14D,Difference of Max and Min: ATM Debit Amount - last 14D,False,ATM,RANGE_MAX_MINUS_MIN,L14D,DEBIT,BEHAVIORAL,False,,SAFE,AMOUNT|ATM|DEBIT|RANGE_MAX_MINUS_MIN|WINDOW_L14D
F1402,MM_BI_FEES_CHRGS_TXNS_L14D,Difference of Max and Min: Bank Induced Fees Charges Total Txns - last 14D,False,FEES_AND_CHARGES,RANGE_MAX_MINUS_MIN,L14D,BOTH,BEHAVIORAL,False,,SAFE,FEES_AND_CHARGES|RANGE_MAX_MINUS_MIN|TRANSACTION_COUNT|WINDOW_L14D
F1403,MM_BI_FEES_CHRGS_TXNS_CR_L14D,Difference of Max and Min: Bank Induced Fees Charges Credit Txns - last 14D,False,FEES_AND_CHARGES,RANGE_MAX_MINUS_MIN,L14D,CREDIT,BEHAVIORAL,False,,SAFE,CREDIT|FEES_AND_CHARGES|RANGE_MAX_MINUS_MIN|TRANSACTION_COUNT|WINDOW_L14D
F1404,MM_BI_FEES_CHRGS_TXNS_DB_L14D,Difference of Max and Min: Bank Induced Fees Charges Debit Txns - last 14D,False,FEES_AND_CHARGES,RANGE_MAX_MINUS_MIN,L14D,DEBIT,BEHAVIORAL,False,,SAFE,DEBIT|FEES_AND_CHARGES|RANGE_MAX_MINUS_MIN|TRANSACTION_COUNT|WINDOW_L14D
F1405,MM_BI_FEES_CHRGS_AMT_L14D,Difference of Max and Min: Bank Induced Fees Charges Total Amount - last 14D,False,FEES_AND_CHARGES,RANGE_MAX_MINUS_MIN,L14D,BOTH,BEHAVIORAL,False,,SAFE,AMOUNT|FEES_AND_CHARGES|RANGE_MAX_MINUS_MIN|WINDOW_L14D
F1406,MM_BI_FEES_CHRGS_AMT_CR_L14D,Difference of Max and Min: Bank Induced Fees Charges Credit Amount - last 14D,False,FEES_AND_CHARGES,RANGE_MAX_MINUS_MIN,L14D,CREDIT,BEHAVIORAL,False,,SAFE,AMOUNT|CREDIT|FEES_AND_CHARGES|RANGE_MAX_MINUS_MIN|WINDOW_L14D
F1407,MM_BI_FEES_CHRGS_AMT_DB_L14D,Difference of Max and Min: Bank Induced Fees Charges Debit Amount - last 14D,False,FEES_AND_CHARGES,RANGE_MAX_MINUS_MIN,L14D,DEBIT,BEHAVIORAL,False,,SAFE,AMOUNT|DEBIT|FEES_AND_CHARGES|RANGE_MAX_MINUS_MIN|WINDOW_L14D
F1408,MM_CI_FEES_CHRGS_TXNS_L14D,Difference of Max and Min: Customer Induced Fees Charges Total Txns - last 14D,False,FEES_AND_CHARGES,RANGE_MAX_MINUS_MIN,L14D,BOTH,BEHAVIORAL,False,,SAFE,FEES_AND_CHARGES|RANGE_MAX_MINUS_MIN|TRANSACTION_COUNT|WINDOW_L14D
F1409,MM_CI_FEES_CHRGS_TXNS_CR_L14D,Difference of Max and Min: Customer Induced Fees Charges Credit Txns - last 14D,False,FEES_AND_CHARGES,RANGE_MAX_MINUS_MIN,L14D,CREDIT,BEHAVIORAL,False,,SAFE,CREDIT|FEES_AND_CHARGES|RANGE_MAX_MINUS_MIN|TRANSACTION_COUNT|WINDOW_L14D
F1410,MM_CI_FEES_CHRGS_TXNS_DB_L14D,Difference of Max and Min: Customer Induced Fees Charges Debit Txns - last 14D,False,FEES_AND_CHARGES,RANGE_MAX_MINUS_MIN,L14D,DEBIT,BEHAVIORAL,False,,SAFE,DEBIT|FEES_AND_CHARGES|RANGE_MAX_MINUS_MIN|TRANSACTION_COUNT|WINDOW_L14D
F1411,MM_CI_FEES_CHRGS_AMT_L14D,Difference of Max and Min: Customer Induced Fees Charges Total Amount - last 14D,False,FEES_AND_CHARGES,RANGE_MAX_MINUS_MIN,L14D,BOTH,BEHAVIORAL,False,,SAFE,AMOUNT|FEES_AND_CHARGES|RANGE_MAX_MINUS_MIN|WINDOW_L14D
F1412,MM_CI_FEES_CHRGS_AMT_CR_L14D,Difference of Max and Min: Customer Induced Fees Charges Credit Amount - last 14D,False,FEES_AND_CHARGES,RANGE_MAX_MINUS_MIN,L14D,CREDIT,BEHAVIORAL,False,,SAFE,AMOUNT|CREDIT|FEES_AND_CHARGES|RANGE_MAX_MINUS_MIN|WINDOW_L14D
F1413,MM_CI_FEES_CHRGS_AMT_DB_L14D,Difference of Max and Min: Customer Induced Fees Charges Debit Amount - last 14D,False,FEES_AND_CHARGES,RANGE_MAX_MINUS_MIN,L14D,DEBIT,BEHAVIORAL,False,,SAFE,AMOUNT|DEBIT|FEES_AND_CHARGES|RANGE_MAX_MINUS_MIN|WINDOW_L14D
F1414,MM_GST_TXNS_L14D,Difference of Max and Min: GST Total Txns - last 14D,False,GST,RANGE_MAX_MINUS_MIN,L14D,BOTH,BEHAVIORAL,False,,SAFE,GST|RANGE_MAX_MINUS_MIN|TRANSACTION_COUNT|WINDOW_L14D
F1415,MM_GST_TXNS_CR_L14D,Difference of Max and Min: GST Credit Txns - last 14D,False,GST,RANGE_MAX_MINUS_MIN,L14D,CREDIT,BEHAVIORAL,False,,SAFE,CREDIT|GST|RANGE_MAX_MINUS_MIN|TRANSACTION_COUNT|WINDOW_L14D
F1416,MM_GST_TXNS_DB_L14D,Difference of Max and Min: GST Debit Txns - last 14D,False,GST,RANGE_MAX_MINUS_MIN,L14D,DEBIT,BEHAVIORAL,False,,SAFE,DEBIT|GST|RANGE_MAX_MINUS_MIN|TRANSACTION_COUNT|WINDOW_L14D
F1417,MM_GST_AMT_L14D,Difference of Max and Min: GST Total Amount - last 14D,False,GST,RANGE_MAX_MINUS_MIN,L14D,BOTH,BEHAVIORAL,False,,SAFE,AMOUNT|GST|RANGE_MAX_MINUS_MIN|WINDOW_L14D
F1418,MM_GST_AMT_CR_L14D,Difference of Max and Min: GST Credit Amount - last 14D,False,GST,RANGE_MAX_MINUS_MIN,L14D,CREDIT,BEHAVIORAL,False,,SAFE,AMOUNT|CREDIT|GST|RANGE_MAX_MINUS_MIN|WINDOW_L14D
F1419,MM_GST_AMT_DB_L14D,Difference of Max and Min: GST Debit Amount - last 14D,False,GST,RANGE_MAX_MINUS_MIN,L14D,DEBIT,BEHAVIORAL,False,,SAFE,AMOUNT|DEBIT|GST|RANGE_MAX_MINUS_MIN|WINDOW_L14D
F1420,MM_ELEC_XFER_TXNS_L14D,Difference of Max and Min: Online Transfer (IMPS+NEFT+RTGS) Total Txns - last 14D,False,ELEC_XFER,RANGE_MAX_MINUS_MIN,L14D,BOTH,BEHAVIORAL,False,,SAFE,ELEC_XFER|RANGE_MAX_MINUS_MIN|TRANSACTION_COUNT|WINDOW_L14D
F1421,MM_ELEC_XFER_TXNS_CR_L14D,Difference of Max and Min: Online Transfer (IMPS+NEFT+RTGS) Credit Txns - last 14D,False,ELEC_XFER,RANGE_MAX_MINUS_MIN,L14D,CREDIT,BEHAVIORAL,False,,SAFE,CREDIT|ELEC_XFER|RANGE_MAX_MINUS_MIN|TRANSACTION_COUNT|WINDOW_L14D
F1422,MM_ELEC_XFER_TXNS_DB_L14D,Difference of Max and Min: Online Transfer (IMPS+NEFT+RTGS) Debit Txns - last 14D,False,ELEC_XFER,RANGE_MAX_MINUS_MIN,L14D,DEBIT,BEHAVIORAL,False,,SAFE,DEBIT|ELEC_XFER|RANGE_MAX_MINUS_MIN|TRANSACTION_COUNT|WINDOW_L14D
F1423,MM_ELEC_XFER_AMT_L14D,Difference of Max and Min: Online Transfer (IMPS+NEFT+RTGS) Total Amount - last 14D,False,ELEC_XFER,RANGE_MAX_MINUS_MIN,L14D,BOTH,BEHAVIORAL,False,,SAFE,AMOUNT|ELEC_XFER|RANGE_MAX_MINUS_MIN|WINDOW_L14D
F1424,MM_ELEC_XFER_AMT_CR_L14D,Difference of Max and Min: Online Transfer (IMPS+NEFT+RTGS) Credit Amount - last 14D,False,ELEC_XFER,RANGE_MAX_MINUS_MIN,L14D,CREDIT,BEHAVIORAL,False,,SAFE,AMOUNT|CREDIT|ELEC_XFER|RANGE_MAX_MINUS_MIN|WINDOW_L14D
F1425,MM_ELEC_XFER_AMT_DB_L14D,Difference of Max and Min: Online Transfer (IMPS+NEFT+RTGS) Debit Amount - last 14D,False,ELEC_XFER,RANGE_MAX_MINUS_MIN,L14D,DEBIT,BEHAVIORAL,False,,SAFE,AMOUNT|DEBIT|ELEC_XFER|RANGE_MAX_MINUS_MIN|WINDOW_L14D
F1426,MM_UPI_XFER_TXNS_L14D,Difference of Max and Min: UPI Total Txns - last 14D,False,UPI_XFER,RANGE_MAX_MINUS_MIN,L14D,BOTH,BEHAVIORAL,False,,SAFE,RANGE_MAX_MINUS_MIN|TRANSACTION_COUNT|UPI_XFER|WINDOW_L14D
F1427,MM_UPI_TXNS_CR_L14D,Difference of Max and Min: UPI Total Amount - last 14D,False,UPI,RANGE_MAX_MINUS_MIN,L14D,CREDIT,BEHAVIORAL,False,,SAFE,AMOUNT|CREDIT|RANGE_MAX_MINUS_MIN|UPI|WINDOW_L14D
F1428,MM_UPI_TXNS_DB_L14D,Difference of Max and Min: UPI Credit Txns - last 14D,False,UPI,RANGE_MAX_MINUS_MIN,L14D,DEBIT,BEHAVIORAL,False,,SAFE,DEBIT|RANGE_MAX_MINUS_MIN|TRANSACTION_COUNT|UPI|WINDOW_L14D
F1429,MM_UPI_XFER_AMT_L14D,Difference of Max and Min: UPI Debit Txns - last 14D,False,UPI_XFER,RANGE_MAX_MINUS_MIN,L14D,BOTH,BEHAVIORAL,False,,SAFE,AMOUNT|RANGE_MAX_MINUS_MIN|TRANSACTION_COUNT|UPI_XFER|WINDOW_L14D
F1430,MM_UPI_AMT_CR_L14D,Difference of Max and Min: UPI Credit Amount - last 14D,False,UPI,RANGE_MAX_MINUS_MIN,L14D,CREDIT,BEHAVIORAL,False,,SAFE,AMOUNT|CREDIT|RANGE_MAX_MINUS_MIN|UPI|WINDOW_L14D
F1431,MM_UPI_AMT_DB_L14D,Difference of Max and Min: UPI Debit Amount - last 14D,False,UPI,RANGE_MAX_MINUS_MIN,L14D,DEBIT,BEHAVIORAL,False,,SAFE,AMOUNT|DEBIT|RANGE_MAX_MINUS_MIN|UPI|WINDOW_L14D
F1432,MM_NET_BNKING_TXNS_L14D,Difference of Max and Min: Net Banking Total Txns - last 14D,False,NET_BANKING,RANGE_MAX_MINUS_MIN,L14D,BOTH,BEHAVIORAL,False,,SAFE,NET_BANKING|RANGE_MAX_MINUS_MIN|TRANSACTION_COUNT|WINDOW_L14D
F1433,MM_NET_BNKING_TXNS_CR_L14D,Difference of Max and Min: Net Banking Credit Txns - last 14D,False,NET_BANKING,RANGE_MAX_MINUS_MIN,L14D,CREDIT,BEHAVIORAL,False,,SAFE,CREDIT|NET_BANKING|RANGE_MAX_MINUS_MIN|TRANSACTION_COUNT|WINDOW_L14D
F1434,MM_NET_BNKING_TXNS_DB_L14D,Difference of Max and Min: Net Banking Debit Txns - last 14D,False,NET_BANKING,RANGE_MAX_MINUS_MIN,L14D,DEBIT,BEHAVIORAL,False,,SAFE,DEBIT|NET_BANKING|RANGE_MAX_MINUS_MIN|TRANSACTION_COUNT|WINDOW_L14D
F1435,MM_NET_BNKING_AMT_L14D,Difference of Max and Min: Net Banking Total Amount - last 14D,False,NET_BANKING,RANGE_MAX_MINUS_MIN,L14D,BOTH,BEHAVIORAL,False,,SAFE,AMOUNT|NET_BANKING|RANGE_MAX_MINUS_MIN|WINDOW_L14D
F1436,MM_NET_BNKING_AMT_CR_L14D,Difference of Max and Min: Net Banking Credit Amount - last 14D,False,NET_BANKING,RANGE_MAX_MINUS_MIN,L14D,CREDIT,BEHAVIORAL,False,,SAFE,AMOUNT|CREDIT|NET_BANKING|RANGE_MAX_MINUS_MIN|WINDOW_L14D
F1437,MM_NET_BNKING_AMT_DB_L14D,Difference of Max and Min: Net Banking Debit Amount - last 14D,False,NET_BANKING,RANGE_MAX_MINUS_MIN,L14D,DEBIT,BEHAVIORAL,False,,SAFE,AMOUNT|DEBIT|NET_BANKING|RANGE_MAX_MINUS_MIN|WINDOW_L14D
F1438,MM_MOB_BNKING_TXNS_L14D,Difference of Max and Min: Mobile Banking Total Txns - last 14D,False,MOBILE_BANKING,RANGE_MAX_MINUS_MIN,L14D,BOTH,BEHAVIORAL,False,,SAFE,MOBILE_BANKING|RANGE_MAX_MINUS_MIN|TRANSACTION_COUNT|WINDOW_L14D
F1439,MM_MBNKING_TXNS_CR_L14D,Difference of Max and Min: Mobile Banking Total Amount - last 14D,False,MOBILE_BANKING,RANGE_MAX_MINUS_MIN,L14D,CREDIT,BEHAVIORAL,False,,SAFE,AMOUNT|CREDIT|MOBILE_BANKING|RANGE_MAX_MINUS_MIN|WINDOW_L14D
F1440,MM_MBNKING_TXNS_DB_L14D,Difference of Max and Min: Mobile Banking Credit Txns - last 14D,False,MOBILE_BANKING,RANGE_MAX_MINUS_MIN,L14D,DEBIT,BEHAVIORAL,False,,SAFE,DEBIT|MOBILE_BANKING|RANGE_MAX_MINUS_MIN|TRANSACTION_COUNT|WINDOW_L14D
F1441,MM_MOB_BNKING_AMT_L14D,Difference of Max and Min: Mobile Banking Debit Txns - last 14D,False,MOBILE_BANKING,RANGE_MAX_MINUS_MIN,L14D,BOTH,BEHAVIORAL,False,,SAFE,AMOUNT|MOBILE_BANKING|RANGE_MAX_MINUS_MIN|TRANSACTION_COUNT|WINDOW_L14D
F1442,MM_MBNKING_AMT_CR_L14D,Difference of Max and Min: Mobile Banking Credit Amount - last 14D,False,MOBILE_BANKING,RANGE_MAX_MINUS_MIN,L14D,CREDIT,BEHAVIORAL,False,,SAFE,AMOUNT|CREDIT|MOBILE_BANKING|RANGE_MAX_MINUS_MIN|WINDOW_L14D
F1443,MM_MBNKING_AMT_DB_L14D,Difference of Max and Min: Mobile Banking Debit Amount - last 14D,False,MOBILE_BANKING,RANGE_MAX_MINUS_MIN,L14D,DEBIT,BEHAVIORAL,False,,SAFE,AMOUNT|DEBIT|MOBILE_BANKING|RANGE_MAX_MINUS_MIN|WINDOW_L14D
F1444,MM_POS_PYMT_TXNS_L14D,Difference of Max and Min: Merchant Payment Total Txns - last 14D,False,POS_MERCHANT,RANGE_MAX_MINUS_MIN,L14D,BOTH,BEHAVIORAL,False,,SAFE,POS_MERCHANT|RANGE_MAX_MINUS_MIN|TRANSACTION_COUNT|WINDOW_L14D
F1445,MM_POS_PYMT_TXNS_CR_L14D,Difference of Max and Min: Merchant Payment Credit Txns - last 14D,False,POS_MERCHANT,RANGE_MAX_MINUS_MIN,L14D,CREDIT,BEHAVIORAL,False,,SAFE,CREDIT|POS_MERCHANT|RANGE_MAX_MINUS_MIN|TRANSACTION_COUNT|WINDOW_L14D
F1446,MM_POS_PYMT_TXNS_DB_L14D,Difference of Max and Min: Merchant Payment Debit Txns - last 14D,False,POS_MERCHANT,RANGE_MAX_MINUS_MIN,L14D,DEBIT,BEHAVIORAL,False,,SAFE,DEBIT|POS_MERCHANT|RANGE_MAX_MINUS_MIN|TRANSACTION_COUNT|WINDOW_L14D
F1447,MM_POS_PYMT_AMT_L14D,Difference of Max and Min: Merchant Payment Total Amount - last 14D,False,POS_MERCHANT,RANGE_MAX_MINUS_MIN,L14D,BOTH,BEHAVIORAL,False,,SAFE,AMOUNT|POS_MERCHANT|RANGE_MAX_MINUS_MIN|WINDOW_L14D
F1448,MM_POS_PYMT_AMT_CR_L14D,Difference of Max and Min: Merchant Payment Credit Amount - last 14D,False,POS_MERCHANT,RANGE_MAX_MINUS_MIN,L14D,CREDIT,BEHAVIORAL,False,,SAFE,AMOUNT|CREDIT|POS_MERCHANT|RANGE_MAX_MINUS_MIN|WINDOW_L14D
F1449,MM_POS_PYMT_AMT_DB_L14D,Difference of Max and Min: Merchant Payment Debit Amount - last 14D,False,POS_MERCHANT,RANGE_MAX_MINUS_MIN,L14D,DEBIT,BEHAVIORAL,False,,SAFE,AMOUNT|DEBIT|POS_MERCHANT|RANGE_MAX_MINUS_MIN|WINDOW_L14D
F1450,MM_BBPS_TXNS_L14D,Difference of Max and Min: Bharat Bill Payment System Total Txns - last 14D,False,BBPS,RANGE_MAX_MINUS_MIN,L14D,BOTH,BEHAVIORAL,False,,SAFE,BBPS|RANGE_MAX_MINUS_MIN|TRANSACTION_COUNT|WINDOW_L14D
F1451,MM_BBPS_TXNS_CR_L14D,Difference of Max and Min: Bharat Bill Payment System Credit Txns - last 14D,False,BBPS,RANGE_MAX_MINUS_MIN,L14D,CREDIT,BEHAVIORAL,False,,SAFE,BBPS|CREDIT|RANGE_MAX_MINUS_MIN|TRANSACTION_COUNT|WINDOW_L14D
F1452,MM_BBPS_TXNS_DB_L14D,Difference of Max and Min: Bharat Bill Payment System Debit Txns - last 14D,False,BBPS,RANGE_MAX_MINUS_MIN,L14D,DEBIT,BEHAVIORAL,False,,SAFE,BBPS|DEBIT|RANGE_MAX_MINUS_MIN|TRANSACTION_COUNT|WINDOW_L14D
F1453,MM_BBPS_AMT_L14D,Difference of Max and Min: Bharat Bill Payment System Total Amount - last 14D,False,BBPS,RANGE_MAX_MINUS_MIN,L14D,BOTH,BEHAVIORAL,False,,SAFE,AMOUNT|BBPS|RANGE_MAX_MINUS_MIN|WINDOW_L14D
F1454,MM_BBPS_AMT_CR_L14D,Difference of Max and Min: Bharat Bill Payment System Credit Amount - last 14D,False,BBPS,RANGE_MAX_MINUS_MIN,L14D,CREDIT,BEHAVIORAL,False,,SAFE,AMOUNT|BBPS|CREDIT|RANGE_MAX_MINUS_MIN|WINDOW_L14D
F1455,MM_BBPS_AMT_DB_L14D,Difference of Max and Min: Bharat Bill Payment System Debit Amount - last 14D,False,BBPS,RANGE_MAX_MINUS_MIN,L14D,DEBIT,BEHAVIORAL,False,,SAFE,AMOUNT|BBPS|DEBIT|RANGE_MAX_MINUS_MIN|WINDOW_L14D
F1456,MM_APB_TXNS_L14D,Difference of Max and Min: Aadhar Payment Bridge Total Txns - last 14D,False,AADHAAR_PAYMENT_BRIDGE,RANGE_MAX_MINUS_MIN,L14D,BOTH,BEHAVIORAL,False,,SAFE,AADHAAR_PAYMENT_BRIDGE|RANGE_MAX_MINUS_MIN|TRANSACTION_COUNT|WINDOW_L14D
F1457,MM_APB_TXNS_CR_L14D,Difference of Max and Min: Aadhar Payment Bridge Credit Txns - last 14D,False,AADHAAR_PAYMENT_BRIDGE,RANGE_MAX_MINUS_MIN,L14D,CREDIT,BEHAVIORAL,False,,SAFE,AADHAAR_PAYMENT_BRIDGE|CREDIT|RANGE_MAX_MINUS_MIN|TRANSACTION_COUNT|WINDOW_L14D
F1458,MM_APB_TXNS_DB_L14D,Difference of Max and Min: Aadhar Payment Bridge Debit Txns - last 14D,False,AADHAAR_PAYMENT_BRIDGE,RANGE_MAX_MINUS_MIN,L14D,DEBIT,BEHAVIORAL,False,,SAFE,AADHAAR_PAYMENT_BRIDGE|DEBIT|RANGE_MAX_MINUS_MIN|TRANSACTION_COUNT|WINDOW_L14D
F1459,MM_APB_AMT_L14D,Difference of Max and Min: Aadhar Payment Bridge Total Amount - last 14D,False,AADHAAR_PAYMENT_BRIDGE,RANGE_MAX_MINUS_MIN,L14D,BOTH,BEHAVIORAL,False,,SAFE,AADHAAR_PAYMENT_BRIDGE|AMOUNT|RANGE_MAX_MINUS_MIN|WINDOW_L14D
F1460,MM_APB_AMT_CR_L14D,Difference of Max and Min: Aadhar Payment Bridge Credit Amount - last 14D,False,AADHAAR_PAYMENT_BRIDGE,RANGE_MAX_MINUS_MIN,L14D,CREDIT,BEHAVIORAL,False,,SAFE,AADHAAR_PAYMENT_BRIDGE|AMOUNT|CREDIT|RANGE_MAX_MINUS_MIN|WINDOW_L14D
F1461,MM_APB_AMT_DB_L14D,Difference of Max and Min: Aadhar Payment Bridge Debit Amount - last 14D,False,AADHAAR_PAYMENT_BRIDGE,RANGE_MAX_MINUS_MIN,L14D,DEBIT,BEHAVIORAL,False,,SAFE,AADHAAR_PAYMENT_BRIDGE|AMOUNT|DEBIT|RANGE_MAX_MINUS_MIN|WINDOW_L14D
F1462,MM_LOAN_TXNS_L14D,Difference of Max and Min: Loan Total Txns - last 14D,False,LOAN,RANGE_MAX_MINUS_MIN,L14D,BOTH,BEHAVIORAL,False,,SAFE,LOAN|RANGE_MAX_MINUS_MIN|TRANSACTION_COUNT|WINDOW_L14D
F1463,MM_LOAN_TXNS_CR_L14D,Difference of Max and Min: Loan Credit Txns - last 14D,False,LOAN,RANGE_MAX_MINUS_MIN,L14D,CREDIT,BEHAVIORAL,False,,SAFE,CREDIT|LOAN|RANGE_MAX_MINUS_MIN|TRANSACTION_COUNT|WINDOW_L14D
F1464,MM_LOAN_TXNS_DB_L14D,Difference of Max and Min: Loan Debit Txns - last 14D,False,LOAN,RANGE_MAX_MINUS_MIN,L14D,DEBIT,BEHAVIORAL,False,,SAFE,DEBIT|LOAN|RANGE_MAX_MINUS_MIN|TRANSACTION_COUNT|WINDOW_L14D
F1465,MM_LOAN_AMT_L14D,Difference of Max and Min: Loan Total Amount - last 14D,False,LOAN,RANGE_MAX_MINUS_MIN,L14D,BOTH,BEHAVIORAL,False,,SAFE,AMOUNT|LOAN|RANGE_MAX_MINUS_MIN|WINDOW_L14D
F1466,MM_LOAN_AMT_CR_L14D,Difference of Max and Min: Loan Credit Amount - last 14D,False,LOAN,RANGE_MAX_MINUS_MIN,L14D,CREDIT,BEHAVIORAL,False,,SAFE,AMOUNT|CREDIT|LOAN|RANGE_MAX_MINUS_MIN|WINDOW_L14D
F1467,MM_LOAN_AMT_DB_L14D,Difference of Max and Min: Loan Debit Amount - last 14D,False,LOAN,RANGE_MAX_MINUS_MIN,L14D,DEBIT,BEHAVIORAL,False,,SAFE,AMOUNT|DEBIT|LOAN|RANGE_MAX_MINUS_MIN|WINDOW_L14D
F1468,MM_STDNG_INSTR_L14D,Difference of Max and Min: Standing Instruction Total Txns - last 14D,False,STANDING_INSTRUCTION,RANGE_MAX_MINUS_MIN,L14D,BOTH,BEHAVIORAL,False,,SAFE,RANGE_MAX_MINUS_MIN|STANDING_INSTRUCTION|TRANSACTION_COUNT|WINDOW_L14D
F1469,MM_STDNG_INSTR_CR_TXNS_L14D,Difference of Max and Min: Standing Instruction Credit Txns - last 14D,False,STANDING_INSTRUCTION,RANGE_MAX_MINUS_MIN,L14D,CREDIT,BEHAVIORAL,False,,SAFE,CREDIT|RANGE_MAX_MINUS_MIN|STANDING_INSTRUCTION|TRANSACTION_COUNT|WINDOW_L14D
F1470,MM_STDNG_INSTR_DB_TXNS_L14D,Difference of Max and Min: Standing Instruction Debit Txns - last 14D,False,STANDING_INSTRUCTION,RANGE_MAX_MINUS_MIN,L14D,DEBIT,BEHAVIORAL,False,,SAFE,DEBIT|RANGE_MAX_MINUS_MIN|STANDING_INSTRUCTION|TRANSACTION_COUNT|WINDOW_L14D
F1471,MM_STDNG_INSTR_AMT_L14D,Difference of Max and Min: Standing Instruction Total Amount - last 14D,False,STANDING_INSTRUCTION,RANGE_MAX_MINUS_MIN,L14D,BOTH,BEHAVIORAL,False,,SAFE,AMOUNT|RANGE_MAX_MINUS_MIN|STANDING_INSTRUCTION|WINDOW_L14D
F1472,MM_STDNG_INSTR_AMT_CR_L14D,Difference of Max and Min: Standing Instruction Credit Amount - last 14D,False,STANDING_INSTRUCTION,RANGE_MAX_MINUS_MIN,L14D,CREDIT,BEHAVIORAL,False,,SAFE,AMOUNT|CREDIT|RANGE_MAX_MINUS_MIN|STANDING_INSTRUCTION|WINDOW_L14D
F1473,MM_STDNG_INSTR_AMT_DB_L14D,Difference of Max and Min: Standing Instruction Debit Amount - last 14D,False,STANDING_INSTRUCTION,RANGE_MAX_MINUS_MIN,L14D,DEBIT,BEHAVIORAL,False,,SAFE,AMOUNT|DEBIT|RANGE_MAX_MINUS_MIN|STANDING_INSTRUCTION|WINDOW_L14D
F1474,MM_CASH_TXNS_L31D,Difference of Max and Min: Cash Total Txns - last 31D,False,CASH,RANGE_MAX_MINUS_MIN,L31D,BOTH,BEHAVIORAL,False,,SAFE,CASH|LONG_WINDOW|RANGE_MAX_MINUS_MIN|TRANSACTION_COUNT|WINDOW_L31D
F1475,MM_CASH_TXNS_CR_L31D,Difference of Max and Min: Cash Credit Txns - last 31D,False,CASH,RANGE_MAX_MINUS_MIN,L31D,CREDIT,BEHAVIORAL,False,,SAFE,CASH|CREDIT|LONG_WINDOW|RANGE_MAX_MINUS_MIN|TRANSACTION_COUNT|WINDOW_L31D
F1476,MM_CASH_TXNS_DB_L31D,Difference of Max and Min: Cash Debit Txns - last 31D,False,CASH,RANGE_MAX_MINUS_MIN,L31D,DEBIT,BEHAVIORAL,False,,SAFE,CASH|DEBIT|LONG_WINDOW|RANGE_MAX_MINUS_MIN|TRANSACTION_COUNT|WINDOW_L31D
F1477,MM_CASH_AMT_L31D,Difference of Max and Min: Cash Total Amount - last 31D,False,CASH,RANGE_MAX_MINUS_MIN,L31D,BOTH,BEHAVIORAL,False,,SAFE,AMOUNT|CASH|LONG_WINDOW|RANGE_MAX_MINUS_MIN|WINDOW_L31D
F1478,MM_CASH_AMT_CR_L31D,Difference of Max and Min: Cash Credit Amount - last 31D,False,CASH,RANGE_MAX_MINUS_MIN,L31D,CREDIT,BEHAVIORAL,False,,SAFE,AMOUNT|CASH|CREDIT|LONG_WINDOW|RANGE_MAX_MINUS_MIN|WINDOW_L31D
F1479,MM_CASH_AMT_DB_L31D,Difference of Max and Min: Cash Debit Amount - last 31D,False,CASH,RANGE_MAX_MINUS_MIN,L31D,DEBIT,BEHAVIORAL,False,,SAFE,AMOUNT|CASH|DEBIT|LONG_WINDOW|RANGE_MAX_MINUS_MIN|WINDOW_L31D
F1480,MM_CHQ_TXNS_L31D,Difference of Max and Min: Cheque Total Txns - last 31D,False,CHEQUE,RANGE_MAX_MINUS_MIN,L31D,BOTH,BEHAVIORAL,False,,SAFE,CHEQUE|LONG_WINDOW|RANGE_MAX_MINUS_MIN|TRANSACTION_COUNT|WINDOW_L31D
F1481,MM_CHQ_TXNS_CR_L31D,Difference of Max and Min: Cheque Credit Txns - last 31D,False,CHEQUE,RANGE_MAX_MINUS_MIN,L31D,CREDIT,BEHAVIORAL,False,,SAFE,CHEQUE|CREDIT|LONG_WINDOW|RANGE_MAX_MINUS_MIN|TRANSACTION_COUNT|WINDOW_L31D
F1482,MM_CHQ_TXNS_DB_L31D,Difference of Max and Min: Cheque Debit Txns - last 31D,False,CHEQUE,RANGE_MAX_MINUS_MIN,L31D,DEBIT,BEHAVIORAL,False,,SAFE,CHEQUE|DEBIT|LONG_WINDOW|RANGE_MAX_MINUS_MIN|TRANSACTION_COUNT|WINDOW_L31D
F1483,MM_CHQ_AMT_L31D,Difference of Max and Min: Cheque Total Amount - last 31D,False,CHEQUE,RANGE_MAX_MINUS_MIN,L31D,BOTH,BEHAVIORAL,False,,SAFE,AMOUNT|CHEQUE|LONG_WINDOW|RANGE_MAX_MINUS_MIN|WINDOW_L31D
F1484,MM_CHQ_AMT_CR_L31D,Difference of Max and Min: Cheque Credit Amount - last 31D,False,CHEQUE,RANGE_MAX_MINUS_MIN,L31D,CREDIT,BEHAVIORAL,False,,SAFE,AMOUNT|CHEQUE|CREDIT|LONG_WINDOW|RANGE_MAX_MINUS_MIN|WINDOW_L31D
F1485,MM_CHQ_AMT_DB_L31D,Difference of Max and Min: Cheque Debit Amount - last 31D,False,CHEQUE,RANGE_MAX_MINUS_MIN,L31D,DEBIT,BEHAVIORAL,False,,SAFE,AMOUNT|CHEQUE|DEBIT|LONG_WINDOW|RANGE_MAX_MINUS_MIN|WINDOW_L31D
F1486,MM_NON_CASH_CHQ_TXNS_L31D,Difference of Max and Min: Non Cash Non Cheque Total Txns - last 31D,False,NON_CASH_CHQ,RANGE_MAX_MINUS_MIN,L31D,BOTH,BEHAVIORAL,False,,SAFE,LONG_WINDOW|NON_CASH_CHQ|RANGE_MAX_MINUS_MIN|TRANSACTION_COUNT|WINDOW_L31D
F1487,MM_NON_CASH_CHQ_TXNS_CR_L31D,Difference of Max and Min: Non Cash Non Cheque Credit Txns - last 31D,False,NON_CASH_CHQ,RANGE_MAX_MINUS_MIN,L31D,CREDIT,BEHAVIORAL,False,,SAFE,CREDIT|LONG_WINDOW|NON_CASH_CHQ|RANGE_MAX_MINUS_MIN|TRANSACTION_COUNT|WINDOW_L31D
F1488,MM_NON_CASH_CHQ_TXNS_DB_L31D,Difference of Max and Min: Non Cash Non Cheque Debit Txns - last 31D,False,NON_CASH_CHQ,RANGE_MAX_MINUS_MIN,L31D,DEBIT,BEHAVIORAL,False,,SAFE,DEBIT|LONG_WINDOW|NON_CASH_CHQ|RANGE_MAX_MINUS_MIN|TRANSACTION_COUNT|WINDOW_L31D
F1489,MM_NON_CASH_CHQ_AMT_L31D,Difference of Max and Min: Non Cash Non Cheque Total Amount - last 31D,False,NON_CASH_CHQ,RANGE_MAX_MINUS_MIN,L31D,BOTH,BEHAVIORAL,False,,SAFE,AMOUNT|LONG_WINDOW|NON_CASH_CHQ|RANGE_MAX_MINUS_MIN|WINDOW_L31D
F1490,MM_NON_CASH_CHQ_AMT_CR_L31D,Difference of Max and Min: Non Cash Non Cheque Credit Amount - last 31D,False,NON_CASH_CHQ,RANGE_MAX_MINUS_MIN,L31D,CREDIT,BEHAVIORAL,False,,SAFE,AMOUNT|CREDIT|LONG_WINDOW|NON_CASH_CHQ|RANGE_MAX_MINUS_MIN|WINDOW_L31D
F1491,MM_NON_CASH_CHQ_AMT_DB_L31D,Difference of Max and Min: Non Cash Non Cheque Debit Amount - last 31D,False,NON_CASH_CHQ,RANGE_MAX_MINUS_MIN,L31D,DEBIT,BEHAVIORAL,False,,SAFE,AMOUNT|DEBIT|LONG_WINDOW|NON_CASH_CHQ|RANGE_MAX_MINUS_MIN|WINDOW_L31D
F1492,MM_CI_NON_CASH_CHQ_TXNS_L31D,Difference of Max and Min: Customer Induced Non Cash Non Cheque Total Txns - last 31D,False,NON_CASH_CHQ,RANGE_MAX_MINUS_MIN,L31D,BOTH,BEHAVIORAL,False,,SAFE,LONG_WINDOW|NON_CASH_CHQ|RANGE_MAX_MINUS_MIN|TRANSACTION_COUNT|WINDOW_L31D
F1493,MM_CI_NON_CASH_CHQ_TXNS_CR_L31D,Difference of Max and Min: Customer Induced Non Cash Non Cheque Credit Txns - last 31D,False,NON_CASH_CHQ,RANGE_MAX_MINUS_MIN,L31D,CREDIT,BEHAVIORAL,False,,SAFE,CREDIT|LONG_WINDOW|NON_CASH_CHQ|RANGE_MAX_MINUS_MIN|TRANSACTION_COUNT|WINDOW_L31D
F1494,MM_CI_NON_CASH_CHQ_TXNS_DB_L31D,Difference of Max and Min: Customer Induced Non Cash Non Cheque Debit Txns - last 31D,False,NON_CASH_CHQ,RANGE_MAX_MINUS_MIN,L31D,DEBIT,BEHAVIORAL,False,,SAFE,DEBIT|LONG_WINDOW|NON_CASH_CHQ|RANGE_MAX_MINUS_MIN|TRANSACTION_COUNT|WINDOW_L31D
F1495,MM_CI_NON_CASH_CHQ_AMT_L31D,Difference of Max and Min: Customer Induced Non Cash Non Cheque Total Amount - last 31D,False,NON_CASH_CHQ,RANGE_MAX_MINUS_MIN,L31D,BOTH,BEHAVIORAL,False,,SAFE,AMOUNT|LONG_WINDOW|NON_CASH_CHQ|RANGE_MAX_MINUS_MIN|WINDOW_L31D
F1496,MM_CI_NON_CASH_CHQ_AMT_CR_L31D,Difference of Max and Min: Customer Induced Non Cash Non Cheque Credit Amount - last 31D,False,NON_CASH_CHQ,RANGE_MAX_MINUS_MIN,L31D,CREDIT,BEHAVIORAL,False,,SAFE,AMOUNT|CREDIT|LONG_WINDOW|NON_CASH_CHQ|RANGE_MAX_MINUS_MIN|WINDOW_L31D
F1497,MM_CI_NON_CASH_CHQ_AMT_DB_L31D,Difference of Max and Min: Customer Induced Non Cash Non Cheque Debit Amount - last 31D,False,NON_CASH_CHQ,RANGE_MAX_MINUS_MIN,L31D,DEBIT,BEHAVIORAL,False,,SAFE,AMOUNT|DEBIT|LONG_WINDOW|NON_CASH_CHQ|RANGE_MAX_MINUS_MIN|WINDOW_L31D
F1498,MM_CI_TXNS_L31D,Difference of Max and Min: Customer Induced Total Txns - last 31D,False,CASH_INTENSIVE,RANGE_MAX_MINUS_MIN,L31D,BOTH,BEHAVIORAL,False,,SAFE,CASH_INTENSIVE|LONG_WINDOW|RANGE_MAX_MINUS_MIN|TRANSACTION_COUNT|WINDOW_L31D
F1499,MM_CI_TXNS_CR_L31D,Difference of Max and Min: Customer Induced Credit Txns - last 31D,False,CASH_INTENSIVE,RANGE_MAX_MINUS_MIN,L31D,CREDIT,BEHAVIORAL,False,,SAFE,CASH_INTENSIVE|CREDIT|LONG_WINDOW|RANGE_MAX_MINUS_MIN|TRANSACTION_COUNT|WINDOW_L31D
F1500,MM_CI_TXNS_DB_L31D,Difference of Max and Min: Customer Induced Debit Txns - last 31D,False,CASH_INTENSIVE,RANGE_MAX_MINUS_MIN,L31D,DEBIT,BEHAVIORAL,False,,SAFE,CASH_INTENSIVE|DEBIT|LONG_WINDOW|RANGE_MAX_MINUS_MIN|TRANSACTION_COUNT|WINDOW_L31D
F1501,MM_CI_AMT_L31D,Difference of Max and Min: Customer Induced Total Amount - last 31D,False,CASH_INTENSIVE,RANGE_MAX_MINUS_MIN,L31D,BOTH,BEHAVIORAL,False,,SAFE,AMOUNT|CASH_INTENSIVE|LONG_WINDOW|RANGE_MAX_MINUS_MIN|WINDOW_L31D
F1502,MM_CI_AMT_CR_L31D,Difference of Max and Min: Customer Induced Credit Amount - last 31D,False,CASH_INTENSIVE,RANGE_MAX_MINUS_MIN,L31D,CREDIT,BEHAVIORAL,False,,SAFE,AMOUNT|CASH_INTENSIVE|CREDIT|LONG_WINDOW|RANGE_MAX_MINUS_MIN|WINDOW_L31D
F1503,MM_CI_AMT_DB_L31D,Difference of Max and Min: Customer Induced Debit Amount - last 31D,False,CASH_INTENSIVE,RANGE_MAX_MINUS_MIN,L31D,DEBIT,BEHAVIORAL,False,,SAFE,AMOUNT|CASH_INTENSIVE|DEBIT|LONG_WINDOW|RANGE_MAX_MINUS_MIN|WINDOW_L31D
F1504,MM_ATM_TXNS_L31D,Difference of Max and Min: ATM Total Txns - last 31D,False,ATM,RANGE_MAX_MINUS_MIN,L31D,BOTH,BEHAVIORAL,False,,SAFE,ATM|LONG_WINDOW|RANGE_MAX_MINUS_MIN|TRANSACTION_COUNT|WINDOW_L31D
F1505,MM_ATM_TXNS_CR_L31D,Difference of Max and Min: ATM Credit Txns - last 31D,False,ATM,RANGE_MAX_MINUS_MIN,L31D,CREDIT,BEHAVIORAL,False,,SAFE,ATM|CREDIT|LONG_WINDOW|RANGE_MAX_MINUS_MIN|TRANSACTION_COUNT|WINDOW_L31D
F1506,MM_ATM_TXNS_DB_L31D,Difference of Max and Min: ATM Debit Txns - last 31D,False,ATM,RANGE_MAX_MINUS_MIN,L31D,DEBIT,BEHAVIORAL,False,,SAFE,ATM|DEBIT|LONG_WINDOW|RANGE_MAX_MINUS_MIN|TRANSACTION_COUNT|WINDOW_L31D
F1507,MM_ATM_AMT_L31D,Difference of Max and Min: ATM Total Amount - last 31D,False,ATM,RANGE_MAX_MINUS_MIN,L31D,BOTH,BEHAVIORAL,False,,SAFE,AMOUNT|ATM|LONG_WINDOW|RANGE_MAX_MINUS_MIN|WINDOW_L31D
F1508,MM_ATM_AMT_CR_L31D,Difference of Max and Min: ATM Credit Amount - last 31D,False,ATM,RANGE_MAX_MINUS_MIN,L31D,CREDIT,BEHAVIORAL,False,,SAFE,AMOUNT|ATM|CREDIT|LONG_WINDOW|RANGE_MAX_MINUS_MIN|WINDOW_L31D
F1509,MM_ATM_AMT_DB_L31D,Difference of Max and Min: ATM Debit Amount - last 31D,False,ATM,RANGE_MAX_MINUS_MIN,L31D,DEBIT,BEHAVIORAL,False,,SAFE,AMOUNT|ATM|DEBIT|LONG_WINDOW|RANGE_MAX_MINUS_MIN|WINDOW_L31D
F1510,MM_BI_FEES_CHRGS_TXNS_L31D,Difference of Max and Min: Bank Induced Fees Charges Total Txns - last 31D,False,FEES_AND_CHARGES,RANGE_MAX_MINUS_MIN,L31D,BOTH,BEHAVIORAL,False,,SAFE,FEES_AND_CHARGES|LONG_WINDOW|RANGE_MAX_MINUS_MIN|TRANSACTION_COUNT|WINDOW_L31D
F1511,MM_BI_FEES_CHRGS_TXNS_CR_L31D,Difference of Max and Min: Bank Induced Fees Charges Credit Txns - last 31D,False,FEES_AND_CHARGES,RANGE_MAX_MINUS_MIN,L31D,CREDIT,BEHAVIORAL,False,,SAFE,CREDIT|FEES_AND_CHARGES|LONG_WINDOW|RANGE_MAX_MINUS_MIN|TRANSACTION_COUNT|WINDOW_L31D
F1512,MM_BI_FEES_CHRGS_TXNS_DB_L31D,Difference of Max and Min: Bank Induced Fees Charges Debit Txns - last 31D,False,FEES_AND_CHARGES,RANGE_MAX_MINUS_MIN,L31D,DEBIT,BEHAVIORAL,False,,SAFE,DEBIT|FEES_AND_CHARGES|LONG_WINDOW|RANGE_MAX_MINUS_MIN|TRANSACTION_COUNT|WINDOW_L31D
F1513,MM_BI_FEES_CHRGS_AMT_L31D,Difference of Max and Min: Bank Induced Fees Charges Total Amount - last 31D,False,FEES_AND_CHARGES,RANGE_MAX_MINUS_MIN,L31D,BOTH,BEHAVIORAL,False,,SAFE,AMOUNT|FEES_AND_CHARGES|LONG_WINDOW|RANGE_MAX_MINUS_MIN|WINDOW_L31D
F1514,MM_BI_FEES_CHRGS_AMT_CR_L31D,Difference of Max and Min: Bank Induced Fees Charges Credit Amount - last 31D,False,FEES_AND_CHARGES,RANGE_MAX_MINUS_MIN,L31D,CREDIT,BEHAVIORAL,False,,SAFE,AMOUNT|CREDIT|FEES_AND_CHARGES|LONG_WINDOW|RANGE_MAX_MINUS_MIN|WINDOW_L31D
F1515,MM_BI_FEES_CHRGS_AMT_DB_L31D,Difference of Max and Min: Bank Induced Fees Charges Debit Amount - last 31D,False,FEES_AND_CHARGES,RANGE_MAX_MINUS_MIN,L31D,DEBIT,BEHAVIORAL,False,,SAFE,AMOUNT|DEBIT|FEES_AND_CHARGES|LONG_WINDOW|RANGE_MAX_MINUS_MIN|WINDOW_L31D
F1516,MM_CI_FEES_CHRGS_TXNS_L31D,Difference of Max and Min: Customer Induced Fees Charges Total Txns - last 31D,False,FEES_AND_CHARGES,RANGE_MAX_MINUS_MIN,L31D,BOTH,BEHAVIORAL,False,,SAFE,FEES_AND_CHARGES|LONG_WINDOW|RANGE_MAX_MINUS_MIN|TRANSACTION_COUNT|WINDOW_L31D
F1517,MM_CI_FEES_CHRGS_TXNS_CR_L31D,Difference of Max and Min: Customer Induced Fees Charges Credit Txns - last 31D,False,FEES_AND_CHARGES,RANGE_MAX_MINUS_MIN,L31D,CREDIT,BEHAVIORAL,False,,SAFE,CREDIT|FEES_AND_CHARGES|LONG_WINDOW|RANGE_MAX_MINUS_MIN|TRANSACTION_COUNT|WINDOW_L31D
F1518,MM_CI_FEES_CHRGS_TXNS_DB_L31D,Difference of Max and Min: Customer Induced Fees Charges Debit Txns - last 31D,False,FEES_AND_CHARGES,RANGE_MAX_MINUS_MIN,L31D,DEBIT,BEHAVIORAL,False,,SAFE,DEBIT|FEES_AND_CHARGES|LONG_WINDOW|RANGE_MAX_MINUS_MIN|TRANSACTION_COUNT|WINDOW_L31D
F1519,MM_CI_FEES_CHRGS_AMT_L31D,Difference of Max and Min: Customer Induced Fees Charges Total Amount - last 31D,False,FEES_AND_CHARGES,RANGE_MAX_MINUS_MIN,L31D,BOTH,BEHAVIORAL,False,,SAFE,AMOUNT|FEES_AND_CHARGES|LONG_WINDOW|RANGE_MAX_MINUS_MIN|WINDOW_L31D
F1520,MM_CI_FEES_CHRGS_AMT_CR_L31D,Difference of Max and Min: Customer Induced Fees Charges Credit Amount - last 31D,False,FEES_AND_CHARGES,RANGE_MAX_MINUS_MIN,L31D,CREDIT,BEHAVIORAL,False,,SAFE,AMOUNT|CREDIT|FEES_AND_CHARGES|LONG_WINDOW|RANGE_MAX_MINUS_MIN|WINDOW_L31D
F1521,MM_CI_FEES_CHRGS_AMT_DB_L31D,Difference of Max and Min: Customer Induced Fees Charges Debit Amount - last 31D,False,FEES_AND_CHARGES,RANGE_MAX_MINUS_MIN,L31D,DEBIT,BEHAVIORAL,False,,SAFE,AMOUNT|DEBIT|FEES_AND_CHARGES|LONG_WINDOW|RANGE_MAX_MINUS_MIN|WINDOW_L31D
F1522,MM_GST_TXNS_L31D,Difference of Max and Min: GST Total Txns - last 31D,False,GST,RANGE_MAX_MINUS_MIN,L31D,BOTH,BEHAVIORAL,False,,SAFE,GST|LONG_WINDOW|RANGE_MAX_MINUS_MIN|TRANSACTION_COUNT|WINDOW_L31D
F1523,MM_GST_TXNS_CR_L31D,Difference of Max and Min: GST Credit Txns - last 31D,False,GST,RANGE_MAX_MINUS_MIN,L31D,CREDIT,BEHAVIORAL,False,,SAFE,CREDIT|GST|LONG_WINDOW|RANGE_MAX_MINUS_MIN|TRANSACTION_COUNT|WINDOW_L31D
F1524,MM_GST_TXNS_DB_L31D,Difference of Max and Min: GST Debit Txns - last 31D,False,GST,RANGE_MAX_MINUS_MIN,L31D,DEBIT,BEHAVIORAL,False,,SAFE,DEBIT|GST|LONG_WINDOW|RANGE_MAX_MINUS_MIN|TRANSACTION_COUNT|WINDOW_L31D
F1525,MM_GST_AMT_L31D,Difference of Max and Min: GST Total Amount - last 31D,False,GST,RANGE_MAX_MINUS_MIN,L31D,BOTH,BEHAVIORAL,False,,SAFE,AMOUNT|GST|LONG_WINDOW|RANGE_MAX_MINUS_MIN|WINDOW_L31D
F1526,MM_GST_AMT_CR_L31D,Difference of Max and Min: GST Credit Amount - last 31D,False,GST,RANGE_MAX_MINUS_MIN,L31D,CREDIT,BEHAVIORAL,False,,SAFE,AMOUNT|CREDIT|GST|LONG_WINDOW|RANGE_MAX_MINUS_MIN|WINDOW_L31D
F1527,MM_GST_AMT_DB_L31D,Difference of Max and Min: GST Debit Amount - last 31D,False,GST,RANGE_MAX_MINUS_MIN,L31D,DEBIT,BEHAVIORAL,False,,SAFE,AMOUNT|DEBIT|GST|LONG_WINDOW|RANGE_MAX_MINUS_MIN|WINDOW_L31D
F1528,MM_ELEC_XFER_TXNS_L31D,Difference of Max and Min: Online Transfer (IMPS+NEFT+RTGS) Total Txns - last 31D,False,ELEC_XFER,RANGE_MAX_MINUS_MIN,L31D,BOTH,BEHAVIORAL,False,,SAFE,ELEC_XFER|LONG_WINDOW|RANGE_MAX_MINUS_MIN|TRANSACTION_COUNT|WINDOW_L31D
F1529,MM_ELEC_XFER_TXNS_CR_L31D,Difference of Max and Min: Online Transfer (IMPS+NEFT+RTGS) Credit Txns - last 31D,False,ELEC_XFER,RANGE_MAX_MINUS_MIN,L31D,CREDIT,BEHAVIORAL,False,,SAFE,CREDIT|ELEC_XFER|LONG_WINDOW|RANGE_MAX_MINUS_MIN|TRANSACTION_COUNT|WINDOW_L31D
F1530,MM_ELEC_XFER_TXNS_DB_L31D,Difference of Max and Min: Online Transfer (IMPS+NEFT+RTGS) Debit Txns - last 31D,False,ELEC_XFER,RANGE_MAX_MINUS_MIN,L31D,DEBIT,BEHAVIORAL,False,,SAFE,DEBIT|ELEC_XFER|LONG_WINDOW|RANGE_MAX_MINUS_MIN|TRANSACTION_COUNT|WINDOW_L31D
F1531,MM_ELEC_XFER_AMT_L31D,Difference of Max and Min: Online Transfer (IMPS+NEFT+RTGS) Total Amount - last 31D,False,ELEC_XFER,RANGE_MAX_MINUS_MIN,L31D,BOTH,BEHAVIORAL,False,,SAFE,AMOUNT|ELEC_XFER|LONG_WINDOW|RANGE_MAX_MINUS_MIN|WINDOW_L31D
F1532,MM_ELEC_XFER_AMT_CR_L31D,Difference of Max and Min: Online Transfer (IMPS+NEFT+RTGS) Credit Amount - last 31D,False,ELEC_XFER,RANGE_MAX_MINUS_MIN,L31D,CREDIT,BEHAVIORAL,False,,SAFE,AMOUNT|CREDIT|ELEC_XFER|LONG_WINDOW|RANGE_MAX_MINUS_MIN|WINDOW_L31D
F1533,MM_ELEC_XFER_AMT_DB_L31D,Difference of Max and Min: Online Transfer (IMPS+NEFT+RTGS) Debit Amount - last 31D,False,ELEC_XFER,RANGE_MAX_MINUS_MIN,L31D,DEBIT,BEHAVIORAL,False,,SAFE,AMOUNT|DEBIT|ELEC_XFER|LONG_WINDOW|RANGE_MAX_MINUS_MIN|WINDOW_L31D
F1534,MM_UPI_XFER_TXNS_L31D,Difference of Max and Min: UPI Total Txns - last 31D,False,UPI_XFER,RANGE_MAX_MINUS_MIN,L31D,BOTH,BEHAVIORAL,False,,SAFE,LONG_WINDOW|RANGE_MAX_MINUS_MIN|TRANSACTION_COUNT|UPI_XFER|WINDOW_L31D
F1535,MM_UPI_TXNS_CR_L31D,Difference of Max and Min: UPI Total Amount - last 31D,False,UPI,RANGE_MAX_MINUS_MIN,L31D,CREDIT,BEHAVIORAL,False,,SAFE,AMOUNT|CREDIT|LONG_WINDOW|RANGE_MAX_MINUS_MIN|UPI|WINDOW_L31D
F1536,MM_UPI_TXNS_DB_L31D,Difference of Max and Min: UPI Credit Txns - last 31D,False,UPI,RANGE_MAX_MINUS_MIN,L31D,DEBIT,BEHAVIORAL,False,,SAFE,DEBIT|LONG_WINDOW|RANGE_MAX_MINUS_MIN|TRANSACTION_COUNT|UPI|WINDOW_L31D
F1537,MM_UPI_XFER_AMT_L31D,Difference of Max and Min: UPI Debit Txns - last 31D,False,UPI_XFER,RANGE_MAX_MINUS_MIN,L31D,BOTH,BEHAVIORAL,False,,SAFE,AMOUNT|LONG_WINDOW|RANGE_MAX_MINUS_MIN|TRANSACTION_COUNT|UPI_XFER|WINDOW_L31D
F1538,MM_UPI_AMT_CR_L31D,Difference of Max and Min: UPI Credit Amount - last 31D,False,UPI,RANGE_MAX_MINUS_MIN,L31D,CREDIT,BEHAVIORAL,False,,SAFE,AMOUNT|CREDIT|LONG_WINDOW|RANGE_MAX_MINUS_MIN|UPI|WINDOW_L31D
F1539,MM_UPI_AMT_DB_L31D,Difference of Max and Min: UPI Debit Amount - last 31D,False,UPI,RANGE_MAX_MINUS_MIN,L31D,DEBIT,BEHAVIORAL,False,,SAFE,AMOUNT|DEBIT|LONG_WINDOW|RANGE_MAX_MINUS_MIN|UPI|WINDOW_L31D
F1540,MM_NET_BNKING_TXNS_L31D,Difference of Max and Min: Net Banking Total Txns - last 31D,False,NET_BANKING,RANGE_MAX_MINUS_MIN,L31D,BOTH,BEHAVIORAL,False,,SAFE,LONG_WINDOW|NET_BANKING|RANGE_MAX_MINUS_MIN|TRANSACTION_COUNT|WINDOW_L31D
F1541,MM_NET_BNKING_TXNS_CR_L31D,Difference of Max and Min: Net Banking Credit Txns - last 31D,False,NET_BANKING,RANGE_MAX_MINUS_MIN,L31D,CREDIT,BEHAVIORAL,False,,SAFE,CREDIT|LONG_WINDOW|NET_BANKING|RANGE_MAX_MINUS_MIN|TRANSACTION_COUNT|WINDOW_L31D
F1542,MM_NET_BNKING_TXNS_DB_L31D,Difference of Max and Min: Net Banking Debit Txns - last 31D,False,NET_BANKING,RANGE_MAX_MINUS_MIN,L31D,DEBIT,BEHAVIORAL,False,,SAFE,DEBIT|LONG_WINDOW|NET_BANKING|RANGE_MAX_MINUS_MIN|TRANSACTION_COUNT|WINDOW_L31D
F1543,MM_NET_BNKING_AMT_L31D,Difference of Max and Min: Net Banking Total Amount - last 31D,False,NET_BANKING,RANGE_MAX_MINUS_MIN,L31D,BOTH,BEHAVIORAL,False,,SAFE,AMOUNT|LONG_WINDOW|NET_BANKING|RANGE_MAX_MINUS_MIN|WINDOW_L31D
F1544,MM_NET_BNKING_AMT_CR_L31D,Difference of Max and Min: Net Banking Credit Amount - last 31D,False,NET_BANKING,RANGE_MAX_MINUS_MIN,L31D,CREDIT,BEHAVIORAL,False,,SAFE,AMOUNT|CREDIT|LONG_WINDOW|NET_BANKING|RANGE_MAX_MINUS_MIN|WINDOW_L31D
F1545,MM_NET_BNKING_AMT_DB_L31D,Difference of Max and Min: Net Banking Debit Amount - last 31D,False,NET_BANKING,RANGE_MAX_MINUS_MIN,L31D,DEBIT,BEHAVIORAL,False,,SAFE,AMOUNT|DEBIT|LONG_WINDOW|NET_BANKING|RANGE_MAX_MINUS_MIN|WINDOW_L31D
F1546,MM_MOB_BNKING_TXNS_L31D,Difference of Max and Min: Mobile Banking Total Txns - last 31D,False,MOBILE_BANKING,RANGE_MAX_MINUS_MIN,L31D,BOTH,BEHAVIORAL,False,,SAFE,LONG_WINDOW|MOBILE_BANKING|RANGE_MAX_MINUS_MIN|TRANSACTION_COUNT|WINDOW_L31D
F1547,MM_MBNKING_TXNS_CR_L31D,Difference of Max and Min: Mobile Banking Total Amount - last 31D,False,MOBILE_BANKING,RANGE_MAX_MINUS_MIN,L31D,CREDIT,BEHAVIORAL,False,,SAFE,AMOUNT|CREDIT|LONG_WINDOW|MOBILE_BANKING|RANGE_MAX_MINUS_MIN|WINDOW_L31D
F1548,MM_MBNKING_TXNS_DB_L31D,Difference of Max and Min: Mobile Banking Credit Txns - last 31D,False,MOBILE_BANKING,RANGE_MAX_MINUS_MIN,L31D,DEBIT,BEHAVIORAL,False,,SAFE,DEBIT|LONG_WINDOW|MOBILE_BANKING|RANGE_MAX_MINUS_MIN|TRANSACTION_COUNT|WINDOW_L31D
F1549,MM_MOB_BNKING_AMT_L31D,Difference of Max and Min: Mobile Banking Debit Txns - last 31D,False,MOBILE_BANKING,RANGE_MAX_MINUS_MIN,L31D,BOTH,BEHAVIORAL,False,,SAFE,AMOUNT|LONG_WINDOW|MOBILE_BANKING|RANGE_MAX_MINUS_MIN|TRANSACTION_COUNT|WINDOW_L31D
F1550,MM_MBNKING_AMT_CR_L31D,Difference of Max and Min: Mobile Banking Credit Amount - last 31D,False,MOBILE_BANKING,RANGE_MAX_MINUS_MIN,L31D,CREDIT,BEHAVIORAL,False,,SAFE,AMOUNT|CREDIT|LONG_WINDOW|MOBILE_BANKING|RANGE_MAX_MINUS_MIN|WINDOW_L31D
F1551,MM_MBNKING_AMT_DB_L31D,Difference of Max and Min: Mobile Banking Debit Amount - last 31D,False,MOBILE_BANKING,RANGE_MAX_MINUS_MIN,L31D,DEBIT,BEHAVIORAL,False,,SAFE,AMOUNT|DEBIT|LONG_WINDOW|MOBILE_BANKING|RANGE_MAX_MINUS_MIN|WINDOW_L31D
F1552,MM_POS_PYMT_TXNS_L31D,Difference of Max and Min: Merchant Payment Total Txns - last 31D,False,POS_MERCHANT,RANGE_MAX_MINUS_MIN,L31D,BOTH,BEHAVIORAL,False,,SAFE,LONG_WINDOW|POS_MERCHANT|RANGE_MAX_MINUS_MIN|TRANSACTION_COUNT|WINDOW_L31D
F1553,MM_POS_PYMT_TXNS_CR_L31D,Difference of Max and Min: Merchant Payment Credit Txns - last 31D,False,POS_MERCHANT,RANGE_MAX_MINUS_MIN,L31D,CREDIT,BEHAVIORAL,False,,SAFE,CREDIT|LONG_WINDOW|POS_MERCHANT|RANGE_MAX_MINUS_MIN|TRANSACTION_COUNT|WINDOW_L31D
F1554,MM_POS_PYMT_TXNS_DB_L31D,Difference of Max and Min: Merchant Payment Debit Txns - last 31D,False,POS_MERCHANT,RANGE_MAX_MINUS_MIN,L31D,DEBIT,BEHAVIORAL,False,,SAFE,DEBIT|LONG_WINDOW|POS_MERCHANT|RANGE_MAX_MINUS_MIN|TRANSACTION_COUNT|WINDOW_L31D
F1555,MM_POS_PYMT_AMT_L31D,Difference of Max and Min: Merchant Payment Total Amount - last 31D,False,POS_MERCHANT,RANGE_MAX_MINUS_MIN,L31D,BOTH,BEHAVIORAL,False,,SAFE,AMOUNT|LONG_WINDOW|POS_MERCHANT|RANGE_MAX_MINUS_MIN|WINDOW_L31D
F1556,MM_POS_PYMT_AMT_CR_L31D,Difference of Max and Min: Merchant Payment Credit Amount - last 31D,False,POS_MERCHANT,RANGE_MAX_MINUS_MIN,L31D,CREDIT,BEHAVIORAL,False,,SAFE,AMOUNT|CREDIT|LONG_WINDOW|POS_MERCHANT|RANGE_MAX_MINUS_MIN|WINDOW_L31D
F1557,MM_POS_PYMT_AMT_DB_L31D,Difference of Max and Min: Merchant Payment Debit Amount - last 31D,False,POS_MERCHANT,RANGE_MAX_MINUS_MIN,L31D,DEBIT,BEHAVIORAL,False,,SAFE,AMOUNT|DEBIT|LONG_WINDOW|POS_MERCHANT|RANGE_MAX_MINUS_MIN|WINDOW_L31D
F1558,MM_BBPS_TXNS_L31D,Difference of Max and Min: Bharat Bill Payment System Total Txns - last 31D,False,BBPS,RANGE_MAX_MINUS_MIN,L31D,BOTH,BEHAVIORAL,False,,SAFE,BBPS|LONG_WINDOW|RANGE_MAX_MINUS_MIN|TRANSACTION_COUNT|WINDOW_L31D
F1559,MM_BBPS_TXNS_CR_L31D,Difference of Max and Min: Bharat Bill Payment System Credit Txns - last 31D,False,BBPS,RANGE_MAX_MINUS_MIN,L31D,CREDIT,BEHAVIORAL,False,,SAFE,BBPS|CREDIT|LONG_WINDOW|RANGE_MAX_MINUS_MIN|TRANSACTION_COUNT|WINDOW_L31D
F1560,MM_BBPS_TXNS_DB_L31D,Difference of Max and Min: Bharat Bill Payment System Debit Txns - last 31D,False,BBPS,RANGE_MAX_MINUS_MIN,L31D,DEBIT,BEHAVIORAL,False,,SAFE,BBPS|DEBIT|LONG_WINDOW|RANGE_MAX_MINUS_MIN|TRANSACTION_COUNT|WINDOW_L31D
F1561,MM_BBPS_AMT_L31D,Difference of Max and Min: Bharat Bill Payment System Total Amount - last 31D,False,BBPS,RANGE_MAX_MINUS_MIN,L31D,BOTH,BEHAVIORAL,False,,SAFE,AMOUNT|BBPS|LONG_WINDOW|RANGE_MAX_MINUS_MIN|WINDOW_L31D
F1562,MM_BBPS_AMT_CR_L31D,Difference of Max and Min: Bharat Bill Payment System Credit Amount - last 31D,False,BBPS,RANGE_MAX_MINUS_MIN,L31D,CREDIT,BEHAVIORAL,False,,SAFE,AMOUNT|BBPS|CREDIT|LONG_WINDOW|RANGE_MAX_MINUS_MIN|WINDOW_L31D
F1563,MM_BBPS_AMT_DB_L31D,Difference of Max and Min: Bharat Bill Payment System Debit Amount - last 31D,False,BBPS,RANGE_MAX_MINUS_MIN,L31D,DEBIT,BEHAVIORAL,False,,SAFE,AMOUNT|BBPS|DEBIT|LONG_WINDOW|RANGE_MAX_MINUS_MIN|WINDOW_L31D
F1564,MM_APB_TXNS_L31D,Difference of Max and Min: Aadhar Payment Bridge Total Txns - last 31D,False,AADHAAR_PAYMENT_BRIDGE,RANGE_MAX_MINUS_MIN,L31D,BOTH,BEHAVIORAL,False,,SAFE,AADHAAR_PAYMENT_BRIDGE|LONG_WINDOW|RANGE_MAX_MINUS_MIN|TRANSACTION_COUNT|WINDOW_L31D
F1565,MM_APB_TXNS_CR_L31D,Difference of Max and Min: Aadhar Payment Bridge Credit Txns - last 31D,False,AADHAAR_PAYMENT_BRIDGE,RANGE_MAX_MINUS_MIN,L31D,CREDIT,BEHAVIORAL,False,,SAFE,AADHAAR_PAYMENT_BRIDGE|CREDIT|LONG_WINDOW|RANGE_MAX_MINUS_MIN|TRANSACTION_COUNT|WINDOW_L31D
F1566,MM_APB_TXNS_DB_L31D,Difference of Max and Min: Aadhar Payment Bridge Debit Txns - last 31D,False,AADHAAR_PAYMENT_BRIDGE,RANGE_MAX_MINUS_MIN,L31D,DEBIT,BEHAVIORAL,False,,SAFE,AADHAAR_PAYMENT_BRIDGE|DEBIT|LONG_WINDOW|RANGE_MAX_MINUS_MIN|TRANSACTION_COUNT|WINDOW_L31D
F1567,MM_APB_AMT_L31D,Difference of Max and Min: Aadhar Payment Bridge Total Amount - last 31D,False,AADHAAR_PAYMENT_BRIDGE,RANGE_MAX_MINUS_MIN,L31D,BOTH,BEHAVIORAL,False,,SAFE,AADHAAR_PAYMENT_BRIDGE|AMOUNT|LONG_WINDOW|RANGE_MAX_MINUS_MIN|WINDOW_L31D
F1568,MM_APB_AMT_CR_L31D,Difference of Max and Min: Aadhar Payment Bridge Credit Amount - last 31D,False,AADHAAR_PAYMENT_BRIDGE,RANGE_MAX_MINUS_MIN,L31D,CREDIT,BEHAVIORAL,False,,SAFE,AADHAAR_PAYMENT_BRIDGE|AMOUNT|CREDIT|LONG_WINDOW|RANGE_MAX_MINUS_MIN|WINDOW_L31D
F1569,MM_APB_AMT_DB_L31D,Difference of Max and Min: Aadhar Payment Bridge Debit Amount - last 31D,False,AADHAAR_PAYMENT_BRIDGE,RANGE_MAX_MINUS_MIN,L31D,DEBIT,BEHAVIORAL,False,,SAFE,AADHAAR_PAYMENT_BRIDGE|AMOUNT|DEBIT|LONG_WINDOW|RANGE_MAX_MINUS_MIN|WINDOW_L31D
F1570,MM_LOAN_TXNS_L31D,Difference of Max and Min: Loan Total Txns - last 31D,False,LOAN,RANGE_MAX_MINUS_MIN,L31D,BOTH,BEHAVIORAL,False,,SAFE,LOAN|LONG_WINDOW|RANGE_MAX_MINUS_MIN|TRANSACTION_COUNT|WINDOW_L31D
F1571,MM_LOAN_TXNS_CR_L31D,Difference of Max and Min: Loan Credit Txns - last 31D,False,LOAN,RANGE_MAX_MINUS_MIN,L31D,CREDIT,BEHAVIORAL,False,,SAFE,CREDIT|LOAN|LONG_WINDOW|RANGE_MAX_MINUS_MIN|TRANSACTION_COUNT|WINDOW_L31D
F1572,MM_LOAN_TXNS_DB_L31D,Difference of Max and Min: Loan Debit Txns - last 31D,False,LOAN,RANGE_MAX_MINUS_MIN,L31D,DEBIT,BEHAVIORAL,False,,SAFE,DEBIT|LOAN|LONG_WINDOW|RANGE_MAX_MINUS_MIN|TRANSACTION_COUNT|WINDOW_L31D
F1573,MM_LOAN_AMT_L31D,Difference of Max and Min: Loan Total Amount - last 31D,False,LOAN,RANGE_MAX_MINUS_MIN,L31D,BOTH,BEHAVIORAL,False,,SAFE,AMOUNT|LOAN|LONG_WINDOW|RANGE_MAX_MINUS_MIN|WINDOW_L31D
F1574,MM_LOAN_AMT_CR_L31D,Difference of Max and Min: Loan Credit Amount - last 31D,False,LOAN,RANGE_MAX_MINUS_MIN,L31D,CREDIT,BEHAVIORAL,False,,SAFE,AMOUNT|CREDIT|LOAN|LONG_WINDOW|RANGE_MAX_MINUS_MIN|WINDOW_L31D
F1575,MM_LOAN_AMT_DB_L31D,Difference of Max and Min: Loan Debit Amount - last 31D,False,LOAN,RANGE_MAX_MINUS_MIN,L31D,DEBIT,BEHAVIORAL,False,,SAFE,AMOUNT|DEBIT|LOAN|LONG_WINDOW|RANGE_MAX_MINUS_MIN|WINDOW_L31D
F1576,MM_STDNG_INSTR_L31D,Difference of Max and Min: Standing Instruction Total Txns - last 31D,False,STANDING_INSTRUCTION,RANGE_MAX_MINUS_MIN,L31D,BOTH,BEHAVIORAL,False,,SAFE,LONG_WINDOW|RANGE_MAX_MINUS_MIN|STANDING_INSTRUCTION|TRANSACTION_COUNT|WINDOW_L31D
F1577,MM_STDNG_INSTR_CR_TXNS_L31D,Difference of Max and Min: Standing Instruction Credit Txns - last 31D,False,STANDING_INSTRUCTION,RANGE_MAX_MINUS_MIN,L31D,CREDIT,BEHAVIORAL,False,,SAFE,CREDIT|LONG_WINDOW|RANGE_MAX_MINUS_MIN|STANDING_INSTRUCTION|TRANSACTION_COUNT|WINDOW_L31D
F1578,MM_STDNG_INSTR_DB_TXNS_L31D,Difference of Max and Min: Standing Instruction Debit Txns - last 31D,False,STANDING_INSTRUCTION,RANGE_MAX_MINUS_MIN,L31D,DEBIT,BEHAVIORAL,False,,SAFE,DEBIT|LONG_WINDOW|RANGE_MAX_MINUS_MIN|STANDING_INSTRUCTION|TRANSACTION_COUNT|WINDOW_L31D
F1579,MM_STDNG_INSTR_AMT_L31D,Difference of Max and Min: Standing Instruction Total Amount - last 31D,False,STANDING_INSTRUCTION,RANGE_MAX_MINUS_MIN,L31D,BOTH,BEHAVIORAL,False,,SAFE,AMOUNT|LONG_WINDOW|RANGE_MAX_MINUS_MIN|STANDING_INSTRUCTION|WINDOW_L31D
F1580,MM_STDNG_INSTR_AMT_CR_L31D,Difference of Max and Min: Standing Instruction Credit Amount - last 31D,False,STANDING_INSTRUCTION,RANGE_MAX_MINUS_MIN,L31D,CREDIT,BEHAVIORAL,False,,SAFE,AMOUNT|CREDIT|LONG_WINDOW|RANGE_MAX_MINUS_MIN|STANDING_INSTRUCTION|WINDOW_L31D
F1581,MM_STDNG_INSTR_AMT_DB_L31D,Difference of Max and Min: Standing Instruction Debit Amount - last 31D,False,STANDING_INSTRUCTION,RANGE_MAX_MINUS_MIN,L31D,DEBIT,BEHAVIORAL,False,,SAFE,AMOUNT|DEBIT|LONG_WINDOW|RANGE_MAX_MINUS_MIN|STANDING_INSTRUCTION|WINDOW_L31D
F1582,CASH_TXNS_L7D,Cash Total Txns - last 7D,False,CASH,COUNT,L7D,BOTH,BEHAVIORAL,False,,SAFE,CASH|COUNT|SHORT_WINDOW|TRANSACTION_COUNT|WINDOW_L7D
F1583,CASH_TXNS_CR_L7D,Cash Credit Txns - last 7D,False,CASH,COUNT,L7D,CREDIT,BEHAVIORAL,False,,SAFE,CASH|COUNT|CREDIT|SHORT_WINDOW|TRANSACTION_COUNT|WINDOW_L7D
F1584,CASH_TXNS_DB_L7D,Cash Debit Txns - last 7D,False,CASH,COUNT,L7D,DEBIT,BEHAVIORAL,False,,SAFE,CASH|COUNT|DEBIT|SHORT_WINDOW|TRANSACTION_COUNT|WINDOW_L7D
F1585,CASH_AMT_L7D,Cash Total Amount - last 7D,False,CASH,RAW_OR_META,L7D,BOTH,BEHAVIORAL,False,,SAFE,AMOUNT|CASH|RAW_OR_META|SHORT_WINDOW|WINDOW_L7D
F1586,CASH_AMT_CR_L7D,Cash Credit Amount - last 7D,False,CASH,RAW_OR_META,L7D,CREDIT,BEHAVIORAL,False,,SAFE,AMOUNT|CASH|CREDIT|RAW_OR_META|SHORT_WINDOW|WINDOW_L7D
F1587,CASH_AMT_DB_L7D,Cash Debit Amount - last 7D,False,CASH,RAW_OR_META,L7D,DEBIT,BEHAVIORAL,False,,SAFE,AMOUNT|CASH|DEBIT|RAW_OR_META|SHORT_WINDOW|WINDOW_L7D
F1588,CHQ_TXNS_L7D,Cheque Total Txns - last 7D,False,CHEQUE,COUNT,L7D,BOTH,BEHAVIORAL,False,,SAFE,CHEQUE|COUNT|SHORT_WINDOW|TRANSACTION_COUNT|WINDOW_L7D
F1589,CHQ_TXNS_CR_L7D,Cheque Credit Txns - last 7D,False,CHEQUE,COUNT,L7D,CREDIT,BEHAVIORAL,False,,SAFE,CHEQUE|COUNT|CREDIT|SHORT_WINDOW|TRANSACTION_COUNT|WINDOW_L7D
F1590,CHQ_TXNS_DB_L7D,Cheque Debit Txns - last 7D,False,CHEQUE,COUNT,L7D,DEBIT,BEHAVIORAL,False,,SAFE,CHEQUE|COUNT|DEBIT|SHORT_WINDOW|TRANSACTION_COUNT|WINDOW_L7D
F1591,CHQ_AMT_L7D,Cheque Total Amount - last 7D,False,CHEQUE,RAW_OR_META,L7D,BOTH,BEHAVIORAL,False,,SAFE,AMOUNT|CHEQUE|RAW_OR_META|SHORT_WINDOW|WINDOW_L7D
F1592,CHQ_AMT_CR_L7D,Cheque Credit Amount - last 7D,False,CHEQUE,RAW_OR_META,L7D,CREDIT,BEHAVIORAL,False,,SAFE,AMOUNT|CHEQUE|CREDIT|RAW_OR_META|SHORT_WINDOW|WINDOW_L7D
F1593,CHQ_AMT_DB_L7D,Cheque Debit Amount - last 7D,False,CHEQUE,RAW_OR_META,L7D,DEBIT,BEHAVIORAL,False,,SAFE,AMOUNT|CHEQUE|DEBIT|RAW_OR_META|SHORT_WINDOW|WINDOW_L7D
F1594,NON_CASH_CHQ_TXNS_L7D,Non Cash Non Cheque Total Txns - last 7D,False,NON_CASH_CHQ,COUNT,L7D,BOTH,BEHAVIORAL,False,,SAFE,COUNT|NON_CASH_CHQ|SHORT_WINDOW|TRANSACTION_COUNT|WINDOW_L7D
F1595,NON_CASH_CHQ_TXNS_CR_L7D,Non Cash Non Cheque Credit Txns - last 7D,False,NON_CASH_CHQ,COUNT,L7D,CREDIT,BEHAVIORAL,False,,SAFE,COUNT|CREDIT|NON_CASH_CHQ|SHORT_WINDOW|TRANSACTION_COUNT|WINDOW_L7D
F1596,NON_CASH_CHQ_TXNS_DB_L7D,Non Cash Non Cheque Debit Txns - last 7D,False,NON_CASH_CHQ,COUNT,L7D,DEBIT,BEHAVIORAL,False,,SAFE,COUNT|DEBIT|NON_CASH_CHQ|SHORT_WINDOW|TRANSACTION_COUNT|WINDOW_L7D
F1597,NON_CASH_CHQ_AMT_L7D,Non Cash Non Cheque Total Amount - last 7D,False,NON_CASH_CHQ,RAW_OR_META,L7D,BOTH,BEHAVIORAL,False,,SAFE,AMOUNT|NON_CASH_CHQ|RAW_OR_META|SHORT_WINDOW|WINDOW_L7D
F1598,NON_CASH_CHQ_AMT_CR_L7D,Non Cash Non Cheque Credit Amount - last 7D,False,NON_CASH_CHQ,RAW_OR_META,L7D,CREDIT,BEHAVIORAL,False,,SAFE,AMOUNT|CREDIT|NON_CASH_CHQ|RAW_OR_META|SHORT_WINDOW|WINDOW_L7D
F1599,NON_CASH_CHQ_AMT_DB_L7D,Non Cash Non Cheque Debit Amount - last 7D,False,NON_CASH_CHQ,RAW_OR_META,L7D,DEBIT,BEHAVIORAL,False,,SAFE,AMOUNT|DEBIT|NON_CASH_CHQ|RAW_OR_META|SHORT_WINDOW|WINDOW_L7D
F1600,CI_NON_CASH_CHQ_TXNS_L7D,Customer Induced Non Cash Non Cheque Total Txns - last 7D,False,NON_CASH_CHQ,COUNT,L7D,BOTH,BEHAVIORAL,False,,SAFE,COUNT|NON_CASH_CHQ|SHORT_WINDOW|TRANSACTION_COUNT|WINDOW_L7D
F1601,CI_NON_CASH_CHQ_TXNS_CR_L7D,Customer Induced Non Cash Non Cheque Credit Txns - last 7D,False,NON_CASH_CHQ,COUNT,L7D,CREDIT,BEHAVIORAL,False,,SAFE,COUNT|CREDIT|NON_CASH_CHQ|SHORT_WINDOW|TRANSACTION_COUNT|WINDOW_L7D
F1602,CI_NON_CASH_CHQ_TXNS_DB_L7D,Customer Induced Non Cash Non Cheque Debit Txns - last 7D,False,NON_CASH_CHQ,COUNT,L7D,DEBIT,BEHAVIORAL,False,,SAFE,COUNT|DEBIT|NON_CASH_CHQ|SHORT_WINDOW|TRANSACTION_COUNT|WINDOW_L7D
F1603,CI_NON_CASH_CHQ_AMT_L7D,Customer Induced Non Cash Non Cheque Total Amount - last 7D,False,NON_CASH_CHQ,RAW_OR_META,L7D,BOTH,BEHAVIORAL,False,,SAFE,AMOUNT|NON_CASH_CHQ|RAW_OR_META|SHORT_WINDOW|WINDOW_L7D
F1604,CI_NON_CASH_CHQ_AMT_CR_L7D,Customer Induced Non Cash Non Cheque Credit Amount - last 7D,False,NON_CASH_CHQ,RAW_OR_META,L7D,CREDIT,BEHAVIORAL,False,,SAFE,AMOUNT|CREDIT|NON_CASH_CHQ|RAW_OR_META|SHORT_WINDOW|WINDOW_L7D
F1605,CI_NON_CASH_CHQ_AMT_DB_L7D,Customer Induced Non Cash Non Cheque Debit Amount - last 7D,False,NON_CASH_CHQ,RAW_OR_META,L7D,DEBIT,BEHAVIORAL,False,,SAFE,AMOUNT|DEBIT|NON_CASH_CHQ|RAW_OR_META|SHORT_WINDOW|WINDOW_L7D
F1606,CI_TXNS_L7D,Customer Induced Total Txns - last 7D,False,CASH_INTENSIVE,COUNT,L7D,BOTH,BEHAVIORAL,False,,SAFE,CASH_INTENSIVE|COUNT|SHORT_WINDOW|TRANSACTION_COUNT|WINDOW_L7D
F1607,CI_TXNS_CR_L7D,Customer Induced Credit Txns - last 7D,False,CASH_INTENSIVE,COUNT,L7D,CREDIT,BEHAVIORAL,False,,SAFE,CASH_INTENSIVE|COUNT|CREDIT|SHORT_WINDOW|TRANSACTION_COUNT|WINDOW_L7D
F1608,CI_TXNS_DB_L7D,Customer Induced Debit Txns - last 7D,False,CASH_INTENSIVE,COUNT,L7D,DEBIT,BEHAVIORAL,False,,SAFE,CASH_INTENSIVE|COUNT|DEBIT|SHORT_WINDOW|TRANSACTION_COUNT|WINDOW_L7D
F1609,CI_AMT_L7D,Customer Induced Total Amount - last 7D,False,CASH_INTENSIVE,RAW_OR_META,L7D,BOTH,BEHAVIORAL,False,,SAFE,AMOUNT|CASH_INTENSIVE|RAW_OR_META|SHORT_WINDOW|WINDOW_L7D
F1610,CI_AMT_CR_L7D,Customer Induced Credit Amount - last 7D,False,CASH_INTENSIVE,RAW_OR_META,L7D,CREDIT,BEHAVIORAL,False,,SAFE,AMOUNT|CASH_INTENSIVE|CREDIT|RAW_OR_META|SHORT_WINDOW|WINDOW_L7D
F1611,CI_AMT_DB_L7D,Customer Induced Debit Amount - last 7D,False,CASH_INTENSIVE,RAW_OR_META,L7D,DEBIT,BEHAVIORAL,False,,SAFE,AMOUNT|CASH_INTENSIVE|DEBIT|RAW_OR_META|SHORT_WINDOW|WINDOW_L7D
F1612,ATM_TXNS_L7D,ATM Total Txns - last 7D,False,ATM,COUNT,L7D,BOTH,BEHAVIORAL,False,,SAFE,ATM|COUNT|SHORT_WINDOW|TRANSACTION_COUNT|WINDOW_L7D
F1613,ATM_TXNS_CR_L7D,ATM Credit Txns - last 7D,False,ATM,COUNT,L7D,CREDIT,BEHAVIORAL,False,,SAFE,ATM|COUNT|CREDIT|SHORT_WINDOW|TRANSACTION_COUNT|WINDOW_L7D
F1614,ATM_TXNS_DB_L7D,ATM Debit Txns - last 7D,False,ATM,COUNT,L7D,DEBIT,BEHAVIORAL,False,,SAFE,ATM|COUNT|DEBIT|SHORT_WINDOW|TRANSACTION_COUNT|WINDOW_L7D
F1615,ATM_AMT_L7D,ATM Total Amount - last 7D,False,ATM,RAW_OR_META,L7D,BOTH,BEHAVIORAL,False,,SAFE,AMOUNT|ATM|RAW_OR_META|SHORT_WINDOW|WINDOW_L7D
F1616,ATM_AMT_CR_L7D,ATM Credit Amount - last 7D,False,ATM,RAW_OR_META,L7D,CREDIT,BEHAVIORAL,False,,SAFE,AMOUNT|ATM|CREDIT|RAW_OR_META|SHORT_WINDOW|WINDOW_L7D
F1617,ATM_AMT_DB_L7D,ATM Debit Amount - last 7D,False,ATM,RAW_OR_META,L7D,DEBIT,BEHAVIORAL,False,,SAFE,AMOUNT|ATM|DEBIT|RAW_OR_META|SHORT_WINDOW|WINDOW_L7D
F1618,BI_FEES_CHRGS_TXNS_L7D,Bank Induced Fees Charges Total Txns - last 7D,False,FEES_AND_CHARGES,COUNT,L7D,BOTH,BEHAVIORAL,False,,SAFE,COUNT|FEES_AND_CHARGES|SHORT_WINDOW|TRANSACTION_COUNT|WINDOW_L7D
F1619,BI_FEES_CHRGS_TXNS_CR_L7D,Bank Induced Fees Charges Credit Txns - last 7D,False,FEES_AND_CHARGES,COUNT,L7D,CREDIT,BEHAVIORAL,False,,SAFE,COUNT|CREDIT|FEES_AND_CHARGES|SHORT_WINDOW|TRANSACTION_COUNT|WINDOW_L7D
F1620,BI_FEES_CHRGS_TXNS_DB_L7D,Bank Induced Fees Charges Debit Txns - last 7D,False,FEES_AND_CHARGES,COUNT,L7D,DEBIT,BEHAVIORAL,False,,SAFE,COUNT|DEBIT|FEES_AND_CHARGES|SHORT_WINDOW|TRANSACTION_COUNT|WINDOW_L7D
F1621,BI_FEES_CHRGS_AMT_L7D,Bank Induced Fees Charges Total Amount - last 7D,False,FEES_AND_CHARGES,RAW_OR_META,L7D,BOTH,BEHAVIORAL,False,,SAFE,AMOUNT|FEES_AND_CHARGES|RAW_OR_META|SHORT_WINDOW|WINDOW_L7D
F1622,BI_FEES_CHRGS_AMT_CR_L7D,Bank Induced Fees Charges Credit Amount - last 7D,False,FEES_AND_CHARGES,RAW_OR_META,L7D,CREDIT,BEHAVIORAL,False,,SAFE,AMOUNT|CREDIT|FEES_AND_CHARGES|RAW_OR_META|SHORT_WINDOW|WINDOW_L7D
F1623,BI_FEES_CHRGS_AMT_DB_L7D,Bank Induced Fees Charges Debit Amount - last 7D,False,FEES_AND_CHARGES,RAW_OR_META,L7D,DEBIT,BEHAVIORAL,False,,SAFE,AMOUNT|DEBIT|FEES_AND_CHARGES|RAW_OR_META|SHORT_WINDOW|WINDOW_L7D
F1624,CI_FEES_CHRGS_TXNS_L7D,Customer Induced Fees Charges Total Txns - last 7D,False,FEES_AND_CHARGES,COUNT,L7D,BOTH,BEHAVIORAL,False,,SAFE,COUNT|FEES_AND_CHARGES|SHORT_WINDOW|TRANSACTION_COUNT|WINDOW_L7D
F1625,CI_FEES_CHRGS_TXNS_CR_L7D,Customer Induced Fees Charges Credit Txns - last 7D,False,FEES_AND_CHARGES,COUNT,L7D,CREDIT,BEHAVIORAL,False,,SAFE,COUNT|CREDIT|FEES_AND_CHARGES|SHORT_WINDOW|TRANSACTION_COUNT|WINDOW_L7D
F1626,CI_FEES_CHRGS_TXNS_DB_L7D,Customer Induced Fees Charges Debit Txns - last 7D,False,FEES_AND_CHARGES,COUNT,L7D,DEBIT,BEHAVIORAL,False,,SAFE,COUNT|DEBIT|FEES_AND_CHARGES|SHORT_WINDOW|TRANSACTION_COUNT|WINDOW_L7D
F1627,CI_FEES_CHRGS_AMT_L7D,Customer Induced Fees Charges Total Amount - last 7D,False,FEES_AND_CHARGES,RAW_OR_META,L7D,BOTH,BEHAVIORAL,False,,SAFE,AMOUNT|FEES_AND_CHARGES|RAW_OR_META|SHORT_WINDOW|WINDOW_L7D
F1628,CI_FEES_CHRGS_AMT_CR_L7D,Customer Induced Fees Charges Credit Amount - last 7D,False,FEES_AND_CHARGES,RAW_OR_META,L7D,CREDIT,BEHAVIORAL,False,,SAFE,AMOUNT|CREDIT|FEES_AND_CHARGES|RAW_OR_META|SHORT_WINDOW|WINDOW_L7D
F1629,CI_FEES_CHRGS_AMT_DB_L7D,Customer Induced Fees Charges Debit Amount - last 7D,False,FEES_AND_CHARGES,RAW_OR_META,L7D,DEBIT,BEHAVIORAL,False,,SAFE,AMOUNT|DEBIT|FEES_AND_CHARGES|RAW_OR_META|SHORT_WINDOW|WINDOW_L7D
F1630,GST_TXNS_L7D,GST Total Txns - last 7D,False,GST,COUNT,L7D,BOTH,BEHAVIORAL,False,,SAFE,COUNT|GST|SHORT_WINDOW|TRANSACTION_COUNT|WINDOW_L7D
F1631,GST_TXNS_CR_L7D,GST Credit Txns - last 7D,False,GST,COUNT,L7D,CREDIT,BEHAVIORAL,False,,SAFE,COUNT|CREDIT|GST|SHORT_WINDOW|TRANSACTION_COUNT|WINDOW_L7D
F1632,GST_TXNS_DB_L7D,GST Debit Txns - last 7D,False,GST,COUNT,L7D,DEBIT,BEHAVIORAL,False,,SAFE,COUNT|DEBIT|GST|SHORT_WINDOW|TRANSACTION_COUNT|WINDOW_L7D
F1633,GST_AMT_L7D,GST Total Amount - last 7D,False,GST,RAW_OR_META,L7D,BOTH,BEHAVIORAL,False,,SAFE,AMOUNT|GST|RAW_OR_META|SHORT_WINDOW|WINDOW_L7D
F1634,GST_AMT_CR_L7D,GST Credit Amount - last 7D,False,GST,RAW_OR_META,L7D,CREDIT,BEHAVIORAL,False,,SAFE,AMOUNT|CREDIT|GST|RAW_OR_META|SHORT_WINDOW|WINDOW_L7D
F1635,GST_AMT_DB_L7D,GST Debit Amount - last 7D,False,GST,RAW_OR_META,L7D,DEBIT,BEHAVIORAL,False,,SAFE,AMOUNT|DEBIT|GST|RAW_OR_META|SHORT_WINDOW|WINDOW_L7D
F1636,ELEC_XFER_TXNS_L7D,Online Transfer (IMPS+NEFT+RTGS) Total Txns - last 7D,False,ELEC_XFER,COUNT,L7D,BOTH,BEHAVIORAL,False,,SAFE,COUNT|ELEC_XFER|SHORT_WINDOW|TRANSACTION_COUNT|WINDOW_L7D
F1637,ELEC_XFER_TXNS_CR_L7D,Online Transfer (IMPS+NEFT+RTGS) Credit Txns - last 7D,False,ELEC_XFER,COUNT,L7D,CREDIT,BEHAVIORAL,False,,SAFE,COUNT|CREDIT|ELEC_XFER|SHORT_WINDOW|TRANSACTION_COUNT|WINDOW_L7D
F1638,ELEC_XFER_TXNS_DB_L7D,Online Transfer (IMPS+NEFT+RTGS) Debit Txns - last 7D,False,ELEC_XFER,COUNT,L7D,DEBIT,BEHAVIORAL,False,,SAFE,COUNT|DEBIT|ELEC_XFER|SHORT_WINDOW|TRANSACTION_COUNT|WINDOW_L7D
F1639,ELEC_XFER_AMT_L7D,Online Transfer (IMPS+NEFT+RTGS) Total Amount - last 7D,False,ELEC_XFER,RAW_OR_META,L7D,BOTH,BEHAVIORAL,False,,SAFE,AMOUNT|ELEC_XFER|RAW_OR_META|SHORT_WINDOW|WINDOW_L7D
F1640,ELEC_XFER_AMT_CR_L7D,Online Transfer (IMPS+NEFT+RTGS) Credit Amount - last 7D,False,ELEC_XFER,RAW_OR_META,L7D,CREDIT,BEHAVIORAL,False,,SAFE,AMOUNT|CREDIT|ELEC_XFER|RAW_OR_META|SHORT_WINDOW|WINDOW_L7D
F1641,ELEC_XFER_AMT_DB_L7D,Online Transfer (IMPS+NEFT+RTGS) Debit Amount - last 7D,False,ELEC_XFER,RAW_OR_META,L7D,DEBIT,BEHAVIORAL,False,,SAFE,AMOUNT|DEBIT|ELEC_XFER|RAW_OR_META|SHORT_WINDOW|WINDOW_L7D
F1642,UPI_XFER_TXNS_L7D,UPI Total Txns - last 7D,False,UPI_XFER,COUNT,L7D,BOTH,BEHAVIORAL,False,,SAFE,COUNT|SHORT_WINDOW|TRANSACTION_COUNT|UPI_XFER|WINDOW_L7D
F1643,UPI_TXNS_CR_L7D,UPI Total Amount - last 7D,False,UPI,COUNT,L7D,CREDIT,BEHAVIORAL,False,,SAFE,AMOUNT|COUNT|CREDIT|SHORT_WINDOW|UPI|WINDOW_L7D
F1644,UPI_TXNS_DB_L7D,UPI Credit Txns - last 7D,False,UPI,COUNT,L7D,DEBIT,BEHAVIORAL,False,,SAFE,COUNT|DEBIT|SHORT_WINDOW|TRANSACTION_COUNT|UPI|WINDOW_L7D
F1645,UPI_XFER_AMT_L7D,UPI Debit Txns - last 7D,False,UPI_XFER,RAW_OR_META,L7D,BOTH,BEHAVIORAL,False,,SAFE,AMOUNT|RAW_OR_META|SHORT_WINDOW|TRANSACTION_COUNT|UPI_XFER|WINDOW_L7D
F1646,UPI_AMT_CR_L7D,UPI Credit Amount - last 7D,False,UPI,RAW_OR_META,L7D,CREDIT,BEHAVIORAL,False,,SAFE,AMOUNT|CREDIT|RAW_OR_META|SHORT_WINDOW|UPI|WINDOW_L7D
F1647,UPI_AMT_DB_L7D,UPI Debit Amount - last 7D,False,UPI,RAW_OR_META,L7D,DEBIT,BEHAVIORAL,False,,SAFE,AMOUNT|DEBIT|RAW_OR_META|SHORT_WINDOW|UPI|WINDOW_L7D
F1648,NET_BNKING_TXNS_L7D,Net Banking Total Txns - last 7D,False,NET_BANKING,COUNT,L7D,BOTH,BEHAVIORAL,False,,SAFE,COUNT|NET_BANKING|SHORT_WINDOW|TRANSACTION_COUNT|WINDOW_L7D
F1649,NET_BNKING_TXNS_CR_L7D,Net Banking Credit Txns - last 7D,False,NET_BANKING,COUNT,L7D,CREDIT,BEHAVIORAL,False,,SAFE,COUNT|CREDIT|NET_BANKING|SHORT_WINDOW|TRANSACTION_COUNT|WINDOW_L7D
F1650,NET_BNKING_TXNS_DB_L7D,Net Banking Debit Txns - last 7D,False,NET_BANKING,COUNT,L7D,DEBIT,BEHAVIORAL,False,,SAFE,COUNT|DEBIT|NET_BANKING|SHORT_WINDOW|TRANSACTION_COUNT|WINDOW_L7D
F1651,NET_BNKING_AMT_L7D,Net Banking Total Amount - last 7D,False,NET_BANKING,RAW_OR_META,L7D,BOTH,BEHAVIORAL,False,,SAFE,AMOUNT|NET_BANKING|RAW_OR_META|SHORT_WINDOW|WINDOW_L7D
F1652,NET_BNKING_AMT_CR_L7D,Net Banking Credit Amount - last 7D,False,NET_BANKING,RAW_OR_META,L7D,CREDIT,BEHAVIORAL,False,,SAFE,AMOUNT|CREDIT|NET_BANKING|RAW_OR_META|SHORT_WINDOW|WINDOW_L7D
F1653,NET_BNKING_AMT_DB_L7D,Net Banking Debit Amount - last 7D,False,NET_BANKING,RAW_OR_META,L7D,DEBIT,BEHAVIORAL,False,,SAFE,AMOUNT|DEBIT|NET_BANKING|RAW_OR_META|SHORT_WINDOW|WINDOW_L7D
F1654,MOB_BNKING_TXNS_L7D,Mobile Banking Total Txns - last 7D,False,MOBILE_BANKING,COUNT,L7D,BOTH,BEHAVIORAL,False,,SAFE,COUNT|MOBILE_BANKING|SHORT_WINDOW|TRANSACTION_COUNT|WINDOW_L7D
F1655,MBNKING_TXNS_CR_L7D,Mobile Banking Credit Txns - last 7D,False,MOBILE_BANKING,COUNT,L7D,CREDIT,BEHAVIORAL,False,,SAFE,COUNT|CREDIT|MOBILE_BANKING|SHORT_WINDOW|TRANSACTION_COUNT|WINDOW_L7D
F1656,MBNKING_TXNS_DB_L7D,Mobile Banking Debit Txns - last 7D,False,MOBILE_BANKING,COUNT,L7D,DEBIT,BEHAVIORAL,False,,SAFE,COUNT|DEBIT|MOBILE_BANKING|SHORT_WINDOW|TRANSACTION_COUNT|WINDOW_L7D
F1657,MOB_BNKING_AMT_L7D,Mobile Banking Total Amount - last 7D,False,MOBILE_BANKING,RAW_OR_META,L7D,BOTH,BEHAVIORAL,False,,SAFE,AMOUNT|MOBILE_BANKING|RAW_OR_META|SHORT_WINDOW|WINDOW_L7D
F1658,MBNKING_AMT_CR_L7D,Mobile Banking Credit Amount - last 7D,False,MOBILE_BANKING,RAW_OR_META,L7D,CREDIT,BEHAVIORAL,False,,SAFE,AMOUNT|CREDIT|MOBILE_BANKING|RAW_OR_META|SHORT_WINDOW|WINDOW_L7D
F1659,MBNKING_AMT_DB_L7D,Mobile Banking Debit Amount - last 7D,False,MOBILE_BANKING,RAW_OR_META,L7D,DEBIT,BEHAVIORAL,False,,SAFE,AMOUNT|DEBIT|MOBILE_BANKING|RAW_OR_META|SHORT_WINDOW|WINDOW_L7D
F1660,POS_PYMT_TXNS_L7D,Merchant Payment Total Txns - last 7D,False,POS_MERCHANT,COUNT,L7D,BOTH,BEHAVIORAL,False,,SAFE,COUNT|POS_MERCHANT|SHORT_WINDOW|TRANSACTION_COUNT|WINDOW_L7D
F1661,POS_PYMT_TXNS_CR_L7D,Merchant Payment Credit Txns - last 7D,False,POS_MERCHANT,COUNT,L7D,CREDIT,BEHAVIORAL,False,,SAFE,COUNT|CREDIT|POS_MERCHANT|SHORT_WINDOW|TRANSACTION_COUNT|WINDOW_L7D
F1662,POS_PYMT_TXNS_DB_L7D,Merchant Payment Debit Txns - last 7D,False,POS_MERCHANT,COUNT,L7D,DEBIT,BEHAVIORAL,False,,SAFE,COUNT|DEBIT|POS_MERCHANT|SHORT_WINDOW|TRANSACTION_COUNT|WINDOW_L7D
F1663,POS_PYMT_AMT_L7D,Merchant Payment Total Amount - last 7D,False,POS_MERCHANT,RAW_OR_META,L7D,BOTH,BEHAVIORAL,False,,SAFE,AMOUNT|POS_MERCHANT|RAW_OR_META|SHORT_WINDOW|WINDOW_L7D
F1664,POS_PYMT_AMT_CR_L7D,Merchant Payment Credit Amount - last 7D,False,POS_MERCHANT,RAW_OR_META,L7D,CREDIT,BEHAVIORAL,False,,SAFE,AMOUNT|CREDIT|POS_MERCHANT|RAW_OR_META|SHORT_WINDOW|WINDOW_L7D
F1665,POS_PYMT_AMT_DB_L7D,Merchant Payment Debit Amount - last 7D,False,POS_MERCHANT,RAW_OR_META,L7D,DEBIT,BEHAVIORAL,False,,SAFE,AMOUNT|DEBIT|POS_MERCHANT|RAW_OR_META|SHORT_WINDOW|WINDOW_L7D
F1666,BBPS_TXNS_L7D,Bharat Bill Payment System Total Txns - last 7D,False,BBPS,COUNT,L7D,BOTH,BEHAVIORAL,False,,SAFE,BBPS|COUNT|SHORT_WINDOW|TRANSACTION_COUNT|WINDOW_L7D
F1667,BBPS_TXNS_CR_L7D,Bharat Bill Payment System Credit Txns - last 7D,False,BBPS,COUNT,L7D,CREDIT,BEHAVIORAL,False,,SAFE,BBPS|COUNT|CREDIT|SHORT_WINDOW|TRANSACTION_COUNT|WINDOW_L7D
F1668,BBPS_TXNS_DB_L7D,Bharat Bill Payment System Debit Txns - last 7D,False,BBPS,COUNT,L7D,DEBIT,BEHAVIORAL,False,,SAFE,BBPS|COUNT|DEBIT|SHORT_WINDOW|TRANSACTION_COUNT|WINDOW_L7D
F1669,BBPS_AMT_L7D,Bharat Bill Payment System Total Amount - last 7D,False,BBPS,RAW_OR_META,L7D,BOTH,BEHAVIORAL,False,,SAFE,AMOUNT|BBPS|RAW_OR_META|SHORT_WINDOW|WINDOW_L7D
F1670,BBPS_AMT_CR_L7D,Bharat Bill Payment System Credit Amount - last 7D,False,BBPS,RAW_OR_META,L7D,CREDIT,BEHAVIORAL,False,,SAFE,AMOUNT|BBPS|CREDIT|RAW_OR_META|SHORT_WINDOW|WINDOW_L7D
F1671,BBPS_AMT_DB_L7D,Bharat Bill Payment System Debit Amount - last 7D,False,BBPS,RAW_OR_META,L7D,DEBIT,BEHAVIORAL,False,,SAFE,AMOUNT|BBPS|DEBIT|RAW_OR_META|SHORT_WINDOW|WINDOW_L7D
F1672,APB_TXNS_L7D,Aadhar Payment Bridge Total Txns - last 7D,False,AADHAAR_PAYMENT_BRIDGE,COUNT,L7D,BOTH,BEHAVIORAL,False,,SAFE,AADHAAR_PAYMENT_BRIDGE|COUNT|SHORT_WINDOW|TRANSACTION_COUNT|WINDOW_L7D
F1673,APB_TXNS_CR_L7D,Aadhar Payment Bridge Credit Txns - last 7D,False,AADHAAR_PAYMENT_BRIDGE,COUNT,L7D,CREDIT,BEHAVIORAL,False,,SAFE,AADHAAR_PAYMENT_BRIDGE|COUNT|CREDIT|SHORT_WINDOW|TRANSACTION_COUNT|WINDOW_L7D
F1674,APB_TXNS_DB_L7D,Aadhar Payment Bridge Debit Txns - last 7D,False,AADHAAR_PAYMENT_BRIDGE,COUNT,L7D,DEBIT,BEHAVIORAL,False,,SAFE,AADHAAR_PAYMENT_BRIDGE|COUNT|DEBIT|SHORT_WINDOW|TRANSACTION_COUNT|WINDOW_L7D
F1675,APB_AMT_L7D,Aadhar Payment Bridge Total Amount - last 7D,False,AADHAAR_PAYMENT_BRIDGE,RAW_OR_META,L7D,BOTH,BEHAVIORAL,False,,SAFE,AADHAAR_PAYMENT_BRIDGE|AMOUNT|RAW_OR_META|SHORT_WINDOW|WINDOW_L7D
F1676,APB_AMT_CR_L7D,Aadhar Payment Bridge Credit Amount - last 7D,False,AADHAAR_PAYMENT_BRIDGE,RAW_OR_META,L7D,CREDIT,BEHAVIORAL,False,,SAFE,AADHAAR_PAYMENT_BRIDGE|AMOUNT|CREDIT|RAW_OR_META|SHORT_WINDOW|WINDOW_L7D
F1677,APB_AMT_DB_L7D,Aadhar Payment Bridge Debit Amount - last 7D,False,AADHAAR_PAYMENT_BRIDGE,RAW_OR_META,L7D,DEBIT,BEHAVIORAL,False,,SAFE,AADHAAR_PAYMENT_BRIDGE|AMOUNT|DEBIT|RAW_OR_META|SHORT_WINDOW|WINDOW_L7D
F1678,LOAN_TXNS_L7D,Loan Total Txns - last 7D,False,LOAN,COUNT,L7D,BOTH,BEHAVIORAL,False,,SAFE,COUNT|LOAN|SHORT_WINDOW|TRANSACTION_COUNT|WINDOW_L7D
F1679,LOAN_TXNS_CR_L7D,Loan Credit Txns - last 7D,False,LOAN,COUNT,L7D,CREDIT,BEHAVIORAL,False,,SAFE,COUNT|CREDIT|LOAN|SHORT_WINDOW|TRANSACTION_COUNT|WINDOW_L7D
F1680,LOAN_TXNS_DB_L7D,Loan Debit Txns - last 7D,False,LOAN,COUNT,L7D,DEBIT,BEHAVIORAL,False,,SAFE,COUNT|DEBIT|LOAN|SHORT_WINDOW|TRANSACTION_COUNT|WINDOW_L7D
F1681,LOAN_AMT_L7D,Loan Total Amount - last 7D,False,LOAN,RAW_OR_META,L7D,BOTH,BEHAVIORAL,False,,SAFE,AMOUNT|LOAN|RAW_OR_META|SHORT_WINDOW|WINDOW_L7D
F1682,LOAN_AMT_CR_L7D,Loan Credit Amount - last 7D,False,LOAN,RAW_OR_META,L7D,CREDIT,BEHAVIORAL,False,,SAFE,AMOUNT|CREDIT|LOAN|RAW_OR_META|SHORT_WINDOW|WINDOW_L7D
F1683,LOAN_AMT_DB_L7D,Loan Debit Amount - last 7D,False,LOAN,RAW_OR_META,L7D,DEBIT,BEHAVIORAL,False,,SAFE,AMOUNT|DEBIT|LOAN|RAW_OR_META|SHORT_WINDOW|WINDOW_L7D
F1684,STDNG_INSTR_L7D,Standing Instruction Total Txns - last 7D,False,STANDING_INSTRUCTION,RAW_OR_META,L7D,BOTH,BEHAVIORAL,False,,SAFE,RAW_OR_META|SHORT_WINDOW|STANDING_INSTRUCTION|TRANSACTION_COUNT|WINDOW_L7D
F1685,STDNG_INSTR_CR_TXNS_L7D,Standing Instruction Credit Txns - last 7D,False,STANDING_INSTRUCTION,COUNT,L7D,CREDIT,BEHAVIORAL,False,,SAFE,COUNT|CREDIT|SHORT_WINDOW|STANDING_INSTRUCTION|TRANSACTION_COUNT|WINDOW_L7D
F1686,STDNG_INSTR_DB_TXNS_L7D,Standing Instruction Debit Txns - last 7D,False,STANDING_INSTRUCTION,COUNT,L7D,DEBIT,BEHAVIORAL,False,,SAFE,COUNT|DEBIT|SHORT_WINDOW|STANDING_INSTRUCTION|TRANSACTION_COUNT|WINDOW_L7D
F1687,STDNG_INSTR_AMT_L7D,Standing Instruction Total Amount - last 7D,False,STANDING_INSTRUCTION,RAW_OR_META,L7D,BOTH,BEHAVIORAL,False,,SAFE,AMOUNT|RAW_OR_META|SHORT_WINDOW|STANDING_INSTRUCTION|WINDOW_L7D
F1688,STDNG_INSTR_AMT_CR_L7D,Standing Instruction Credit Amount - last 7D,False,STANDING_INSTRUCTION,RAW_OR_META,L7D,CREDIT,BEHAVIORAL,False,,SAFE,AMOUNT|CREDIT|RAW_OR_META|SHORT_WINDOW|STANDING_INSTRUCTION|WINDOW_L7D
F1689,STDNG_INSTR_AMT_DB_L7D,Standing Instruction Debit Amount - last 7D,False,STANDING_INSTRUCTION,RAW_OR_META,L7D,DEBIT,BEHAVIORAL,False,,SAFE,AMOUNT|DEBIT|RAW_OR_META|SHORT_WINDOW|STANDING_INSTRUCTION|WINDOW_L7D
F1690,CASH_TXNS_L14D,Cash Total Txns - last 14D,False,CASH,COUNT,L14D,BOTH,BEHAVIORAL,False,,SAFE,CASH|COUNT|TRANSACTION_COUNT|WINDOW_L14D
F1691,CASH_TXNS_CR_L14D,Cash Credit Txns - last 14D,False,CASH,COUNT,L14D,CREDIT,BEHAVIORAL,False,,SAFE,CASH|COUNT|CREDIT|TRANSACTION_COUNT|WINDOW_L14D
F1692,CASH_TXNS_DB_L14D,Cash Debit Txns - last 14D,True,CASH,COUNT,L14D,DEBIT,BEHAVIORAL,False,,SAFE,CASH|COUNT|DEBIT|TRANSACTION_COUNT|WINDOW_L14D
F1693,CASH_AMT_L14D,Cash Total Amount - last 14D,False,CASH,RAW_OR_META,L14D,BOTH,BEHAVIORAL,False,,SAFE,AMOUNT|CASH|RAW_OR_META|WINDOW_L14D
F1694,CASH_AMT_CR_L14D,Cash Credit Amount - last 14D,False,CASH,RAW_OR_META,L14D,CREDIT,BEHAVIORAL,False,,SAFE,AMOUNT|CASH|CREDIT|RAW_OR_META|WINDOW_L14D
F1695,CASH_AMT_DB_L14D,Cash Debit Amount - last 14D,False,CASH,RAW_OR_META,L14D,DEBIT,BEHAVIORAL,False,,SAFE,AMOUNT|CASH|DEBIT|RAW_OR_META|WINDOW_L14D
F1696,CHQ_TXNS_L14D,Cheque Total Txns - last 14D,False,CHEQUE,COUNT,L14D,BOTH,BEHAVIORAL,False,,SAFE,CHEQUE|COUNT|TRANSACTION_COUNT|WINDOW_L14D
F1697,CHQ_TXNS_CR_L14D,Cheque Credit Txns - last 14D,False,CHEQUE,COUNT,L14D,CREDIT,BEHAVIORAL,False,,SAFE,CHEQUE|COUNT|CREDIT|TRANSACTION_COUNT|WINDOW_L14D
F1698,CHQ_TXNS_DB_L14D,Cheque Debit Txns - last 14D,False,CHEQUE,COUNT,L14D,DEBIT,BEHAVIORAL,False,,SAFE,CHEQUE|COUNT|DEBIT|TRANSACTION_COUNT|WINDOW_L14D
F1699,CHQ_AMT_L14D,Cheque Total Amount - last 14D,False,CHEQUE,RAW_OR_META,L14D,BOTH,BEHAVIORAL,False,,SAFE,AMOUNT|CHEQUE|RAW_OR_META|WINDOW_L14D
F1700,CHQ_AMT_CR_L14D,Cheque Credit Amount - last 14D,False,CHEQUE,RAW_OR_META,L14D,CREDIT,BEHAVIORAL,False,,SAFE,AMOUNT|CHEQUE|CREDIT|RAW_OR_META|WINDOW_L14D
F1701,CHQ_AMT_DB_L14D,Cheque Debit Amount - last 14D,False,CHEQUE,RAW_OR_META,L14D,DEBIT,BEHAVIORAL,False,,SAFE,AMOUNT|CHEQUE|DEBIT|RAW_OR_META|WINDOW_L14D
F1702,NON_CASH_CHQ_TXNS_L14D,Non Cash Non Cheque Total Txns - last 14D,False,NON_CASH_CHQ,COUNT,L14D,BOTH,BEHAVIORAL,False,,SAFE,COUNT|NON_CASH_CHQ|TRANSACTION_COUNT|WINDOW_L14D
F1703,NON_CASH_CHQ_TXNS_CR_L14D,Non Cash Non Cheque Credit Txns - last 14D,False,NON_CASH_CHQ,COUNT,L14D,CREDIT,BEHAVIORAL,False,,SAFE,COUNT|CREDIT|NON_CASH_CHQ|TRANSACTION_COUNT|WINDOW_L14D
F1704,NON_CASH_CHQ_TXNS_DB_L14D,Non Cash Non Cheque Debit Txns - last 14D,False,NON_CASH_CHQ,COUNT,L14D,DEBIT,BEHAVIORAL,False,,SAFE,COUNT|DEBIT|NON_CASH_CHQ|TRANSACTION_COUNT|WINDOW_L14D
F1705,NON_CASH_CHQ_AMT_L14D,Non Cash Non Cheque Total Amount - last 14D,False,NON_CASH_CHQ,RAW_OR_META,L14D,BOTH,BEHAVIORAL,False,,SAFE,AMOUNT|NON_CASH_CHQ|RAW_OR_META|WINDOW_L14D
F1706,NON_CASH_CHQ_AMT_CR_L14D,Non Cash Non Cheque Credit Amount - last 14D,False,NON_CASH_CHQ,RAW_OR_META,L14D,CREDIT,BEHAVIORAL,False,,SAFE,AMOUNT|CREDIT|NON_CASH_CHQ|RAW_OR_META|WINDOW_L14D
F1707,NON_CASH_CHQ_AMT_DB_L14D,Non Cash Non Cheque Debit Amount - last 14D,False,NON_CASH_CHQ,RAW_OR_META,L14D,DEBIT,BEHAVIORAL,False,,SAFE,AMOUNT|DEBIT|NON_CASH_CHQ|RAW_OR_META|WINDOW_L14D
F1708,CI_NON_CASH_CHQ_TXNS_L14D,Customer Induced Non Cash Non Cheque Total Txns - last 14D,False,NON_CASH_CHQ,COUNT,L14D,BOTH,BEHAVIORAL,False,,SAFE,COUNT|NON_CASH_CHQ|TRANSACTION_COUNT|WINDOW_L14D
F1709,CI_NON_CASH_CHQ_TXNS_CR_L14D,Customer Induced Non Cash Non Cheque Credit Txns - last 14D,False,NON_CASH_CHQ,COUNT,L14D,CREDIT,BEHAVIORAL,False,,SAFE,COUNT|CREDIT|NON_CASH_CHQ|TRANSACTION_COUNT|WINDOW_L14D
F1710,CI_NON_CASH_CHQ_TXNS_DB_L14D,Customer Induced Non Cash Non Cheque Debit Txns - last 14D,False,NON_CASH_CHQ,COUNT,L14D,DEBIT,BEHAVIORAL,False,,SAFE,COUNT|DEBIT|NON_CASH_CHQ|TRANSACTION_COUNT|WINDOW_L14D
F1711,CI_NON_CASH_CHQ_AMT_L14D,Customer Induced Non Cash Non Cheque Total Amount - last 14D,False,NON_CASH_CHQ,RAW_OR_META,L14D,BOTH,BEHAVIORAL,False,,SAFE,AMOUNT|NON_CASH_CHQ|RAW_OR_META|WINDOW_L14D
F1712,CI_NON_CASH_CHQ_AMT_CR_L14D,Customer Induced Non Cash Non Cheque Credit Amount - last 14D,False,NON_CASH_CHQ,RAW_OR_META,L14D,CREDIT,BEHAVIORAL,False,,SAFE,AMOUNT|CREDIT|NON_CASH_CHQ|RAW_OR_META|WINDOW_L14D
F1713,CI_NON_CASH_CHQ_AMT_DB_L14D,Customer Induced Non Cash Non Cheque Debit Amount - last 14D,False,NON_CASH_CHQ,RAW_OR_META,L14D,DEBIT,BEHAVIORAL,False,,SAFE,AMOUNT|DEBIT|NON_CASH_CHQ|RAW_OR_META|WINDOW_L14D
F1714,CI_TXNS_L14D,Customer Induced Total Txns - last 14D,False,CASH_INTENSIVE,COUNT,L14D,BOTH,BEHAVIORAL,False,,SAFE,CASH_INTENSIVE|COUNT|TRANSACTION_COUNT|WINDOW_L14D
F1715,CI_TXNS_CR_L14D,Customer Induced Credit Txns - last 14D,False,CASH_INTENSIVE,COUNT,L14D,CREDIT,BEHAVIORAL,False,,SAFE,CASH_INTENSIVE|COUNT|CREDIT|TRANSACTION_COUNT|WINDOW_L14D
F1716,CI_TXNS_DB_L14D,Customer Induced Debit Txns - last 14D,False,CASH_INTENSIVE,COUNT,L14D,DEBIT,BEHAVIORAL,False,,SAFE,CASH_INTENSIVE|COUNT|DEBIT|TRANSACTION_COUNT|WINDOW_L14D
F1717,CI_AMT_L14D,Customer Induced Total Amount - last 14D,False,CASH_INTENSIVE,RAW_OR_META,L14D,BOTH,BEHAVIORAL,False,,SAFE,AMOUNT|CASH_INTENSIVE|RAW_OR_META|WINDOW_L14D
F1718,CI_AMT_CR_L14D,Customer Induced Credit Amount - last 14D,False,CASH_INTENSIVE,RAW_OR_META,L14D,CREDIT,BEHAVIORAL,False,,SAFE,AMOUNT|CASH_INTENSIVE|CREDIT|RAW_OR_META|WINDOW_L14D
F1719,CI_AMT_DB_L14D,Customer Induced Debit Amount - last 14D,False,CASH_INTENSIVE,RAW_OR_META,L14D,DEBIT,BEHAVIORAL,False,,SAFE,AMOUNT|CASH_INTENSIVE|DEBIT|RAW_OR_META|WINDOW_L14D
F1720,ATM_TXNS_L14D,ATM Total Txns - last 14D,False,ATM,COUNT,L14D,BOTH,BEHAVIORAL,False,,SAFE,ATM|COUNT|TRANSACTION_COUNT|WINDOW_L14D
F1721,ATM_TXNS_CR_L14D,ATM Credit Txns - last 14D,False,ATM,COUNT,L14D,CREDIT,BEHAVIORAL,False,,SAFE,ATM|COUNT|CREDIT|TRANSACTION_COUNT|WINDOW_L14D
F1722,ATM_TXNS_DB_L14D,ATM Debit Txns - last 14D,False,ATM,COUNT,L14D,DEBIT,BEHAVIORAL,False,,SAFE,ATM|COUNT|DEBIT|TRANSACTION_COUNT|WINDOW_L14D
F1723,ATM_AMT_L14D,ATM Total Amount - last 14D,False,ATM,RAW_OR_META,L14D,BOTH,BEHAVIORAL,False,,SAFE,AMOUNT|ATM|RAW_OR_META|WINDOW_L14D
F1724,ATM_AMT_CR_L14D,ATM Credit Amount - last 14D,False,ATM,RAW_OR_META,L14D,CREDIT,BEHAVIORAL,False,,SAFE,AMOUNT|ATM|CREDIT|RAW_OR_META|WINDOW_L14D
F1725,ATM_AMT_DB_L14D,ATM Debit Amount - last 14D,False,ATM,RAW_OR_META,L14D,DEBIT,BEHAVIORAL,False,,SAFE,AMOUNT|ATM|DEBIT|RAW_OR_META|WINDOW_L14D
F1726,BI_FEES_CHRGS_TXNS_L14D,Bank Induced Fees Charges Total Txns - last 14D,False,FEES_AND_CHARGES,COUNT,L14D,BOTH,BEHAVIORAL,False,,SAFE,COUNT|FEES_AND_CHARGES|TRANSACTION_COUNT|WINDOW_L14D
F1727,BI_FEES_CHRGS_TXNS_CR_L14D,Bank Induced Fees Charges Credit Txns - last 14D,False,FEES_AND_CHARGES,COUNT,L14D,CREDIT,BEHAVIORAL,False,,SAFE,COUNT|CREDIT|FEES_AND_CHARGES|TRANSACTION_COUNT|WINDOW_L14D
F1728,BI_FEES_CHRGS_TXNS_DB_L14D,Bank Induced Fees Charges Debit Txns - last 14D,False,FEES_AND_CHARGES,COUNT,L14D,DEBIT,BEHAVIORAL,False,,SAFE,COUNT|DEBIT|FEES_AND_CHARGES|TRANSACTION_COUNT|WINDOW_L14D
F1729,BI_FEES_CHRGS_AMT_L14D,Bank Induced Fees Charges Total Amount - last 14D,False,FEES_AND_CHARGES,RAW_OR_META,L14D,BOTH,BEHAVIORAL,False,,SAFE,AMOUNT|FEES_AND_CHARGES|RAW_OR_META|WINDOW_L14D
F1730,BI_FEES_CHRGS_AMT_CR_L14D,Bank Induced Fees Charges Credit Amount - last 14D,False,FEES_AND_CHARGES,RAW_OR_META,L14D,CREDIT,BEHAVIORAL,False,,SAFE,AMOUNT|CREDIT|FEES_AND_CHARGES|RAW_OR_META|WINDOW_L14D
F1731,BI_FEES_CHRGS_AMT_DB_L14D,Bank Induced Fees Charges Debit Amount - last 14D,False,FEES_AND_CHARGES,RAW_OR_META,L14D,DEBIT,BEHAVIORAL,False,,SAFE,AMOUNT|DEBIT|FEES_AND_CHARGES|RAW_OR_META|WINDOW_L14D
F1732,CI_FEES_CHRGS_TXNS_L14D,Customer Induced Fees Charges Total Txns - last 14D,False,FEES_AND_CHARGES,COUNT,L14D,BOTH,BEHAVIORAL,False,,SAFE,COUNT|FEES_AND_CHARGES|TRANSACTION_COUNT|WINDOW_L14D
F1733,CI_FEES_CHRGS_TXNS_CR_L14D,Customer Induced Fees Charges Credit Txns - last 14D,False,FEES_AND_CHARGES,COUNT,L14D,CREDIT,BEHAVIORAL,False,,SAFE,COUNT|CREDIT|FEES_AND_CHARGES|TRANSACTION_COUNT|WINDOW_L14D
F1734,CI_FEES_CHRGS_TXNS_DB_L14D,Customer Induced Fees Charges Debit Txns - last 14D,False,FEES_AND_CHARGES,COUNT,L14D,DEBIT,BEHAVIORAL,False,,SAFE,COUNT|DEBIT|FEES_AND_CHARGES|TRANSACTION_COUNT|WINDOW_L14D
F1735,CI_FEES_CHRGS_AMT_L14D,Customer Induced Fees Charges Total Amount - last 14D,False,FEES_AND_CHARGES,RAW_OR_META,L14D,BOTH,BEHAVIORAL,False,,SAFE,AMOUNT|FEES_AND_CHARGES|RAW_OR_META|WINDOW_L14D
F1736,CI_FEES_CHRGS_AMT_CR_L14D,Customer Induced Fees Charges Credit Amount - last 14D,False,FEES_AND_CHARGES,RAW_OR_META,L14D,CREDIT,BEHAVIORAL,False,,SAFE,AMOUNT|CREDIT|FEES_AND_CHARGES|RAW_OR_META|WINDOW_L14D
F1737,CI_FEES_CHRGS_AMT_DB_L14D,Customer Induced Fees Charges Debit Amount - last 14D,False,FEES_AND_CHARGES,RAW_OR_META,L14D,DEBIT,BEHAVIORAL,False,,SAFE,AMOUNT|DEBIT|FEES_AND_CHARGES|RAW_OR_META|WINDOW_L14D
F1738,GST_TXNS_L14D,GST Total Txns - last 14D,False,GST,COUNT,L14D,BOTH,BEHAVIORAL,False,,SAFE,COUNT|GST|TRANSACTION_COUNT|WINDOW_L14D
F1739,GST_TXNS_CR_L14D,GST Credit Txns - last 14D,False,GST,COUNT,L14D,CREDIT,BEHAVIORAL,False,,SAFE,COUNT|CREDIT|GST|TRANSACTION_COUNT|WINDOW_L14D
F1740,GST_TXNS_DB_L14D,GST Debit Txns - last 14D,False,GST,COUNT,L14D,DEBIT,BEHAVIORAL,False,,SAFE,COUNT|DEBIT|GST|TRANSACTION_COUNT|WINDOW_L14D
F1741,GST_AMT_L14D,GST Total Amount - last 14D,False,GST,RAW_OR_META,L14D,BOTH,BEHAVIORAL,False,,SAFE,AMOUNT|GST|RAW_OR_META|WINDOW_L14D
F1742,GST_AMT_CR_L14D,GST Credit Amount - last 14D,False,GST,RAW_OR_META,L14D,CREDIT,BEHAVIORAL,False,,SAFE,AMOUNT|CREDIT|GST|RAW_OR_META|WINDOW_L14D
F1743,GST_AMT_DB_L14D,GST Debit Amount - last 14D,False,GST,RAW_OR_META,L14D,DEBIT,BEHAVIORAL,False,,SAFE,AMOUNT|DEBIT|GST|RAW_OR_META|WINDOW_L14D
F1744,ELEC_XFER_TXNS_L14D,Online Transfer (IMPS+NEFT+RTGS) Total Txns - last 14D,False,ELEC_XFER,COUNT,L14D,BOTH,BEHAVIORAL,False,,SAFE,COUNT|ELEC_XFER|TRANSACTION_COUNT|WINDOW_L14D
F1745,ELEC_XFER_TXNS_CR_L14D,Online Transfer (IMPS+NEFT+RTGS) Credit Txns - last 14D,False,ELEC_XFER,COUNT,L14D,CREDIT,BEHAVIORAL,False,,SAFE,COUNT|CREDIT|ELEC_XFER|TRANSACTION_COUNT|WINDOW_L14D
F1746,ELEC_XFER_TXNS_DB_L14D,Online Transfer (IMPS+NEFT+RTGS) Debit Txns - last 14D,False,ELEC_XFER,COUNT,L14D,DEBIT,BEHAVIORAL,False,,SAFE,COUNT|DEBIT|ELEC_XFER|TRANSACTION_COUNT|WINDOW_L14D
F1747,ELEC_XFER_AMT_L14D,Online Transfer (IMPS+NEFT+RTGS) Total Amount - last 14D,False,ELEC_XFER,RAW_OR_META,L14D,BOTH,BEHAVIORAL,False,,SAFE,AMOUNT|ELEC_XFER|RAW_OR_META|WINDOW_L14D
F1748,ELEC_XFER_AMT_CR_L14D,Online Transfer (IMPS+NEFT+RTGS) Credit Amount - last 14D,False,ELEC_XFER,RAW_OR_META,L14D,CREDIT,BEHAVIORAL,False,,SAFE,AMOUNT|CREDIT|ELEC_XFER|RAW_OR_META|WINDOW_L14D
F1749,ELEC_XFER_AMT_DB_L14D,Online Transfer (IMPS+NEFT+RTGS) Debit Amount - last 14D,False,ELEC_XFER,RAW_OR_META,L14D,DEBIT,BEHAVIORAL,False,,SAFE,AMOUNT|DEBIT|ELEC_XFER|RAW_OR_META|WINDOW_L14D
F1750,UPI_XFER_TXNS_L14D,UPI Total Txns - last 14D,False,UPI_XFER,COUNT,L14D,BOTH,BEHAVIORAL,False,,SAFE,COUNT|TRANSACTION_COUNT|UPI_XFER|WINDOW_L14D
F1751,UPI_TXNS_CR_L14D,UPI Total Amount - last 14D,False,UPI,COUNT,L14D,CREDIT,BEHAVIORAL,False,,SAFE,AMOUNT|COUNT|CREDIT|UPI|WINDOW_L14D
F1752,UPI_TXNS_DB_L14D,UPI Credit Txns - last 14D,False,UPI,COUNT,L14D,DEBIT,BEHAVIORAL,False,,SAFE,COUNT|DEBIT|TRANSACTION_COUNT|UPI|WINDOW_L14D
F1753,UPI_XFER_AMT_L14D,UPI Debit Txns - last 14D,False,UPI_XFER,RAW_OR_META,L14D,BOTH,BEHAVIORAL,False,,SAFE,AMOUNT|RAW_OR_META|TRANSACTION_COUNT|UPI_XFER|WINDOW_L14D
F1754,UPI_AMT_CR_L14D,UPI Credit Amount - last 14D,False,UPI,RAW_OR_META,L14D,CREDIT,BEHAVIORAL,False,,SAFE,AMOUNT|CREDIT|RAW_OR_META|UPI|WINDOW_L14D
F1755,UPI_AMT_DB_L14D,UPI Debit Amount - last 14D,False,UPI,RAW_OR_META,L14D,DEBIT,BEHAVIORAL,False,,SAFE,AMOUNT|DEBIT|RAW_OR_META|UPI|WINDOW_L14D
F1756,NET_BNKING_TXNS_L14D,Net Banking Total Txns - last 14D,False,NET_BANKING,COUNT,L14D,BOTH,BEHAVIORAL,False,,SAFE,COUNT|NET_BANKING|TRANSACTION_COUNT|WINDOW_L14D
F1757,NET_BNKING_TXNS_CR_L14D,Net Banking Credit Txns - last 14D,False,NET_BANKING,COUNT,L14D,CREDIT,BEHAVIORAL,False,,SAFE,COUNT|CREDIT|NET_BANKING|TRANSACTION_COUNT|WINDOW_L14D
F1758,NET_BNKING_TXNS_DB_L14D,Net Banking Debit Txns - last 14D,False,NET_BANKING,COUNT,L14D,DEBIT,BEHAVIORAL,False,,SAFE,COUNT|DEBIT|NET_BANKING|TRANSACTION_COUNT|WINDOW_L14D
F1759,NET_BNKING_AMT_L14D,Net Banking Total Amount - last 14D,False,NET_BANKING,RAW_OR_META,L14D,BOTH,BEHAVIORAL,False,,SAFE,AMOUNT|NET_BANKING|RAW_OR_META|WINDOW_L14D
F1760,NET_BNKING_AMT_CR_L14D,Net Banking Credit Amount - last 14D,False,NET_BANKING,RAW_OR_META,L14D,CREDIT,BEHAVIORAL,False,,SAFE,AMOUNT|CREDIT|NET_BANKING|RAW_OR_META|WINDOW_L14D
F1761,NET_BNKING_AMT_DB_L14D,Net Banking Debit Amount - last 14D,False,NET_BANKING,RAW_OR_META,L14D,DEBIT,BEHAVIORAL,False,,SAFE,AMOUNT|DEBIT|NET_BANKING|RAW_OR_META|WINDOW_L14D
F1762,MOB_BNKING_TXNS_L14D,Mobile Banking Total Txns - last 14D,False,MOBILE_BANKING,COUNT,L14D,BOTH,BEHAVIORAL,False,,SAFE,COUNT|MOBILE_BANKING|TRANSACTION_COUNT|WINDOW_L14D
F1763,MBNKING_TXNS_CR_L14D,Mobile Banking Credit Txns - last 14D,False,MOBILE_BANKING,COUNT,L14D,CREDIT,BEHAVIORAL,False,,SAFE,COUNT|CREDIT|MOBILE_BANKING|TRANSACTION_COUNT|WINDOW_L14D
F1764,MBNKING_TXNS_DB_L14D,Mobile Banking Debit Txns - last 14D,False,MOBILE_BANKING,COUNT,L14D,DEBIT,BEHAVIORAL,False,,SAFE,COUNT|DEBIT|MOBILE_BANKING|TRANSACTION_COUNT|WINDOW_L14D
F1765,MOB_BNKING_AMT_L14D,Mobile Banking Total Amount - last 14D,False,MOBILE_BANKING,RAW_OR_META,L14D,BOTH,BEHAVIORAL,False,,SAFE,AMOUNT|MOBILE_BANKING|RAW_OR_META|WINDOW_L14D
F1766,MBNKING_AMT_CR_L14D,Mobile Banking Credit Amount - last 14D,False,MOBILE_BANKING,RAW_OR_META,L14D,CREDIT,BEHAVIORAL,False,,SAFE,AMOUNT|CREDIT|MOBILE_BANKING|RAW_OR_META|WINDOW_L14D
F1767,MBNKING_AMT_DB_L14D,Mobile Banking Debit Amount - last 14D,False,MOBILE_BANKING,RAW_OR_META,L14D,DEBIT,BEHAVIORAL,False,,SAFE,AMOUNT|DEBIT|MOBILE_BANKING|RAW_OR_META|WINDOW_L14D
F1768,POS_PYMT_TXNS_L14D,Merchant Payment Total Txns - last 14D,False,POS_MERCHANT,COUNT,L14D,BOTH,BEHAVIORAL,False,,SAFE,COUNT|POS_MERCHANT|TRANSACTION_COUNT|WINDOW_L14D
F1769,POS_PYMT_TXNS_CR_L14D,Merchant Payment Credit Txns - last 14D,False,POS_MERCHANT,COUNT,L14D,CREDIT,BEHAVIORAL,False,,SAFE,COUNT|CREDIT|POS_MERCHANT|TRANSACTION_COUNT|WINDOW_L14D
F1770,POS_PYMT_TXNS_DB_L14D,Merchant Payment Debit Txns - last 14D,False,POS_MERCHANT,COUNT,L14D,DEBIT,BEHAVIORAL,False,,SAFE,COUNT|DEBIT|POS_MERCHANT|TRANSACTION_COUNT|WINDOW_L14D
F1771,POS_PYMT_AMT_L14D,Merchant Payment Total Amount - last 14D,False,POS_MERCHANT,RAW_OR_META,L14D,BOTH,BEHAVIORAL,False,,SAFE,AMOUNT|POS_MERCHANT|RAW_OR_META|WINDOW_L14D
F1772,POS_PYMT_AMT_CR_L14D,Merchant Payment Credit Amount - last 14D,False,POS_MERCHANT,RAW_OR_META,L14D,CREDIT,BEHAVIORAL,False,,SAFE,AMOUNT|CREDIT|POS_MERCHANT|RAW_OR_META|WINDOW_L14D
F1773,POS_PYMT_AMT_DB_L14D,Merchant Payment Debit Amount - last 14D,False,POS_MERCHANT,RAW_OR_META,L14D,DEBIT,BEHAVIORAL,False,,SAFE,AMOUNT|DEBIT|POS_MERCHANT|RAW_OR_META|WINDOW_L14D
F1774,BBPS_TXNS_L14D,Bharat Bill Payment System Total Txns - last 14D,False,BBPS,COUNT,L14D,BOTH,BEHAVIORAL,False,,SAFE,BBPS|COUNT|TRANSACTION_COUNT|WINDOW_L14D
F1775,BBPS_TXNS_CR_L14D,Bharat Bill Payment System Credit Txns - last 14D,False,BBPS,COUNT,L14D,CREDIT,BEHAVIORAL,False,,SAFE,BBPS|COUNT|CREDIT|TRANSACTION_COUNT|WINDOW_L14D
F1776,BBPS_TXNS_DB_L14D,Bharat Bill Payment System Debit Txns - last 14D,False,BBPS,COUNT,L14D,DEBIT,BEHAVIORAL,False,,SAFE,BBPS|COUNT|DEBIT|TRANSACTION_COUNT|WINDOW_L14D
F1777,BBPS_AMT_L14D,Bharat Bill Payment System Total Amount - last 14D,False,BBPS,RAW_OR_META,L14D,BOTH,BEHAVIORAL,False,,SAFE,AMOUNT|BBPS|RAW_OR_META|WINDOW_L14D
F1778,BBPS_AMT_CR_L14D,Bharat Bill Payment System Credit Amount - last 14D,False,BBPS,RAW_OR_META,L14D,CREDIT,BEHAVIORAL,False,,SAFE,AMOUNT|BBPS|CREDIT|RAW_OR_META|WINDOW_L14D
F1779,BBPS_AMT_DB_L14D,Bharat Bill Payment System Debit Amount - last 14D,False,BBPS,RAW_OR_META,L14D,DEBIT,BEHAVIORAL,False,,SAFE,AMOUNT|BBPS|DEBIT|RAW_OR_META|WINDOW_L14D
F1780,APB_TXNS_L14D,Aadhar Payment Bridge Total Txns - last 14D,False,AADHAAR_PAYMENT_BRIDGE,COUNT,L14D,BOTH,BEHAVIORAL,False,,SAFE,AADHAAR_PAYMENT_BRIDGE|COUNT|TRANSACTION_COUNT|WINDOW_L14D
F1781,APB_TXNS_CR_L14D,Aadhar Payment Bridge Credit Txns - last 14D,False,AADHAAR_PAYMENT_BRIDGE,COUNT,L14D,CREDIT,BEHAVIORAL,False,,SAFE,AADHAAR_PAYMENT_BRIDGE|COUNT|CREDIT|TRANSACTION_COUNT|WINDOW_L14D
F1782,APB_TXNS_DB_L14D,Aadhar Payment Bridge Debit Txns - last 14D,False,AADHAAR_PAYMENT_BRIDGE,COUNT,L14D,DEBIT,BEHAVIORAL,False,,SAFE,AADHAAR_PAYMENT_BRIDGE|COUNT|DEBIT|TRANSACTION_COUNT|WINDOW_L14D
F1783,APB_AMT_L14D,Aadhar Payment Bridge Total Amount - last 14D,False,AADHAAR_PAYMENT_BRIDGE,RAW_OR_META,L14D,BOTH,BEHAVIORAL,False,,SAFE,AADHAAR_PAYMENT_BRIDGE|AMOUNT|RAW_OR_META|WINDOW_L14D
F1784,APB_AMT_CR_L14D,Aadhar Payment Bridge Credit Amount - last 14D,False,AADHAAR_PAYMENT_BRIDGE,RAW_OR_META,L14D,CREDIT,BEHAVIORAL,False,,SAFE,AADHAAR_PAYMENT_BRIDGE|AMOUNT|CREDIT|RAW_OR_META|WINDOW_L14D
F1785,APB_AMT_DB_L14D,Aadhar Payment Bridge Debit Amount - last 14D,False,AADHAAR_PAYMENT_BRIDGE,RAW_OR_META,L14D,DEBIT,BEHAVIORAL,False,,SAFE,AADHAAR_PAYMENT_BRIDGE|AMOUNT|DEBIT|RAW_OR_META|WINDOW_L14D
F1786,LOAN_TXNS_L14D,Loan Total Txns - last 14D,False,LOAN,COUNT,L14D,BOTH,BEHAVIORAL,False,,SAFE,COUNT|LOAN|TRANSACTION_COUNT|WINDOW_L14D
F1787,LOAN_TXNS_CR_L14D,Loan Credit Txns - last 14D,False,LOAN,COUNT,L14D,CREDIT,BEHAVIORAL,False,,SAFE,COUNT|CREDIT|LOAN|TRANSACTION_COUNT|WINDOW_L14D
F1788,LOAN_TXNS_DB_L14D,Loan Debit Txns - last 14D,False,LOAN,COUNT,L14D,DEBIT,BEHAVIORAL,False,,SAFE,COUNT|DEBIT|LOAN|TRANSACTION_COUNT|WINDOW_L14D
F1789,LOAN_AMT_L14D,Loan Total Amount - last 14D,False,LOAN,RAW_OR_META,L14D,BOTH,BEHAVIORAL,False,,SAFE,AMOUNT|LOAN|RAW_OR_META|WINDOW_L14D
F1790,LOAN_AMT_CR_L14D,Loan Credit Amount - last 14D,False,LOAN,RAW_OR_META,L14D,CREDIT,BEHAVIORAL,False,,SAFE,AMOUNT|CREDIT|LOAN|RAW_OR_META|WINDOW_L14D
F1791,LOAN_AMT_DB_L14D,Loan Debit Amount - last 14D,False,LOAN,RAW_OR_META,L14D,DEBIT,BEHAVIORAL,False,,SAFE,AMOUNT|DEBIT|LOAN|RAW_OR_META|WINDOW_L14D
F1792,STDNG_INSTR_L14D,Standing Instruction Total Txns - last 14D,False,STANDING_INSTRUCTION,RAW_OR_META,L14D,BOTH,BEHAVIORAL,False,,SAFE,RAW_OR_META|STANDING_INSTRUCTION|TRANSACTION_COUNT|WINDOW_L14D
F1793,STDNG_INSTR_CR_TXNS_L14D,Standing Instruction Credit Txns - last 14D,False,STANDING_INSTRUCTION,COUNT,L14D,CREDIT,BEHAVIORAL,False,,SAFE,COUNT|CREDIT|STANDING_INSTRUCTION|TRANSACTION_COUNT|WINDOW_L14D
F1794,STDNG_INSTR_DB_TXNS_L14D,Standing Instruction Debit Txns - last 14D,False,STANDING_INSTRUCTION,COUNT,L14D,DEBIT,BEHAVIORAL,False,,SAFE,COUNT|DEBIT|STANDING_INSTRUCTION|TRANSACTION_COUNT|WINDOW_L14D
F1795,STDNG_INSTR_AMT_L14D,Standing Instruction Total Amount - last 14D,False,STANDING_INSTRUCTION,RAW_OR_META,L14D,BOTH,BEHAVIORAL,False,,SAFE,AMOUNT|RAW_OR_META|STANDING_INSTRUCTION|WINDOW_L14D
F1796,STDNG_INSTR_AMT_CR_L14D,Standing Instruction Credit Amount - last 14D,False,STANDING_INSTRUCTION,RAW_OR_META,L14D,CREDIT,BEHAVIORAL,False,,SAFE,AMOUNT|CREDIT|RAW_OR_META|STANDING_INSTRUCTION|WINDOW_L14D
F1797,STDNG_INSTR_AMT_DB_L14D,Standing Instruction Debit Amount - last 14D,False,STANDING_INSTRUCTION,RAW_OR_META,L14D,DEBIT,BEHAVIORAL,False,,SAFE,AMOUNT|DEBIT|RAW_OR_META|STANDING_INSTRUCTION|WINDOW_L14D
F1798,CASH_TXNS_L31D,Cash Total Txns - last 31D,False,CASH,COUNT,L31D,BOTH,BEHAVIORAL,False,,SAFE,CASH|COUNT|LONG_WINDOW|TRANSACTION_COUNT|WINDOW_L31D
F1799,CASH_TXNS_CR_L31D,Cash Credit Txns - last 31D,False,CASH,COUNT,L31D,CREDIT,BEHAVIORAL,False,,SAFE,CASH|COUNT|CREDIT|LONG_WINDOW|TRANSACTION_COUNT|WINDOW_L31D
F1800,CASH_TXNS_DB_L31D,Cash Debit Txns - last 31D,False,CASH,COUNT,L31D,DEBIT,BEHAVIORAL,False,,SAFE,CASH|COUNT|DEBIT|LONG_WINDOW|TRANSACTION_COUNT|WINDOW_L31D
F1801,CASH_AMT_L31D,Cash Total Amount - last 31D,False,CASH,RAW_OR_META,L31D,BOTH,BEHAVIORAL,False,,SAFE,AMOUNT|CASH|LONG_WINDOW|RAW_OR_META|WINDOW_L31D
F1802,CASH_AMT_CR_L31D,Cash Credit Amount - last 31D,False,CASH,RAW_OR_META,L31D,CREDIT,BEHAVIORAL,False,,SAFE,AMOUNT|CASH|CREDIT|LONG_WINDOW|RAW_OR_META|WINDOW_L31D
F1803,CASH_AMT_DB_L31D,Cash Debit Amount - last 31D,False,CASH,RAW_OR_META,L31D,DEBIT,BEHAVIORAL,False,,SAFE,AMOUNT|CASH|DEBIT|LONG_WINDOW|RAW_OR_META|WINDOW_L31D
F1804,CHQ_TXNS_L31D,Cheque Total Txns - last 31D,False,CHEQUE,COUNT,L31D,BOTH,BEHAVIORAL,False,,SAFE,CHEQUE|COUNT|LONG_WINDOW|TRANSACTION_COUNT|WINDOW_L31D
F1805,CHQ_TXNS_CR_L31D,Cheque Credit Txns - last 31D,False,CHEQUE,COUNT,L31D,CREDIT,BEHAVIORAL,False,,SAFE,CHEQUE|COUNT|CREDIT|LONG_WINDOW|TRANSACTION_COUNT|WINDOW_L31D
F1806,CHQ_TXNS_DB_L31D,Cheque Debit Txns - last 31D,False,CHEQUE,COUNT,L31D,DEBIT,BEHAVIORAL,False,,SAFE,CHEQUE|COUNT|DEBIT|LONG_WINDOW|TRANSACTION_COUNT|WINDOW_L31D
F1807,CHQ_AMT_L31D,Cheque Total Amount - last 31D,False,CHEQUE,RAW_OR_META,L31D,BOTH,BEHAVIORAL,False,,SAFE,AMOUNT|CHEQUE|LONG_WINDOW|RAW_OR_META|WINDOW_L31D
F1808,CHQ_AMT_CR_L31D,Cheque Credit Amount - last 31D,False,CHEQUE,RAW_OR_META,L31D,CREDIT,BEHAVIORAL,False,,SAFE,AMOUNT|CHEQUE|CREDIT|LONG_WINDOW|RAW_OR_META|WINDOW_L31D
F1809,CHQ_AMT_DB_L31D,Cheque Debit Amount - last 31D,False,CHEQUE,RAW_OR_META,L31D,DEBIT,BEHAVIORAL,False,,SAFE,AMOUNT|CHEQUE|DEBIT|LONG_WINDOW|RAW_OR_META|WINDOW_L31D
F1810,NON_CASH_CHQ_TXNS_L31D,Non Cash Non Cheque Total Txns - last 31D,False,NON_CASH_CHQ,COUNT,L31D,BOTH,BEHAVIORAL,False,,SAFE,COUNT|LONG_WINDOW|NON_CASH_CHQ|TRANSACTION_COUNT|WINDOW_L31D
F1811,NON_CASH_CHQ_TXNS_CR_L31D,Non Cash Non Cheque Credit Txns - last 31D,False,NON_CASH_CHQ,COUNT,L31D,CREDIT,BEHAVIORAL,False,,SAFE,COUNT|CREDIT|LONG_WINDOW|NON_CASH_CHQ|TRANSACTION_COUNT|WINDOW_L31D
F1812,NON_CASH_CHQ_TXNS_DB_L31D,Non Cash Non Cheque Debit Txns - last 31D,False,NON_CASH_CHQ,COUNT,L31D,DEBIT,BEHAVIORAL,False,,SAFE,COUNT|DEBIT|LONG_WINDOW|NON_CASH_CHQ|TRANSACTION_COUNT|WINDOW_L31D
F1813,NON_CASH_CHQ_AMT_L31D,Non Cash Non Cheque Total Amount - last 31D,False,NON_CASH_CHQ,RAW_OR_META,L31D,BOTH,BEHAVIORAL,False,,SAFE,AMOUNT|LONG_WINDOW|NON_CASH_CHQ|RAW_OR_META|WINDOW_L31D
F1814,NON_CASH_CHQ_AMT_CR_L31D,Non Cash Non Cheque Credit Amount - last 31D,False,NON_CASH_CHQ,RAW_OR_META,L31D,CREDIT,BEHAVIORAL,False,,SAFE,AMOUNT|CREDIT|LONG_WINDOW|NON_CASH_CHQ|RAW_OR_META|WINDOW_L31D
F1815,NON_CASH_CHQ_AMT_DB_L31D,Non Cash Non Cheque Debit Amount - last 31D,False,NON_CASH_CHQ,RAW_OR_META,L31D,DEBIT,BEHAVIORAL,False,,SAFE,AMOUNT|DEBIT|LONG_WINDOW|NON_CASH_CHQ|RAW_OR_META|WINDOW_L31D
F1816,CI_NON_CASH_CHQ_TXNS_L31D,Customer Induced Non Cash Non Cheque Total Txns - last 31D,False,NON_CASH_CHQ,COUNT,L31D,BOTH,BEHAVIORAL,False,,SAFE,COUNT|LONG_WINDOW|NON_CASH_CHQ|TRANSACTION_COUNT|WINDOW_L31D
F1817,CI_NON_CASH_CHQ_TXNS_CR_L31D,Customer Induced Non Cash Non Cheque Credit Txns - last 31D,False,NON_CASH_CHQ,COUNT,L31D,CREDIT,BEHAVIORAL,False,,SAFE,COUNT|CREDIT|LONG_WINDOW|NON_CASH_CHQ|TRANSACTION_COUNT|WINDOW_L31D
F1818,CI_NON_CASH_CHQ_TXNS_DB_L31D,Customer Induced Non Cash Non Cheque Debit Txns - last 31D,False,NON_CASH_CHQ,COUNT,L31D,DEBIT,BEHAVIORAL,False,,SAFE,COUNT|DEBIT|LONG_WINDOW|NON_CASH_CHQ|TRANSACTION_COUNT|WINDOW_L31D
F1819,CI_NON_CASH_CHQ_AMT_L31D,Customer Induced Non Cash Non Cheque Total Amount - last 31D,False,NON_CASH_CHQ,RAW_OR_META,L31D,BOTH,BEHAVIORAL,False,,SAFE,AMOUNT|LONG_WINDOW|NON_CASH_CHQ|RAW_OR_META|WINDOW_L31D
F1820,CI_NON_CASH_CHQ_AMT_CR_L31D,Customer Induced Non Cash Non Cheque Credit Amount - last 31D,False,NON_CASH_CHQ,RAW_OR_META,L31D,CREDIT,BEHAVIORAL,False,,SAFE,AMOUNT|CREDIT|LONG_WINDOW|NON_CASH_CHQ|RAW_OR_META|WINDOW_L31D
F1821,CI_NON_CASH_CHQ_AMT_DB_L31D,Customer Induced Non Cash Non Cheque Debit Amount - last 31D,False,NON_CASH_CHQ,RAW_OR_META,L31D,DEBIT,BEHAVIORAL,False,,SAFE,AMOUNT|DEBIT|LONG_WINDOW|NON_CASH_CHQ|RAW_OR_META|WINDOW_L31D
F1822,CI_TXNS_L31D,Customer Induced Total Txns - last 31D,False,CASH_INTENSIVE,COUNT,L31D,BOTH,BEHAVIORAL,False,,SAFE,CASH_INTENSIVE|COUNT|LONG_WINDOW|TRANSACTION_COUNT|WINDOW_L31D
F1823,CI_TXNS_CR_L31D,Customer Induced Credit Txns - last 31D,False,CASH_INTENSIVE,COUNT,L31D,CREDIT,BEHAVIORAL,False,,SAFE,CASH_INTENSIVE|COUNT|CREDIT|LONG_WINDOW|TRANSACTION_COUNT|WINDOW_L31D
F1824,CI_TXNS_DB_L31D,Customer Induced Debit Txns - last 31D,False,CASH_INTENSIVE,COUNT,L31D,DEBIT,BEHAVIORAL,False,,SAFE,CASH_INTENSIVE|COUNT|DEBIT|LONG_WINDOW|TRANSACTION_COUNT|WINDOW_L31D
F1825,CI_AMT_L31D,Customer Induced Total Amount - last 31D,False,CASH_INTENSIVE,RAW_OR_META,L31D,BOTH,BEHAVIORAL,False,,SAFE,AMOUNT|CASH_INTENSIVE|LONG_WINDOW|RAW_OR_META|WINDOW_L31D
F1826,CI_AMT_CR_L31D,Customer Induced Credit Amount - last 31D,False,CASH_INTENSIVE,RAW_OR_META,L31D,CREDIT,BEHAVIORAL,False,,SAFE,AMOUNT|CASH_INTENSIVE|CREDIT|LONG_WINDOW|RAW_OR_META|WINDOW_L31D
F1827,CI_AMT_DB_L31D,Customer Induced Debit Amount - last 31D,False,CASH_INTENSIVE,RAW_OR_META,L31D,DEBIT,BEHAVIORAL,False,,SAFE,AMOUNT|CASH_INTENSIVE|DEBIT|LONG_WINDOW|RAW_OR_META|WINDOW_L31D
F1828,ATM_TXNS_L31D,ATM Total Txns - last 31D,False,ATM,COUNT,L31D,BOTH,BEHAVIORAL,False,,SAFE,ATM|COUNT|LONG_WINDOW|TRANSACTION_COUNT|WINDOW_L31D
F1829,ATM_TXNS_CR_L31D,ATM Credit Txns - last 31D,False,ATM,COUNT,L31D,CREDIT,BEHAVIORAL,False,,SAFE,ATM|COUNT|CREDIT|LONG_WINDOW|TRANSACTION_COUNT|WINDOW_L31D
F1830,ATM_TXNS_DB_L31D,ATM Debit Txns - last 31D,False,ATM,COUNT,L31D,DEBIT,BEHAVIORAL,False,,SAFE,ATM|COUNT|DEBIT|LONG_WINDOW|TRANSACTION_COUNT|WINDOW_L31D
F1831,ATM_AMT_L31D,ATM Total Amount - last 31D,False,ATM,RAW_OR_META,L31D,BOTH,BEHAVIORAL,False,,SAFE,AMOUNT|ATM|LONG_WINDOW|RAW_OR_META|WINDOW_L31D
F1832,ATM_AMT_CR_L31D,ATM Credit Amount - last 31D,False,ATM,RAW_OR_META,L31D,CREDIT,BEHAVIORAL,False,,SAFE,AMOUNT|ATM|CREDIT|LONG_WINDOW|RAW_OR_META|WINDOW_L31D
F1833,ATM_AMT_DB_L31D,ATM Debit Amount - last 31D,False,ATM,RAW_OR_META,L31D,DEBIT,BEHAVIORAL,False,,SAFE,AMOUNT|ATM|DEBIT|LONG_WINDOW|RAW_OR_META|WINDOW_L31D
F1834,BI_FEES_CHRGS_TXNS_L31D,Bank Induced Fees Charges Total Txns - last 31D,False,FEES_AND_CHARGES,COUNT,L31D,BOTH,BEHAVIORAL,False,,SAFE,COUNT|FEES_AND_CHARGES|LONG_WINDOW|TRANSACTION_COUNT|WINDOW_L31D
F1835,BI_FEES_CHRGS_TXNS_CR_L31D,Bank Induced Fees Charges Credit Txns - last 31D,False,FEES_AND_CHARGES,COUNT,L31D,CREDIT,BEHAVIORAL,False,,SAFE,COUNT|CREDIT|FEES_AND_CHARGES|LONG_WINDOW|TRANSACTION_COUNT|WINDOW_L31D
F1836,BI_FEES_CHRGS_TXNS_DB_L31D,Bank Induced Fees Charges Debit Txns - last 31D,False,FEES_AND_CHARGES,COUNT,L31D,DEBIT,BEHAVIORAL,False,,SAFE,COUNT|DEBIT|FEES_AND_CHARGES|LONG_WINDOW|TRANSACTION_COUNT|WINDOW_L31D
F1837,BI_FEES_CHRGS_AMT_L31D,Bank Induced Fees Charges Total Amount - last 31D,False,FEES_AND_CHARGES,RAW_OR_META,L31D,BOTH,BEHAVIORAL,False,,SAFE,AMOUNT|FEES_AND_CHARGES|LONG_WINDOW|RAW_OR_META|WINDOW_L31D
F1838,BI_FEES_CHRGS_AMT_CR_L31D,Bank Induced Fees Charges Credit Amount - last 31D,False,FEES_AND_CHARGES,RAW_OR_META,L31D,CREDIT,BEHAVIORAL,False,,SAFE,AMOUNT|CREDIT|FEES_AND_CHARGES|LONG_WINDOW|RAW_OR_META|WINDOW_L31D
F1839,BI_FEES_CHRGS_AMT_DB_L31D,Bank Induced Fees Charges Debit Amount - last 31D,False,FEES_AND_CHARGES,RAW_OR_META,L31D,DEBIT,BEHAVIORAL,False,,SAFE,AMOUNT|DEBIT|FEES_AND_CHARGES|LONG_WINDOW|RAW_OR_META|WINDOW_L31D
F1840,CI_FEES_CHRGS_TXNS_L31D,Customer Induced Fees Charges Total Txns - last 31D,False,FEES_AND_CHARGES,COUNT,L31D,BOTH,BEHAVIORAL,False,,SAFE,COUNT|FEES_AND_CHARGES|LONG_WINDOW|TRANSACTION_COUNT|WINDOW_L31D
F1841,CI_FEES_CHRGS_TXNS_CR_L31D,Customer Induced Fees Charges Credit Txns - last 31D,False,FEES_AND_CHARGES,COUNT,L31D,CREDIT,BEHAVIORAL,False,,SAFE,COUNT|CREDIT|FEES_AND_CHARGES|LONG_WINDOW|TRANSACTION_COUNT|WINDOW_L31D
F1842,CI_FEES_CHRGS_TXNS_DB_L31D,Customer Induced Fees Charges Debit Txns - last 31D,False,FEES_AND_CHARGES,COUNT,L31D,DEBIT,BEHAVIORAL,False,,SAFE,COUNT|DEBIT|FEES_AND_CHARGES|LONG_WINDOW|TRANSACTION_COUNT|WINDOW_L31D
F1843,CI_FEES_CHRGS_AMT_L31D,Customer Induced Fees Charges Total Amount - last 31D,False,FEES_AND_CHARGES,RAW_OR_META,L31D,BOTH,BEHAVIORAL,False,,SAFE,AMOUNT|FEES_AND_CHARGES|LONG_WINDOW|RAW_OR_META|WINDOW_L31D
F1844,CI_FEES_CHRGS_AMT_CR_L31D,Customer Induced Fees Charges Credit Amount - last 31D,False,FEES_AND_CHARGES,RAW_OR_META,L31D,CREDIT,BEHAVIORAL,False,,SAFE,AMOUNT|CREDIT|FEES_AND_CHARGES|LONG_WINDOW|RAW_OR_META|WINDOW_L31D
F1845,CI_FEES_CHRGS_AMT_DB_L31D,Customer Induced Fees Charges Debit Amount - last 31D,False,FEES_AND_CHARGES,RAW_OR_META,L31D,DEBIT,BEHAVIORAL,False,,SAFE,AMOUNT|DEBIT|FEES_AND_CHARGES|LONG_WINDOW|RAW_OR_META|WINDOW_L31D
F1846,GST_TXNS_L31D,GST Total Txns - last 31D,False,GST,COUNT,L31D,BOTH,BEHAVIORAL,False,,SAFE,COUNT|GST|LONG_WINDOW|TRANSACTION_COUNT|WINDOW_L31D
F1847,GST_TXNS_CR_L31D,GST Credit Txns - last 31D,False,GST,COUNT,L31D,CREDIT,BEHAVIORAL,False,,SAFE,COUNT|CREDIT|GST|LONG_WINDOW|TRANSACTION_COUNT|WINDOW_L31D
F1848,GST_TXNS_DB_L31D,GST Debit Txns - last 31D,False,GST,COUNT,L31D,DEBIT,BEHAVIORAL,False,,SAFE,COUNT|DEBIT|GST|LONG_WINDOW|TRANSACTION_COUNT|WINDOW_L31D
F1849,GST_AMT_L31D,GST Total Amount - last 31D,False,GST,RAW_OR_META,L31D,BOTH,BEHAVIORAL,False,,SAFE,AMOUNT|GST|LONG_WINDOW|RAW_OR_META|WINDOW_L31D
F1850,GST_AMT_CR_L31D,GST Credit Amount - last 31D,False,GST,RAW_OR_META,L31D,CREDIT,BEHAVIORAL,False,,SAFE,AMOUNT|CREDIT|GST|LONG_WINDOW|RAW_OR_META|WINDOW_L31D
F1851,GST_AMT_DB_L31D,GST Debit Amount - last 31D,False,GST,RAW_OR_META,L31D,DEBIT,BEHAVIORAL,False,,SAFE,AMOUNT|DEBIT|GST|LONG_WINDOW|RAW_OR_META|WINDOW_L31D
F1852,ELEC_XFER_TXNS_L31D,Online Transfer (IMPS+NEFT+RTGS) Total Txns - last 31D,False,ELEC_XFER,COUNT,L31D,BOTH,BEHAVIORAL,False,,SAFE,COUNT|ELEC_XFER|LONG_WINDOW|TRANSACTION_COUNT|WINDOW_L31D
F1853,ELEC_XFER_TXNS_CR_L31D,Online Transfer (IMPS+NEFT+RTGS) Credit Txns - last 31D,False,ELEC_XFER,COUNT,L31D,CREDIT,BEHAVIORAL,False,,SAFE,COUNT|CREDIT|ELEC_XFER|LONG_WINDOW|TRANSACTION_COUNT|WINDOW_L31D
F1854,ELEC_XFER_TXNS_DB_L31D,Online Transfer (IMPS+NEFT+RTGS) Debit Txns - last 31D,False,ELEC_XFER,COUNT,L31D,DEBIT,BEHAVIORAL,False,,SAFE,COUNT|DEBIT|ELEC_XFER|LONG_WINDOW|TRANSACTION_COUNT|WINDOW_L31D
F1855,ELEC_XFER_AMT_L31D,Online Transfer (IMPS+NEFT+RTGS) Total Amount - last 31D,False,ELEC_XFER,RAW_OR_META,L31D,BOTH,BEHAVIORAL,False,,SAFE,AMOUNT|ELEC_XFER|LONG_WINDOW|RAW_OR_META|WINDOW_L31D
F1856,ELEC_XFER_AMT_CR_L31D,Online Transfer (IMPS+NEFT+RTGS) Credit Amount - last 31D,False,ELEC_XFER,RAW_OR_META,L31D,CREDIT,BEHAVIORAL,False,,SAFE,AMOUNT|CREDIT|ELEC_XFER|LONG_WINDOW|RAW_OR_META|WINDOW_L31D
F1857,ELEC_XFER_AMT_DB_L31D,Online Transfer (IMPS+NEFT+RTGS) Debit Amount - last 31D,False,ELEC_XFER,RAW_OR_META,L31D,DEBIT,BEHAVIORAL,False,,SAFE,AMOUNT|DEBIT|ELEC_XFER|LONG_WINDOW|RAW_OR_META|WINDOW_L31D
F1858,UPI_XFER_TXNS_L31D,UPI Total Txns - last 31D,False,UPI_XFER,COUNT,L31D,BOTH,BEHAVIORAL,False,,SAFE,COUNT|LONG_WINDOW|TRANSACTION_COUNT|UPI_XFER|WINDOW_L31D
F1859,UPI_TXNS_CR_L31D,UPI Total Amount - last 31D,False,UPI,COUNT,L31D,CREDIT,BEHAVIORAL,False,,SAFE,AMOUNT|COUNT|CREDIT|LONG_WINDOW|UPI|WINDOW_L31D
F1860,UPI_TXNS_DB_L31D,UPI Credit Txns - last 31D,False,UPI,COUNT,L31D,DEBIT,BEHAVIORAL,False,,SAFE,COUNT|DEBIT|LONG_WINDOW|TRANSACTION_COUNT|UPI|WINDOW_L31D
F1861,UPI_XFER_AMT_L31D,UPI Debit Txns - last 31D,False,UPI_XFER,RAW_OR_META,L31D,BOTH,BEHAVIORAL,False,,SAFE,AMOUNT|LONG_WINDOW|RAW_OR_META|TRANSACTION_COUNT|UPI_XFER|WINDOW_L31D
F1862,UPI_AMT_CR_L31D,UPI Credit Amount - last 31D,False,UPI,RAW_OR_META,L31D,CREDIT,BEHAVIORAL,False,,SAFE,AMOUNT|CREDIT|LONG_WINDOW|RAW_OR_META|UPI|WINDOW_L31D
F1863,UPI_AMT_DB_L31D,UPI Debit Amount - last 31D,False,UPI,RAW_OR_META,L31D,DEBIT,BEHAVIORAL,False,,SAFE,AMOUNT|DEBIT|LONG_WINDOW|RAW_OR_META|UPI|WINDOW_L31D
F1864,NET_BNKING_TXNS_L31D,Net Banking Total Txns - last 31D,False,NET_BANKING,COUNT,L31D,BOTH,BEHAVIORAL,False,,SAFE,COUNT|LONG_WINDOW|NET_BANKING|TRANSACTION_COUNT|WINDOW_L31D
F1865,NET_BNKING_TXNS_CR_L31D,Net Banking Credit Txns - last 31D,False,NET_BANKING,COUNT,L31D,CREDIT,BEHAVIORAL,False,,SAFE,COUNT|CREDIT|LONG_WINDOW|NET_BANKING|TRANSACTION_COUNT|WINDOW_L31D
F1866,NET_BNKING_TXNS_DB_L31D,Net Banking Debit Txns - last 31D,False,NET_BANKING,COUNT,L31D,DEBIT,BEHAVIORAL,False,,SAFE,COUNT|DEBIT|LONG_WINDOW|NET_BANKING|TRANSACTION_COUNT|WINDOW_L31D
F1867,NET_BNKING_AMT_L31D,Net Banking Total Amount - last 31D,False,NET_BANKING,RAW_OR_META,L31D,BOTH,BEHAVIORAL,False,,SAFE,AMOUNT|LONG_WINDOW|NET_BANKING|RAW_OR_META|WINDOW_L31D
F1868,NET_BNKING_AMT_CR_L31D,Net Banking Credit Amount - last 31D,False,NET_BANKING,RAW_OR_META,L31D,CREDIT,BEHAVIORAL,False,,SAFE,AMOUNT|CREDIT|LONG_WINDOW|NET_BANKING|RAW_OR_META|WINDOW_L31D
F1869,NET_BNKING_AMT_DB_L31D,Net Banking Debit Amount - last 31D,False,NET_BANKING,RAW_OR_META,L31D,DEBIT,BEHAVIORAL,False,,SAFE,AMOUNT|DEBIT|LONG_WINDOW|NET_BANKING|RAW_OR_META|WINDOW_L31D
F1870,MOB_BNKING_TXNS_L31D,Mobile Banking Total Txns - last 31D,False,MOBILE_BANKING,COUNT,L31D,BOTH,BEHAVIORAL,False,,SAFE,COUNT|LONG_WINDOW|MOBILE_BANKING|TRANSACTION_COUNT|WINDOW_L31D
F1871,MBNKING_TXNS_CR_L31D,Mobile Banking Credit Txns - last 31D,False,MOBILE_BANKING,COUNT,L31D,CREDIT,BEHAVIORAL,False,,SAFE,COUNT|CREDIT|LONG_WINDOW|MOBILE_BANKING|TRANSACTION_COUNT|WINDOW_L31D
F1872,MBNKING_TXNS_DB_L31D,Mobile Banking Debit Txns - last 31D,False,MOBILE_BANKING,COUNT,L31D,DEBIT,BEHAVIORAL,False,,SAFE,COUNT|DEBIT|LONG_WINDOW|MOBILE_BANKING|TRANSACTION_COUNT|WINDOW_L31D
F1873,MOB_BNKING_AMT_L31D,Mobile Banking Total Amount - last 31D,False,MOBILE_BANKING,RAW_OR_META,L31D,BOTH,BEHAVIORAL,False,,SAFE,AMOUNT|LONG_WINDOW|MOBILE_BANKING|RAW_OR_META|WINDOW_L31D
F1874,MBNKING_AMT_CR_L31D,Mobile Banking Credit Amount - last 31D,False,MOBILE_BANKING,RAW_OR_META,L31D,CREDIT,BEHAVIORAL,False,,SAFE,AMOUNT|CREDIT|LONG_WINDOW|MOBILE_BANKING|RAW_OR_META|WINDOW_L31D
F1875,MBNKING_AMT_DB_L31D,Mobile Banking Debit Amount - last 31D,False,MOBILE_BANKING,RAW_OR_META,L31D,DEBIT,BEHAVIORAL,False,,SAFE,AMOUNT|DEBIT|LONG_WINDOW|MOBILE_BANKING|RAW_OR_META|WINDOW_L31D
F1876,POS_PYMT_TXNS_L31D,Merchant Payment Total Txns - last 31D,False,POS_MERCHANT,COUNT,L31D,BOTH,BEHAVIORAL,False,,SAFE,COUNT|LONG_WINDOW|POS_MERCHANT|TRANSACTION_COUNT|WINDOW_L31D
F1877,POS_PYMT_TXNS_CR_L31D,Merchant Payment Credit Txns - last 31D,False,POS_MERCHANT,COUNT,L31D,CREDIT,BEHAVIORAL,False,,SAFE,COUNT|CREDIT|LONG_WINDOW|POS_MERCHANT|TRANSACTION_COUNT|WINDOW_L31D
F1878,POS_PYMT_TXNS_DB_L31D,Merchant Payment Debit Txns - last 31D,False,POS_MERCHANT,COUNT,L31D,DEBIT,BEHAVIORAL,False,,SAFE,COUNT|DEBIT|LONG_WINDOW|POS_MERCHANT|TRANSACTION_COUNT|WINDOW_L31D
F1879,POS_PYMT_AMT_L31D,Merchant Payment Total Amount - last 31D,False,POS_MERCHANT,RAW_OR_META,L31D,BOTH,BEHAVIORAL,False,,SAFE,AMOUNT|LONG_WINDOW|POS_MERCHANT|RAW_OR_META|WINDOW_L31D
F1880,POS_PYMT_AMT_CR_L31D,Merchant Payment Credit Amount - last 31D,False,POS_MERCHANT,RAW_OR_META,L31D,CREDIT,BEHAVIORAL,False,,SAFE,AMOUNT|CREDIT|LONG_WINDOW|POS_MERCHANT|RAW_OR_META|WINDOW_L31D
F1881,POS_PYMT_AMT_DB_L31D,Merchant Payment Debit Amount - last 31D,False,POS_MERCHANT,RAW_OR_META,L31D,DEBIT,BEHAVIORAL,False,,SAFE,AMOUNT|DEBIT|LONG_WINDOW|POS_MERCHANT|RAW_OR_META|WINDOW_L31D
F1882,BBPS_TXNS_L31D,Bharat Bill Payment System Total Txns - last 31D,False,BBPS,COUNT,L31D,BOTH,BEHAVIORAL,False,,SAFE,BBPS|COUNT|LONG_WINDOW|TRANSACTION_COUNT|WINDOW_L31D
F1883,BBPS_TXNS_CR_L31D,Bharat Bill Payment System Credit Txns - last 31D,False,BBPS,COUNT,L31D,CREDIT,BEHAVIORAL,False,,SAFE,BBPS|COUNT|CREDIT|LONG_WINDOW|TRANSACTION_COUNT|WINDOW_L31D
F1884,BBPS_TXNS_DB_L31D,Bharat Bill Payment System Debit Txns - last 31D,False,BBPS,COUNT,L31D,DEBIT,BEHAVIORAL,False,,SAFE,BBPS|COUNT|DEBIT|LONG_WINDOW|TRANSACTION_COUNT|WINDOW_L31D
F1885,BBPS_AMT_L31D,Bharat Bill Payment System Total Amount - last 31D,False,BBPS,RAW_OR_META,L31D,BOTH,BEHAVIORAL,False,,SAFE,AMOUNT|BBPS|LONG_WINDOW|RAW_OR_META|WINDOW_L31D
F1886,BBPS_AMT_CR_L31D,Bharat Bill Payment System Credit Amount - last 31D,False,BBPS,RAW_OR_META,L31D,CREDIT,BEHAVIORAL,False,,SAFE,AMOUNT|BBPS|CREDIT|LONG_WINDOW|RAW_OR_META|WINDOW_L31D
F1887,BBPS_AMT_DB_L31D,Bharat Bill Payment System Debit Amount - last 31D,False,BBPS,RAW_OR_META,L31D,DEBIT,BEHAVIORAL,False,,SAFE,AMOUNT|BBPS|DEBIT|LONG_WINDOW|RAW_OR_META|WINDOW_L31D
F1888,APB_TXNS_L31D,Aadhar Payment Bridge Total Txns - last 31D,False,AADHAAR_PAYMENT_BRIDGE,COUNT,L31D,BOTH,BEHAVIORAL,False,,SAFE,AADHAAR_PAYMENT_BRIDGE|COUNT|LONG_WINDOW|TRANSACTION_COUNT|WINDOW_L31D
F1889,APB_TXNS_CR_L31D,Aadhar Payment Bridge Credit Txns - last 31D,False,AADHAAR_PAYMENT_BRIDGE,COUNT,L31D,CREDIT,BEHAVIORAL,False,,SAFE,AADHAAR_PAYMENT_BRIDGE|COUNT|CREDIT|LONG_WINDOW|TRANSACTION_COUNT|WINDOW_L31D
F1890,APB_TXNS_DB_L31D,Aadhar Payment Bridge Debit Txns - last 31D,False,AADHAAR_PAYMENT_BRIDGE,COUNT,L31D,DEBIT,BEHAVIORAL,False,,SAFE,AADHAAR_PAYMENT_BRIDGE|COUNT|DEBIT|LONG_WINDOW|TRANSACTION_COUNT|WINDOW_L31D
F1891,APB_AMT_L31D,Aadhar Payment Bridge Total Amount - last 31D,False,AADHAAR_PAYMENT_BRIDGE,RAW_OR_META,L31D,BOTH,BEHAVIORAL,False,,SAFE,AADHAAR_PAYMENT_BRIDGE|AMOUNT|LONG_WINDOW|RAW_OR_META|WINDOW_L31D
F1892,APB_AMT_CR_L31D,Aadhar Payment Bridge Credit Amount - last 31D,False,AADHAAR_PAYMENT_BRIDGE,RAW_OR_META,L31D,CREDIT,BEHAVIORAL,False,,SAFE,AADHAAR_PAYMENT_BRIDGE|AMOUNT|CREDIT|LONG_WINDOW|RAW_OR_META|WINDOW_L31D
F1893,APB_AMT_DB_L31D,Aadhar Payment Bridge Debit Amount - last 31D,False,AADHAAR_PAYMENT_BRIDGE,RAW_OR_META,L31D,DEBIT,BEHAVIORAL,False,,SAFE,AADHAAR_PAYMENT_BRIDGE|AMOUNT|DEBIT|LONG_WINDOW|RAW_OR_META|WINDOW_L31D
F1894,LOAN_TXNS_L31D,Loan Total Txns - last 31D,False,LOAN,COUNT,L31D,BOTH,BEHAVIORAL,False,,SAFE,COUNT|LOAN|LONG_WINDOW|TRANSACTION_COUNT|WINDOW_L31D
F1895,LOAN_TXNS_CR_L31D,Loan Credit Txns - last 31D,False,LOAN,COUNT,L31D,CREDIT,BEHAVIORAL,False,,SAFE,COUNT|CREDIT|LOAN|LONG_WINDOW|TRANSACTION_COUNT|WINDOW_L31D
F1896,LOAN_TXNS_DB_L31D,Loan Debit Txns - last 31D,False,LOAN,COUNT,L31D,DEBIT,BEHAVIORAL,False,,SAFE,COUNT|DEBIT|LOAN|LONG_WINDOW|TRANSACTION_COUNT|WINDOW_L31D
F1897,LOAN_AMT_L31D,Loan Total Amount - last 31D,False,LOAN,RAW_OR_META,L31D,BOTH,BEHAVIORAL,False,,SAFE,AMOUNT|LOAN|LONG_WINDOW|RAW_OR_META|WINDOW_L31D
F1898,LOAN_AMT_CR_L31D,Loan Credit Amount - last 31D,False,LOAN,RAW_OR_META,L31D,CREDIT,BEHAVIORAL,False,,SAFE,AMOUNT|CREDIT|LOAN|LONG_WINDOW|RAW_OR_META|WINDOW_L31D
F1899,LOAN_AMT_DB_L31D,Loan Debit Amount - last 31D,False,LOAN,RAW_OR_META,L31D,DEBIT,BEHAVIORAL,False,,SAFE,AMOUNT|DEBIT|LOAN|LONG_WINDOW|RAW_OR_META|WINDOW_L31D
F1900,STDNG_INSTR_L31D,Standing Instruction Total Txns - last 31D,False,STANDING_INSTRUCTION,RAW_OR_META,L31D,BOTH,BEHAVIORAL,False,,SAFE,LONG_WINDOW|RAW_OR_META|STANDING_INSTRUCTION|TRANSACTION_COUNT|WINDOW_L31D
F1901,STDNG_INSTR_CR_TXNS_L31D,Standing Instruction Credit Txns - last 31D,False,STANDING_INSTRUCTION,COUNT,L31D,CREDIT,BEHAVIORAL,False,,SAFE,COUNT|CREDIT|LONG_WINDOW|STANDING_INSTRUCTION|TRANSACTION_COUNT|WINDOW_L31D
F1902,STDNG_INSTR_DB_TXNS_L31D,Standing Instruction Debit Txns - last 31D,False,STANDING_INSTRUCTION,COUNT,L31D,DEBIT,BEHAVIORAL,False,,SAFE,COUNT|DEBIT|LONG_WINDOW|STANDING_INSTRUCTION|TRANSACTION_COUNT|WINDOW_L31D
F1903,STDNG_INSTR_AMT_L31D,Standing Instruction Total Amount - last 31D,False,STANDING_INSTRUCTION,RAW_OR_META,L31D,BOTH,BEHAVIORAL,False,,SAFE,AMOUNT|LONG_WINDOW|RAW_OR_META|STANDING_INSTRUCTION|WINDOW_L31D
F1904,STDNG_INSTR_AMT_CR_L31D,Standing Instruction Credit Amount - last 31D,False,STANDING_INSTRUCTION,RAW_OR_META,L31D,CREDIT,BEHAVIORAL,False,,SAFE,AMOUNT|CREDIT|LONG_WINDOW|RAW_OR_META|STANDING_INSTRUCTION|WINDOW_L31D
F1905,STDNG_INSTR_AMT_DB_L31D,Standing Instruction Debit Amount - last 31D,False,STANDING_INSTRUCTION,RAW_OR_META,L31D,DEBIT,BEHAVIORAL,False,,SAFE,AMOUNT|DEBIT|LONG_WINDOW|RAW_OR_META|STANDING_INSTRUCTION|WINDOW_L31D
F1906,AVG_CASH_TXNS_L7D,Average Cash Transaction Count - last 7D,False,CASH,AVERAGE,L7D,BOTH,BEHAVIORAL,False,,SAFE,AVERAGE|CASH|SHORT_WINDOW|TRANSACTION_COUNT|WINDOW_L7D
F1907,AVG_CASH_TXNS_CR_L7D,Average Cash Credit Transaction Count - last 7D,False,CASH,AVERAGE,L7D,CREDIT,BEHAVIORAL,False,,SAFE,AVERAGE|CASH|CREDIT|SHORT_WINDOW|TRANSACTION_COUNT|WINDOW_L7D
F1908,AVG_CASH_TXNS_DB_L7D,Average Cash Debit Transaction Count - last 7D,False,CASH,AVERAGE,L7D,DEBIT,BEHAVIORAL,False,,SAFE,AVERAGE|CASH|DEBIT|SHORT_WINDOW|TRANSACTION_COUNT|WINDOW_L7D
F1909,AVG_CASH_AMT_L7D,Average Cash Total Amount - last 7D,False,CASH,AVERAGE,L7D,BOTH,BEHAVIORAL,False,,SAFE,AMOUNT|AVERAGE|CASH|SHORT_WINDOW|WINDOW_L7D
F1910,AVG_CASH_AMT_CR_L7D,Average Cash Credit Amount - last 7D,False,CASH,AVERAGE,L7D,CREDIT,BEHAVIORAL,False,,SAFE,AMOUNT|AVERAGE|CASH|CREDIT|SHORT_WINDOW|WINDOW_L7D
F1911,AVG_CASH_AMT_DB_L7D,Average Cash Debit Amount - last 7D,False,CASH,AVERAGE,L7D,DEBIT,BEHAVIORAL,False,,SAFE,AMOUNT|AVERAGE|CASH|DEBIT|SHORT_WINDOW|WINDOW_L7D
F1912,AVG_CHQ_TXNS_L7D,Average Cheque Total Txns - last 7D,False,CHEQUE,AVERAGE,L7D,BOTH,BEHAVIORAL,False,,SAFE,AVERAGE|CHEQUE|SHORT_WINDOW|TRANSACTION_COUNT|WINDOW_L7D
F1913,AVG_CHQ_TXNS_CR_L7D,Average Cheque Credit Txns - last 7D,False,CHEQUE,AVERAGE,L7D,CREDIT,BEHAVIORAL,False,,SAFE,AVERAGE|CHEQUE|CREDIT|SHORT_WINDOW|TRANSACTION_COUNT|WINDOW_L7D
F1914,AVG_CHQ_TXNS_DB_L7D,Average Cheque Debit Txns - last 7D,False,CHEQUE,AVERAGE,L7D,DEBIT,BEHAVIORAL,False,,SAFE,AVERAGE|CHEQUE|DEBIT|SHORT_WINDOW|TRANSACTION_COUNT|WINDOW_L7D
F1915,AVG_CHQ_AMT_L7D,Average Cheque Total Amount - last 7D,False,CHEQUE,AVERAGE,L7D,BOTH,BEHAVIORAL,False,,SAFE,AMOUNT|AVERAGE|CHEQUE|SHORT_WINDOW|WINDOW_L7D
F1916,AVG_CHQ_AMT_CR_L7D,Average Cheque Credit Amount - last 7D,False,CHEQUE,AVERAGE,L7D,CREDIT,BEHAVIORAL,False,,SAFE,AMOUNT|AVERAGE|CHEQUE|CREDIT|SHORT_WINDOW|WINDOW_L7D
F1917,AVG_CHQ_AMT_DB_L7D,Average Cheque Debit Amount - last 7D,False,CHEQUE,AVERAGE,L7D,DEBIT,BEHAVIORAL,False,,SAFE,AMOUNT|AVERAGE|CHEQUE|DEBIT|SHORT_WINDOW|WINDOW_L7D
F1918,AVG_NON_CASH_CHQ_TXNS_L7D,Average Non Cash Non Cheque Total Txns - last 7D,False,NON_CASH_CHQ,AVERAGE,L7D,BOTH,BEHAVIORAL,False,,SAFE,AVERAGE|NON_CASH_CHQ|SHORT_WINDOW|TRANSACTION_COUNT|WINDOW_L7D
F1919,AVG_NON_CASH_CHQ_TXNS_CR_L7D,Average Non Cash Non Cheque Credit Txns - last 7D,False,NON_CASH_CHQ,AVERAGE,L7D,CREDIT,BEHAVIORAL,False,,SAFE,AVERAGE|CREDIT|NON_CASH_CHQ|SHORT_WINDOW|TRANSACTION_COUNT|WINDOW_L7D
F1920,AVG_NON_CASH_CHQ_TXNS_DB_L7D,Average Non Cash Non Cheque Debit Txns - last 7D,False,NON_CASH_CHQ,AVERAGE,L7D,DEBIT,BEHAVIORAL,False,,SAFE,AVERAGE|DEBIT|NON_CASH_CHQ|SHORT_WINDOW|TRANSACTION_COUNT|WINDOW_L7D
F1921,AVG_NON_CASH_CHQ_AMT_L7D,Average Non Cash Non Cheque Total Amount - last 7D,False,NON_CASH_CHQ,AVERAGE,L7D,BOTH,BEHAVIORAL,False,,SAFE,AMOUNT|AVERAGE|NON_CASH_CHQ|SHORT_WINDOW|WINDOW_L7D
F1922,AVG_NON_CASH_CHQ_AMT_CR_L7D,Average Non Cash Non Cheque Credit Amount - last 7D,False,NON_CASH_CHQ,AVERAGE,L7D,CREDIT,BEHAVIORAL,False,,SAFE,AMOUNT|AVERAGE|CREDIT|NON_CASH_CHQ|SHORT_WINDOW|WINDOW_L7D
F1923,AVG_NON_CASH_CHQ_AMT_DB_L7D,Average Non Cash Non Cheque Debit Amount - last 7D,False,NON_CASH_CHQ,AVERAGE,L7D,DEBIT,BEHAVIORAL,False,,SAFE,AMOUNT|AVERAGE|DEBIT|NON_CASH_CHQ|SHORT_WINDOW|WINDOW_L7D
F1924,AVG_CI_NON_CASH_CHQ_TXNS_L7D,Average Customer Induced Non Cash Non Cheque Total Txns - last 7D,False,NON_CASH_CHQ,AVERAGE,L7D,BOTH,BEHAVIORAL,False,,SAFE,AVERAGE|NON_CASH_CHQ|SHORT_WINDOW|TRANSACTION_COUNT|WINDOW_L7D
F1925,AVG_CI_NON_CASH_CHQ_TXNS_CR_L7D,Average Customer Induced Non Cash Non Cheque Credit Txns - last 7D,False,NON_CASH_CHQ,AVERAGE,L7D,CREDIT,BEHAVIORAL,False,,SAFE,AVERAGE|CREDIT|NON_CASH_CHQ|SHORT_WINDOW|TRANSACTION_COUNT|WINDOW_L7D
F1926,AVG_CI_NON_CASH_CHQ_TXNS_DB_L7D,Average Customer Induced Non Cash Non Cheque Debit Txns - last 7D,False,NON_CASH_CHQ,AVERAGE,L7D,DEBIT,BEHAVIORAL,False,,SAFE,AVERAGE|DEBIT|NON_CASH_CHQ|SHORT_WINDOW|TRANSACTION_COUNT|WINDOW_L7D
F1927,AVG_CI_NON_CASH_CHQ_AMT_L7D,Average Customer Induced Non Cash Non Cheque Total Amount - last 7D,False,NON_CASH_CHQ,AVERAGE,L7D,BOTH,BEHAVIORAL,False,,SAFE,AMOUNT|AVERAGE|NON_CASH_CHQ|SHORT_WINDOW|WINDOW_L7D
F1928,AVG_CI_NON_CASH_CHQ_AMT_CR_L7D,Average Customer Induced Non Cash Non Cheque Credit Amount - last 7D,False,NON_CASH_CHQ,AVERAGE,L7D,CREDIT,BEHAVIORAL,False,,SAFE,AMOUNT|AVERAGE|CREDIT|NON_CASH_CHQ|SHORT_WINDOW|WINDOW_L7D
F1929,AVG_CI_NON_CASH_CHQ_AMT_DB_L7D,Average Customer Induced Non Cash Non Cheque Debit Amount - last 7D,False,NON_CASH_CHQ,AVERAGE,L7D,DEBIT,BEHAVIORAL,False,,SAFE,AMOUNT|AVERAGE|DEBIT|NON_CASH_CHQ|SHORT_WINDOW|WINDOW_L7D
F1930,AVG_CI_TXNS_L7D,Average Customer Incduced Total Txns - last 7D,False,CASH_INTENSIVE,AVERAGE,L7D,BOTH,BEHAVIORAL,False,,SAFE,AVERAGE|CASH_INTENSIVE|SHORT_WINDOW|TRANSACTION_COUNT|WINDOW_L7D
F1931,AVG_CI_TXNS_CR_L7D,Average Customer Incduced Credit Txns - last 7D,False,CASH_INTENSIVE,AVERAGE,L7D,CREDIT,BEHAVIORAL,False,,SAFE,AVERAGE|CASH_INTENSIVE|CREDIT|SHORT_WINDOW|TRANSACTION_COUNT|WINDOW_L7D
F1932,AVG_CI_TXNS_DB_L7D,Average Customer Incduced Debit Txns - last 7D,False,CASH_INTENSIVE,AVERAGE,L7D,DEBIT,BEHAVIORAL,False,,SAFE,AVERAGE|CASH_INTENSIVE|DEBIT|SHORT_WINDOW|TRANSACTION_COUNT|WINDOW_L7D
F1933,AVG_CI_AMT_L7D,Average Customer Induced Total Amount - last 7D,False,CASH_INTENSIVE,AVERAGE,L7D,BOTH,BEHAVIORAL,False,,SAFE,AMOUNT|AVERAGE|CASH_INTENSIVE|SHORT_WINDOW|WINDOW_L7D
F1934,AVG_CI_AMT_CR_L7D,Average Customer Induced Credit Amount - last 7D,False,CASH_INTENSIVE,AVERAGE,L7D,CREDIT,BEHAVIORAL,False,,SAFE,AMOUNT|AVERAGE|CASH_INTENSIVE|CREDIT|SHORT_WINDOW|WINDOW_L7D
F1935,AVG_CI_AMT_DB_L7D,Average Customer Induced Debit Amount - last 7D,False,CASH_INTENSIVE,AVERAGE,L7D,DEBIT,BEHAVIORAL,False,,SAFE,AMOUNT|AVERAGE|CASH_INTENSIVE|DEBIT|SHORT_WINDOW|WINDOW_L7D
F1936,AVG_ATM_TXNS_L7D,Average Bank Induced Fees Charges Total Txns - last 7D,False,ATM,AVERAGE,L7D,BOTH,BEHAVIORAL,False,,SAFE,ATM|AVERAGE|SHORT_WINDOW|TRANSACTION_COUNT|WINDOW_L7D
F1937,AVG_ATM_TXNS_CR_L7D,Average Bank Induced Fees Charges Credit Txns - last 7D,False,ATM,AVERAGE,L7D,CREDIT,BEHAVIORAL,False,,SAFE,ATM|AVERAGE|CREDIT|SHORT_WINDOW|TRANSACTION_COUNT|WINDOW_L7D
F1938,AVG_ATM_TXNS_DB_L7D,Average Bank Induced Fees Charges Debit Txns - last 7D,False,ATM,AVERAGE,L7D,DEBIT,BEHAVIORAL,False,,SAFE,ATM|AVERAGE|DEBIT|SHORT_WINDOW|TRANSACTION_COUNT|WINDOW_L7D
F1939,AVG_ATM_AMT_L7D,Average Bank Induced Fees Charges Total Amount - last 7D,False,ATM,AVERAGE,L7D,BOTH,BEHAVIORAL,False,,SAFE,AMOUNT|ATM|AVERAGE|SHORT_WINDOW|WINDOW_L7D
F1940,AVG_ATM_AMT_CR_L7D,Average Bank Induced Fees Charges Credit Amount - last 7D,False,ATM,AVERAGE,L7D,CREDIT,BEHAVIORAL,False,,SAFE,AMOUNT|ATM|AVERAGE|CREDIT|SHORT_WINDOW|WINDOW_L7D
F1941,AVG_ATM_AMT_DB_L7D,Average Bank Induced Fees Charges Debit Amount - last 7D,False,ATM,AVERAGE,L7D,DEBIT,BEHAVIORAL,False,,SAFE,AMOUNT|ATM|AVERAGE|DEBIT|SHORT_WINDOW|WINDOW_L7D
F1942,AVG_BI_FEES_CHRGS_TXNS_L7D,Average Bank Induced Fees Charges  Total Txns - last 7D,False,FEES_AND_CHARGES,AVERAGE,L7D,BOTH,BEHAVIORAL,False,,SAFE,AVERAGE|FEES_AND_CHARGES|SHORT_WINDOW|TRANSACTION_COUNT|WINDOW_L7D
F1943,AVG_BI_FEES_CHRGS_TXNS_CR_L7D,Average Bank Induced Fees Charges  Credit Txns - last 7D,False,FEES_AND_CHARGES,AVERAGE,L7D,CREDIT,BEHAVIORAL,False,,SAFE,AVERAGE|CREDIT|FEES_AND_CHARGES|SHORT_WINDOW|TRANSACTION_COUNT|WINDOW_L7D
F1944,AVG_BI_FEES_CHRGS_TXNS_DB_L7D,Average Bank Induced Fees Charges  Debit Txns - last 7D,False,FEES_AND_CHARGES,AVERAGE,L7D,DEBIT,BEHAVIORAL,False,,SAFE,AVERAGE|DEBIT|FEES_AND_CHARGES|SHORT_WINDOW|TRANSACTION_COUNT|WINDOW_L7D
F1945,AVG_BI_FEES_CHRGS_AMT_L7D,Average Bank Induced Fees Charges  Total Amount - last 7D,False,FEES_AND_CHARGES,AVERAGE,L7D,BOTH,BEHAVIORAL,False,,SAFE,AMOUNT|AVERAGE|FEES_AND_CHARGES|SHORT_WINDOW|WINDOW_L7D
F1946,AVG_BI_FEES_CHRGS_AMT_CR_L7D,Average Bank Induced Fees Charges  Credit Amount - last 7D,False,FEES_AND_CHARGES,AVERAGE,L7D,CREDIT,BEHAVIORAL,False,,SAFE,AMOUNT|AVERAGE|CREDIT|FEES_AND_CHARGES|SHORT_WINDOW|WINDOW_L7D
F1947,AVG_BI_FEES_CHRGS_AMT_DB_L7D,Average Bank Induced Fees Charges  Debit Amount - last 7D,False,FEES_AND_CHARGES,AVERAGE,L7D,DEBIT,BEHAVIORAL,False,,SAFE,AMOUNT|AVERAGE|DEBIT|FEES_AND_CHARGES|SHORT_WINDOW|WINDOW_L7D
F1948,AVG_CI_FEES_CHRGS_TXNS_L7D,Average Customer Induced Fees Charges Total Txns - last 7D,False,FEES_AND_CHARGES,AVERAGE,L7D,BOTH,BEHAVIORAL,False,,SAFE,AVERAGE|FEES_AND_CHARGES|SHORT_WINDOW|TRANSACTION_COUNT|WINDOW_L7D
F1949,AVG_CI_FEES_CHRGS_TXNS_CR_L7D,Average Customer Induced Fees Charges Credit Txns - last 7D,False,FEES_AND_CHARGES,AVERAGE,L7D,CREDIT,BEHAVIORAL,False,,SAFE,AVERAGE|CREDIT|FEES_AND_CHARGES|SHORT_WINDOW|TRANSACTION_COUNT|WINDOW_L7D
F1950,AVG_CI_FEES_CHRGS_TXNS_DB_L7D,Average Customer Induced Fees Charges Debit Txns - last 7D,False,FEES_AND_CHARGES,AVERAGE,L7D,DEBIT,BEHAVIORAL,False,,SAFE,AVERAGE|DEBIT|FEES_AND_CHARGES|SHORT_WINDOW|TRANSACTION_COUNT|WINDOW_L7D
F1951,AVG_CI_FEES_CHRGS_AMT_L7D,Average Customer Induced Fees Charges Total Amount - last 7D,False,FEES_AND_CHARGES,AVERAGE,L7D,BOTH,BEHAVIORAL,False,,SAFE,AMOUNT|AVERAGE|FEES_AND_CHARGES|SHORT_WINDOW|WINDOW_L7D
F1952,AVG_CI_FEES_CHRGS_AMT_CR_L7D,Average Customer Induced Fees Charges Credit Amount - last 7D,False,FEES_AND_CHARGES,AVERAGE,L7D,CREDIT,BEHAVIORAL,False,,SAFE,AMOUNT|AVERAGE|CREDIT|FEES_AND_CHARGES|SHORT_WINDOW|WINDOW_L7D
F1953,AVG_CI_FEES_CHRGS_AMT_DB_L7D,Average Customer Induced Fees Charges Debit Amount - last 7D,False,FEES_AND_CHARGES,AVERAGE,L7D,DEBIT,BEHAVIORAL,False,,SAFE,AMOUNT|AVERAGE|DEBIT|FEES_AND_CHARGES|SHORT_WINDOW|WINDOW_L7D
F1954,AVG_GST_TXNS_L7D,Average GST Total Txns - last 7D,False,GST,AVERAGE,L7D,BOTH,BEHAVIORAL,False,,SAFE,AVERAGE|GST|SHORT_WINDOW|TRANSACTION_COUNT|WINDOW_L7D
F1955,AVG_GST_TXNS_CR_L7D,Average GST Credit Txns - last 7D,False,GST,AVERAGE,L7D,CREDIT,BEHAVIORAL,False,,SAFE,AVERAGE|CREDIT|GST|SHORT_WINDOW|TRANSACTION_COUNT|WINDOW_L7D
F1956,AVG_GST_TXNS_DB_L7D,Average GST Debit Txns - last 7D,False,GST,AVERAGE,L7D,DEBIT,BEHAVIORAL,False,,SAFE,AVERAGE|DEBIT|GST|SHORT_WINDOW|TRANSACTION_COUNT|WINDOW_L7D
F1957,AVG_GST_AMT_L7D,Average GST Total Amount - last 7D,False,GST,AVERAGE,L7D,BOTH,BEHAVIORAL,False,,SAFE,AMOUNT|AVERAGE|GST|SHORT_WINDOW|WINDOW_L7D
F1958,AVG_GST_AMT_CR_L7D,Average GST Credit Amount - last 7D,False,GST,AVERAGE,L7D,CREDIT,BEHAVIORAL,False,,SAFE,AMOUNT|AVERAGE|CREDIT|GST|SHORT_WINDOW|WINDOW_L7D
F1959,AVG_GST_AMT_DB_L7D,Average GST Debit Amount - last 7D,False,GST,AVERAGE,L7D,DEBIT,BEHAVIORAL,False,,SAFE,AMOUNT|AVERAGE|DEBIT|GST|SHORT_WINDOW|WINDOW_L7D
F1960,AVG_ELEC_XFER_TXNS_L7D,Average Online Transfer (IMPS+NEFT+RTGS) Total Txns - last 7D,False,ELEC_XFER,AVERAGE,L7D,BOTH,BEHAVIORAL,False,,SAFE,AVERAGE|ELEC_XFER|SHORT_WINDOW|TRANSACTION_COUNT|WINDOW_L7D
F1961,AVG_ELEC_XFER_TXNS_CR_L7D,Average Online Transfer (IMPS+NEFT+RTGS) Credit Txns - last 7D,False,ELEC_XFER,AVERAGE,L7D,CREDIT,BEHAVIORAL,False,,SAFE,AVERAGE|CREDIT|ELEC_XFER|SHORT_WINDOW|TRANSACTION_COUNT|WINDOW_L7D
F1962,AVG_ELEC_XFER_TXNS_DB_L7D,Average Online Transfer (IMPS+NEFT+RTGS) Debit Txns - last 7D,False,ELEC_XFER,AVERAGE,L7D,DEBIT,BEHAVIORAL,False,,SAFE,AVERAGE|DEBIT|ELEC_XFER|SHORT_WINDOW|TRANSACTION_COUNT|WINDOW_L7D
F1963,AVG_ELEC_XFER_AMT_L7D,Average Online Transfer (IMPS+NEFT+RTGS) Total Amount - last 7D,False,ELEC_XFER,AVERAGE,L7D,BOTH,BEHAVIORAL,False,,SAFE,AMOUNT|AVERAGE|ELEC_XFER|SHORT_WINDOW|WINDOW_L7D
F1964,AVG_ELEC_XFER_AMT_CR_L7D,Average Online Transfer (IMPS+NEFT+RTGS) Credit Amount - last 7D,False,ELEC_XFER,AVERAGE,L7D,CREDIT,BEHAVIORAL,False,,SAFE,AMOUNT|AVERAGE|CREDIT|ELEC_XFER|SHORT_WINDOW|WINDOW_L7D
F1965,AVG_ELEC_XFER_AMT_DB_L7D,Average Online Transfer (IMPS+NEFT+RTGS) Debit Amount - last 7D,False,ELEC_XFER,AVERAGE,L7D,DEBIT,BEHAVIORAL,False,,SAFE,AMOUNT|AVERAGE|DEBIT|ELEC_XFER|SHORT_WINDOW|WINDOW_L7D
F1966,AVG_UPI_XFER_TXNS_L7D,Average UPI Total Txns - last 7D,False,UPI_XFER,AVERAGE,L7D,BOTH,BEHAVIORAL,False,,SAFE,AVERAGE|SHORT_WINDOW|TRANSACTION_COUNT|UPI_XFER|WINDOW_L7D
F1967,AVG_UPI_TXNS_CR_L7D,Average UPI Total Amount - last 7D,False,UPI,AVERAGE,L7D,CREDIT,BEHAVIORAL,False,,SAFE,AMOUNT|AVERAGE|CREDIT|SHORT_WINDOW|UPI|WINDOW_L7D
F1968,AVG_UPI_TXNS_DB_L7D,Average UPI Credit Txns - last 7D,False,UPI,AVERAGE,L7D,DEBIT,BEHAVIORAL,False,,SAFE,AVERAGE|DEBIT|SHORT_WINDOW|TRANSACTION_COUNT|UPI|WINDOW_L7D
F1969,AVG_UPI_XFER_AMT_L7D,Average UPI Debit Txns - last 7D,False,UPI_XFER,AVERAGE,L7D,BOTH,BEHAVIORAL,False,,SAFE,AMOUNT|AVERAGE|SHORT_WINDOW|TRANSACTION_COUNT|UPI_XFER|WINDOW_L7D
F1970,AVG_UPI_AMT_CR_L7D,Average UPI Credit Amount - last 7D,False,UPI,AVERAGE,L7D,CREDIT,BEHAVIORAL,False,,SAFE,AMOUNT|AVERAGE|CREDIT|SHORT_WINDOW|UPI|WINDOW_L7D
F1971,AVG_UPI_AMT_DB_L7D,Average UPI Debit Amount - last 7D,False,UPI,AVERAGE,L7D,DEBIT,BEHAVIORAL,False,,SAFE,AMOUNT|AVERAGE|DEBIT|SHORT_WINDOW|UPI|WINDOW_L7D
F1972,AVG_NET_BNKING_TXNS_L7D,Average Net Banking Total Txns - last 7D,False,NET_BANKING,AVERAGE,L7D,BOTH,BEHAVIORAL,False,,SAFE,AVERAGE|NET_BANKING|SHORT_WINDOW|TRANSACTION_COUNT|WINDOW_L7D
F1973,AVG_NET_BNKING_TXNS_CR_L7D,Average Net Banking Credit Txns - last 7D,False,NET_BANKING,AVERAGE,L7D,CREDIT,BEHAVIORAL,False,,SAFE,AVERAGE|CREDIT|NET_BANKING|SHORT_WINDOW|TRANSACTION_COUNT|WINDOW_L7D
F1974,AVG_NET_BNKING_TXNS_DB_L7D,Average Net Banking Debit Txns - last 7D,False,NET_BANKING,AVERAGE,L7D,DEBIT,BEHAVIORAL,False,,SAFE,AVERAGE|DEBIT|NET_BANKING|SHORT_WINDOW|TRANSACTION_COUNT|WINDOW_L7D
F1975,AVG_NET_BNKING_AMT_L7D,Average Net Banking Total Amount - last 7D,False,NET_BANKING,AVERAGE,L7D,BOTH,BEHAVIORAL,False,,SAFE,AMOUNT|AVERAGE|NET_BANKING|SHORT_WINDOW|WINDOW_L7D
F1976,AVG_NET_BNKING_AMT_CR_L7D,Average Net Banking Credit Amount - last 7D,False,NET_BANKING,AVERAGE,L7D,CREDIT,BEHAVIORAL,False,,SAFE,AMOUNT|AVERAGE|CREDIT|NET_BANKING|SHORT_WINDOW|WINDOW_L7D
F1977,AVG_NET_BNKING_AMT_DB_L7D,Average Net Banking Debit Amount - last 7D,False,NET_BANKING,AVERAGE,L7D,DEBIT,BEHAVIORAL,False,,SAFE,AMOUNT|AVERAGE|DEBIT|NET_BANKING|SHORT_WINDOW|WINDOW_L7D
F1978,AVG_MOB_BNKING_TXNS_L7D,Average Mobile Banking Total Txns - last 7D,False,MOBILE_BANKING,AVERAGE,L7D,BOTH,BEHAVIORAL,False,,SAFE,AVERAGE|MOBILE_BANKING|SHORT_WINDOW|TRANSACTION_COUNT|WINDOW_L7D
F1979,AVG_MBNKING_TXNS_CR_L7D,Average Mobile Banking Total Amount - last 7D,False,MOBILE_BANKING,AVERAGE,L7D,CREDIT,BEHAVIORAL,False,,SAFE,AMOUNT|AVERAGE|CREDIT|MOBILE_BANKING|SHORT_WINDOW|WINDOW_L7D
F1980,AVG_MBNKING_TXNS_DB_L7D,Average Mobile Banking Credit Txns - last 7D,False,MOBILE_BANKING,AVERAGE,L7D,DEBIT,BEHAVIORAL,False,,SAFE,AVERAGE|DEBIT|MOBILE_BANKING|SHORT_WINDOW|TRANSACTION_COUNT|WINDOW_L7D
F1981,AVG_MOB_BNKING_AMT_L7D,Average Mobile Banking Debit Txns - last 7D,False,MOBILE_BANKING,AVERAGE,L7D,BOTH,BEHAVIORAL,False,,SAFE,AMOUNT|AVERAGE|MOBILE_BANKING|SHORT_WINDOW|TRANSACTION_COUNT|WINDOW_L7D
F1982,AVG_MBNKING_AMT_CR_L7D,Average Mobile Banking Credit Amount - last 7D,False,MOBILE_BANKING,AVERAGE,L7D,CREDIT,BEHAVIORAL,False,,SAFE,AMOUNT|AVERAGE|CREDIT|MOBILE_BANKING|SHORT_WINDOW|WINDOW_L7D
F1983,AVG_MBNKING_AMT_DB_L7D,Average Mobile Banking Debit Amount - last 7D,False,MOBILE_BANKING,AVERAGE,L7D,DEBIT,BEHAVIORAL,False,,SAFE,AMOUNT|AVERAGE|DEBIT|MOBILE_BANKING|SHORT_WINDOW|WINDOW_L7D
F1984,AVG_POS_PYMT_TXNS_L7D,Average Merchant Payment Total Txns - last 7D,False,POS_MERCHANT,AVERAGE,L7D,BOTH,BEHAVIORAL,False,,SAFE,AVERAGE|POS_MERCHANT|SHORT_WINDOW|TRANSACTION_COUNT|WINDOW_L7D
F1985,AVG_POS_PYMT_TXNS_CR_L7D,Average Merchant Payment Credit Txns - last 7D,False,POS_MERCHANT,AVERAGE,L7D,CREDIT,BEHAVIORAL,False,,SAFE,AVERAGE|CREDIT|POS_MERCHANT|SHORT_WINDOW|TRANSACTION_COUNT|WINDOW_L7D
F1986,AVG_POS_PYMT_TXNS_DB_L7D,Average Merchant Payment Debit Txns - last 7D,False,POS_MERCHANT,AVERAGE,L7D,DEBIT,BEHAVIORAL,False,,SAFE,AVERAGE|DEBIT|POS_MERCHANT|SHORT_WINDOW|TRANSACTION_COUNT|WINDOW_L7D
F1987,AVG_POS_PYMT_AMT_L7D,Average Merchant Payment Total Amount - last 7D,False,POS_MERCHANT,AVERAGE,L7D,BOTH,BEHAVIORAL,False,,SAFE,AMOUNT|AVERAGE|POS_MERCHANT|SHORT_WINDOW|WINDOW_L7D
F1988,AVG_POS_PYMT_AMT_CR_L7D,Average Merchant Payment Credit Amount - last 7D,False,POS_MERCHANT,AVERAGE,L7D,CREDIT,BEHAVIORAL,False,,SAFE,AMOUNT|AVERAGE|CREDIT|POS_MERCHANT|SHORT_WINDOW|WINDOW_L7D
F1989,AVG_POS_PYMT_AMT_DB_L7D,Average Merchant Payment Debit Amount - last 7D,False,POS_MERCHANT,AVERAGE,L7D,DEBIT,BEHAVIORAL,False,,SAFE,AMOUNT|AVERAGE|DEBIT|POS_MERCHANT|SHORT_WINDOW|WINDOW_L7D
F1990,AVG_BBPS_TXNS_L7D,Average Cash Total Txns - last 7D,False,BBPS,AVERAGE,L7D,BOTH,BEHAVIORAL,False,,SAFE,AVERAGE|BBPS|SHORT_WINDOW|TRANSACTION_COUNT|WINDOW_L7D
F1991,AVG_BBPS_TXNS_CR_L7D,Average Cash Credit Txns - last 7D,False,BBPS,AVERAGE,L7D,CREDIT,BEHAVIORAL,False,,SAFE,AVERAGE|BBPS|CREDIT|SHORT_WINDOW|TRANSACTION_COUNT|WINDOW_L7D
F1992,AVG_BBPS_TXNS_DB_L7D,Average Cash Debit Txns - last 7D,False,BBPS,AVERAGE,L7D,DEBIT,BEHAVIORAL,False,,SAFE,AVERAGE|BBPS|DEBIT|SHORT_WINDOW|TRANSACTION_COUNT|WINDOW_L7D
F1993,AVG_BBPS_AMT_L7D,Average Cash Total Amount - last 7D,False,BBPS,AVERAGE,L7D,BOTH,BEHAVIORAL,False,,SAFE,AMOUNT|AVERAGE|BBPS|SHORT_WINDOW|WINDOW_L7D
F1994,AVG_BBPS_AMT_CR_L7D,Average Cash Credit Amount - last 7D,False,BBPS,AVERAGE,L7D,CREDIT,BEHAVIORAL,False,,SAFE,AMOUNT|AVERAGE|BBPS|CREDIT|SHORT_WINDOW|WINDOW_L7D
F1995,AVG_BBPS_AMT_DB_L7D,Average Cash Debit Amount - last 7D,False,BBPS,AVERAGE,L7D,DEBIT,BEHAVIORAL,False,,SAFE,AMOUNT|AVERAGE|BBPS|DEBIT|SHORT_WINDOW|WINDOW_L7D
F1996,AVG_APB_TXNS_L7D,Average Bharat Bill Payment System Total Txns - last 7D,False,AADHAAR_PAYMENT_BRIDGE,AVERAGE,L7D,BOTH,BEHAVIORAL,False,,SAFE,AADHAAR_PAYMENT_BRIDGE|AVERAGE|SHORT_WINDOW|TRANSACTION_COUNT|WINDOW_L7D
F1997,AVG_APB_TXNS_CR_L7D,Average Bharat Bill Payment System Credit Txns - last 7D,False,AADHAAR_PAYMENT_BRIDGE,AVERAGE,L7D,CREDIT,BEHAVIORAL,False,,SAFE,AADHAAR_PAYMENT_BRIDGE|AVERAGE|CREDIT|SHORT_WINDOW|TRANSACTION_COUNT|WINDOW_L7D
F1998,AVG_APB_TXNS_DB_L7D,Average Bharat Bill Payment System Debit Txns - last 7D,False,AADHAAR_PAYMENT_BRIDGE,AVERAGE,L7D,DEBIT,BEHAVIORAL,False,,SAFE,AADHAAR_PAYMENT_BRIDGE|AVERAGE|DEBIT|SHORT_WINDOW|TRANSACTION_COUNT|WINDOW_L7D
F1999,AVG_APB_AMT_L7D,Average Bharat Bill Payment System Total Amount - last 7D,False,AADHAAR_PAYMENT_BRIDGE,AVERAGE,L7D,BOTH,BEHAVIORAL,False,,SAFE,AADHAAR_PAYMENT_BRIDGE|AMOUNT|AVERAGE|SHORT_WINDOW|WINDOW_L7D
F2000,AVG_APB_AMT_CR_L7D,Average Bharat Bill Payment System Credit Amount - last 7D,False,AADHAAR_PAYMENT_BRIDGE,AVERAGE,L7D,CREDIT,BEHAVIORAL,False,,SAFE,AADHAAR_PAYMENT_BRIDGE|AMOUNT|AVERAGE|CREDIT|SHORT_WINDOW|WINDOW_L7D
F2001,AVG_APB_AMT_DB_L7D,Average Bharat Bill Payment System Debit Amount - last 7D,False,AADHAAR_PAYMENT_BRIDGE,AVERAGE,L7D,DEBIT,BEHAVIORAL,False,,SAFE,AADHAAR_PAYMENT_BRIDGE|AMOUNT|AVERAGE|DEBIT|SHORT_WINDOW|WINDOW_L7D
F2002,AVG_LOAN_TXNS_L7D,Average Loan Total Txns - last 7D,False,LOAN,AVERAGE,L7D,BOTH,BEHAVIORAL,False,,SAFE,AVERAGE|LOAN|SHORT_WINDOW|TRANSACTION_COUNT|WINDOW_L7D
F2003,AVG_LOAN_TXNS_CR_L7D,Average Loan Credit Txns - last 7D,False,LOAN,AVERAGE,L7D,CREDIT,BEHAVIORAL,False,,SAFE,AVERAGE|CREDIT|LOAN|SHORT_WINDOW|TRANSACTION_COUNT|WINDOW_L7D
F2004,AVG_LOAN_TXNS_DB_L7D,Average Loan Debit Txns - last 7D,False,LOAN,AVERAGE,L7D,DEBIT,BEHAVIORAL,False,,SAFE,AVERAGE|DEBIT|LOAN|SHORT_WINDOW|TRANSACTION_COUNT|WINDOW_L7D
F2005,AVG_LOAN_AMT_L7D,Average Loan Total Amount - last 7D,False,LOAN,AVERAGE,L7D,BOTH,BEHAVIORAL,False,,SAFE,AMOUNT|AVERAGE|LOAN|SHORT_WINDOW|WINDOW_L7D
F2006,AVG_LOAN_AMT_CR_L7D,Average Loan Credit Amount - last 7D,False,LOAN,AVERAGE,L7D,CREDIT,BEHAVIORAL,False,,SAFE,AMOUNT|AVERAGE|CREDIT|LOAN|SHORT_WINDOW|WINDOW_L7D
F2007,AVG_LOAN_AMT_DB_L7D,Average Loan Debit Amount - last 7D,False,LOAN,AVERAGE,L7D,DEBIT,BEHAVIORAL,False,,SAFE,AMOUNT|AVERAGE|DEBIT|LOAN|SHORT_WINDOW|WINDOW_L7D
F2008,AVG_STDNG_INSTR_L7D,Average Standing Instruction Total Txns - last 7D,False,STANDING_INSTRUCTION,AVERAGE,L7D,BOTH,BEHAVIORAL,False,,SAFE,AVERAGE|SHORT_WINDOW|STANDING_INSTRUCTION|TRANSACTION_COUNT|WINDOW_L7D
F2009,AVG_STDNG_INSTR_CR_TXNS_L7D,Average Standing Instruction Credit Txns - last 7D,False,STANDING_INSTRUCTION,AVERAGE,L7D,CREDIT,BEHAVIORAL,False,,SAFE,AVERAGE|CREDIT|SHORT_WINDOW|STANDING_INSTRUCTION|TRANSACTION_COUNT|WINDOW_L7D
F2010,AVG_STDNG_INSTR_DB_TXNS_L7D,Average Standing Instruction Debit Txns - last 7D,False,STANDING_INSTRUCTION,AVERAGE,L7D,DEBIT,BEHAVIORAL,False,,SAFE,AVERAGE|DEBIT|SHORT_WINDOW|STANDING_INSTRUCTION|TRANSACTION_COUNT|WINDOW_L7D
F2011,AVG_STDNG_INSTR_AMT_L7D,Average Standing Instruction Total Amount - last 7D,False,STANDING_INSTRUCTION,AVERAGE,L7D,BOTH,BEHAVIORAL,False,,SAFE,AMOUNT|AVERAGE|SHORT_WINDOW|STANDING_INSTRUCTION|WINDOW_L7D
F2012,AVG_STDNG_INSTR_AMT_CR_L7D,Average Standing Instruction Credit Amount - last 7D,False,STANDING_INSTRUCTION,AVERAGE,L7D,CREDIT,BEHAVIORAL,False,,SAFE,AMOUNT|AVERAGE|CREDIT|SHORT_WINDOW|STANDING_INSTRUCTION|WINDOW_L7D
F2013,AVG_STDNG_INSTR_AMT_DB_L7D,Average Standing Instruction Debit Amount - last 7D,False,STANDING_INSTRUCTION,AVERAGE,L7D,DEBIT,BEHAVIORAL,False,,SAFE,AMOUNT|AVERAGE|DEBIT|SHORT_WINDOW|STANDING_INSTRUCTION|WINDOW_L7D
F2014,AVG_CASH_TXNS_L14D,Average Cash Transaction Count - last 14D,False,CASH,AVERAGE,L14D,BOTH,BEHAVIORAL,False,,SAFE,AVERAGE|CASH|TRANSACTION_COUNT|WINDOW_L14D
F2015,AVG_CASH_TXNS_CR_L14D,Average Cash Credit Transaction Count - last 14D,False,CASH,AVERAGE,L14D,CREDIT,BEHAVIORAL,False,,SAFE,AVERAGE|CASH|CREDIT|TRANSACTION_COUNT|WINDOW_L14D
F2016,AVG_CASH_TXNS_DB_L14D,Average Cash Debit Transaction Count - last 14D,False,CASH,AVERAGE,L14D,DEBIT,BEHAVIORAL,False,,SAFE,AVERAGE|CASH|DEBIT|TRANSACTION_COUNT|WINDOW_L14D
F2017,AVG_CASH_AMT_L14D,Average Cash Total Amount - last 14D,False,CASH,AVERAGE,L14D,BOTH,BEHAVIORAL,False,,SAFE,AMOUNT|AVERAGE|CASH|WINDOW_L14D
F2018,AVG_CASH_AMT_CR_L14D,Average Cash Credit Amount - last 14D,False,CASH,AVERAGE,L14D,CREDIT,BEHAVIORAL,False,,SAFE,AMOUNT|AVERAGE|CASH|CREDIT|WINDOW_L14D
F2019,AVG_CASH_AMT_DB_L14D,Average Cash Debit Amount - last 14D,False,CASH,AVERAGE,L14D,DEBIT,BEHAVIORAL,False,,SAFE,AMOUNT|AVERAGE|CASH|DEBIT|WINDOW_L14D
F2020,AVG_CHQ_TXNS_L14D,Average Cheque Total Txns - last 14D,False,CHEQUE,AVERAGE,L14D,BOTH,BEHAVIORAL,False,,SAFE,AVERAGE|CHEQUE|TRANSACTION_COUNT|WINDOW_L14D
F2021,AVG_CHQ_TXNS_CR_L14D,Average Cheque Credit Txns - last 14D,False,CHEQUE,AVERAGE,L14D,CREDIT,BEHAVIORAL,False,,SAFE,AVERAGE|CHEQUE|CREDIT|TRANSACTION_COUNT|WINDOW_L14D
F2022,AVG_CHQ_TXNS_DB_L14D,Average Cheque Debit Txns - last 14D,False,CHEQUE,AVERAGE,L14D,DEBIT,BEHAVIORAL,False,,SAFE,AVERAGE|CHEQUE|DEBIT|TRANSACTION_COUNT|WINDOW_L14D
F2023,AVG_CHQ_AMT_L14D,Average Cheque Total Amount - last 14D,False,CHEQUE,AVERAGE,L14D,BOTH,BEHAVIORAL,False,,SAFE,AMOUNT|AVERAGE|CHEQUE|WINDOW_L14D
F2024,AVG_CHQ_AMT_CR_L14D,Average Cheque Credit Amount - last 14D,False,CHEQUE,AVERAGE,L14D,CREDIT,BEHAVIORAL,False,,SAFE,AMOUNT|AVERAGE|CHEQUE|CREDIT|WINDOW_L14D
F2025,AVG_CHQ_AMT_DB_L14D,Average Cheque Debit Amount - last 14D,False,CHEQUE,AVERAGE,L14D,DEBIT,BEHAVIORAL,False,,SAFE,AMOUNT|AVERAGE|CHEQUE|DEBIT|WINDOW_L14D
F2026,AVG_NON_CASH_CHQ_TXNS_L14D,Average Non Cash Non Cheque Total Txns - last 14D,False,NON_CASH_CHQ,AVERAGE,L14D,BOTH,BEHAVIORAL,False,,SAFE,AVERAGE|NON_CASH_CHQ|TRANSACTION_COUNT|WINDOW_L14D
F2027,AVG_NON_CASH_CHQ_TXNS_CR_L14D,Average Non Cash Non Cheque Credit Txns - last 14D,False,NON_CASH_CHQ,AVERAGE,L14D,CREDIT,BEHAVIORAL,False,,SAFE,AVERAGE|CREDIT|NON_CASH_CHQ|TRANSACTION_COUNT|WINDOW_L14D
F2028,AVG_NON_CASH_CHQ_TXNS_DB_L14D,Average Non Cash Non Cheque Debit Txns - last 14D,False,NON_CASH_CHQ,AVERAGE,L14D,DEBIT,BEHAVIORAL,False,,SAFE,AVERAGE|DEBIT|NON_CASH_CHQ|TRANSACTION_COUNT|WINDOW_L14D
F2029,AVG_NON_CASH_CHQ_AMT_L14D,Average Non Cash Non Cheque Total Amount - last 14D,False,NON_CASH_CHQ,AVERAGE,L14D,BOTH,BEHAVIORAL,False,,SAFE,AMOUNT|AVERAGE|NON_CASH_CHQ|WINDOW_L14D
F2030,AVG_NON_CASH_CHQ_AMT_CR_L14D,Average Non Cash Non Cheque Credit Amount - last 14D,False,NON_CASH_CHQ,AVERAGE,L14D,CREDIT,BEHAVIORAL,False,,SAFE,AMOUNT|AVERAGE|CREDIT|NON_CASH_CHQ|WINDOW_L14D
F2031,AVG_NON_CASH_CHQ_AMT_DB_L14D,Average Non Cash Non Cheque Debit Amount - last 14D,False,NON_CASH_CHQ,AVERAGE,L14D,DEBIT,BEHAVIORAL,False,,SAFE,AMOUNT|AVERAGE|DEBIT|NON_CASH_CHQ|WINDOW_L14D
F2032,AVG_CI_NON_CASH_CHQ_TXNS_L14D,Average Customer Induced Non Cash Non Cheque Total Txns - last 14D,False,NON_CASH_CHQ,AVERAGE,L14D,BOTH,BEHAVIORAL,False,,SAFE,AVERAGE|NON_CASH_CHQ|TRANSACTION_COUNT|WINDOW_L14D
F2033,AVG_CI_NON_CASH_CHQ_TXNS_CR_L14D,Average Customer Induced Non Cash Non Cheque Credit Txns - last 14D,False,NON_CASH_CHQ,AVERAGE,L14D,CREDIT,BEHAVIORAL,False,,SAFE,AVERAGE|CREDIT|NON_CASH_CHQ|TRANSACTION_COUNT|WINDOW_L14D
F2034,AVG_CI_NON_CASH_CHQ_TXNS_DB_L14D,Average Customer Induced Non Cash Non Cheque Debit Txns - last 14D,False,NON_CASH_CHQ,AVERAGE,L14D,DEBIT,BEHAVIORAL,False,,SAFE,AVERAGE|DEBIT|NON_CASH_CHQ|TRANSACTION_COUNT|WINDOW_L14D
F2035,AVG_CI_NON_CASH_CHQ_AMT_L14D,Average Customer Induced Non Cash Non Cheque Total Amount - last 14D,False,NON_CASH_CHQ,AVERAGE,L14D,BOTH,BEHAVIORAL,False,,SAFE,AMOUNT|AVERAGE|NON_CASH_CHQ|WINDOW_L14D
F2036,AVG_CI_NON_CASH_CHQ_AMT_CR_L14D,Average Customer Induced Non Cash Non Cheque Credit Amount - last 14D,False,NON_CASH_CHQ,AVERAGE,L14D,CREDIT,BEHAVIORAL,False,,SAFE,AMOUNT|AVERAGE|CREDIT|NON_CASH_CHQ|WINDOW_L14D
F2037,AVG_CI_NON_CASH_CHQ_AMT_DB_L14D,Average Customer Induced Non Cash Non Cheque Debit Amount - last 14D,False,NON_CASH_CHQ,AVERAGE,L14D,DEBIT,BEHAVIORAL,False,,SAFE,AMOUNT|AVERAGE|DEBIT|NON_CASH_CHQ|WINDOW_L14D
F2038,AVG_CI_TXNS_L14D,Average Customer Incduced Total Txns - last 14D,False,CASH_INTENSIVE,AVERAGE,L14D,BOTH,BEHAVIORAL,False,,SAFE,AVERAGE|CASH_INTENSIVE|TRANSACTION_COUNT|WINDOW_L14D
F2039,AVG_CI_TXNS_CR_L14D,Average Customer Incduced Credit Txns - last 14D,False,CASH_INTENSIVE,AVERAGE,L14D,CREDIT,BEHAVIORAL,False,,SAFE,AVERAGE|CASH_INTENSIVE|CREDIT|TRANSACTION_COUNT|WINDOW_L14D
F2040,AVG_CI_TXNS_DB_L14D,Average Customer Incduced Debit Txns - last 14D,False,CASH_INTENSIVE,AVERAGE,L14D,DEBIT,BEHAVIORAL,False,,SAFE,AVERAGE|CASH_INTENSIVE|DEBIT|TRANSACTION_COUNT|WINDOW_L14D
F2041,AVG_CI_AMT_L14D,Average Customer Induced Total Amount - last 14D,False,CASH_INTENSIVE,AVERAGE,L14D,BOTH,BEHAVIORAL,False,,SAFE,AMOUNT|AVERAGE|CASH_INTENSIVE|WINDOW_L14D
F2042,AVG_CI_AMT_CR_L14D,Average Customer Induced Credit Amount - last 14D,False,CASH_INTENSIVE,AVERAGE,L14D,CREDIT,BEHAVIORAL,False,,SAFE,AMOUNT|AVERAGE|CASH_INTENSIVE|CREDIT|WINDOW_L14D
F2043,AVG_CI_AMT_DB_L14D,Average Customer Induced Debit Amount - last 14D,False,CASH_INTENSIVE,AVERAGE,L14D,DEBIT,BEHAVIORAL,False,,SAFE,AMOUNT|AVERAGE|CASH_INTENSIVE|DEBIT|WINDOW_L14D
F2044,AVG_ATM_TXNS_L14D,Average Bank Induced Fees Charges Total Txns - last 14D,False,ATM,AVERAGE,L14D,BOTH,BEHAVIORAL,False,,SAFE,ATM|AVERAGE|TRANSACTION_COUNT|WINDOW_L14D
F2045,AVG_ATM_TXNS_CR_L14D,Average Bank Induced Fees Charges Credit Txns - last 14D,False,ATM,AVERAGE,L14D,CREDIT,BEHAVIORAL,False,,SAFE,ATM|AVERAGE|CREDIT|TRANSACTION_COUNT|WINDOW_L14D
F2046,AVG_ATM_TXNS_DB_L14D,Average Bank Induced Fees Charges Debit Txns - last 14D,False,ATM,AVERAGE,L14D,DEBIT,BEHAVIORAL,False,,SAFE,ATM|AVERAGE|DEBIT|TRANSACTION_COUNT|WINDOW_L14D
F2047,AVG_ATM_AMT_L14D,Average Bank Induced Fees Charges Total Amount - last 14D,False,ATM,AVERAGE,L14D,BOTH,BEHAVIORAL,False,,SAFE,AMOUNT|ATM|AVERAGE|WINDOW_L14D
F2048,AVG_ATM_AMT_CR_L14D,Average Bank Induced Fees Charges Credit Amount - last 14D,False,ATM,AVERAGE,L14D,CREDIT,BEHAVIORAL,False,,SAFE,AMOUNT|ATM|AVERAGE|CREDIT|WINDOW_L14D
F2049,AVG_ATM_AMT_DB_L14D,Average Bank Induced Fees Charges Debit Amount - last 14D,False,ATM,AVERAGE,L14D,DEBIT,BEHAVIORAL,False,,SAFE,AMOUNT|ATM|AVERAGE|DEBIT|WINDOW_L14D
F2050,AVG_BI_FEES_CHRGS_TXNS_L14D,Average Bank Induced Fees Charges  Total Txns - last 14D,False,FEES_AND_CHARGES,AVERAGE,L14D,BOTH,BEHAVIORAL,False,,SAFE,AVERAGE|FEES_AND_CHARGES|TRANSACTION_COUNT|WINDOW_L14D
F2051,AVG_BI_FEES_CHRGS_TXNS_CR_L14D,Average Bank Induced Fees Charges  Credit Txns - last 14D,False,FEES_AND_CHARGES,AVERAGE,L14D,CREDIT,BEHAVIORAL,False,,SAFE,AVERAGE|CREDIT|FEES_AND_CHARGES|TRANSACTION_COUNT|WINDOW_L14D
F2052,AVG_BI_FEES_CHRGS_TXNS_DB_L14D,Average Bank Induced Fees Charges  Debit Txns - last 14D,False,FEES_AND_CHARGES,AVERAGE,L14D,DEBIT,BEHAVIORAL,False,,SAFE,AVERAGE|DEBIT|FEES_AND_CHARGES|TRANSACTION_COUNT|WINDOW_L14D
F2053,AVG_BI_FEES_CHRGS_AMT_L14D,Average Bank Induced Fees Charges  Total Amount - last 14D,False,FEES_AND_CHARGES,AVERAGE,L14D,BOTH,BEHAVIORAL,False,,SAFE,AMOUNT|AVERAGE|FEES_AND_CHARGES|WINDOW_L14D
F2054,AVG_BI_FEES_CHRGS_AMT_CR_L14D,Average Bank Induced Fees Charges  Credit Amount - last 14D,False,FEES_AND_CHARGES,AVERAGE,L14D,CREDIT,BEHAVIORAL,False,,SAFE,AMOUNT|AVERAGE|CREDIT|FEES_AND_CHARGES|WINDOW_L14D
F2055,AVG_BI_FEES_CHRGS_AMT_DB_L14D,Average Bank Induced Fees Charges  Debit Amount - last 14D,False,FEES_AND_CHARGES,AVERAGE,L14D,DEBIT,BEHAVIORAL,False,,SAFE,AMOUNT|AVERAGE|DEBIT|FEES_AND_CHARGES|WINDOW_L14D
F2056,AVG_CI_FEES_CHRGS_TXNS_L14D,Average Customer Induced Fees Charges Total Txns - last 14D,False,FEES_AND_CHARGES,AVERAGE,L14D,BOTH,BEHAVIORAL,False,,SAFE,AVERAGE|FEES_AND_CHARGES|TRANSACTION_COUNT|WINDOW_L14D
F2057,AVG_CI_FEES_CHRGS_TXNS_CR_L14D,Average Customer Induced Fees Charges Credit Txns - last 14D,False,FEES_AND_CHARGES,AVERAGE,L14D,CREDIT,BEHAVIORAL,False,,SAFE,AVERAGE|CREDIT|FEES_AND_CHARGES|TRANSACTION_COUNT|WINDOW_L14D
F2058,AVG_CI_FEES_CHRGS_TXNS_DB_L14D,Average Customer Induced Fees Charges Debit Txns - last 14D,False,FEES_AND_CHARGES,AVERAGE,L14D,DEBIT,BEHAVIORAL,False,,SAFE,AVERAGE|DEBIT|FEES_AND_CHARGES|TRANSACTION_COUNT|WINDOW_L14D
F2059,AVG_CI_FEES_CHRGS_AMT_L14D,Average Customer Induced Fees Charges Total Amount - last 14D,False,FEES_AND_CHARGES,AVERAGE,L14D,BOTH,BEHAVIORAL,False,,SAFE,AMOUNT|AVERAGE|FEES_AND_CHARGES|WINDOW_L14D
F2060,AVG_CI_FEES_CHRGS_AMT_CR_L14D,Average Customer Induced Fees Charges Credit Amount - last 14D,False,FEES_AND_CHARGES,AVERAGE,L14D,CREDIT,BEHAVIORAL,False,,SAFE,AMOUNT|AVERAGE|CREDIT|FEES_AND_CHARGES|WINDOW_L14D
F2061,AVG_CI_FEES_CHRGS_AMT_DB_L14D,Average Customer Induced Fees Charges Debit Amount - last 14D,False,FEES_AND_CHARGES,AVERAGE,L14D,DEBIT,BEHAVIORAL,False,,SAFE,AMOUNT|AVERAGE|DEBIT|FEES_AND_CHARGES|WINDOW_L14D
F2062,AVG_GST_TXNS_L14D,Average GST Total Txns - last 14D,False,GST,AVERAGE,L14D,BOTH,BEHAVIORAL,False,,SAFE,AVERAGE|GST|TRANSACTION_COUNT|WINDOW_L14D
F2063,AVG_GST_TXNS_CR_L14D,Average GST Credit Txns - last 14D,False,GST,AVERAGE,L14D,CREDIT,BEHAVIORAL,False,,SAFE,AVERAGE|CREDIT|GST|TRANSACTION_COUNT|WINDOW_L14D
F2064,AVG_GST_TXNS_DB_L14D,Average GST Debit Txns - last 14D,False,GST,AVERAGE,L14D,DEBIT,BEHAVIORAL,False,,SAFE,AVERAGE|DEBIT|GST|TRANSACTION_COUNT|WINDOW_L14D
F2065,AVG_GST_AMT_L14D,Average GST Total Amount - last 14D,False,GST,AVERAGE,L14D,BOTH,BEHAVIORAL,False,,SAFE,AMOUNT|AVERAGE|GST|WINDOW_L14D
F2066,AVG_GST_AMT_CR_L14D,Average GST Credit Amount - last 14D,False,GST,AVERAGE,L14D,CREDIT,BEHAVIORAL,False,,SAFE,AMOUNT|AVERAGE|CREDIT|GST|WINDOW_L14D
F2067,AVG_GST_AMT_DB_L14D,Average GST Debit Amount - last 14D,False,GST,AVERAGE,L14D,DEBIT,BEHAVIORAL,False,,SAFE,AMOUNT|AVERAGE|DEBIT|GST|WINDOW_L14D
F2068,AVG_ELEC_XFER_TXNS_L14D,Average Online Transfer (IMPS+NEFT+RTGS) Total Txns - last 14D,False,ELEC_XFER,AVERAGE,L14D,BOTH,BEHAVIORAL,False,,SAFE,AVERAGE|ELEC_XFER|TRANSACTION_COUNT|WINDOW_L14D
F2069,AVG_ELEC_XFER_TXNS_CR_L14D,Average Online Transfer (IMPS+NEFT+RTGS) Credit Txns - last 14D,False,ELEC_XFER,AVERAGE,L14D,CREDIT,BEHAVIORAL,False,,SAFE,AVERAGE|CREDIT|ELEC_XFER|TRANSACTION_COUNT|WINDOW_L14D
F2070,AVG_ELEC_XFER_TXNS_DB_L14D,Average Online Transfer (IMPS+NEFT+RTGS) Debit Txns - last 14D,False,ELEC_XFER,AVERAGE,L14D,DEBIT,BEHAVIORAL,False,,SAFE,AVERAGE|DEBIT|ELEC_XFER|TRANSACTION_COUNT|WINDOW_L14D
F2071,AVG_ELEC_XFER_AMT_L14D,Average Online Transfer (IMPS+NEFT+RTGS) Total Amount - last 14D,False,ELEC_XFER,AVERAGE,L14D,BOTH,BEHAVIORAL,False,,SAFE,AMOUNT|AVERAGE|ELEC_XFER|WINDOW_L14D
F2072,AVG_ELEC_XFER_AMT_CR_L14D,Average Online Transfer (IMPS+NEFT+RTGS) Credit Amount - last 14D,False,ELEC_XFER,AVERAGE,L14D,CREDIT,BEHAVIORAL,False,,SAFE,AMOUNT|AVERAGE|CREDIT|ELEC_XFER|WINDOW_L14D
F2073,AVG_ELEC_XFER_AMT_DB_L14D,Average Online Transfer (IMPS+NEFT+RTGS) Debit Amount - last 14D,False,ELEC_XFER,AVERAGE,L14D,DEBIT,BEHAVIORAL,False,,SAFE,AMOUNT|AVERAGE|DEBIT|ELEC_XFER|WINDOW_L14D
F2074,AVG_UPI_XFER_TXNS_L14D,Average UPI Total Txns - last 14D,False,UPI_XFER,AVERAGE,L14D,BOTH,BEHAVIORAL,False,,SAFE,AVERAGE|TRANSACTION_COUNT|UPI_XFER|WINDOW_L14D
F2075,AVG_UPI_TXNS_CR_L14D,Average UPI Total Amount - last 14D,False,UPI,AVERAGE,L14D,CREDIT,BEHAVIORAL,False,,SAFE,AMOUNT|AVERAGE|CREDIT|UPI|WINDOW_L14D
F2076,AVG_UPI_TXNS_DB_L14D,Average UPI Credit Txns - last 14D,False,UPI,AVERAGE,L14D,DEBIT,BEHAVIORAL,False,,SAFE,AVERAGE|DEBIT|TRANSACTION_COUNT|UPI|WINDOW_L14D
F2077,AVG_UPI_XFER_AMT_L14D,Average UPI Debit Txns - last 14D,False,UPI_XFER,AVERAGE,L14D,BOTH,BEHAVIORAL,False,,SAFE,AMOUNT|AVERAGE|TRANSACTION_COUNT|UPI_XFER|WINDOW_L14D
F2078,AVG_UPI_AMT_CR_L14D,Average UPI Credit Amount - last 14D,False,UPI,AVERAGE,L14D,CREDIT,BEHAVIORAL,False,,SAFE,AMOUNT|AVERAGE|CREDIT|UPI|WINDOW_L14D
F2079,AVG_UPI_AMT_DB_L14D,Average UPI Debit Amount - last 14D,False,UPI,AVERAGE,L14D,DEBIT,BEHAVIORAL,False,,SAFE,AMOUNT|AVERAGE|DEBIT|UPI|WINDOW_L14D
F2080,AVG_NET_BNKING_TXNS_L14D,Average Net Banking Total Txns - last 14D,False,NET_BANKING,AVERAGE,L14D,BOTH,BEHAVIORAL,False,,SAFE,AVERAGE|NET_BANKING|TRANSACTION_COUNT|WINDOW_L14D
F2081,AVG_NET_BNKING_TXNS_CR_L14D,Average Net Banking Credit Txns - last 14D,False,NET_BANKING,AVERAGE,L14D,CREDIT,BEHAVIORAL,False,,SAFE,AVERAGE|CREDIT|NET_BANKING|TRANSACTION_COUNT|WINDOW_L14D
F2082,AVG_NET_BNKING_TXNS_DB_L14D,Average Net Banking Debit Txns - last 14D,True,NET_BANKING,AVERAGE,L14D,DEBIT,BEHAVIORAL,False,,SAFE,AVERAGE|DEBIT|NET_BANKING|TRANSACTION_COUNT|WINDOW_L14D
F2083,AVG_NET_BNKING_AMT_L14D,Average Net Banking Total Amount - last 14D,False,NET_BANKING,AVERAGE,L14D,BOTH,BEHAVIORAL,False,,SAFE,AMOUNT|AVERAGE|NET_BANKING|WINDOW_L14D
F2084,AVG_NET_BNKING_AMT_CR_L14D,Average Net Banking Credit Amount - last 14D,False,NET_BANKING,AVERAGE,L14D,CREDIT,BEHAVIORAL,False,,SAFE,AMOUNT|AVERAGE|CREDIT|NET_BANKING|WINDOW_L14D
F2085,AVG_NET_BNKING_AMT_DB_L14D,Average Net Banking Debit Amount - last 14D,False,NET_BANKING,AVERAGE,L14D,DEBIT,BEHAVIORAL,False,,SAFE,AMOUNT|AVERAGE|DEBIT|NET_BANKING|WINDOW_L14D
F2086,AVG_MOB_BNKING_TXNS_L14D,Average Mobile Banking Total Txns - last 14D,False,MOBILE_BANKING,AVERAGE,L14D,BOTH,BEHAVIORAL,False,,SAFE,AVERAGE|MOBILE_BANKING|TRANSACTION_COUNT|WINDOW_L14D
F2087,AVG_MBNKING_TXNS_CR_L14D,Average Mobile Banking Total Amount - last 14D,False,MOBILE_BANKING,AVERAGE,L14D,CREDIT,BEHAVIORAL,False,,SAFE,AMOUNT|AVERAGE|CREDIT|MOBILE_BANKING|WINDOW_L14D
F2088,AVG_MBNKING_TXNS_DB_L14D,Average Mobile Banking Credit Txns - last 14D,False,MOBILE_BANKING,AVERAGE,L14D,DEBIT,BEHAVIORAL,False,,SAFE,AVERAGE|DEBIT|MOBILE_BANKING|TRANSACTION_COUNT|WINDOW_L14D
F2089,AVG_MOB_BNKING_AMT_L14D,Average Mobile Banking Debit Txns - last 14D,False,MOBILE_BANKING,AVERAGE,L14D,BOTH,BEHAVIORAL,False,,SAFE,AMOUNT|AVERAGE|MOBILE_BANKING|TRANSACTION_COUNT|WINDOW_L14D
F2090,AVG_MBNKING_AMT_CR_L14D,Average Mobile Banking Credit Amount - last 14D,False,MOBILE_BANKING,AVERAGE,L14D,CREDIT,BEHAVIORAL,False,,SAFE,AMOUNT|AVERAGE|CREDIT|MOBILE_BANKING|WINDOW_L14D
F2091,AVG_MBNKING_AMT_DB_L14D,Average Mobile Banking Debit Amount - last 14D,False,MOBILE_BANKING,AVERAGE,L14D,DEBIT,BEHAVIORAL,False,,SAFE,AMOUNT|AVERAGE|DEBIT|MOBILE_BANKING|WINDOW_L14D
F2092,AVG_POS_PYMT_TXNS_L14D,Average Merchant Payment Total Txns - last 14D,False,POS_MERCHANT,AVERAGE,L14D,BOTH,BEHAVIORAL,False,,SAFE,AVERAGE|POS_MERCHANT|TRANSACTION_COUNT|WINDOW_L14D
F2093,AVG_POS_PYMT_TXNS_CR_L14D,Average Merchant Payment Credit Txns - last 14D,False,POS_MERCHANT,AVERAGE,L14D,CREDIT,BEHAVIORAL,False,,SAFE,AVERAGE|CREDIT|POS_MERCHANT|TRANSACTION_COUNT|WINDOW_L14D
F2094,AVG_POS_PYMT_TXNS_DB_L14D,Average Merchant Payment Debit Txns - last 14D,False,POS_MERCHANT,AVERAGE,L14D,DEBIT,BEHAVIORAL,False,,SAFE,AVERAGE|DEBIT|POS_MERCHANT|TRANSACTION_COUNT|WINDOW_L14D
F2095,AVG_POS_PYMT_AMT_L14D,Average Merchant Payment Total Amount - last 14D,False,POS_MERCHANT,AVERAGE,L14D,BOTH,BEHAVIORAL,False,,SAFE,AMOUNT|AVERAGE|POS_MERCHANT|WINDOW_L14D
F2096,AVG_POS_PYMT_AMT_CR_L14D,Average Merchant Payment Credit Amount - last 14D,False,POS_MERCHANT,AVERAGE,L14D,CREDIT,BEHAVIORAL,False,,SAFE,AMOUNT|AVERAGE|CREDIT|POS_MERCHANT|WINDOW_L14D
F2097,AVG_POS_PYMT_AMT_DB_L14D,Average Merchant Payment Debit Amount - last 14D,False,POS_MERCHANT,AVERAGE,L14D,DEBIT,BEHAVIORAL,False,,SAFE,AMOUNT|AVERAGE|DEBIT|POS_MERCHANT|WINDOW_L14D
F2098,AVG_BBPS_TXNS_L14D,Average Cash Total Txns - last 14D,False,BBPS,AVERAGE,L14D,BOTH,BEHAVIORAL,False,,SAFE,AVERAGE|BBPS|TRANSACTION_COUNT|WINDOW_L14D
F2099,AVG_BBPS_TXNS_CR_L14D,Average Cash Credit Txns - last 14D,False,BBPS,AVERAGE,L14D,CREDIT,BEHAVIORAL,False,,SAFE,AVERAGE|BBPS|CREDIT|TRANSACTION_COUNT|WINDOW_L14D
F2100,AVG_BBPS_TXNS_DB_L14D,Average Cash Debit Txns - last 14D,False,BBPS,AVERAGE,L14D,DEBIT,BEHAVIORAL,False,,SAFE,AVERAGE|BBPS|DEBIT|TRANSACTION_COUNT|WINDOW_L14D
F2101,AVG_BBPS_AMT_L14D,Average Cash Total Amount - last 14D,False,BBPS,AVERAGE,L14D,BOTH,BEHAVIORAL,False,,SAFE,AMOUNT|AVERAGE|BBPS|WINDOW_L14D
F2102,AVG_BBPS_AMT_CR_L14D,Average Cash Credit Amount - last 14D,False,BBPS,AVERAGE,L14D,CREDIT,BEHAVIORAL,False,,SAFE,AMOUNT|AVERAGE|BBPS|CREDIT|WINDOW_L14D
F2103,AVG_BBPS_AMT_DB_L14D,Average Cash Debit Amount - last 14D,False,BBPS,AVERAGE,L14D,DEBIT,BEHAVIORAL,False,,SAFE,AMOUNT|AVERAGE|BBPS|DEBIT|WINDOW_L14D
F2104,AVG_APB_TXNS_L14D,Average Bharat Bill Payment System Total Txns - last 14D,False,AADHAAR_PAYMENT_BRIDGE,AVERAGE,L14D,BOTH,BEHAVIORAL,False,,SAFE,AADHAAR_PAYMENT_BRIDGE|AVERAGE|TRANSACTION_COUNT|WINDOW_L14D
F2105,AVG_APB_TXNS_CR_L14D,Average Bharat Bill Payment System Credit Txns - last 14D,False,AADHAAR_PAYMENT_BRIDGE,AVERAGE,L14D,CREDIT,BEHAVIORAL,False,,SAFE,AADHAAR_PAYMENT_BRIDGE|AVERAGE|CREDIT|TRANSACTION_COUNT|WINDOW_L14D
F2106,AVG_APB_TXNS_DB_L14D,Average Bharat Bill Payment System Debit Txns - last 14D,False,AADHAAR_PAYMENT_BRIDGE,AVERAGE,L14D,DEBIT,BEHAVIORAL,False,,SAFE,AADHAAR_PAYMENT_BRIDGE|AVERAGE|DEBIT|TRANSACTION_COUNT|WINDOW_L14D
F2107,AVG_APB_AMT_L14D,Average Bharat Bill Payment System Total Amount - last 14D,False,AADHAAR_PAYMENT_BRIDGE,AVERAGE,L14D,BOTH,BEHAVIORAL,False,,SAFE,AADHAAR_PAYMENT_BRIDGE|AMOUNT|AVERAGE|WINDOW_L14D
F2108,AVG_APB_AMT_CR_L14D,Average Bharat Bill Payment System Credit Amount - last 14D,False,AADHAAR_PAYMENT_BRIDGE,AVERAGE,L14D,CREDIT,BEHAVIORAL,False,,SAFE,AADHAAR_PAYMENT_BRIDGE|AMOUNT|AVERAGE|CREDIT|WINDOW_L14D
F2109,AVG_APB_AMT_DB_L14D,Average Bharat Bill Payment System Debit Amount - last 14D,False,AADHAAR_PAYMENT_BRIDGE,AVERAGE,L14D,DEBIT,BEHAVIORAL,False,,SAFE,AADHAAR_PAYMENT_BRIDGE|AMOUNT|AVERAGE|DEBIT|WINDOW_L14D
F2110,AVG_LOAN_TXNS_L14D,Average Loan Total Txns - last 14D,False,LOAN,AVERAGE,L14D,BOTH,BEHAVIORAL,False,,SAFE,AVERAGE|LOAN|TRANSACTION_COUNT|WINDOW_L14D
F2111,AVG_LOAN_TXNS_CR_L14D,Average Loan Credit Txns - last 14D,False,LOAN,AVERAGE,L14D,CREDIT,BEHAVIORAL,False,,SAFE,AVERAGE|CREDIT|LOAN|TRANSACTION_COUNT|WINDOW_L14D
F2112,AVG_LOAN_TXNS_DB_L14D,Average Loan Debit Txns - last 14D,False,LOAN,AVERAGE,L14D,DEBIT,BEHAVIORAL,False,,SAFE,AVERAGE|DEBIT|LOAN|TRANSACTION_COUNT|WINDOW_L14D
F2113,AVG_LOAN_AMT_L14D,Average Loan Total Amount - last 14D,False,LOAN,AVERAGE,L14D,BOTH,BEHAVIORAL,False,,SAFE,AMOUNT|AVERAGE|LOAN|WINDOW_L14D
F2114,AVG_LOAN_AMT_CR_L14D,Average Loan Credit Amount - last 14D,False,LOAN,AVERAGE,L14D,CREDIT,BEHAVIORAL,False,,SAFE,AMOUNT|AVERAGE|CREDIT|LOAN|WINDOW_L14D
F2115,AVG_LOAN_AMT_DB_L14D,Average Loan Debit Amount - last 14D,False,LOAN,AVERAGE,L14D,DEBIT,BEHAVIORAL,False,,SAFE,AMOUNT|AVERAGE|DEBIT|LOAN|WINDOW_L14D
F2116,AVG_STDNG_INSTR_L14D,Average Standing Instruction Total Txns - last 14D,False,STANDING_INSTRUCTION,AVERAGE,L14D,BOTH,BEHAVIORAL,False,,SAFE,AVERAGE|STANDING_INSTRUCTION|TRANSACTION_COUNT|WINDOW_L14D
F2117,AVG_STDNG_INSTR_CR_TXNS_L14D,Average Standing Instruction Credit Txns - last 14D,False,STANDING_INSTRUCTION,AVERAGE,L14D,CREDIT,BEHAVIORAL,False,,SAFE,AVERAGE|CREDIT|STANDING_INSTRUCTION|TRANSACTION_COUNT|WINDOW_L14D
F2118,AVG_STDNG_INSTR_DB_TXNS_L14D,Average Standing Instruction Debit Txns - last 14D,False,STANDING_INSTRUCTION,AVERAGE,L14D,DEBIT,BEHAVIORAL,False,,SAFE,AVERAGE|DEBIT|STANDING_INSTRUCTION|TRANSACTION_COUNT|WINDOW_L14D
F2119,AVG_STDNG_INSTR_AMT_L14D,Average Standing Instruction Total Amount - last 14D,False,STANDING_INSTRUCTION,AVERAGE,L14D,BOTH,BEHAVIORAL,False,,SAFE,AMOUNT|AVERAGE|STANDING_INSTRUCTION|WINDOW_L14D
F2120,AVG_STDNG_INSTR_AMT_CR_L14D,Average Standing Instruction Credit Amount - last 14D,False,STANDING_INSTRUCTION,AVERAGE,L14D,CREDIT,BEHAVIORAL,False,,SAFE,AMOUNT|AVERAGE|CREDIT|STANDING_INSTRUCTION|WINDOW_L14D
F2121,AVG_STDNG_INSTR_AMT_DB_L14D,Average Standing Instruction Debit Amount - last 14D,False,STANDING_INSTRUCTION,AVERAGE,L14D,DEBIT,BEHAVIORAL,False,,SAFE,AMOUNT|AVERAGE|DEBIT|STANDING_INSTRUCTION|WINDOW_L14D
F2122,AVG_CASH_TXNS_L31D,Average Cash Transaction Count - last 31D,True,CASH,AVERAGE,L31D,BOTH,BEHAVIORAL,False,,SAFE,AVERAGE|CASH|LONG_WINDOW|TRANSACTION_COUNT|WINDOW_L31D
F2123,AVG_CASH_TXNS_CR_L31D,Average Cash Credit Transaction Count - last 31D,False,CASH,AVERAGE,L31D,CREDIT,BEHAVIORAL,False,,SAFE,AVERAGE|CASH|CREDIT|LONG_WINDOW|TRANSACTION_COUNT|WINDOW_L31D
F2124,AVG_CASH_TXNS_DB_L31D,Average Cash Debit Transaction Count - last 31D,False,CASH,AVERAGE,L31D,DEBIT,BEHAVIORAL,False,,SAFE,AVERAGE|CASH|DEBIT|LONG_WINDOW|TRANSACTION_COUNT|WINDOW_L31D
F2125,AVG_CASH_AMT_L31D,Average Cash Total Amount - last 31D,False,CASH,AVERAGE,L31D,BOTH,BEHAVIORAL,False,,SAFE,AMOUNT|AVERAGE|CASH|LONG_WINDOW|WINDOW_L31D
F2126,AVG_CASH_AMT_CR_L31D,Average Cash Credit Amount - last 31D,False,CASH,AVERAGE,L31D,CREDIT,BEHAVIORAL,False,,SAFE,AMOUNT|AVERAGE|CASH|CREDIT|LONG_WINDOW|WINDOW_L31D
F2127,AVG_CASH_AMT_DB_L31D,Average Cash Debit Amount - last 31D,False,CASH,AVERAGE,L31D,DEBIT,BEHAVIORAL,False,,SAFE,AMOUNT|AVERAGE|CASH|DEBIT|LONG_WINDOW|WINDOW_L31D
F2128,AVG_CHQ_TXNS_L31D,Average Cheque Total Txns - last 31D,False,CHEQUE,AVERAGE,L31D,BOTH,BEHAVIORAL,False,,SAFE,AVERAGE|CHEQUE|LONG_WINDOW|TRANSACTION_COUNT|WINDOW_L31D
F2129,AVG_CHQ_TXNS_CR_L31D,Average Cheque Credit Txns - last 31D,False,CHEQUE,AVERAGE,L31D,CREDIT,BEHAVIORAL,False,,SAFE,AVERAGE|CHEQUE|CREDIT|LONG_WINDOW|TRANSACTION_COUNT|WINDOW_L31D
F2130,AVG_CHQ_TXNS_DB_L31D,Average Cheque Debit Txns - last 31D,False,CHEQUE,AVERAGE,L31D,DEBIT,BEHAVIORAL,False,,SAFE,AVERAGE|CHEQUE|DEBIT|LONG_WINDOW|TRANSACTION_COUNT|WINDOW_L31D
F2131,AVG_CHQ_AMT_L31D,Average Cheque Total Amount - last 31D,False,CHEQUE,AVERAGE,L31D,BOTH,BEHAVIORAL,False,,SAFE,AMOUNT|AVERAGE|CHEQUE|LONG_WINDOW|WINDOW_L31D
F2132,AVG_CHQ_AMT_CR_L31D,Average Cheque Credit Amount - last 31D,False,CHEQUE,AVERAGE,L31D,CREDIT,BEHAVIORAL,False,,SAFE,AMOUNT|AVERAGE|CHEQUE|CREDIT|LONG_WINDOW|WINDOW_L31D
F2133,AVG_CHQ_AMT_DB_L31D,Average Cheque Debit Amount - last 31D,False,CHEQUE,AVERAGE,L31D,DEBIT,BEHAVIORAL,False,,SAFE,AMOUNT|AVERAGE|CHEQUE|DEBIT|LONG_WINDOW|WINDOW_L31D
F2134,AVG_NON_CASH_CHQ_TXNS_L31D,Average Non Cash Non Cheque Total Txns - last 31D,False,NON_CASH_CHQ,AVERAGE,L31D,BOTH,BEHAVIORAL,False,,SAFE,AVERAGE|LONG_WINDOW|NON_CASH_CHQ|TRANSACTION_COUNT|WINDOW_L31D
F2135,AVG_NON_CASH_CHQ_TXNS_CR_L31D,Average Non Cash Non Cheque Credit Txns - last 31D,False,NON_CASH_CHQ,AVERAGE,L31D,CREDIT,BEHAVIORAL,False,,SAFE,AVERAGE|CREDIT|LONG_WINDOW|NON_CASH_CHQ|TRANSACTION_COUNT|WINDOW_L31D
F2136,AVG_NON_CASH_CHQ_TXNS_DB_L31D,Average Non Cash Non Cheque Debit Txns - last 31D,False,NON_CASH_CHQ,AVERAGE,L31D,DEBIT,BEHAVIORAL,False,,SAFE,AVERAGE|DEBIT|LONG_WINDOW|NON_CASH_CHQ|TRANSACTION_COUNT|WINDOW_L31D
F2137,AVG_NON_CASH_CHQ_AMT_L31D,Average Non Cash Non Cheque Total Amount - last 31D,False,NON_CASH_CHQ,AVERAGE,L31D,BOTH,BEHAVIORAL,False,,SAFE,AMOUNT|AVERAGE|LONG_WINDOW|NON_CASH_CHQ|WINDOW_L31D
F2138,AVG_NON_CASH_CHQ_AMT_CR_L31D,Average Non Cash Non Cheque Credit Amount - last 31D,False,NON_CASH_CHQ,AVERAGE,L31D,CREDIT,BEHAVIORAL,False,,SAFE,AMOUNT|AVERAGE|CREDIT|LONG_WINDOW|NON_CASH_CHQ|WINDOW_L31D
F2139,AVG_NON_CASH_CHQ_AMT_DB_L31D,Average Non Cash Non Cheque Debit Amount - last 31D,False,NON_CASH_CHQ,AVERAGE,L31D,DEBIT,BEHAVIORAL,False,,SAFE,AMOUNT|AVERAGE|DEBIT|LONG_WINDOW|NON_CASH_CHQ|WINDOW_L31D
F2140,AVG_CI_NON_CASH_CHQ_TXNS_L31D,Average Customer Induced Non Cash Non Cheque Total Txns - last 31D,False,NON_CASH_CHQ,AVERAGE,L31D,BOTH,BEHAVIORAL,False,,SAFE,AVERAGE|LONG_WINDOW|NON_CASH_CHQ|TRANSACTION_COUNT|WINDOW_L31D
F2141,AVG_CI_NON_CASH_CHQ_TXNS_CR_L31D,Average Customer Induced Non Cash Non Cheque Credit Txns - last 31D,False,NON_CASH_CHQ,AVERAGE,L31D,CREDIT,BEHAVIORAL,False,,SAFE,AVERAGE|CREDIT|LONG_WINDOW|NON_CASH_CHQ|TRANSACTION_COUNT|WINDOW_L31D
F2142,AVG_CI_NON_CASH_CHQ_TXNS_DB_L31D,Average Customer Induced Non Cash Non Cheque Debit Txns - last 31D,False,NON_CASH_CHQ,AVERAGE,L31D,DEBIT,BEHAVIORAL,False,,SAFE,AVERAGE|DEBIT|LONG_WINDOW|NON_CASH_CHQ|TRANSACTION_COUNT|WINDOW_L31D
F2143,AVG_CI_NON_CASH_CHQ_AMT_L31D,Average Customer Induced Non Cash Non Cheque Total Amount - last 31D,False,NON_CASH_CHQ,AVERAGE,L31D,BOTH,BEHAVIORAL,False,,SAFE,AMOUNT|AVERAGE|LONG_WINDOW|NON_CASH_CHQ|WINDOW_L31D
F2144,AVG_CI_NON_CASH_CHQ_AMT_CR_L31D,Average Customer Induced Non Cash Non Cheque Credit Amount - last 31D,False,NON_CASH_CHQ,AVERAGE,L31D,CREDIT,BEHAVIORAL,False,,SAFE,AMOUNT|AVERAGE|CREDIT|LONG_WINDOW|NON_CASH_CHQ|WINDOW_L31D
F2145,AVG_CI_NON_CASH_CHQ_AMT_DB_L31D,Average Customer Induced Non Cash Non Cheque Debit Amount - last 31D,False,NON_CASH_CHQ,AVERAGE,L31D,DEBIT,BEHAVIORAL,False,,SAFE,AMOUNT|AVERAGE|DEBIT|LONG_WINDOW|NON_CASH_CHQ|WINDOW_L31D
F2146,AVG_CI_TXNS_L31D,Average Customer Incduced Total Txns - last 31D,False,CASH_INTENSIVE,AVERAGE,L31D,BOTH,BEHAVIORAL,False,,SAFE,AVERAGE|CASH_INTENSIVE|LONG_WINDOW|TRANSACTION_COUNT|WINDOW_L31D
F2147,AVG_CI_TXNS_CR_L31D,Average Customer Incduced Credit Txns - last 31D,False,CASH_INTENSIVE,AVERAGE,L31D,CREDIT,BEHAVIORAL,False,,SAFE,AVERAGE|CASH_INTENSIVE|CREDIT|LONG_WINDOW|TRANSACTION_COUNT|WINDOW_L31D
F2148,AVG_CI_TXNS_DB_L31D,Average Customer Incduced Debit Txns - last 31D,False,CASH_INTENSIVE,AVERAGE,L31D,DEBIT,BEHAVIORAL,False,,SAFE,AVERAGE|CASH_INTENSIVE|DEBIT|LONG_WINDOW|TRANSACTION_COUNT|WINDOW_L31D
F2149,AVG_CI_AMT_L31D,Average Customer Induced Total Amount - last 31D,False,CASH_INTENSIVE,AVERAGE,L31D,BOTH,BEHAVIORAL,False,,SAFE,AMOUNT|AVERAGE|CASH_INTENSIVE|LONG_WINDOW|WINDOW_L31D
F2150,AVG_CI_AMT_CR_L31D,Average Customer Induced Credit Amount - last 31D,False,CASH_INTENSIVE,AVERAGE,L31D,CREDIT,BEHAVIORAL,False,,SAFE,AMOUNT|AVERAGE|CASH_INTENSIVE|CREDIT|LONG_WINDOW|WINDOW_L31D
F2151,AVG_CI_AMT_DB_L31D,Average Customer Induced Debit Amount - last 31D,False,CASH_INTENSIVE,AVERAGE,L31D,DEBIT,BEHAVIORAL,False,,SAFE,AMOUNT|AVERAGE|CASH_INTENSIVE|DEBIT|LONG_WINDOW|WINDOW_L31D
F2152,AVG_ATM_TXNS_L31D,Average Bank Induced Fees Charges Total Txns - last 31D,False,ATM,AVERAGE,L31D,BOTH,BEHAVIORAL,False,,SAFE,ATM|AVERAGE|LONG_WINDOW|TRANSACTION_COUNT|WINDOW_L31D
F2153,AVG_ATM_TXNS_CR_L31D,Average Bank Induced Fees Charges Credit Txns - last 31D,False,ATM,AVERAGE,L31D,CREDIT,BEHAVIORAL,False,,SAFE,ATM|AVERAGE|CREDIT|LONG_WINDOW|TRANSACTION_COUNT|WINDOW_L31D
F2154,AVG_ATM_TXNS_DB_L31D,Average Bank Induced Fees Charges Debit Txns - last 31D,False,ATM,AVERAGE,L31D,DEBIT,BEHAVIORAL,False,,SAFE,ATM|AVERAGE|DEBIT|LONG_WINDOW|TRANSACTION_COUNT|WINDOW_L31D
F2155,AVG_ATM_AMT_L31D,Average Bank Induced Fees Charges Total Amount - last 31D,False,ATM,AVERAGE,L31D,BOTH,BEHAVIORAL,False,,SAFE,AMOUNT|ATM|AVERAGE|LONG_WINDOW|WINDOW_L31D
F2156,AVG_ATM_AMT_CR_L31D,Average Bank Induced Fees Charges Credit Amount - last 31D,False,ATM,AVERAGE,L31D,CREDIT,BEHAVIORAL,False,,SAFE,AMOUNT|ATM|AVERAGE|CREDIT|LONG_WINDOW|WINDOW_L31D
F2157,AVG_ATM_AMT_DB_L31D,Average Bank Induced Fees Charges Debit Amount - last 31D,False,ATM,AVERAGE,L31D,DEBIT,BEHAVIORAL,False,,SAFE,AMOUNT|ATM|AVERAGE|DEBIT|LONG_WINDOW|WINDOW_L31D
F2158,AVG_BI_FEES_CHRGS_TXNS_L31D,Average Bank Induced Fees Charges  Total Txns - last 31D,False,FEES_AND_CHARGES,AVERAGE,L31D,BOTH,BEHAVIORAL,False,,SAFE,AVERAGE|FEES_AND_CHARGES|LONG_WINDOW|TRANSACTION_COUNT|WINDOW_L31D
F2159,AVG_BI_FEES_CHRGS_TXNS_CR_L31D,Average Bank Induced Fees Charges  Credit Txns - last 31D,False,FEES_AND_CHARGES,AVERAGE,L31D,CREDIT,BEHAVIORAL,False,,SAFE,AVERAGE|CREDIT|FEES_AND_CHARGES|LONG_WINDOW|TRANSACTION_COUNT|WINDOW_L31D
F2160,AVG_BI_FEES_CHRGS_TXNS_DB_L31D,Average Bank Induced Fees Charges  Debit Txns - last 31D,False,FEES_AND_CHARGES,AVERAGE,L31D,DEBIT,BEHAVIORAL,False,,SAFE,AVERAGE|DEBIT|FEES_AND_CHARGES|LONG_WINDOW|TRANSACTION_COUNT|WINDOW_L31D
F2161,AVG_BI_FEES_CHRGS_AMT_L31D,Average Bank Induced Fees Charges  Total Amount - last 31D,False,FEES_AND_CHARGES,AVERAGE,L31D,BOTH,BEHAVIORAL,False,,SAFE,AMOUNT|AVERAGE|FEES_AND_CHARGES|LONG_WINDOW|WINDOW_L31D
F2162,AVG_BI_FEES_CHRGS_AMT_CR_L31D,Average Bank Induced Fees Charges  Credit Amount - last 31D,False,FEES_AND_CHARGES,AVERAGE,L31D,CREDIT,BEHAVIORAL,False,,SAFE,AMOUNT|AVERAGE|CREDIT|FEES_AND_CHARGES|LONG_WINDOW|WINDOW_L31D
F2163,AVG_BI_FEES_CHRGS_AMT_DB_L31D,Average Bank Induced Fees Charges  Debit Amount - last 31D,False,FEES_AND_CHARGES,AVERAGE,L31D,DEBIT,BEHAVIORAL,False,,SAFE,AMOUNT|AVERAGE|DEBIT|FEES_AND_CHARGES|LONG_WINDOW|WINDOW_L31D
F2164,AVG_CI_FEES_CHRGS_TXNS_L31D,Average Customer Induced Fees Charges Total Txns - last 31D,False,FEES_AND_CHARGES,AVERAGE,L31D,BOTH,BEHAVIORAL,False,,SAFE,AVERAGE|FEES_AND_CHARGES|LONG_WINDOW|TRANSACTION_COUNT|WINDOW_L31D
F2165,AVG_CI_FEES_CHRGS_TXNS_CR_L31D,Average Customer Induced Fees Charges Credit Txns - last 31D,False,FEES_AND_CHARGES,AVERAGE,L31D,CREDIT,BEHAVIORAL,False,,SAFE,AVERAGE|CREDIT|FEES_AND_CHARGES|LONG_WINDOW|TRANSACTION_COUNT|WINDOW_L31D
F2166,AVG_CI_FEES_CHRGS_TXNS_DB_L31D,Average Customer Induced Fees Charges Debit Txns - last 31D,False,FEES_AND_CHARGES,AVERAGE,L31D,DEBIT,BEHAVIORAL,False,,SAFE,AVERAGE|DEBIT|FEES_AND_CHARGES|LONG_WINDOW|TRANSACTION_COUNT|WINDOW_L31D
F2167,AVG_CI_FEES_CHRGS_AMT_L31D,Average Customer Induced Fees Charges Total Amount - last 31D,False,FEES_AND_CHARGES,AVERAGE,L31D,BOTH,BEHAVIORAL,False,,SAFE,AMOUNT|AVERAGE|FEES_AND_CHARGES|LONG_WINDOW|WINDOW_L31D
F2168,AVG_CI_FEES_CHRGS_AMT_CR_L31D,Average Customer Induced Fees Charges Credit Amount - last 31D,False,FEES_AND_CHARGES,AVERAGE,L31D,CREDIT,BEHAVIORAL,False,,SAFE,AMOUNT|AVERAGE|CREDIT|FEES_AND_CHARGES|LONG_WINDOW|WINDOW_L31D
F2169,AVG_CI_FEES_CHRGS_AMT_DB_L31D,Average Customer Induced Fees Charges Debit Amount - last 31D,False,FEES_AND_CHARGES,AVERAGE,L31D,DEBIT,BEHAVIORAL,False,,SAFE,AMOUNT|AVERAGE|DEBIT|FEES_AND_CHARGES|LONG_WINDOW|WINDOW_L31D
F2170,AVG_GST_TXNS_L31D,Average GST Total Txns - last 31D,False,GST,AVERAGE,L31D,BOTH,BEHAVIORAL,False,,SAFE,AVERAGE|GST|LONG_WINDOW|TRANSACTION_COUNT|WINDOW_L31D
F2171,AVG_GST_TXNS_CR_L31D,Average GST Credit Txns - last 31D,False,GST,AVERAGE,L31D,CREDIT,BEHAVIORAL,False,,SAFE,AVERAGE|CREDIT|GST|LONG_WINDOW|TRANSACTION_COUNT|WINDOW_L31D
F2172,AVG_GST_TXNS_DB_L31D,Average GST Debit Txns - last 31D,False,GST,AVERAGE,L31D,DEBIT,BEHAVIORAL,False,,SAFE,AVERAGE|DEBIT|GST|LONG_WINDOW|TRANSACTION_COUNT|WINDOW_L31D
F2173,AVG_GST_AMT_L31D,Average GST Total Amount - last 31D,False,GST,AVERAGE,L31D,BOTH,BEHAVIORAL,False,,SAFE,AMOUNT|AVERAGE|GST|LONG_WINDOW|WINDOW_L31D
F2174,AVG_GST_AMT_CR_L31D,Average GST Credit Amount - last 31D,False,GST,AVERAGE,L31D,CREDIT,BEHAVIORAL,False,,SAFE,AMOUNT|AVERAGE|CREDIT|GST|LONG_WINDOW|WINDOW_L31D
F2175,AVG_GST_AMT_DB_L31D,Average GST Debit Amount - last 31D,False,GST,AVERAGE,L31D,DEBIT,BEHAVIORAL,False,,SAFE,AMOUNT|AVERAGE|DEBIT|GST|LONG_WINDOW|WINDOW_L31D
F2176,AVG_ELEC_XFER_TXNS_L31D,Average Online Transfer (IMPS+NEFT+RTGS) Total Txns - last 31D,False,ELEC_XFER,AVERAGE,L31D,BOTH,BEHAVIORAL,False,,SAFE,AVERAGE|ELEC_XFER|LONG_WINDOW|TRANSACTION_COUNT|WINDOW_L31D
F2177,AVG_ELEC_XFER_TXNS_CR_L31D,Average Online Transfer (IMPS+NEFT+RTGS) Credit Txns - last 31D,False,ELEC_XFER,AVERAGE,L31D,CREDIT,BEHAVIORAL,False,,SAFE,AVERAGE|CREDIT|ELEC_XFER|LONG_WINDOW|TRANSACTION_COUNT|WINDOW_L31D
F2178,AVG_ELEC_XFER_TXNS_DB_L31D,Average Online Transfer (IMPS+NEFT+RTGS) Debit Txns - last 31D,False,ELEC_XFER,AVERAGE,L31D,DEBIT,BEHAVIORAL,False,,SAFE,AVERAGE|DEBIT|ELEC_XFER|LONG_WINDOW|TRANSACTION_COUNT|WINDOW_L31D
F2179,AVG_ELEC_XFER_AMT_L31D,Average Online Transfer (IMPS+NEFT+RTGS) Total Amount - last 31D,False,ELEC_XFER,AVERAGE,L31D,BOTH,BEHAVIORAL,False,,SAFE,AMOUNT|AVERAGE|ELEC_XFER|LONG_WINDOW|WINDOW_L31D
F2180,AVG_ELEC_XFER_AMT_CR_L31D,Average Online Transfer (IMPS+NEFT+RTGS) Credit Amount - last 31D,False,ELEC_XFER,AVERAGE,L31D,CREDIT,BEHAVIORAL,False,,SAFE,AMOUNT|AVERAGE|CREDIT|ELEC_XFER|LONG_WINDOW|WINDOW_L31D
F2181,AVG_ELEC_XFER_AMT_DB_L31D,Average Online Transfer (IMPS+NEFT+RTGS) Debit Amount - last 31D,False,ELEC_XFER,AVERAGE,L31D,DEBIT,BEHAVIORAL,False,,SAFE,AMOUNT|AVERAGE|DEBIT|ELEC_XFER|LONG_WINDOW|WINDOW_L31D
F2182,AVG_UPI_XFER_TXNS_L31D,Average UPI Total Txns - last 31D,False,UPI_XFER,AVERAGE,L31D,BOTH,BEHAVIORAL,False,,SAFE,AVERAGE|LONG_WINDOW|TRANSACTION_COUNT|UPI_XFER|WINDOW_L31D
F2183,AVG_UPI_TXNS_CR_L31D,Average UPI Total Amount - last 31D,False,UPI,AVERAGE,L31D,CREDIT,BEHAVIORAL,False,,SAFE,AMOUNT|AVERAGE|CREDIT|LONG_WINDOW|UPI|WINDOW_L31D
F2184,AVG_UPI_TXNS_DB_L31D,Average UPI Credit Txns - last 31D,False,UPI,AVERAGE,L31D,DEBIT,BEHAVIORAL,False,,SAFE,AVERAGE|DEBIT|LONG_WINDOW|TRANSACTION_COUNT|UPI|WINDOW_L31D
F2185,AVG_UPI_XFER_AMT_L31D,Average UPI Debit Txns - last 31D,False,UPI_XFER,AVERAGE,L31D,BOTH,BEHAVIORAL,False,,SAFE,AMOUNT|AVERAGE|LONG_WINDOW|TRANSACTION_COUNT|UPI_XFER|WINDOW_L31D
F2186,AVG_UPI_AMT_CR_L31D,Average UPI Credit Amount - last 31D,False,UPI,AVERAGE,L31D,CREDIT,BEHAVIORAL,False,,SAFE,AMOUNT|AVERAGE|CREDIT|LONG_WINDOW|UPI|WINDOW_L31D
F2187,AVG_UPI_AMT_DB_L31D,Average UPI Debit Amount - last 31D,False,UPI,AVERAGE,L31D,DEBIT,BEHAVIORAL,False,,SAFE,AMOUNT|AVERAGE|DEBIT|LONG_WINDOW|UPI|WINDOW_L31D
F2188,AVG_NET_BNKING_TXNS_L31D,Average Net Banking Total Txns - last 31D,False,NET_BANKING,AVERAGE,L31D,BOTH,BEHAVIORAL,False,,SAFE,AVERAGE|LONG_WINDOW|NET_BANKING|TRANSACTION_COUNT|WINDOW_L31D
F2189,AVG_NET_BNKING_TXNS_CR_L31D,Average Net Banking Credit Txns - last 31D,False,NET_BANKING,AVERAGE,L31D,CREDIT,BEHAVIORAL,False,,SAFE,AVERAGE|CREDIT|LONG_WINDOW|NET_BANKING|TRANSACTION_COUNT|WINDOW_L31D
F2190,AVG_NET_BNKING_TXNS_DB_L31D,Average Net Banking Debit Txns - last 31D,False,NET_BANKING,AVERAGE,L31D,DEBIT,BEHAVIORAL,False,,SAFE,AVERAGE|DEBIT|LONG_WINDOW|NET_BANKING|TRANSACTION_COUNT|WINDOW_L31D
F2191,AVG_NET_BNKING_AMT_L31D,Average Net Banking Total Amount - last 31D,False,NET_BANKING,AVERAGE,L31D,BOTH,BEHAVIORAL,False,,SAFE,AMOUNT|AVERAGE|LONG_WINDOW|NET_BANKING|WINDOW_L31D
F2192,AVG_NET_BNKING_AMT_CR_L31D,Average Net Banking Credit Amount - last 31D,False,NET_BANKING,AVERAGE,L31D,CREDIT,BEHAVIORAL,False,,SAFE,AMOUNT|AVERAGE|CREDIT|LONG_WINDOW|NET_BANKING|WINDOW_L31D
F2193,AVG_NET_BNKING_AMT_DB_L31D,Average Net Banking Debit Amount - last 31D,False,NET_BANKING,AVERAGE,L31D,DEBIT,BEHAVIORAL,False,,SAFE,AMOUNT|AVERAGE|DEBIT|LONG_WINDOW|NET_BANKING|WINDOW_L31D
F2194,AVG_MOB_BNKING_TXNS_L31D,Average Mobile Banking Total Txns - last 31D,False,MOBILE_BANKING,AVERAGE,L31D,BOTH,BEHAVIORAL,False,,SAFE,AVERAGE|LONG_WINDOW|MOBILE_BANKING|TRANSACTION_COUNT|WINDOW_L31D
F2195,AVG_MBNKING_TXNS_CR_L31D,Average Mobile Banking Total Amount - last 31D,False,MOBILE_BANKING,AVERAGE,L31D,CREDIT,BEHAVIORAL,False,,SAFE,AMOUNT|AVERAGE|CREDIT|LONG_WINDOW|MOBILE_BANKING|WINDOW_L31D
F2196,AVG_MBNKING_TXNS_DB_L31D,Average Mobile Banking Credit Txns - last 31D,False,MOBILE_BANKING,AVERAGE,L31D,DEBIT,BEHAVIORAL,False,,SAFE,AVERAGE|DEBIT|LONG_WINDOW|MOBILE_BANKING|TRANSACTION_COUNT|WINDOW_L31D
F2197,AVG_MOB_BNKING_AMT_L31D,Average Mobile Banking Debit Txns - last 31D,False,MOBILE_BANKING,AVERAGE,L31D,BOTH,BEHAVIORAL,False,,SAFE,AMOUNT|AVERAGE|LONG_WINDOW|MOBILE_BANKING|TRANSACTION_COUNT|WINDOW_L31D
F2198,AVG_MBNKING_AMT_CR_L31D,Average Mobile Banking Credit Amount - last 31D,False,MOBILE_BANKING,AVERAGE,L31D,CREDIT,BEHAVIORAL,False,,SAFE,AMOUNT|AVERAGE|CREDIT|LONG_WINDOW|MOBILE_BANKING|WINDOW_L31D
F2199,AVG_MBNKING_AMT_DB_L31D,Average Mobile Banking Debit Amount - last 31D,False,MOBILE_BANKING,AVERAGE,L31D,DEBIT,BEHAVIORAL,False,,SAFE,AMOUNT|AVERAGE|DEBIT|LONG_WINDOW|MOBILE_BANKING|WINDOW_L31D
F2200,AVG_POS_PYMT_TXNS_L31D,Average Merchant Payment Total Txns - last 31D,False,POS_MERCHANT,AVERAGE,L31D,BOTH,BEHAVIORAL,False,,SAFE,AVERAGE|LONG_WINDOW|POS_MERCHANT|TRANSACTION_COUNT|WINDOW_L31D
F2201,AVG_POS_PYMT_TXNS_CR_L31D,Average Merchant Payment Credit Txns - last 31D,False,POS_MERCHANT,AVERAGE,L31D,CREDIT,BEHAVIORAL,False,,SAFE,AVERAGE|CREDIT|LONG_WINDOW|POS_MERCHANT|TRANSACTION_COUNT|WINDOW_L31D
F2202,AVG_POS_PYMT_TXNS_DB_L31D,Average Merchant Payment Debit Txns - last 31D,False,POS_MERCHANT,AVERAGE,L31D,DEBIT,BEHAVIORAL,False,,SAFE,AVERAGE|DEBIT|LONG_WINDOW|POS_MERCHANT|TRANSACTION_COUNT|WINDOW_L31D
F2203,AVG_POS_PYMT_AMT_L31D,Average Merchant Payment Total Amount - last 31D,False,POS_MERCHANT,AVERAGE,L31D,BOTH,BEHAVIORAL,False,,SAFE,AMOUNT|AVERAGE|LONG_WINDOW|POS_MERCHANT|WINDOW_L31D
F2204,AVG_POS_PYMT_AMT_CR_L31D,Average Merchant Payment Credit Amount - last 31D,False,POS_MERCHANT,AVERAGE,L31D,CREDIT,BEHAVIORAL,False,,SAFE,AMOUNT|AVERAGE|CREDIT|LONG_WINDOW|POS_MERCHANT|WINDOW_L31D
F2205,AVG_POS_PYMT_AMT_DB_L31D,Average Merchant Payment Debit Amount - last 31D,False,POS_MERCHANT,AVERAGE,L31D,DEBIT,BEHAVIORAL,False,,SAFE,AMOUNT|AVERAGE|DEBIT|LONG_WINDOW|POS_MERCHANT|WINDOW_L31D
F2206,AVG_BBPS_TXNS_L31D,Average Cash Total Txns - last 31D,False,BBPS,AVERAGE,L31D,BOTH,BEHAVIORAL,False,,SAFE,AVERAGE|BBPS|LONG_WINDOW|TRANSACTION_COUNT|WINDOW_L31D
F2207,AVG_BBPS_TXNS_CR_L31D,Average Cash Credit Txns - last 31D,False,BBPS,AVERAGE,L31D,CREDIT,BEHAVIORAL,False,,SAFE,AVERAGE|BBPS|CREDIT|LONG_WINDOW|TRANSACTION_COUNT|WINDOW_L31D
F2208,AVG_BBPS_TXNS_DB_L31D,Average Cash Debit Txns - last 31D,False,BBPS,AVERAGE,L31D,DEBIT,BEHAVIORAL,False,,SAFE,AVERAGE|BBPS|DEBIT|LONG_WINDOW|TRANSACTION_COUNT|WINDOW_L31D
F2209,AVG_BBPS_AMT_L31D,Average Cash Total Amount - last 31D,False,BBPS,AVERAGE,L31D,BOTH,BEHAVIORAL,False,,SAFE,AMOUNT|AVERAGE|BBPS|LONG_WINDOW|WINDOW_L31D
F2210,AVG_BBPS_AMT_CR_L31D,Average Cash Credit Amount - last 31D,False,BBPS,AVERAGE,L31D,CREDIT,BEHAVIORAL,False,,SAFE,AMOUNT|AVERAGE|BBPS|CREDIT|LONG_WINDOW|WINDOW_L31D
F2211,AVG_BBPS_AMT_DB_L31D,Average Cash Debit Amount - last 31D,False,BBPS,AVERAGE,L31D,DEBIT,BEHAVIORAL,False,,SAFE,AMOUNT|AVERAGE|BBPS|DEBIT|LONG_WINDOW|WINDOW_L31D
F2212,AVG_APB_TXNS_L31D,Average Bharat Bill Payment System Total Txns - last 31D,False,AADHAAR_PAYMENT_BRIDGE,AVERAGE,L31D,BOTH,BEHAVIORAL,False,,SAFE,AADHAAR_PAYMENT_BRIDGE|AVERAGE|LONG_WINDOW|TRANSACTION_COUNT|WINDOW_L31D
F2213,AVG_APB_TXNS_CR_L31D,Average Bharat Bill Payment System Credit Txns - last 31D,False,AADHAAR_PAYMENT_BRIDGE,AVERAGE,L31D,CREDIT,BEHAVIORAL,False,,SAFE,AADHAAR_PAYMENT_BRIDGE|AVERAGE|CREDIT|LONG_WINDOW|TRANSACTION_COUNT|WINDOW_L31D
F2214,AVG_APB_TXNS_DB_L31D,Average Bharat Bill Payment System Debit Txns - last 31D,False,AADHAAR_PAYMENT_BRIDGE,AVERAGE,L31D,DEBIT,BEHAVIORAL,False,,SAFE,AADHAAR_PAYMENT_BRIDGE|AVERAGE|DEBIT|LONG_WINDOW|TRANSACTION_COUNT|WINDOW_L31D
F2215,AVG_APB_AMT_L31D,Average Bharat Bill Payment System Total Amount - last 31D,False,AADHAAR_PAYMENT_BRIDGE,AVERAGE,L31D,BOTH,BEHAVIORAL,False,,SAFE,AADHAAR_PAYMENT_BRIDGE|AMOUNT|AVERAGE|LONG_WINDOW|WINDOW_L31D
F2216,AVG_APB_AMT_CR_L31D,Average Bharat Bill Payment System Credit Amount - last 31D,False,AADHAAR_PAYMENT_BRIDGE,AVERAGE,L31D,CREDIT,BEHAVIORAL,False,,SAFE,AADHAAR_PAYMENT_BRIDGE|AMOUNT|AVERAGE|CREDIT|LONG_WINDOW|WINDOW_L31D
F2217,AVG_APB_AMT_DB_L31D,Average Bharat Bill Payment System Debit Amount - last 31D,False,AADHAAR_PAYMENT_BRIDGE,AVERAGE,L31D,DEBIT,BEHAVIORAL,False,,SAFE,AADHAAR_PAYMENT_BRIDGE|AMOUNT|AVERAGE|DEBIT|LONG_WINDOW|WINDOW_L31D
F2218,AVG_LOAN_TXNS_L31D,Average Loan Total Txns - last 31D,False,LOAN,AVERAGE,L31D,BOTH,BEHAVIORAL,False,,SAFE,AVERAGE|LOAN|LONG_WINDOW|TRANSACTION_COUNT|WINDOW_L31D
F2219,AVG_LOAN_TXNS_CR_L31D,Average Loan Credit Txns - last 31D,False,LOAN,AVERAGE,L31D,CREDIT,BEHAVIORAL,False,,SAFE,AVERAGE|CREDIT|LOAN|LONG_WINDOW|TRANSACTION_COUNT|WINDOW_L31D
F2220,AVG_LOAN_TXNS_DB_L31D,Average Loan Debit Txns - last 31D,False,LOAN,AVERAGE,L31D,DEBIT,BEHAVIORAL,False,,SAFE,AVERAGE|DEBIT|LOAN|LONG_WINDOW|TRANSACTION_COUNT|WINDOW_L31D
F2221,AVG_LOAN_AMT_L31D,Average Loan Total Amount - last 31D,False,LOAN,AVERAGE,L31D,BOTH,BEHAVIORAL,False,,SAFE,AMOUNT|AVERAGE|LOAN|LONG_WINDOW|WINDOW_L31D
F2222,AVG_LOAN_AMT_CR_L31D,Average Loan Credit Amount - last 31D,False,LOAN,AVERAGE,L31D,CREDIT,BEHAVIORAL,False,,SAFE,AMOUNT|AVERAGE|CREDIT|LOAN|LONG_WINDOW|WINDOW_L31D
F2223,AVG_LOAN_AMT_DB_L31D,Average Loan Debit Amount - last 31D,False,LOAN,AVERAGE,L31D,DEBIT,BEHAVIORAL,False,,SAFE,AMOUNT|AVERAGE|DEBIT|LOAN|LONG_WINDOW|WINDOW_L31D
F2224,AVG_STDNG_INSTR_L31D,Average Standing Instruction Total Txns - last 31D,False,STANDING_INSTRUCTION,AVERAGE,L31D,BOTH,BEHAVIORAL,False,,SAFE,AVERAGE|LONG_WINDOW|STANDING_INSTRUCTION|TRANSACTION_COUNT|WINDOW_L31D
F2225,AVG_STDNG_INSTR_CR_TXNS_L31D,Average Standing Instruction Credit Txns - last 31D,False,STANDING_INSTRUCTION,AVERAGE,L31D,CREDIT,BEHAVIORAL,False,,SAFE,AVERAGE|CREDIT|LONG_WINDOW|STANDING_INSTRUCTION|TRANSACTION_COUNT|WINDOW_L31D
F2226,AVG_STDNG_INSTR_DB_TXNS_L31D,Average Standing Instruction Debit Txns - last 31D,False,STANDING_INSTRUCTION,AVERAGE,L31D,DEBIT,BEHAVIORAL,False,,SAFE,AVERAGE|DEBIT|LONG_WINDOW|STANDING_INSTRUCTION|TRANSACTION_COUNT|WINDOW_L31D
F2227,AVG_STDNG_INSTR_AMT_L31D,Average Standing Instruction Total Amount - last 31D,False,STANDING_INSTRUCTION,AVERAGE,L31D,BOTH,BEHAVIORAL,False,,SAFE,AMOUNT|AVERAGE|LONG_WINDOW|STANDING_INSTRUCTION|WINDOW_L31D
F2228,AVG_STDNG_INSTR_AMT_CR_L31D,Average Standing Instruction Credit Amount - last 31D,False,STANDING_INSTRUCTION,AVERAGE,L31D,CREDIT,BEHAVIORAL,False,,SAFE,AMOUNT|AVERAGE|CREDIT|LONG_WINDOW|STANDING_INSTRUCTION|WINDOW_L31D
F2229,AVG_STDNG_INSTR_AMT_DB_L31D,Average Standing Instruction Debit Amount - last 31D,False,STANDING_INSTRUCTION,AVERAGE,L31D,DEBIT,BEHAVIORAL,False,,SAFE,AMOUNT|AVERAGE|DEBIT|LONG_WINDOW|STANDING_INSTRUCTION|WINDOW_L31D
F2230,MNTH,Month of the data,False,INDEX_OR_ID,RAW_OR_META,NONE,BOTH,INDEX_OR_ID,False,,QUARANTINED,INDEX_OR_ID|RAW_OR_META
F2231,D_CASH_TXN_L7_14D,Deviation of Cash Total txns - last 7 to 14D,False,CASH,DEVIATION,L7_14D,BOTH,BEHAVIORAL,False,,SAFE,CASH|DEVIATION|SHORT_WINDOW|TRANSACTION_COUNT|WINDOW_L7_14D
F2232,D_CASH_TXN_CR_L7_14D,Deviation of Cash Credit txns - last 7 to 14D,False,CASH,DEVIATION,L7_14D,CREDIT,BEHAVIORAL,False,,SAFE,CASH|CREDIT|DEVIATION|SHORT_WINDOW|TRANSACTION_COUNT|WINDOW_L7_14D
F2233,D_CASH_TXN_DB_L7_14D,Deviation of Cash Debit txns - last 7 to 14D,False,CASH,DEVIATION,L7_14D,DEBIT,BEHAVIORAL,False,,SAFE,CASH|DEBIT|DEVIATION|SHORT_WINDOW|TRANSACTION_COUNT|WINDOW_L7_14D
F2234,D_CASH_AMT_L7_14D,Deviation of Cash Total Amount - last 7 to 14D,False,CASH,DEVIATION,L7_14D,BOTH,BEHAVIORAL,False,,SAFE,AMOUNT|CASH|DEVIATION|SHORT_WINDOW|WINDOW_L7_14D
F2235,D_CASH_AMT_CR_L7_14D,Deviation of Cash Credit Amount - last 7 to 14D,False,CASH,DEVIATION,L7_14D,CREDIT,BEHAVIORAL,False,,SAFE,AMOUNT|CASH|CREDIT|DEVIATION|SHORT_WINDOW|WINDOW_L7_14D
F2236,D_CASH_AMT_DB_L7_14D,Deviation of Cash Debit Amount - last 7 to 14D,False,CASH,DEVIATION,L7_14D,DEBIT,BEHAVIORAL,False,,SAFE,AMOUNT|CASH|DEBIT|DEVIATION|SHORT_WINDOW|WINDOW_L7_14D
F2237,D_CHQ_TXN_L7_14D,Deviation of Cheque Total txns - last 7 to 14D,False,CHEQUE,DEVIATION,L7_14D,BOTH,BEHAVIORAL,False,,SAFE,CHEQUE|DEVIATION|SHORT_WINDOW|TRANSACTION_COUNT|WINDOW_L7_14D
F2238,D_CHQ_TXN_CR_L7_14D,Deviation of Cheque Credit txns - last 7 to 14D,False,CHEQUE,DEVIATION,L7_14D,CREDIT,BEHAVIORAL,False,,SAFE,CHEQUE|CREDIT|DEVIATION|SHORT_WINDOW|TRANSACTION_COUNT|WINDOW_L7_14D
F2239,D_CHQ_TXN_DB_L7_14D,Deviation of Cheque Debit txns - last 7 to 14D,False,CHEQUE,DEVIATION,L7_14D,DEBIT,BEHAVIORAL,False,,SAFE,CHEQUE|DEBIT|DEVIATION|SHORT_WINDOW|TRANSACTION_COUNT|WINDOW_L7_14D
F2240,D_CHQ_AMT_L7_14D,Deviation of Cheque Total Amount - last 7 to 14D,False,CHEQUE,DEVIATION,L7_14D,BOTH,BEHAVIORAL,False,,SAFE,AMOUNT|CHEQUE|DEVIATION|SHORT_WINDOW|WINDOW_L7_14D
F2241,D_CHQ_AMT_CR_L7_14D,Deviation of Cheque Credit Amount - last 7 to 14D,False,CHEQUE,DEVIATION,L7_14D,CREDIT,BEHAVIORAL,False,,SAFE,AMOUNT|CHEQUE|CREDIT|DEVIATION|SHORT_WINDOW|WINDOW_L7_14D
F2242,D_CHQ_AMT_DB_L7_14D,Deviation of Cheque Debit Amount - last 7 to 14D,False,CHEQUE,DEVIATION,L7_14D,DEBIT,BEHAVIORAL,False,,SAFE,AMOUNT|CHEQUE|DEBIT|DEVIATION|SHORT_WINDOW|WINDOW_L7_14D
F2243,D_NON_CASH_CHQ_TXN_L7_14D,Deviation of Non Cash Non Cheque Total txns - last 7 to 14D,False,NON_CASH_CHQ,DEVIATION,L7_14D,BOTH,BEHAVIORAL,False,,SAFE,DEVIATION|NON_CASH_CHQ|SHORT_WINDOW|TRANSACTION_COUNT|WINDOW_L7_14D
F2244,D_NON_CASH_CHQ_TXN_CR_L7_14D,Deviation of Non Cash Non Cheque Credit txns - last 7 to 14D,False,NON_CASH_CHQ,DEVIATION,L7_14D,CREDIT,BEHAVIORAL,False,,SAFE,CREDIT|DEVIATION|NON_CASH_CHQ|SHORT_WINDOW|TRANSACTION_COUNT|WINDOW_L7_14D
F2245,D_NON_CASH_CHQ_TXN_DB_L7_14D,Deviation of Non Cash Non Cheque Debit txns - last 7 to 14D,False,NON_CASH_CHQ,DEVIATION,L7_14D,DEBIT,BEHAVIORAL,False,,SAFE,DEBIT|DEVIATION|NON_CASH_CHQ|SHORT_WINDOW|TRANSACTION_COUNT|WINDOW_L7_14D
F2246,D_NON_CASH_CHQ_AMT_L7_14D,Deviation of Non Cash Non Cheque Total Amount - last 7 to 14D,False,NON_CASH_CHQ,DEVIATION,L7_14D,BOTH,BEHAVIORAL,False,,SAFE,AMOUNT|DEVIATION|NON_CASH_CHQ|SHORT_WINDOW|WINDOW_L7_14D
F2247,D_NON_CASH_CHQ_AMT_CR_L7_14D,Deviation of Non Cash Non Cheque Credit Amount - last 7 to 14D,False,NON_CASH_CHQ,DEVIATION,L7_14D,CREDIT,BEHAVIORAL,False,,SAFE,AMOUNT|CREDIT|DEVIATION|NON_CASH_CHQ|SHORT_WINDOW|WINDOW_L7_14D
F2248,D_NON_CASH_CHQ_AMT_DB_L7_14D,Deviation of Non Cash Non Cheque Debit Amount - last 7 to 14D,False,NON_CASH_CHQ,DEVIATION,L7_14D,DEBIT,BEHAVIORAL,False,,SAFE,AMOUNT|DEBIT|DEVIATION|NON_CASH_CHQ|SHORT_WINDOW|WINDOW_L7_14D
F2249,D_CI_NON_CASH_CHQ_TXN_L7_14D,Deviation of Customer Induced Non Cash Non Cheque Total txns - last 7 to 14D,False,NON_CASH_CHQ,DEVIATION,L7_14D,BOTH,BEHAVIORAL,False,,SAFE,DEVIATION|NON_CASH_CHQ|SHORT_WINDOW|TRANSACTION_COUNT|WINDOW_L7_14D
F2250,D_CI_NON_CASH_CHQ_TXN_CR_L7_14D,Deviation of Customer Induced Non Cash Non Cheque Credit txns - last 7 to 14D,False,NON_CASH_CHQ,DEVIATION,L7_14D,CREDIT,BEHAVIORAL,False,,SAFE,CREDIT|DEVIATION|NON_CASH_CHQ|SHORT_WINDOW|TRANSACTION_COUNT|WINDOW_L7_14D
F2251,D_CI_NON_CASH_CHQ_TXN_DB_L7_14D,Deviation of Customer Induced Non Cash Non Cheque Debit txns - last 7 to 14D,False,NON_CASH_CHQ,DEVIATION,L7_14D,DEBIT,BEHAVIORAL,False,,SAFE,DEBIT|DEVIATION|NON_CASH_CHQ|SHORT_WINDOW|TRANSACTION_COUNT|WINDOW_L7_14D
F2252,D_CI_NON_CASH_CHQ_AMT_L7_14D,Deviation of Customer Induced Non Cash Non Cheque Total Amount - last 7 to 14D,False,NON_CASH_CHQ,DEVIATION,L7_14D,BOTH,BEHAVIORAL,False,,SAFE,AMOUNT|DEVIATION|NON_CASH_CHQ|SHORT_WINDOW|WINDOW_L7_14D
F2253,D_CI_NON_CASH_CHQ_AMT_CR_L7_14D,Deviation of Customer Induced Non Cash Non Cheque Credit Amount - last 7 to 14D,False,NON_CASH_CHQ,DEVIATION,L7_14D,CREDIT,BEHAVIORAL,False,,SAFE,AMOUNT|CREDIT|DEVIATION|NON_CASH_CHQ|SHORT_WINDOW|WINDOW_L7_14D
F2254,D_CI_NON_CASH_CHQ_AMT_DB_L7_14D,Deviation of Customer Induced Non Cash Non Cheque Debit Amount - last 7 to 14D,False,NON_CASH_CHQ,DEVIATION,L7_14D,DEBIT,BEHAVIORAL,False,,SAFE,AMOUNT|DEBIT|DEVIATION|NON_CASH_CHQ|SHORT_WINDOW|WINDOW_L7_14D
F2255,D_CI_TXN_L7_14D,Deviation of Customer Induced Total txns - last 7 to 14D,False,CASH_INTENSIVE,DEVIATION,L7_14D,BOTH,BEHAVIORAL,False,,SAFE,CASH_INTENSIVE|DEVIATION|SHORT_WINDOW|TRANSACTION_COUNT|WINDOW_L7_14D
F2256,D_CI_TXN_CR_L7_14D,Deviation of Customer Induced Credit txns - last 7 to 14D,False,CASH_INTENSIVE,DEVIATION,L7_14D,CREDIT,BEHAVIORAL,False,,SAFE,CASH_INTENSIVE|CREDIT|DEVIATION|SHORT_WINDOW|TRANSACTION_COUNT|WINDOW_L7_14D
F2257,D_CI_TXN_DB_L7_14D,Deviation of Customer Induced Debit txns - last 7 to 14D,False,CASH_INTENSIVE,DEVIATION,L7_14D,DEBIT,BEHAVIORAL,False,,SAFE,CASH_INTENSIVE|DEBIT|DEVIATION|SHORT_WINDOW|TRANSACTION_COUNT|WINDOW_L7_14D
F2258,D_CI_AMT_L7_14D,Deviation of Customer Induced Total Amount - last 7 to 14D,False,CASH_INTENSIVE,DEVIATION,L7_14D,BOTH,BEHAVIORAL,False,,SAFE,AMOUNT|CASH_INTENSIVE|DEVIATION|SHORT_WINDOW|WINDOW_L7_14D
F2259,D_CI_AMT_CR_L7_14D,Deviation of Customer Induced Credit Amount - last 7 to 14D,False,CASH_INTENSIVE,DEVIATION,L7_14D,CREDIT,BEHAVIORAL,False,,SAFE,AMOUNT|CASH_INTENSIVE|CREDIT|DEVIATION|SHORT_WINDOW|WINDOW_L7_14D
F2260,D_CI_AMT_DB_L7_14D,Deviation of Customer Induced Debit Amount - last 7 to 14D,False,CASH_INTENSIVE,DEVIATION,L7_14D,DEBIT,BEHAVIORAL,False,,SAFE,AMOUNT|CASH_INTENSIVE|DEBIT|DEVIATION|SHORT_WINDOW|WINDOW_L7_14D
F2261,D_ATM_TXN_L7_14D,Deviation of ATM Total txns - last 7 to 14D,False,ATM,DEVIATION,L7_14D,BOTH,BEHAVIORAL,False,,SAFE,ATM|DEVIATION|SHORT_WINDOW|TRANSACTION_COUNT|WINDOW_L7_14D
F2262,D_ATM_TXN_DB_L7_14D,Deviation of ATM Debit txns - last 7 to 14D,False,ATM,DEVIATION,L7_14D,DEBIT,BEHAVIORAL,False,,SAFE,ATM|DEBIT|DEVIATION|SHORT_WINDOW|TRANSACTION_COUNT|WINDOW_L7_14D
F2263,D_ATM_AMT_L7_14D,Deviation of ATM Total Amount - last 7 to 14D,False,ATM,DEVIATION,L7_14D,BOTH,BEHAVIORAL,False,,SAFE,AMOUNT|ATM|DEVIATION|SHORT_WINDOW|WINDOW_L7_14D
F2264,D_ATM_AMT_DB_L7_14D,Deviation of ATM Debit Amount - last 7 to 14D,False,ATM,DEVIATION,L7_14D,DEBIT,BEHAVIORAL,False,,SAFE,AMOUNT|ATM|DEBIT|DEVIATION|SHORT_WINDOW|WINDOW_L7_14D
F2265,D_BI_FEES_CHRGS_TXN_L7_14D,Deviation of Bank Induced Fees Charges Total txns - last 7 to 14D,False,FEES_AND_CHARGES,DEVIATION,L7_14D,BOTH,BEHAVIORAL,False,,SAFE,DEVIATION|FEES_AND_CHARGES|SHORT_WINDOW|TRANSACTION_COUNT|WINDOW_L7_14D
F2266,D_BI_FEES_CHRGS_TXN_DB_L7_14D,Deviation of Bank Induced Fees Charges Debit txns - last 7 to 14D,False,FEES_AND_CHARGES,DEVIATION,L7_14D,DEBIT,BEHAVIORAL,False,,SAFE,DEBIT|DEVIATION|FEES_AND_CHARGES|SHORT_WINDOW|TRANSACTION_COUNT|WINDOW_L7_14D
F2267,D_BI_FEES_CHRGS_AMT_L7_14D,Deviation of Bank Induced Fees Charges Total Amount - last 7 to 14D,False,FEES_AND_CHARGES,DEVIATION,L7_14D,BOTH,BEHAVIORAL,False,,SAFE,AMOUNT|DEVIATION|FEES_AND_CHARGES|SHORT_WINDOW|WINDOW_L7_14D
F2268,D_BI_FEES_CHRGS_AMT_CR_L7_14D,Deviation of Bank Induced Fees Charges Credit Amount - last 7 to 14D,False,FEES_AND_CHARGES,DEVIATION,L7_14D,CREDIT,BEHAVIORAL,False,,SAFE,AMOUNT|CREDIT|DEVIATION|FEES_AND_CHARGES|SHORT_WINDOW|WINDOW_L7_14D
F2269,D_BI_FEES_CHRGS_AMT_DB_L7_14D,Deviation of Bank Induced Fees Charges Debit Amount - last 7 to 14D,False,FEES_AND_CHARGES,DEVIATION,L7_14D,DEBIT,BEHAVIORAL,False,,SAFE,AMOUNT|DEBIT|DEVIATION|FEES_AND_CHARGES|SHORT_WINDOW|WINDOW_L7_14D
F2270,D_CI_FEES_CHRGS_TXN_L7_14D,Deviation of Customer Induced Fees Charges Total txns - last 7 to 14D,False,FEES_AND_CHARGES,DEVIATION,L7_14D,BOTH,BEHAVIORAL,False,,SAFE,DEVIATION|FEES_AND_CHARGES|SHORT_WINDOW|TRANSACTION_COUNT|WINDOW_L7_14D
F2271,D_CI_FEES_CHRGS_TXN_CR_L7_14D,Deviation of Customer Induced Fees Charges Credit txns - last 7 to 14D,False,FEES_AND_CHARGES,DEVIATION,L7_14D,CREDIT,BEHAVIORAL,False,,SAFE,CREDIT|DEVIATION|FEES_AND_CHARGES|SHORT_WINDOW|TRANSACTION_COUNT|WINDOW_L7_14D
F2272,D_CI_FEES_CHRGS_TXN_DB_L7_14D,Deviation of Customer Induced Fees Charges Debit txns - last 7 to 14D,False,FEES_AND_CHARGES,DEVIATION,L7_14D,DEBIT,BEHAVIORAL,False,,SAFE,DEBIT|DEVIATION|FEES_AND_CHARGES|SHORT_WINDOW|TRANSACTION_COUNT|WINDOW_L7_14D
F2273,D_CI_FEES_CHRGS_AMT_L7_14D,Deviation of Customer Induced Fees Charges Total Amount - last 7 to 14D,False,FEES_AND_CHARGES,DEVIATION,L7_14D,BOTH,BEHAVIORAL,False,,SAFE,AMOUNT|DEVIATION|FEES_AND_CHARGES|SHORT_WINDOW|WINDOW_L7_14D
F2274,D_CI_FEES_CHRGS_AMT_CR_L7_14D,Deviation of Customer Induced Fees Charges Credit Amount - last 7 to 14D,False,FEES_AND_CHARGES,DEVIATION,L7_14D,CREDIT,BEHAVIORAL,False,,SAFE,AMOUNT|CREDIT|DEVIATION|FEES_AND_CHARGES|SHORT_WINDOW|WINDOW_L7_14D
F2275,D_CI_FEES_CHRGS_AMT_DB_L7_14D,Deviation of Customer Induced Fees Charges Debit Amount - last 7 to 14D,False,FEES_AND_CHARGES,DEVIATION,L7_14D,DEBIT,BEHAVIORAL,False,,SAFE,AMOUNT|DEBIT|DEVIATION|FEES_AND_CHARGES|SHORT_WINDOW|WINDOW_L7_14D
F2276,D_GST_TXN_L7_14D,Deviation of GST Total txns - last 7 to 14D,False,GST,DEVIATION,L7_14D,BOTH,BEHAVIORAL,False,,SAFE,DEVIATION|GST|SHORT_WINDOW|TRANSACTION_COUNT|WINDOW_L7_14D
F2277,D_GST_TXN_CR_L7_14D,Deviation of GST Credit txns - last 7 to 14D,False,GST,DEVIATION,L7_14D,CREDIT,BEHAVIORAL,False,,SAFE,CREDIT|DEVIATION|GST|SHORT_WINDOW|TRANSACTION_COUNT|WINDOW_L7_14D
F2278,D_GST_TXN_DB_L7_14D,Deviation of GST Debit txns - last 7 to 14D,False,GST,DEVIATION,L7_14D,DEBIT,BEHAVIORAL,False,,SAFE,DEBIT|DEVIATION|GST|SHORT_WINDOW|TRANSACTION_COUNT|WINDOW_L7_14D
F2279,D_GST_AMT_L7_14D,Deviation of GST Total Amount - last 7 to 14D,False,GST,DEVIATION,L7_14D,BOTH,BEHAVIORAL,False,,SAFE,AMOUNT|DEVIATION|GST|SHORT_WINDOW|WINDOW_L7_14D
F2280,D_GST_AMT_CR_L7_14D,Deviation of GST Credit Amount - last 7 to 14D,False,GST,DEVIATION,L7_14D,CREDIT,BEHAVIORAL,False,,SAFE,AMOUNT|CREDIT|DEVIATION|GST|SHORT_WINDOW|WINDOW_L7_14D
F2281,D_GST_AMT_DB_L7_14D,Deviation of GST Debit Amount - last 7 to 14D,False,GST,DEVIATION,L7_14D,DEBIT,BEHAVIORAL,False,,SAFE,AMOUNT|DEBIT|DEVIATION|GST|SHORT_WINDOW|WINDOW_L7_14D
F2282,D_ELEC_XFER_TXN_L7_14D,Deviation of Online Transfer (IMPS+NEFT+RTGS) Total txns - last 7 to 14D,False,ELEC_XFER,DEVIATION,L7_14D,BOTH,BEHAVIORAL,False,,SAFE,DEVIATION|ELEC_XFER|SHORT_WINDOW|TRANSACTION_COUNT|WINDOW_L7_14D
F2283,D_ELEC_XFER_TXN_CR_L7_14D,Deviation of Online Transfer (IMPS+NEFT+RTGS) Credit txns - last 7 to 14D,False,ELEC_XFER,DEVIATION,L7_14D,CREDIT,BEHAVIORAL,False,,SAFE,CREDIT|DEVIATION|ELEC_XFER|SHORT_WINDOW|TRANSACTION_COUNT|WINDOW_L7_14D
F2284,D_ELEC_XFER_TXN_DB_L7_14D,Deviation of Online Transfer (IMPS+NEFT+RTGS) Debit txns - last 7 to 14D,False,ELEC_XFER,DEVIATION,L7_14D,DEBIT,BEHAVIORAL,False,,SAFE,DEBIT|DEVIATION|ELEC_XFER|SHORT_WINDOW|TRANSACTION_COUNT|WINDOW_L7_14D
F2285,D_ELEC_XFER_AMT_L7_14D,Deviation of Online Transfer (IMPS+NEFT+RTGS) Total Amount - last 7 to 14D,False,ELEC_XFER,DEVIATION,L7_14D,BOTH,BEHAVIORAL,False,,SAFE,AMOUNT|DEVIATION|ELEC_XFER|SHORT_WINDOW|WINDOW_L7_14D
F2286,D_ELEC_XFER_AMT_CR_L7_14D,Deviation of Online Transfer (IMPS+NEFT+RTGS) Credit Amount - last 7 to 14D,False,ELEC_XFER,DEVIATION,L7_14D,CREDIT,BEHAVIORAL,False,,SAFE,AMOUNT|CREDIT|DEVIATION|ELEC_XFER|SHORT_WINDOW|WINDOW_L7_14D
F2287,D_ELEC_XFER_AMT_DB_L7_14D,Deviation of Online Transfer (IMPS+NEFT+RTGS) Debit Amount - last 7 to 14D,False,ELEC_XFER,DEVIATION,L7_14D,DEBIT,BEHAVIORAL,False,,SAFE,AMOUNT|DEBIT|DEVIATION|ELEC_XFER|SHORT_WINDOW|WINDOW_L7_14D
F2288,D_UPI_XFER_TXN_L7_14D,Deviation of UPI  Total txns - last 7 to 14D,False,UPI_XFER,DEVIATION,L7_14D,BOTH,BEHAVIORAL,False,,SAFE,DEVIATION|SHORT_WINDOW|TRANSACTION_COUNT|UPI_XFER|WINDOW_L7_14D
F2289,D_UPI_TXN_CR_L7_14D,Deviation of UPI  Total Amount - last 7 to 14D,False,UPI,DEVIATION,L7_14D,CREDIT,BEHAVIORAL,False,,SAFE,AMOUNT|CREDIT|DEVIATION|SHORT_WINDOW|UPI|WINDOW_L7_14D
F2290,D_UPI_TXN_DB_L7_14D,Deviation of UPI  Credit txns - last 7 to 14D,False,UPI,DEVIATION,L7_14D,DEBIT,BEHAVIORAL,False,,SAFE,DEBIT|DEVIATION|SHORT_WINDOW|TRANSACTION_COUNT|UPI|WINDOW_L7_14D
F2291,D_UPI_XFER_AMT_L7_14D,Deviation of UPI  Debit txns - last 7 to 14D,False,UPI_XFER,DEVIATION,L7_14D,BOTH,BEHAVIORAL,False,,SAFE,AMOUNT|DEVIATION|SHORT_WINDOW|TRANSACTION_COUNT|UPI_XFER|WINDOW_L7_14D
F2292,D_UPI_AMT_CR_L7_14D,Deviation of UPI  Credit Amount - last 7 to 14D,False,UPI,DEVIATION,L7_14D,CREDIT,BEHAVIORAL,False,,SAFE,AMOUNT|CREDIT|DEVIATION|SHORT_WINDOW|UPI|WINDOW_L7_14D
F2293,D_UPI_AMT_DB_L7_14D,Deviation of UPI  Debit Amount - last 7 to 14D,False,UPI,DEVIATION,L7_14D,DEBIT,BEHAVIORAL,False,,SAFE,AMOUNT|DEBIT|DEVIATION|SHORT_WINDOW|UPI|WINDOW_L7_14D
F2294,D_NET_BNKING_TXN_L7_14D,Deviation of Net Banking Total txns - last 7 to 14D,False,NET_BANKING,DEVIATION,L7_14D,BOTH,BEHAVIORAL,False,,SAFE,DEVIATION|NET_BANKING|SHORT_WINDOW|TRANSACTION_COUNT|WINDOW_L7_14D
F2295,D_NET_BNKING_TXN_CR_L7_14D,Deviation of Net Banking Credit txns - last 7 to 14D,False,NET_BANKING,DEVIATION,L7_14D,CREDIT,BEHAVIORAL,False,,SAFE,CREDIT|DEVIATION|NET_BANKING|SHORT_WINDOW|TRANSACTION_COUNT|WINDOW_L7_14D
F2296,D_NET_BNKING_TXN_DB_L7_14D,Deviation of Net Banking Debit txns - last 7 to 14D,False,NET_BANKING,DEVIATION,L7_14D,DEBIT,BEHAVIORAL,False,,SAFE,DEBIT|DEVIATION|NET_BANKING|SHORT_WINDOW|TRANSACTION_COUNT|WINDOW_L7_14D
F2297,D_NET_BNKING_AMT_L7_14D,Deviation of Net Banking Total Amount - last 7 to 14D,False,NET_BANKING,DEVIATION,L7_14D,BOTH,BEHAVIORAL,False,,SAFE,AMOUNT|DEVIATION|NET_BANKING|SHORT_WINDOW|WINDOW_L7_14D
F2298,D_NET_BNKING_AMT_CR_L7_14D,Deviation of Net Banking Credit Amount - last 7 to 14D,False,NET_BANKING,DEVIATION,L7_14D,CREDIT,BEHAVIORAL,False,,SAFE,AMOUNT|CREDIT|DEVIATION|NET_BANKING|SHORT_WINDOW|WINDOW_L7_14D
F2299,D_NET_BNKING_AMT_DB_L7_14D,Deviation of Net Banking Debit Amount - last 7 to 14D,False,NET_BANKING,DEVIATION,L7_14D,DEBIT,BEHAVIORAL,False,,SAFE,AMOUNT|DEBIT|DEVIATION|NET_BANKING|SHORT_WINDOW|WINDOW_L7_14D
F2300,D_MOB_BNKING_TXN_L7_14D,Deviation of Mobile Banking Total txns - last 7 to 14D,False,MOBILE_BANKING,DEVIATION,L7_14D,BOTH,BEHAVIORAL,False,,SAFE,DEVIATION|MOBILE_BANKING|SHORT_WINDOW|TRANSACTION_COUNT|WINDOW_L7_14D
F2301,D_MBNKING_TXN_CR_L7_14D,Deviation of Mobile Banking Total Amount - last 7 to 14D,False,MOBILE_BANKING,DEVIATION,L7_14D,CREDIT,BEHAVIORAL,False,,SAFE,AMOUNT|CREDIT|DEVIATION|MOBILE_BANKING|SHORT_WINDOW|WINDOW_L7_14D
F2302,D_MBNKING_TXN_DB_L7_14D,Deviation of Mobile Banking Credit txns - last 7 to 14D,False,MOBILE_BANKING,DEVIATION,L7_14D,DEBIT,BEHAVIORAL,False,,SAFE,DEBIT|DEVIATION|MOBILE_BANKING|SHORT_WINDOW|TRANSACTION_COUNT|WINDOW_L7_14D
F2303,D_MOB_BNKING_AMT_L7_14D,Deviation of Mobile Banking Debit txns - last 7 to 14D,False,MOBILE_BANKING,DEVIATION,L7_14D,BOTH,BEHAVIORAL,False,,SAFE,AMOUNT|DEVIATION|MOBILE_BANKING|SHORT_WINDOW|TRANSACTION_COUNT|WINDOW_L7_14D
F2304,D_MBNKING_AMT_CR_L7_14D,Deviation of Mobile Banking Credit Amount - last 7 to 14D,False,MOBILE_BANKING,DEVIATION,L7_14D,CREDIT,BEHAVIORAL,False,,SAFE,AMOUNT|CREDIT|DEVIATION|MOBILE_BANKING|SHORT_WINDOW|WINDOW_L7_14D
F2305,D_MBNKING_AMT_DB_L7_14D,Deviation of Mobile Banking Debit Amount - last 7 to 14D,False,MOBILE_BANKING,DEVIATION,L7_14D,DEBIT,BEHAVIORAL,False,,SAFE,AMOUNT|DEBIT|DEVIATION|MOBILE_BANKING|SHORT_WINDOW|WINDOW_L7_14D
F2306,D_POS_PYMT_TXN_L7_14D,Deviation of Merchant Payment Total txns - last 7 to 14D,False,POS_MERCHANT,DEVIATION,L7_14D,BOTH,BEHAVIORAL,False,,SAFE,DEVIATION|POS_MERCHANT|SHORT_WINDOW|TRANSACTION_COUNT|WINDOW_L7_14D
F2307,D_POS_PYMT_TXN_DB_L7_14D,Deviation of Merchant Payment Debit txns - last 7 to 14D,False,POS_MERCHANT,DEVIATION,L7_14D,DEBIT,BEHAVIORAL,False,,SAFE,DEBIT|DEVIATION|POS_MERCHANT|SHORT_WINDOW|TRANSACTION_COUNT|WINDOW_L7_14D
F2308,D_POS_PYMT_AMT_L7_14D,Deviation of Merchant Payment Total Amount - last 7 to 14D,False,POS_MERCHANT,DEVIATION,L7_14D,BOTH,BEHAVIORAL,False,,SAFE,AMOUNT|DEVIATION|POS_MERCHANT|SHORT_WINDOW|WINDOW_L7_14D
F2309,D_POS_PYMT_AMT_DB_L7_14D,Deviation of Merchant Payment Debit Amount - last 7 to 14D,False,POS_MERCHANT,DEVIATION,L7_14D,DEBIT,BEHAVIORAL,False,,SAFE,AMOUNT|DEBIT|DEVIATION|POS_MERCHANT|SHORT_WINDOW|WINDOW_L7_14D
F2310,D_APB_TXN_L7_14D,Deviation of Aadhar Payment Bridge Total txns - last 7 to 14D,False,AADHAAR_PAYMENT_BRIDGE,DEVIATION,L7_14D,BOTH,BEHAVIORAL,False,,SAFE,AADHAAR_PAYMENT_BRIDGE|DEVIATION|SHORT_WINDOW|TRANSACTION_COUNT|WINDOW_L7_14D
F2311,D_APB_TXN_CR_L7_14D,Deviation of Aadhar Payment Bridge Credit txns - last 7 to 14D,False,AADHAAR_PAYMENT_BRIDGE,DEVIATION,L7_14D,CREDIT,BEHAVIORAL,False,,SAFE,AADHAAR_PAYMENT_BRIDGE|CREDIT|DEVIATION|SHORT_WINDOW|TRANSACTION_COUNT|WINDOW_L7_14D
F2312,D_APB_TXN_DB_L7_14D,Deviation of Aadhar Payment Bridge Debit txns - last 7 to 14D,False,AADHAAR_PAYMENT_BRIDGE,DEVIATION,L7_14D,DEBIT,BEHAVIORAL,False,,SAFE,AADHAAR_PAYMENT_BRIDGE|DEBIT|DEVIATION|SHORT_WINDOW|TRANSACTION_COUNT|WINDOW_L7_14D
F2313,D_APB_AMT_L7_14D,Deviation of Aadhar Payment Bridge Total Amount - last 7 to 14D,False,AADHAAR_PAYMENT_BRIDGE,DEVIATION,L7_14D,BOTH,BEHAVIORAL,False,,SAFE,AADHAAR_PAYMENT_BRIDGE|AMOUNT|DEVIATION|SHORT_WINDOW|WINDOW_L7_14D
F2314,D_APB_AMT_CR_L7_14D,Deviation of Aadhar Payment Bridge Credit Amount - last 7 to 14D,False,AADHAAR_PAYMENT_BRIDGE,DEVIATION,L7_14D,CREDIT,BEHAVIORAL,False,,SAFE,AADHAAR_PAYMENT_BRIDGE|AMOUNT|CREDIT|DEVIATION|SHORT_WINDOW|WINDOW_L7_14D
F2315,D_LOAN_TXN_L7_14D,Deviation of Loan Total txns - last 7 to 14D,False,LOAN,DEVIATION,L7_14D,BOTH,BEHAVIORAL,False,,SAFE,DEVIATION|LOAN|SHORT_WINDOW|TRANSACTION_COUNT|WINDOW_L7_14D
F2316,D_LOAN_TXN_CR_L7_14D,Deviation of Loan Credit txns - last 7 to 14D,False,LOAN,DEVIATION,L7_14D,CREDIT,BEHAVIORAL,False,,SAFE,CREDIT|DEVIATION|LOAN|SHORT_WINDOW|TRANSACTION_COUNT|WINDOW_L7_14D
F2317,D_LOAN_TXN_DB_L7_14D,Deviation of Loan Debit txns - last 7 to 14D,False,LOAN,DEVIATION,L7_14D,DEBIT,BEHAVIORAL,False,,SAFE,DEBIT|DEVIATION|LOAN|SHORT_WINDOW|TRANSACTION_COUNT|WINDOW_L7_14D
F2318,D_LOAN_AMT_L7_14D,Deviation of Loan Total Amount - last 7 to 14D,False,LOAN,DEVIATION,L7_14D,BOTH,BEHAVIORAL,False,,SAFE,AMOUNT|DEVIATION|LOAN|SHORT_WINDOW|WINDOW_L7_14D
F2319,D_LOAN_AMT_CR_L7_14D,Deviation of Loan Credit Amount - last 7 to 14D,False,LOAN,DEVIATION,L7_14D,CREDIT,BEHAVIORAL,False,,SAFE,AMOUNT|CREDIT|DEVIATION|LOAN|SHORT_WINDOW|WINDOW_L7_14D
F2320,D_LOAN_AMT_DB_L7_14D,Deviation of Loan Debit Amount - last 7 to 14D,False,LOAN,DEVIATION,L7_14D,DEBIT,BEHAVIORAL,False,,SAFE,AMOUNT|DEBIT|DEVIATION|LOAN|SHORT_WINDOW|WINDOW_L7_14D
F2321,D_STDNG_INSTR_L7_14D,Deviation of Standing Instruction Total txns - last 7 to 14D,False,STANDING_INSTRUCTION,DEVIATION,L7_14D,BOTH,BEHAVIORAL,False,,SAFE,DEVIATION|SHORT_WINDOW|STANDING_INSTRUCTION|TRANSACTION_COUNT|WINDOW_L7_14D
F2322,D_STDNG_INSTR_CR_TXN_L7_14D,Deviation of Standing Instruction Credit txns - last 7 to 14D,False,STANDING_INSTRUCTION,DEVIATION,L7_14D,CREDIT,BEHAVIORAL,False,,SAFE,CREDIT|DEVIATION|SHORT_WINDOW|STANDING_INSTRUCTION|TRANSACTION_COUNT|WINDOW_L7_14D
F2323,D_STDNG_INSTR_DB_TXN_L7_14D,Deviation of Standing Instruction Debit txns - last 7 to 14D,False,STANDING_INSTRUCTION,DEVIATION,L7_14D,DEBIT,BEHAVIORAL,False,,SAFE,DEBIT|DEVIATION|SHORT_WINDOW|STANDING_INSTRUCTION|TRANSACTION_COUNT|WINDOW_L7_14D
F2324,D_STDNG_INSTR_AMT_L7_14D,Deviation of Standing Instruction Total Amount - last 7 to 14D,False,STANDING_INSTRUCTION,DEVIATION,L7_14D,BOTH,BEHAVIORAL,False,,SAFE,AMOUNT|DEVIATION|SHORT_WINDOW|STANDING_INSTRUCTION|WINDOW_L7_14D
F2325,D_STDNG_INSTR_AMT_CR_L7_14D,Deviation of Standing Instruction Credit Amount - last 7 to 14D,False,STANDING_INSTRUCTION,DEVIATION,L7_14D,CREDIT,BEHAVIORAL,False,,SAFE,AMOUNT|CREDIT|DEVIATION|SHORT_WINDOW|STANDING_INSTRUCTION|WINDOW_L7_14D
F2326,D_STDNG_INSTR_AMT_DB_L7_14D,Deviation of Standing Instruction Debit Amount - last 7 to 14D,False,STANDING_INSTRUCTION,DEVIATION,L7_14D,DEBIT,BEHAVIORAL,False,,SAFE,AMOUNT|DEBIT|DEVIATION|SHORT_WINDOW|STANDING_INSTRUCTION|WINDOW_L7_14D
F2327,D_CASH_TXN_L14_31D,Deviation of Cash Total txns - last 14 to 31D,False,CASH,DEVIATION,L14_31D,BOTH,BEHAVIORAL,False,,SAFE,CASH|DEVIATION|LONG_WINDOW|TRANSACTION_COUNT|WINDOW_L14_31D
F2328,D_CASH_TXN_CR_L14_31D,Deviation of Cash Credit txns - last 14 to 31D,False,CASH,DEVIATION,L14_31D,CREDIT,BEHAVIORAL,False,,SAFE,CASH|CREDIT|DEVIATION|LONG_WINDOW|TRANSACTION_COUNT|WINDOW_L14_31D
F2329,D_CASH_TXN_DB_L14_31D,Deviation of Cash Debit txns - last 14 to 31D,False,CASH,DEVIATION,L14_31D,DEBIT,BEHAVIORAL,False,,SAFE,CASH|DEBIT|DEVIATION|LONG_WINDOW|TRANSACTION_COUNT|WINDOW_L14_31D
F2330,D_CASH_AMT_L14_31D,Deviation of Cash Total Amount - last 14 to 31D,False,CASH,DEVIATION,L14_31D,BOTH,BEHAVIORAL,False,,SAFE,AMOUNT|CASH|DEVIATION|LONG_WINDOW|WINDOW_L14_31D
F2331,D_CASH_AMT_CR_L14_31D,Deviation of Cash Credit Amount - last 14 to 31D,False,CASH,DEVIATION,L14_31D,CREDIT,BEHAVIORAL,False,,SAFE,AMOUNT|CASH|CREDIT|DEVIATION|LONG_WINDOW|WINDOW_L14_31D
F2332,D_CASH_AMT_DB_L14_31D,Deviation of Cash Debit Amount - last 14 to 31D,False,CASH,DEVIATION,L14_31D,DEBIT,BEHAVIORAL,False,,SAFE,AMOUNT|CASH|DEBIT|DEVIATION|LONG_WINDOW|WINDOW_L14_31D
F2333,D_CHQ_TXN_L14_31D,Deviation of Cheque Total txns - last 14 to 31D,False,CHEQUE,DEVIATION,L14_31D,BOTH,BEHAVIORAL,False,,SAFE,CHEQUE|DEVIATION|LONG_WINDOW|TRANSACTION_COUNT|WINDOW_L14_31D
F2334,D_CHQ_TXN_CR_L14_31D,Deviation of Cheque Credit txns - last 14 to 31D,False,CHEQUE,DEVIATION,L14_31D,CREDIT,BEHAVIORAL,False,,SAFE,CHEQUE|CREDIT|DEVIATION|LONG_WINDOW|TRANSACTION_COUNT|WINDOW_L14_31D
F2335,D_CHQ_TXN_DB_L14_31D,Deviation of Cheque Debit txns - last 14 to 31D,False,CHEQUE,DEVIATION,L14_31D,DEBIT,BEHAVIORAL,False,,SAFE,CHEQUE|DEBIT|DEVIATION|LONG_WINDOW|TRANSACTION_COUNT|WINDOW_L14_31D
F2336,D_CHQ_AMT_L14_31D,Deviation of Cheque Total Amount - last 14 to 31D,False,CHEQUE,DEVIATION,L14_31D,BOTH,BEHAVIORAL,False,,SAFE,AMOUNT|CHEQUE|DEVIATION|LONG_WINDOW|WINDOW_L14_31D
F2337,D_CHQ_AMT_CR_L14_31D,Deviation of Cheque Credit Amount - last 14 to 31D,False,CHEQUE,DEVIATION,L14_31D,CREDIT,BEHAVIORAL,False,,SAFE,AMOUNT|CHEQUE|CREDIT|DEVIATION|LONG_WINDOW|WINDOW_L14_31D
F2338,D_CHQ_AMT_DB_L14_31D,Deviation of Cheque Debit Amount - last 14 to 31D,False,CHEQUE,DEVIATION,L14_31D,DEBIT,BEHAVIORAL,False,,SAFE,AMOUNT|CHEQUE|DEBIT|DEVIATION|LONG_WINDOW|WINDOW_L14_31D
F2339,D_NON_CASH_CHQ_TXN_L14_31D,Deviation of Non Cash Non Cheque Total txns - last 14 to 31D,False,NON_CASH_CHQ,DEVIATION,L14_31D,BOTH,BEHAVIORAL,False,,SAFE,DEVIATION|LONG_WINDOW|NON_CASH_CHQ|TRANSACTION_COUNT|WINDOW_L14_31D
F2340,D_NON_CASH_CHQ_TXN_CR_L14_31D,Deviation of Non Cash Non Cheque Credit txns - last 14 to 31D,False,NON_CASH_CHQ,DEVIATION,L14_31D,CREDIT,BEHAVIORAL,False,,SAFE,CREDIT|DEVIATION|LONG_WINDOW|NON_CASH_CHQ|TRANSACTION_COUNT|WINDOW_L14_31D
F2341,D_NON_CASH_CHQ_TXN_DB_L14_31D,Deviation of Non Cash Non Cheque Debit txns - last 14 to 31D,False,NON_CASH_CHQ,DEVIATION,L14_31D,DEBIT,BEHAVIORAL,False,,SAFE,DEBIT|DEVIATION|LONG_WINDOW|NON_CASH_CHQ|TRANSACTION_COUNT|WINDOW_L14_31D
F2342,D_NON_CASH_CHQ_AMT_L14_31D,Deviation of Non Cash Non Cheque Total Amount - last 14 to 31D,False,NON_CASH_CHQ,DEVIATION,L14_31D,BOTH,BEHAVIORAL,False,,SAFE,AMOUNT|DEVIATION|LONG_WINDOW|NON_CASH_CHQ|WINDOW_L14_31D
F2343,D_NON_CASH_CHQ_AMT_CR_L14_31D,Deviation of Non Cash Non Cheque Credit Amount - last 14 to 31D,False,NON_CASH_CHQ,DEVIATION,L14_31D,CREDIT,BEHAVIORAL,False,,SAFE,AMOUNT|CREDIT|DEVIATION|LONG_WINDOW|NON_CASH_CHQ|WINDOW_L14_31D
F2344,D_NON_CASH_CHQ_AMT_DB_L14_31D,Deviation of Non Cash Non Cheque Debit Amount - last 14 to 31D,False,NON_CASH_CHQ,DEVIATION,L14_31D,DEBIT,BEHAVIORAL,False,,SAFE,AMOUNT|DEBIT|DEVIATION|LONG_WINDOW|NON_CASH_CHQ|WINDOW_L14_31D
F2345,D_CI_NON_CASH_CHQ_TXN_L14_31D,Deviation of Customer Induced Non Cash Non Cheque Total txns - last 14 to 31D,False,NON_CASH_CHQ,DEVIATION,L14_31D,BOTH,BEHAVIORAL,False,,SAFE,DEVIATION|LONG_WINDOW|NON_CASH_CHQ|TRANSACTION_COUNT|WINDOW_L14_31D
F2346,D_CI_NON_CASH_CHQ_TXN_CR_L14_31D,Deviation of Customer Induced Non Cash Non Cheque Credit txns - last 14 to 31D,False,NON_CASH_CHQ,DEVIATION,L14_31D,CREDIT,BEHAVIORAL,False,,SAFE,CREDIT|DEVIATION|LONG_WINDOW|NON_CASH_CHQ|TRANSACTION_COUNT|WINDOW_L14_31D
F2347,D_CI_NON_CASH_CHQ_TXN_DB_L14_31D,Deviation of Customer Induced Non Cash Non Cheque Debit txns - last 14 to 31D,False,NON_CASH_CHQ,DEVIATION,L14_31D,DEBIT,BEHAVIORAL,False,,SAFE,DEBIT|DEVIATION|LONG_WINDOW|NON_CASH_CHQ|TRANSACTION_COUNT|WINDOW_L14_31D
F2348,D_CI_NON_CASH_CHQ_AMT_L14_31D,Deviation of Customer Induced Non Cash Non Cheque Total Amount - last 14 to 31D,False,NON_CASH_CHQ,DEVIATION,L14_31D,BOTH,BEHAVIORAL,False,,SAFE,AMOUNT|DEVIATION|LONG_WINDOW|NON_CASH_CHQ|WINDOW_L14_31D
F2349,D_CI_NON_CASH_CHQ_AMT_CR_L14_31D,Deviation of Customer Induced Non Cash Non Cheque Credit Amount - last 14 to 31D,False,NON_CASH_CHQ,DEVIATION,L14_31D,CREDIT,BEHAVIORAL,False,,SAFE,AMOUNT|CREDIT|DEVIATION|LONG_WINDOW|NON_CASH_CHQ|WINDOW_L14_31D
F2350,D_CI_NON_CASH_CHQ_AMT_DB_L14_31D,Deviation of Customer Induced Non Cash Non Cheque Debit Amount - last 14 to 31D,False,NON_CASH_CHQ,DEVIATION,L14_31D,DEBIT,BEHAVIORAL,False,,SAFE,AMOUNT|DEBIT|DEVIATION|LONG_WINDOW|NON_CASH_CHQ|WINDOW_L14_31D
F2351,D_CI_TXN_L14_31D,Deviation of Customer Induced Total txns - last 14 to 31D,False,CASH_INTENSIVE,DEVIATION,L14_31D,BOTH,BEHAVIORAL,False,,SAFE,CASH_INTENSIVE|DEVIATION|LONG_WINDOW|TRANSACTION_COUNT|WINDOW_L14_31D
F2352,D_CI_TXN_CR_L14_31D,Deviation of Customer Induced Credit txns - last 14 to 31D,False,CASH_INTENSIVE,DEVIATION,L14_31D,CREDIT,BEHAVIORAL,False,,SAFE,CASH_INTENSIVE|CREDIT|DEVIATION|LONG_WINDOW|TRANSACTION_COUNT|WINDOW_L14_31D
F2353,D_CI_TXN_DB_L14_31D,Deviation of Customer Induced Debit txns - last 14 to 31D,False,CASH_INTENSIVE,DEVIATION,L14_31D,DEBIT,BEHAVIORAL,False,,SAFE,CASH_INTENSIVE|DEBIT|DEVIATION|LONG_WINDOW|TRANSACTION_COUNT|WINDOW_L14_31D
F2354,D_CI_AMT_L14_31D,Deviation of Customer Induced Total Amount - last 14 to 31D,False,CASH_INTENSIVE,DEVIATION,L14_31D,BOTH,BEHAVIORAL,False,,SAFE,AMOUNT|CASH_INTENSIVE|DEVIATION|LONG_WINDOW|WINDOW_L14_31D
F2355,D_CI_AMT_CR_L14_31D,Deviation of Customer Induced Credit Amount - last 14 to 31D,False,CASH_INTENSIVE,DEVIATION,L14_31D,CREDIT,BEHAVIORAL,False,,SAFE,AMOUNT|CASH_INTENSIVE|CREDIT|DEVIATION|LONG_WINDOW|WINDOW_L14_31D
F2356,D_CI_AMT_DB_L14_31D,Deviation of Customer Induced Debit Amount - last 14 to 31D,False,CASH_INTENSIVE,DEVIATION,L14_31D,DEBIT,BEHAVIORAL,False,,SAFE,AMOUNT|CASH_INTENSIVE|DEBIT|DEVIATION|LONG_WINDOW|WINDOW_L14_31D
F2357,D_ATM_TXN_L14_31D,Deviation of ATM Total txns - last 14 to 31D,False,ATM,DEVIATION,L14_31D,BOTH,BEHAVIORAL,False,,SAFE,ATM|DEVIATION|LONG_WINDOW|TRANSACTION_COUNT|WINDOW_L14_31D
F2358,D_ATM_TXN_DB_L14_31D,Deviation of ATM Debit txns - last 14 to 31D,False,ATM,DEVIATION,L14_31D,DEBIT,BEHAVIORAL,False,,SAFE,ATM|DEBIT|DEVIATION|LONG_WINDOW|TRANSACTION_COUNT|WINDOW_L14_31D
F2359,D_ATM_AMT_L14_31D,Deviation of ATM Total Amount - last 14 to 31D,False,ATM,DEVIATION,L14_31D,BOTH,BEHAVIORAL,False,,SAFE,AMOUNT|ATM|DEVIATION|LONG_WINDOW|WINDOW_L14_31D
F2360,D_ATM_AMT_CR_L14_31D,Deviation of ATM Credit Amount - last 14 to 31D,False,ATM,DEVIATION,L14_31D,CREDIT,BEHAVIORAL,False,,SAFE,AMOUNT|ATM|CREDIT|DEVIATION|LONG_WINDOW|WINDOW_L14_31D
F2361,D_ATM_AMT_DB_L14_31D,Deviation of ATM Debit Amount - last 14 to 31D,False,ATM,DEVIATION,L14_31D,DEBIT,BEHAVIORAL,False,,SAFE,AMOUNT|ATM|DEBIT|DEVIATION|LONG_WINDOW|WINDOW_L14_31D
F2362,D_BI_FEES_CHRGS_TXN_L14_31D,Deviation of Bank Induced Fees Charges Total txns - last 14 to 31D,False,FEES_AND_CHARGES,DEVIATION,L14_31D,BOTH,BEHAVIORAL,False,,SAFE,DEVIATION|FEES_AND_CHARGES|LONG_WINDOW|TRANSACTION_COUNT|WINDOW_L14_31D
F2363,D_BI_FEES_CHRGS_TXN_DB_L14_31D,Deviation of Bank Induced Fees Charges Debit txns - last 14 to 31D,False,FEES_AND_CHARGES,DEVIATION,L14_31D,DEBIT,BEHAVIORAL,False,,SAFE,DEBIT|DEVIATION|FEES_AND_CHARGES|LONG_WINDOW|TRANSACTION_COUNT|WINDOW_L14_31D
F2364,D_BI_FEES_CHRGS_AMT_L14_31D,Deviation of Bank Induced Fees Charges Total Amount - last 14 to 31D,False,FEES_AND_CHARGES,DEVIATION,L14_31D,BOTH,BEHAVIORAL,False,,SAFE,AMOUNT|DEVIATION|FEES_AND_CHARGES|LONG_WINDOW|WINDOW_L14_31D
F2365,D_BI_FEES_CHRGS_AMT_CR_L14_31D,Deviation of Bank Induced Fees Charges Credit Amount - last 14 to 31D,False,FEES_AND_CHARGES,DEVIATION,L14_31D,CREDIT,BEHAVIORAL,False,,SAFE,AMOUNT|CREDIT|DEVIATION|FEES_AND_CHARGES|LONG_WINDOW|WINDOW_L14_31D
F2366,D_BI_FEES_CHRGS_AMT_DB_L14_31D,Deviation of Bank Induced Fees Charges Debit Amount - last 14 to 31D,False,FEES_AND_CHARGES,DEVIATION,L14_31D,DEBIT,BEHAVIORAL,False,,SAFE,AMOUNT|DEBIT|DEVIATION|FEES_AND_CHARGES|LONG_WINDOW|WINDOW_L14_31D
F2367,D_CI_FEES_CHRGS_TXN_L14_31D,Deviation of Customer Induced Fees Charges Total txns - last 14 to 31D,False,FEES_AND_CHARGES,DEVIATION,L14_31D,BOTH,BEHAVIORAL,False,,SAFE,DEVIATION|FEES_AND_CHARGES|LONG_WINDOW|TRANSACTION_COUNT|WINDOW_L14_31D
F2368,D_CI_FEES_CHRGS_TXN_CR_L14_31D,Deviation of Customer Induced Fees Charges Credit txns - last 14 to 31D,False,FEES_AND_CHARGES,DEVIATION,L14_31D,CREDIT,BEHAVIORAL,False,,SAFE,CREDIT|DEVIATION|FEES_AND_CHARGES|LONG_WINDOW|TRANSACTION_COUNT|WINDOW_L14_31D
F2369,D_CI_FEES_CHRGS_TXN_DB_L14_31D,Deviation of Customer Induced Fees Charges Debit txns - last 14 to 31D,False,FEES_AND_CHARGES,DEVIATION,L14_31D,DEBIT,BEHAVIORAL,False,,SAFE,DEBIT|DEVIATION|FEES_AND_CHARGES|LONG_WINDOW|TRANSACTION_COUNT|WINDOW_L14_31D
F2370,D_CI_FEES_CHRGS_AMT_L14_31D,Deviation of Customer Induced Fees Charges Total Amount - last 14 to 31D,False,FEES_AND_CHARGES,DEVIATION,L14_31D,BOTH,BEHAVIORAL,False,,SAFE,AMOUNT|DEVIATION|FEES_AND_CHARGES|LONG_WINDOW|WINDOW_L14_31D
F2371,D_CI_FEES_CHRGS_AMT_CR_L14_31D,Deviation of Customer Induced Fees Charges Credit Amount - last 14 to 31D,False,FEES_AND_CHARGES,DEVIATION,L14_31D,CREDIT,BEHAVIORAL,False,,SAFE,AMOUNT|CREDIT|DEVIATION|FEES_AND_CHARGES|LONG_WINDOW|WINDOW_L14_31D
F2372,D_CI_FEES_CHRGS_AMT_DB_L14_31D,Deviation of Customer Induced Fees Charges Debit Amount - last 14 to 31D,False,FEES_AND_CHARGES,DEVIATION,L14_31D,DEBIT,BEHAVIORAL,False,,SAFE,AMOUNT|DEBIT|DEVIATION|FEES_AND_CHARGES|LONG_WINDOW|WINDOW_L14_31D
F2373,D_GST_TXN_L14_31D,Deviation of GST Total txns - last 14 to 31D,False,GST,DEVIATION,L14_31D,BOTH,BEHAVIORAL,False,,SAFE,DEVIATION|GST|LONG_WINDOW|TRANSACTION_COUNT|WINDOW_L14_31D
F2374,D_GST_TXN_CR_L14_31D,Deviation of GST Credit txns - last 14 to 31D,False,GST,DEVIATION,L14_31D,CREDIT,BEHAVIORAL,False,,SAFE,CREDIT|DEVIATION|GST|LONG_WINDOW|TRANSACTION_COUNT|WINDOW_L14_31D
F2375,D_GST_TXN_DB_L14_31D,Deviation of GST Debit txns - last 14 to 31D,False,GST,DEVIATION,L14_31D,DEBIT,BEHAVIORAL,False,,SAFE,DEBIT|DEVIATION|GST|LONG_WINDOW|TRANSACTION_COUNT|WINDOW_L14_31D
F2376,D_GST_AMT_L14_31D,Deviation of GST Total Amount - last 14 to 31D,False,GST,DEVIATION,L14_31D,BOTH,BEHAVIORAL,False,,SAFE,AMOUNT|DEVIATION|GST|LONG_WINDOW|WINDOW_L14_31D
F2377,D_GST_AMT_CR_L14_31D,Deviation of GST Credit Amount - last 14 to 31D,False,GST,DEVIATION,L14_31D,CREDIT,BEHAVIORAL,False,,SAFE,AMOUNT|CREDIT|DEVIATION|GST|LONG_WINDOW|WINDOW_L14_31D
F2378,D_GST_AMT_DB_L14_31D,Deviation of GST Debit Amount - last 14 to 31D,False,GST,DEVIATION,L14_31D,DEBIT,BEHAVIORAL,False,,SAFE,AMOUNT|DEBIT|DEVIATION|GST|LONG_WINDOW|WINDOW_L14_31D
F2379,D_ELEC_XFER_TXN_L14_31D,Deviation of Online Transfer (IMPS+NEFT+RTGS) Total txns - last 14 to 31D,False,ELEC_XFER,DEVIATION,L14_31D,BOTH,BEHAVIORAL,False,,SAFE,DEVIATION|ELEC_XFER|LONG_WINDOW|TRANSACTION_COUNT|WINDOW_L14_31D
F2380,D_ELEC_XFER_TXN_CR_L14_31D,Deviation of Online Transfer (IMPS+NEFT+RTGS) Credit txns - last 14 to 31D,False,ELEC_XFER,DEVIATION,L14_31D,CREDIT,BEHAVIORAL,False,,SAFE,CREDIT|DEVIATION|ELEC_XFER|LONG_WINDOW|TRANSACTION_COUNT|WINDOW_L14_31D
F2381,D_ELEC_XFER_TXN_DB_L14_31D,Deviation of Online Transfer (IMPS+NEFT+RTGS) Debit txns - last 14 to 31D,False,ELEC_XFER,DEVIATION,L14_31D,DEBIT,BEHAVIORAL,False,,SAFE,DEBIT|DEVIATION|ELEC_XFER|LONG_WINDOW|TRANSACTION_COUNT|WINDOW_L14_31D
F2382,D_ELEC_XFER_AMT_L14_31D,Deviation of Online Transfer (IMPS+NEFT+RTGS) Total Amount - last 14 to 31D,False,ELEC_XFER,DEVIATION,L14_31D,BOTH,BEHAVIORAL,False,,SAFE,AMOUNT|DEVIATION|ELEC_XFER|LONG_WINDOW|WINDOW_L14_31D
F2383,D_ELEC_XFER_AMT_CR_L14_31D,Deviation of Online Transfer (IMPS+NEFT+RTGS) Credit Amount - last 14 to 31D,False,ELEC_XFER,DEVIATION,L14_31D,CREDIT,BEHAVIORAL,False,,SAFE,AMOUNT|CREDIT|DEVIATION|ELEC_XFER|LONG_WINDOW|WINDOW_L14_31D
F2384,D_ELEC_XFER_AMT_DB_L14_31D,Deviation of Online Transfer (IMPS+NEFT+RTGS) Debit Amount - last 14 to 31D,False,ELEC_XFER,DEVIATION,L14_31D,DEBIT,BEHAVIORAL,False,,SAFE,AMOUNT|DEBIT|DEVIATION|ELEC_XFER|LONG_WINDOW|WINDOW_L14_31D
F2385,D_UPI_XFER_TXN_L14_31D,Deviation of UPI  Total txns - last 14 to 31D,False,UPI_XFER,DEVIATION,L14_31D,BOTH,BEHAVIORAL,False,,SAFE,DEVIATION|LONG_WINDOW|TRANSACTION_COUNT|UPI_XFER|WINDOW_L14_31D
F2386,D_UPI_TXN_CR_L14_31D,Deviation of UPI  Total Amount - last 14 to 31D,False,UPI,DEVIATION,L14_31D,CREDIT,BEHAVIORAL,False,,SAFE,AMOUNT|CREDIT|DEVIATION|LONG_WINDOW|UPI|WINDOW_L14_31D
F2387,D_UPI_TXN_DB_L14_31D,Deviation of UPI  Credit txns - last 14 to 31D,False,UPI,DEVIATION,L14_31D,DEBIT,BEHAVIORAL,False,,SAFE,DEBIT|DEVIATION|LONG_WINDOW|TRANSACTION_COUNT|UPI|WINDOW_L14_31D
F2388,D_UPI_XFER_AMT_L14_31D,Deviation of UPI  Debit txns - last 14 to 31D,False,UPI_XFER,DEVIATION,L14_31D,BOTH,BEHAVIORAL,False,,SAFE,AMOUNT|DEVIATION|LONG_WINDOW|TRANSACTION_COUNT|UPI_XFER|WINDOW_L14_31D
F2389,D_UPI_AMT_CR_L14_31D,Deviation of UPI  Credit Amount - last 14 to 31D,False,UPI,DEVIATION,L14_31D,CREDIT,BEHAVIORAL,False,,SAFE,AMOUNT|CREDIT|DEVIATION|LONG_WINDOW|UPI|WINDOW_L14_31D
F2390,D_UPI_AMT_DB_L14_31D,Deviation of UPI  Debit Amount - last 14 to 31D,False,UPI,DEVIATION,L14_31D,DEBIT,BEHAVIORAL,False,,SAFE,AMOUNT|DEBIT|DEVIATION|LONG_WINDOW|UPI|WINDOW_L14_31D
F2391,D_NET_BNKING_TXN_L14_31D,Deviation of Net Banking Total txns - last 14 to 31D,False,NET_BANKING,DEVIATION,L14_31D,BOTH,BEHAVIORAL,False,,SAFE,DEVIATION|LONG_WINDOW|NET_BANKING|TRANSACTION_COUNT|WINDOW_L14_31D
F2392,D_NET_BNKING_TXN_CR_L14_31D,Deviation of Net Banking Credit txns - last 14 to 31D,False,NET_BANKING,DEVIATION,L14_31D,CREDIT,BEHAVIORAL,False,,SAFE,CREDIT|DEVIATION|LONG_WINDOW|NET_BANKING|TRANSACTION_COUNT|WINDOW_L14_31D
F2393,D_NET_BNKING_TXN_DB_L14_31D,Deviation of Net Banking Debit txns - last 14 to 31D,False,NET_BANKING,DEVIATION,L14_31D,DEBIT,BEHAVIORAL,False,,SAFE,DEBIT|DEVIATION|LONG_WINDOW|NET_BANKING|TRANSACTION_COUNT|WINDOW_L14_31D
F2394,D_NET_BNKING_AMT_L14_31D,Deviation of Net Banking Total Amount - last 14 to 31D,False,NET_BANKING,DEVIATION,L14_31D,BOTH,BEHAVIORAL,False,,SAFE,AMOUNT|DEVIATION|LONG_WINDOW|NET_BANKING|WINDOW_L14_31D
F2395,D_NET_BNKING_AMT_CR_L14_31D,Deviation of Net Banking Credit Amount - last 14 to 31D,False,NET_BANKING,DEVIATION,L14_31D,CREDIT,BEHAVIORAL,False,,SAFE,AMOUNT|CREDIT|DEVIATION|LONG_WINDOW|NET_BANKING|WINDOW_L14_31D
F2396,D_NET_BNKING_AMT_DB_L14_31D,Deviation of Net Banking Debit Amount - last 14 to 31D,False,NET_BANKING,DEVIATION,L14_31D,DEBIT,BEHAVIORAL,False,,SAFE,AMOUNT|DEBIT|DEVIATION|LONG_WINDOW|NET_BANKING|WINDOW_L14_31D
F2397,D_MOB_BNKING_TXN_L14_31D,Deviation of Mobile Banking Total txns - last 14 to 31D,False,MOBILE_BANKING,DEVIATION,L14_31D,BOTH,BEHAVIORAL,False,,SAFE,DEVIATION|LONG_WINDOW|MOBILE_BANKING|TRANSACTION_COUNT|WINDOW_L14_31D
F2398,D_MBNKING_TXN_CR_L14_31D,Deviation of Mobile Banking Total Amount - last 14 to 31D,False,MOBILE_BANKING,DEVIATION,L14_31D,CREDIT,BEHAVIORAL,False,,SAFE,AMOUNT|CREDIT|DEVIATION|LONG_WINDOW|MOBILE_BANKING|WINDOW_L14_31D
F2399,D_MBNKING_TXN_DB_L14_31D,Deviation of Mobile Banking Credit txns - last 14 to 31D,False,MOBILE_BANKING,DEVIATION,L14_31D,DEBIT,BEHAVIORAL,False,,SAFE,DEBIT|DEVIATION|LONG_WINDOW|MOBILE_BANKING|TRANSACTION_COUNT|WINDOW_L14_31D
F2400,D_MOB_BNKING_AMT_L14_31D,Deviation of Mobile Banking Debit txns - last 14 to 31D,False,MOBILE_BANKING,DEVIATION,L14_31D,BOTH,BEHAVIORAL,False,,SAFE,AMOUNT|DEVIATION|LONG_WINDOW|MOBILE_BANKING|TRANSACTION_COUNT|WINDOW_L14_31D
F2401,D_MBNKING_AMT_CR_L14_31D,Deviation of Mobile Banking Credit Amount - last 14 to 31D,False,MOBILE_BANKING,DEVIATION,L14_31D,CREDIT,BEHAVIORAL,False,,SAFE,AMOUNT|CREDIT|DEVIATION|LONG_WINDOW|MOBILE_BANKING|WINDOW_L14_31D
F2402,D_MBNKING_AMT_DB_L14_31D,Deviation of Mobile Banking Debit Amount - last 14 to 31D,False,MOBILE_BANKING,DEVIATION,L14_31D,DEBIT,BEHAVIORAL,False,,SAFE,AMOUNT|DEBIT|DEVIATION|LONG_WINDOW|MOBILE_BANKING|WINDOW_L14_31D
F2403,D_POS_PYMT_TXN_L14_31D,Deviation of Merchant Payment Total txns - last 14 to 31D,False,POS_MERCHANT,DEVIATION,L14_31D,BOTH,BEHAVIORAL,False,,SAFE,DEVIATION|LONG_WINDOW|POS_MERCHANT|TRANSACTION_COUNT|WINDOW_L14_31D
F2404,D_POS_PYMT_TXN_DB_L14_31D,Deviation of Merchant Payment Debit txns - last 14 to 31D,False,POS_MERCHANT,DEVIATION,L14_31D,DEBIT,BEHAVIORAL,False,,SAFE,DEBIT|DEVIATION|LONG_WINDOW|POS_MERCHANT|TRANSACTION_COUNT|WINDOW_L14_31D
F2405,D_POS_PYMT_AMT_L14_31D,Deviation of Merchant Payment Total Amount - last 14 to 31D,False,POS_MERCHANT,DEVIATION,L14_31D,BOTH,BEHAVIORAL,False,,SAFE,AMOUNT|DEVIATION|LONG_WINDOW|POS_MERCHANT|WINDOW_L14_31D
F2406,D_POS_PYMT_AMT_CR_L14_31D,Deviation of Merchant Payment Credit Amount - last 14 to 31D,False,POS_MERCHANT,DEVIATION,L14_31D,CREDIT,BEHAVIORAL,False,,SAFE,AMOUNT|CREDIT|DEVIATION|LONG_WINDOW|POS_MERCHANT|WINDOW_L14_31D
F2407,D_POS_PYMT_AMT_DB_L14_31D,Deviation of Merchant Payment Debit Amount - last 14 to 31D,False,POS_MERCHANT,DEVIATION,L14_31D,DEBIT,BEHAVIORAL,False,,SAFE,AMOUNT|DEBIT|DEVIATION|LONG_WINDOW|POS_MERCHANT|WINDOW_L14_31D
F2408,D_APB_TXN_L14_31D,Deviation of Aadhar Payment Bridge Total txns - last 14 to 31D,False,AADHAAR_PAYMENT_BRIDGE,DEVIATION,L14_31D,BOTH,BEHAVIORAL,False,,SAFE,AADHAAR_PAYMENT_BRIDGE|DEVIATION|LONG_WINDOW|TRANSACTION_COUNT|WINDOW_L14_31D
F2409,D_APB_TXN_CR_L14_31D,Deviation of Aadhar Payment Bridge Credit txns - last 14 to 31D,False,AADHAAR_PAYMENT_BRIDGE,DEVIATION,L14_31D,CREDIT,BEHAVIORAL,False,,SAFE,AADHAAR_PAYMENT_BRIDGE|CREDIT|DEVIATION|LONG_WINDOW|TRANSACTION_COUNT|WINDOW_L14_31D
F2410,D_APB_AMT_L14_31D,Deviation of Aadhar Payment Bridge Total Amount - last 14 to 31D,False,AADHAAR_PAYMENT_BRIDGE,DEVIATION,L14_31D,BOTH,BEHAVIORAL,False,,SAFE,AADHAAR_PAYMENT_BRIDGE|AMOUNT|DEVIATION|LONG_WINDOW|WINDOW_L14_31D
F2411,D_APB_AMT_CR_L14_31D,Deviation of Aadhar Payment Bridge Credit Amount - last 14 to 31D,False,AADHAAR_PAYMENT_BRIDGE,DEVIATION,L14_31D,CREDIT,BEHAVIORAL,False,,SAFE,AADHAAR_PAYMENT_BRIDGE|AMOUNT|CREDIT|DEVIATION|LONG_WINDOW|WINDOW_L14_31D
F2412,D_LOAN_TXN_L14_31D,Deviation of Loan Total txns - last 14 to 31D,False,LOAN,DEVIATION,L14_31D,BOTH,BEHAVIORAL,False,,SAFE,DEVIATION|LOAN|LONG_WINDOW|TRANSACTION_COUNT|WINDOW_L14_31D
F2413,D_LOAN_TXN_CR_L14_31D,Deviation of Loan Credit txns - last 14 to 31D,False,LOAN,DEVIATION,L14_31D,CREDIT,BEHAVIORAL,False,,SAFE,CREDIT|DEVIATION|LOAN|LONG_WINDOW|TRANSACTION_COUNT|WINDOW_L14_31D
F2414,D_LOAN_TXN_DB_L14_31D,Deviation of Loan Debit txns - last 14 to 31D,False,LOAN,DEVIATION,L14_31D,DEBIT,BEHAVIORAL,False,,SAFE,DEBIT|DEVIATION|LOAN|LONG_WINDOW|TRANSACTION_COUNT|WINDOW_L14_31D
F2415,D_LOAN_AMT_L14_31D,Deviation of Loan Total Amount - last 14 to 31D,False,LOAN,DEVIATION,L14_31D,BOTH,BEHAVIORAL,False,,SAFE,AMOUNT|DEVIATION|LOAN|LONG_WINDOW|WINDOW_L14_31D
F2416,D_LOAN_AMT_CR_L14_31D,Deviation of Loan Credit Amount - last 14 to 31D,False,LOAN,DEVIATION,L14_31D,CREDIT,BEHAVIORAL,False,,SAFE,AMOUNT|CREDIT|DEVIATION|LOAN|LONG_WINDOW|WINDOW_L14_31D
F2417,D_LOAN_AMT_DB_L14_31D,Deviation of Loan Debit Amount - last 14 to 31D,False,LOAN,DEVIATION,L14_31D,DEBIT,BEHAVIORAL,False,,SAFE,AMOUNT|DEBIT|DEVIATION|LOAN|LONG_WINDOW|WINDOW_L14_31D
F2418,D_STDNG_INSTR_L14_31D,Deviation of Standing Instruction Total txns - last 14 to 31D,False,STANDING_INSTRUCTION,DEVIATION,L14_31D,BOTH,BEHAVIORAL,False,,SAFE,DEVIATION|LONG_WINDOW|STANDING_INSTRUCTION|TRANSACTION_COUNT|WINDOW_L14_31D
F2419,D_STDNG_INSTR_CR_TXN_L14_31D,Deviation of Standing Instruction Credit txns - last 14 to 31D,False,STANDING_INSTRUCTION,DEVIATION,L14_31D,CREDIT,BEHAVIORAL,False,,SAFE,CREDIT|DEVIATION|LONG_WINDOW|STANDING_INSTRUCTION|TRANSACTION_COUNT|WINDOW_L14_31D
F2420,D_STDNG_INSTR_DB_TXN_L14_31D,Deviation of Standing Instruction Debit txns - last 14 to 31D,False,STANDING_INSTRUCTION,DEVIATION,L14_31D,DEBIT,BEHAVIORAL,False,,SAFE,DEBIT|DEVIATION|LONG_WINDOW|STANDING_INSTRUCTION|TRANSACTION_COUNT|WINDOW_L14_31D
F2421,D_STDNG_INSTR_AMT_L14_31D,Deviation of Standing Instruction Total Amount - last 14 to 31D,False,STANDING_INSTRUCTION,DEVIATION,L14_31D,BOTH,BEHAVIORAL,False,,SAFE,AMOUNT|DEVIATION|LONG_WINDOW|STANDING_INSTRUCTION|WINDOW_L14_31D
F2422,D_STDNG_INSTR_AMT_CR_L14_31D,Deviation of Standing Instruction Credit Amount - last 14 to 31D,False,STANDING_INSTRUCTION,DEVIATION,L14_31D,CREDIT,BEHAVIORAL,False,,SAFE,AMOUNT|CREDIT|DEVIATION|LONG_WINDOW|STANDING_INSTRUCTION|WINDOW_L14_31D
F2423,D_STDNG_INSTR_AMT_DB_L14_31D,Deviation of Standing Instruction Debit Amount - last 14 to 31D,False,STANDING_INSTRUCTION,DEVIATION,L14_31D,DEBIT,BEHAVIORAL,False,,SAFE,AMOUNT|DEBIT|DEVIATION|LONG_WINDOW|STANDING_INSTRUCTION|WINDOW_L14_31D
F2424,D_CASH_TXN_L7_31D,Deviation of Cash Total txns - last 7 to 31D,False,CASH,DEVIATION,L7_31D,BOTH,BEHAVIORAL,False,,SAFE,CASH|DEVIATION|LONG_WINDOW|TRANSACTION_COUNT|WINDOW_L7_31D
F2425,D_CASH_TXN_CR_L7_31D,Deviation of Cash Credit txns - last 7 to 31D,False,CASH,DEVIATION,L7_31D,CREDIT,BEHAVIORAL,False,,SAFE,CASH|CREDIT|DEVIATION|LONG_WINDOW|TRANSACTION_COUNT|WINDOW_L7_31D
F2426,D_CASH_TXN_DB_L7_31D,Deviation of Cash Debit txns - last 7 to 31D,False,CASH,DEVIATION,L7_31D,DEBIT,BEHAVIORAL,False,,SAFE,CASH|DEBIT|DEVIATION|LONG_WINDOW|TRANSACTION_COUNT|WINDOW_L7_31D
F2427,D_CASH_AMT_L7_31D,Deviation of Cash Total Amount - last 7 to 31D,False,CASH,DEVIATION,L7_31D,BOTH,BEHAVIORAL,False,,SAFE,AMOUNT|CASH|DEVIATION|LONG_WINDOW|WINDOW_L7_31D
F2428,D_CASH_AMT_CR_L7_31D,Deviation of Cash Credit Amount - last 7 to 31D,False,CASH,DEVIATION,L7_31D,CREDIT,BEHAVIORAL,False,,SAFE,AMOUNT|CASH|CREDIT|DEVIATION|LONG_WINDOW|WINDOW_L7_31D
F2429,D_CASH_AMT_DB_L7_31D,Deviation of Cash Debit Amount - last 7 to 31D,False,CASH,DEVIATION,L7_31D,DEBIT,BEHAVIORAL,False,,SAFE,AMOUNT|CASH|DEBIT|DEVIATION|LONG_WINDOW|WINDOW_L7_31D
F2430,D_CHQ_TXN_L7_31D,Deviation of Cheque Total txns - last 7 to 31D,False,CHEQUE,DEVIATION,L7_31D,BOTH,BEHAVIORAL,False,,SAFE,CHEQUE|DEVIATION|LONG_WINDOW|TRANSACTION_COUNT|WINDOW_L7_31D
F2431,D_CHQ_TXN_CR_L7_31D,Deviation of Cheque Credit txns - last 7 to 31D,False,CHEQUE,DEVIATION,L7_31D,CREDIT,BEHAVIORAL,False,,SAFE,CHEQUE|CREDIT|DEVIATION|LONG_WINDOW|TRANSACTION_COUNT|WINDOW_L7_31D
F2432,D_CHQ_TXN_DB_L7_31D,Deviation of Cheque Debit txns - last 7 to 31D,False,CHEQUE,DEVIATION,L7_31D,DEBIT,BEHAVIORAL,False,,SAFE,CHEQUE|DEBIT|DEVIATION|LONG_WINDOW|TRANSACTION_COUNT|WINDOW_L7_31D
F2433,D_CHQ_AMT_L7_31D,Deviation of Cheque Total Amount - last 7 to 31D,False,CHEQUE,DEVIATION,L7_31D,BOTH,BEHAVIORAL,False,,SAFE,AMOUNT|CHEQUE|DEVIATION|LONG_WINDOW|WINDOW_L7_31D
F2434,D_CHQ_AMT_CR_L7_31D,Deviation of Cheque Credit Amount - last 7 to 31D,False,CHEQUE,DEVIATION,L7_31D,CREDIT,BEHAVIORAL,False,,SAFE,AMOUNT|CHEQUE|CREDIT|DEVIATION|LONG_WINDOW|WINDOW_L7_31D
F2435,D_CHQ_AMT_DB_L7_31D,Deviation of Cheque Debit Amount - last 7 to 31D,False,CHEQUE,DEVIATION,L7_31D,DEBIT,BEHAVIORAL,False,,SAFE,AMOUNT|CHEQUE|DEBIT|DEVIATION|LONG_WINDOW|WINDOW_L7_31D
F2436,D_NON_CASH_CHQ_TXN_L7_31D,Deviation of Non Cash Non Cheque Total txns - last 7 to 31D,False,NON_CASH_CHQ,DEVIATION,L7_31D,BOTH,BEHAVIORAL,False,,SAFE,DEVIATION|LONG_WINDOW|NON_CASH_CHQ|TRANSACTION_COUNT|WINDOW_L7_31D
F2437,D_NON_CASH_CHQ_TXN_CR_L7_31D,Deviation of Non Cash Non Cheque Credit txns - last 7 to 31D,False,NON_CASH_CHQ,DEVIATION,L7_31D,CREDIT,BEHAVIORAL,False,,SAFE,CREDIT|DEVIATION|LONG_WINDOW|NON_CASH_CHQ|TRANSACTION_COUNT|WINDOW_L7_31D
F2438,D_NON_CASH_CHQ_TXN_DB_L7_31D,Deviation of Non Cash Non Cheque Debit txns - last 7 to 31D,False,NON_CASH_CHQ,DEVIATION,L7_31D,DEBIT,BEHAVIORAL,False,,SAFE,DEBIT|DEVIATION|LONG_WINDOW|NON_CASH_CHQ|TRANSACTION_COUNT|WINDOW_L7_31D
F2439,D_NON_CASH_CHQ_AMT_L7_31D,Deviation of Non Cash Non Cheque Total Amount - last 7 to 31D,False,NON_CASH_CHQ,DEVIATION,L7_31D,BOTH,BEHAVIORAL,False,,SAFE,AMOUNT|DEVIATION|LONG_WINDOW|NON_CASH_CHQ|WINDOW_L7_31D
F2440,D_NON_CASH_CHQ_AMT_CR_L7_31D,Deviation of Non Cash Non Cheque Credit Amount - last 7 to 31D,False,NON_CASH_CHQ,DEVIATION,L7_31D,CREDIT,BEHAVIORAL,False,,SAFE,AMOUNT|CREDIT|DEVIATION|LONG_WINDOW|NON_CASH_CHQ|WINDOW_L7_31D
F2441,D_NON_CASH_CHQ_AMT_DB_L7_31D,Deviation of Non Cash Non Cheque Debit Amount - last 7 to 31D,False,NON_CASH_CHQ,DEVIATION,L7_31D,DEBIT,BEHAVIORAL,False,,SAFE,AMOUNT|DEBIT|DEVIATION|LONG_WINDOW|NON_CASH_CHQ|WINDOW_L7_31D
F2442,D_CI_NON_CASH_CHQ_TXN_L7_31D,Deviation of Customer Induced Non Cash Non Cheque Total txns - last 7 to 31D,False,NON_CASH_CHQ,DEVIATION,L7_31D,BOTH,BEHAVIORAL,False,,SAFE,DEVIATION|LONG_WINDOW|NON_CASH_CHQ|TRANSACTION_COUNT|WINDOW_L7_31D
F2443,D_CI_NON_CASH_CHQ_TXN_CR_L7_31D,Deviation of Customer Induced Non Cash Non Cheque Credit txns - last 7 to 31D,False,NON_CASH_CHQ,DEVIATION,L7_31D,CREDIT,BEHAVIORAL,False,,SAFE,CREDIT|DEVIATION|LONG_WINDOW|NON_CASH_CHQ|TRANSACTION_COUNT|WINDOW_L7_31D
F2444,D_CI_NON_CASH_CHQ_TXN_DB_L7_31D,Deviation of Customer Induced Non Cash Non Cheque Debit txns - last 7 to 31D,False,NON_CASH_CHQ,DEVIATION,L7_31D,DEBIT,BEHAVIORAL,False,,SAFE,DEBIT|DEVIATION|LONG_WINDOW|NON_CASH_CHQ|TRANSACTION_COUNT|WINDOW_L7_31D
F2445,D_CI_NON_CASH_CHQ_AMT_L7_31D,Deviation of Customer Induced Non Cash Non Cheque Total Amount - last 7 to 31D,False,NON_CASH_CHQ,DEVIATION,L7_31D,BOTH,BEHAVIORAL,False,,SAFE,AMOUNT|DEVIATION|LONG_WINDOW|NON_CASH_CHQ|WINDOW_L7_31D
F2446,D_CI_NON_CASH_CHQ_AMT_CR_L7_31D,Deviation of Customer Induced Non Cash Non Cheque Credit Amount - last 7 to 31D,False,NON_CASH_CHQ,DEVIATION,L7_31D,CREDIT,BEHAVIORAL,False,,SAFE,AMOUNT|CREDIT|DEVIATION|LONG_WINDOW|NON_CASH_CHQ|WINDOW_L7_31D
F2447,D_CI_NON_CASH_CHQ_AMT_DB_L7_31D,Deviation of Customer Induced Non Cash Non Cheque Debit Amount - last 7 to 31D,False,NON_CASH_CHQ,DEVIATION,L7_31D,DEBIT,BEHAVIORAL,False,,SAFE,AMOUNT|DEBIT|DEVIATION|LONG_WINDOW|NON_CASH_CHQ|WINDOW_L7_31D
F2448,D_CI_TXN_L7_31D,Deviation of Customer Induced Total txns - last 7 to 31D,False,CASH_INTENSIVE,DEVIATION,L7_31D,BOTH,BEHAVIORAL,False,,SAFE,CASH_INTENSIVE|DEVIATION|LONG_WINDOW|TRANSACTION_COUNT|WINDOW_L7_31D
F2449,D_CI_TXN_CR_L7_31D,Deviation of Customer Induced Credit txns - last 7 to 31D,False,CASH_INTENSIVE,DEVIATION,L7_31D,CREDIT,BEHAVIORAL,False,,SAFE,CASH_INTENSIVE|CREDIT|DEVIATION|LONG_WINDOW|TRANSACTION_COUNT|WINDOW_L7_31D
F2450,D_CI_TXN_DB_L7_31D,Deviation of Customer Induced Debit txns - last 7 to 31D,False,CASH_INTENSIVE,DEVIATION,L7_31D,DEBIT,BEHAVIORAL,False,,SAFE,CASH_INTENSIVE|DEBIT|DEVIATION|LONG_WINDOW|TRANSACTION_COUNT|WINDOW_L7_31D
F2451,D_CI_AMT_L7_31D,Deviation of Customer Induced Total Amount - last 7 to 31D,False,CASH_INTENSIVE,DEVIATION,L7_31D,BOTH,BEHAVIORAL,False,,SAFE,AMOUNT|CASH_INTENSIVE|DEVIATION|LONG_WINDOW|WINDOW_L7_31D
F2452,D_CI_AMT_CR_L7_31D,Deviation of Customer Induced Credit Amount - last 7 to 31D,False,CASH_INTENSIVE,DEVIATION,L7_31D,CREDIT,BEHAVIORAL,False,,SAFE,AMOUNT|CASH_INTENSIVE|CREDIT|DEVIATION|LONG_WINDOW|WINDOW_L7_31D
F2453,D_CI_AMT_DB_L7_31D,Deviation of Customer Induced Debit Amount - last 7 to 31D,False,CASH_INTENSIVE,DEVIATION,L7_31D,DEBIT,BEHAVIORAL,False,,SAFE,AMOUNT|CASH_INTENSIVE|DEBIT|DEVIATION|LONG_WINDOW|WINDOW_L7_31D
F2454,D_ATM_TXN_L7_31D,Deviation of ATM Total txns - last 7 to 31D,False,ATM,DEVIATION,L7_31D,BOTH,BEHAVIORAL,False,,SAFE,ATM|DEVIATION|LONG_WINDOW|TRANSACTION_COUNT|WINDOW_L7_31D
F2455,D_ATM_TXN_CR_L7_31D,Deviation of ATM Credit txns - last 7 to 31D,False,ATM,DEVIATION,L7_31D,CREDIT,BEHAVIORAL,False,,SAFE,ATM|CREDIT|DEVIATION|LONG_WINDOW|TRANSACTION_COUNT|WINDOW_L7_31D
F2456,D_ATM_TXN_DB_L7_31D,Deviation of ATM Debit txns - last 7 to 31D,False,ATM,DEVIATION,L7_31D,DEBIT,BEHAVIORAL,False,,SAFE,ATM|DEBIT|DEVIATION|LONG_WINDOW|TRANSACTION_COUNT|WINDOW_L7_31D
F2457,D_ATM_AMT_L7_31D,Deviation of ATM Total Amount - last 7 to 31D,False,ATM,DEVIATION,L7_31D,BOTH,BEHAVIORAL,False,,SAFE,AMOUNT|ATM|DEVIATION|LONG_WINDOW|WINDOW_L7_31D
F2458,D_ATM_AMT_CR_L7_31D,Deviation of ATM Credit Amount - last 7 to 31D,False,ATM,DEVIATION,L7_31D,CREDIT,BEHAVIORAL,False,,SAFE,AMOUNT|ATM|CREDIT|DEVIATION|LONG_WINDOW|WINDOW_L7_31D
F2459,D_ATM_AMT_DB_L7_31D,Deviation of ATM Debit Amount - last 7 to 31D,False,ATM,DEVIATION,L7_31D,DEBIT,BEHAVIORAL,False,,SAFE,AMOUNT|ATM|DEBIT|DEVIATION|LONG_WINDOW|WINDOW_L7_31D
F2460,D_BI_FEES_CHRGS_TXN_L7_31D,Deviation of Bank Induced Fees Charges Total txns - last 7 to 31D,False,FEES_AND_CHARGES,DEVIATION,L7_31D,BOTH,BEHAVIORAL,False,,SAFE,DEVIATION|FEES_AND_CHARGES|LONG_WINDOW|TRANSACTION_COUNT|WINDOW_L7_31D
F2461,D_BI_FEES_CHRGS_TXN_CR_L7_31D,Deviation of Bank Induced Fees Charges Credit txns - last 7 to 31D,False,FEES_AND_CHARGES,DEVIATION,L7_31D,CREDIT,BEHAVIORAL,False,,SAFE,CREDIT|DEVIATION|FEES_AND_CHARGES|LONG_WINDOW|TRANSACTION_COUNT|WINDOW_L7_31D
F2462,D_BI_FEES_CHRGS_TXN_DB_L7_31D,Deviation of Bank Induced Fees Charges Debit txns - last 7 to 31D,False,FEES_AND_CHARGES,DEVIATION,L7_31D,DEBIT,BEHAVIORAL,False,,SAFE,DEBIT|DEVIATION|FEES_AND_CHARGES|LONG_WINDOW|TRANSACTION_COUNT|WINDOW_L7_31D
F2463,D_BI_FEES_CHRGS_AMT_L7_31D,Deviation of Bank Induced Fees Charges Total Amount - last 7 to 31D,False,FEES_AND_CHARGES,DEVIATION,L7_31D,BOTH,BEHAVIORAL,False,,SAFE,AMOUNT|DEVIATION|FEES_AND_CHARGES|LONG_WINDOW|WINDOW_L7_31D
F2464,D_BI_FEES_CHRGS_AMT_CR_L7_31D,Deviation of Bank Induced Fees Charges Credit Amount - last 7 to 31D,False,FEES_AND_CHARGES,DEVIATION,L7_31D,CREDIT,BEHAVIORAL,False,,SAFE,AMOUNT|CREDIT|DEVIATION|FEES_AND_CHARGES|LONG_WINDOW|WINDOW_L7_31D
F2465,D_BI_FEES_CHRGS_AMT_DB_L7_31D,Deviation of Bank Induced Fees Charges Debit Amount - last 7 to 31D,False,FEES_AND_CHARGES,DEVIATION,L7_31D,DEBIT,BEHAVIORAL,False,,SAFE,AMOUNT|DEBIT|DEVIATION|FEES_AND_CHARGES|LONG_WINDOW|WINDOW_L7_31D
F2466,D_CI_FEES_CHRGS_TXN_L7_31D,Deviation of Customer Induced Fees Charges Total txns - last 7 to 31D,False,FEES_AND_CHARGES,DEVIATION,L7_31D,BOTH,BEHAVIORAL,False,,SAFE,DEVIATION|FEES_AND_CHARGES|LONG_WINDOW|TRANSACTION_COUNT|WINDOW_L7_31D
F2467,D_CI_FEES_CHRGS_TXN_CR_L7_31D,Deviation of Customer Induced Fees Charges Credit txns - last 7 to 31D,False,FEES_AND_CHARGES,DEVIATION,L7_31D,CREDIT,BEHAVIORAL,False,,SAFE,CREDIT|DEVIATION|FEES_AND_CHARGES|LONG_WINDOW|TRANSACTION_COUNT|WINDOW_L7_31D
F2468,D_CI_FEES_CHRGS_TXN_DB_L7_31D,Deviation of Customer Induced Fees Charges Debit txns - last 7 to 31D,False,FEES_AND_CHARGES,DEVIATION,L7_31D,DEBIT,BEHAVIORAL,False,,SAFE,DEBIT|DEVIATION|FEES_AND_CHARGES|LONG_WINDOW|TRANSACTION_COUNT|WINDOW_L7_31D
F2469,D_CI_FEES_CHRGS_AMT_L7_31D,Deviation of Customer Induced Fees Charges Total Amount - last 7 to 31D,False,FEES_AND_CHARGES,DEVIATION,L7_31D,BOTH,BEHAVIORAL,False,,SAFE,AMOUNT|DEVIATION|FEES_AND_CHARGES|LONG_WINDOW|WINDOW_L7_31D
F2470,D_CI_FEES_CHRGS_AMT_CR_L7_31D,Deviation of Customer Induced Fees Charges Credit Amount - last 7 to 31D,False,FEES_AND_CHARGES,DEVIATION,L7_31D,CREDIT,BEHAVIORAL,False,,SAFE,AMOUNT|CREDIT|DEVIATION|FEES_AND_CHARGES|LONG_WINDOW|WINDOW_L7_31D
F2471,D_CI_FEES_CHRGS_AMT_DB_L7_31D,Deviation of Customer Induced Fees Charges Debit Amount - last 7 to 31D,False,FEES_AND_CHARGES,DEVIATION,L7_31D,DEBIT,BEHAVIORAL,False,,SAFE,AMOUNT|DEBIT|DEVIATION|FEES_AND_CHARGES|LONG_WINDOW|WINDOW_L7_31D
F2472,D_GST_TXN_L7_31D,Deviation of GST Total txns - last 7 to 31D,False,GST,DEVIATION,L7_31D,BOTH,BEHAVIORAL,False,,SAFE,DEVIATION|GST|LONG_WINDOW|TRANSACTION_COUNT|WINDOW_L7_31D
F2473,D_GST_TXN_CR_L7_31D,Deviation of GST Credit txns - last 7 to 31D,False,GST,DEVIATION,L7_31D,CREDIT,BEHAVIORAL,False,,SAFE,CREDIT|DEVIATION|GST|LONG_WINDOW|TRANSACTION_COUNT|WINDOW_L7_31D
F2474,D_GST_TXN_DB_L7_31D,Deviation of GST Debit txns - last 7 to 31D,False,GST,DEVIATION,L7_31D,DEBIT,BEHAVIORAL,False,,SAFE,DEBIT|DEVIATION|GST|LONG_WINDOW|TRANSACTION_COUNT|WINDOW_L7_31D
F2475,D_GST_AMT_L7_31D,Deviation of GST Total Amount - last 7 to 31D,False,GST,DEVIATION,L7_31D,BOTH,BEHAVIORAL,False,,SAFE,AMOUNT|DEVIATION|GST|LONG_WINDOW|WINDOW_L7_31D
F2476,D_GST_AMT_CR_L7_31D,Deviation of GST Credit Amount - last 7 to 31D,False,GST,DEVIATION,L7_31D,CREDIT,BEHAVIORAL,False,,SAFE,AMOUNT|CREDIT|DEVIATION|GST|LONG_WINDOW|WINDOW_L7_31D
F2477,D_GST_AMT_DB_L7_31D,Deviation of GST Debit Amount - last 7 to 31D,False,GST,DEVIATION,L7_31D,DEBIT,BEHAVIORAL,False,,SAFE,AMOUNT|DEBIT|DEVIATION|GST|LONG_WINDOW|WINDOW_L7_31D
F2478,D_ELEC_XFER_TXN_L7_31D,Deviation of Online Transfer (IMPS+NEFT+RTGS) Total txns - last 7 to 31D,False,ELEC_XFER,DEVIATION,L7_31D,BOTH,BEHAVIORAL,False,,SAFE,DEVIATION|ELEC_XFER|LONG_WINDOW|TRANSACTION_COUNT|WINDOW_L7_31D
F2479,D_ELEC_XFER_TXN_CR_L7_31D,Deviation of Online Transfer (IMPS+NEFT+RTGS) Credit txns - last 7 to 31D,False,ELEC_XFER,DEVIATION,L7_31D,CREDIT,BEHAVIORAL,False,,SAFE,CREDIT|DEVIATION|ELEC_XFER|LONG_WINDOW|TRANSACTION_COUNT|WINDOW_L7_31D
F2480,D_ELEC_XFER_TXN_DB_L7_31D,Deviation of Online Transfer (IMPS+NEFT+RTGS) Debit txns - last 7 to 31D,False,ELEC_XFER,DEVIATION,L7_31D,DEBIT,BEHAVIORAL,False,,SAFE,DEBIT|DEVIATION|ELEC_XFER|LONG_WINDOW|TRANSACTION_COUNT|WINDOW_L7_31D
F2481,D_ELEC_XFER_AMT_L7_31D,Deviation of Online Transfer (IMPS+NEFT+RTGS) Total Amount - last 7 to 31D,False,ELEC_XFER,DEVIATION,L7_31D,BOTH,BEHAVIORAL,False,,SAFE,AMOUNT|DEVIATION|ELEC_XFER|LONG_WINDOW|WINDOW_L7_31D
F2482,D_ELEC_XFER_AMT_CR_L7_31D,Deviation of Online Transfer (IMPS+NEFT+RTGS) Credit Amount - last 7 to 31D,False,ELEC_XFER,DEVIATION,L7_31D,CREDIT,BEHAVIORAL,False,,SAFE,AMOUNT|CREDIT|DEVIATION|ELEC_XFER|LONG_WINDOW|WINDOW_L7_31D
F2483,D_ELEC_XFER_AMT_DB_L7_31D,Deviation of Online Transfer (IMPS+NEFT+RTGS) Debit Amount - last 7 to 31D,False,ELEC_XFER,DEVIATION,L7_31D,DEBIT,BEHAVIORAL,False,,SAFE,AMOUNT|DEBIT|DEVIATION|ELEC_XFER|LONG_WINDOW|WINDOW_L7_31D
F2484,D_UPI_XFER_TXN_L7_31D,Deviation of UPI  Total txns - last 7 to 31D,False,UPI_XFER,DEVIATION,L7_31D,BOTH,BEHAVIORAL,False,,SAFE,DEVIATION|LONG_WINDOW|TRANSACTION_COUNT|UPI_XFER|WINDOW_L7_31D
F2485,D_UPI_TXN_CR_L7_31D,Deviation of UPI  Total Amount - last 7 to 31D,False,UPI,DEVIATION,L7_31D,CREDIT,BEHAVIORAL,False,,SAFE,AMOUNT|CREDIT|DEVIATION|LONG_WINDOW|UPI|WINDOW_L7_31D
F2486,D_UPI_TXN_DB_L7_31D,Deviation of UPI  Credit txns - last 7 to 31D,False,UPI,DEVIATION,L7_31D,DEBIT,BEHAVIORAL,False,,SAFE,DEBIT|DEVIATION|LONG_WINDOW|TRANSACTION_COUNT|UPI|WINDOW_L7_31D
F2487,D_UPI_XFER_AMT_L7_31D,Deviation of UPI  Debit txns - last 7 to 31D,False,UPI_XFER,DEVIATION,L7_31D,BOTH,BEHAVIORAL,False,,SAFE,AMOUNT|DEVIATION|LONG_WINDOW|TRANSACTION_COUNT|UPI_XFER|WINDOW_L7_31D
F2488,D_UPI_AMT_CR_L7_31D,Deviation of UPI  Credit Amount - last 7 to 31D,False,UPI,DEVIATION,L7_31D,CREDIT,BEHAVIORAL,False,,SAFE,AMOUNT|CREDIT|DEVIATION|LONG_WINDOW|UPI|WINDOW_L7_31D
F2489,D_UPI_AMT_DB_L7_31D,Deviation of UPI  Debit Amount - last 7 to 31D,False,UPI,DEVIATION,L7_31D,DEBIT,BEHAVIORAL,False,,SAFE,AMOUNT|DEBIT|DEVIATION|LONG_WINDOW|UPI|WINDOW_L7_31D
F2490,D_NET_BNKING_TXN_L7_31D,Deviation of Net Banking Total txns - last 7 to 31D,False,NET_BANKING,DEVIATION,L7_31D,BOTH,BEHAVIORAL,False,,SAFE,DEVIATION|LONG_WINDOW|NET_BANKING|TRANSACTION_COUNT|WINDOW_L7_31D
F2491,D_NET_BNKING_TXN_CR_L7_31D,Deviation of Net Banking Credit txns - last 7 to 31D,False,NET_BANKING,DEVIATION,L7_31D,CREDIT,BEHAVIORAL,False,,SAFE,CREDIT|DEVIATION|LONG_WINDOW|NET_BANKING|TRANSACTION_COUNT|WINDOW_L7_31D
F2492,D_NET_BNKING_TXN_DB_L7_31D,Deviation of Net Banking Debit txns - last 7 to 31D,False,NET_BANKING,DEVIATION,L7_31D,DEBIT,BEHAVIORAL,False,,SAFE,DEBIT|DEVIATION|LONG_WINDOW|NET_BANKING|TRANSACTION_COUNT|WINDOW_L7_31D
F2493,D_NET_BNKING_AMT_L7_31D,Deviation of Net Banking Total Amount - last 7 to 31D,False,NET_BANKING,DEVIATION,L7_31D,BOTH,BEHAVIORAL,False,,SAFE,AMOUNT|DEVIATION|LONG_WINDOW|NET_BANKING|WINDOW_L7_31D
F2494,D_NET_BNKING_AMT_CR_L7_31D,Deviation of Net Banking Credit Amount - last 7 to 31D,False,NET_BANKING,DEVIATION,L7_31D,CREDIT,BEHAVIORAL,False,,SAFE,AMOUNT|CREDIT|DEVIATION|LONG_WINDOW|NET_BANKING|WINDOW_L7_31D
F2495,D_NET_BNKING_AMT_DB_L7_31D,Deviation of Net Banking Debit Amount - last 7 to 31D,False,NET_BANKING,DEVIATION,L7_31D,DEBIT,BEHAVIORAL,False,,SAFE,AMOUNT|DEBIT|DEVIATION|LONG_WINDOW|NET_BANKING|WINDOW_L7_31D
F2496,D_MOB_BNKING_TXN_L7_31D,Deviation of Mobile Banking Total txns - last 7 to 31D,False,MOBILE_BANKING,DEVIATION,L7_31D,BOTH,BEHAVIORAL,False,,SAFE,DEVIATION|LONG_WINDOW|MOBILE_BANKING|TRANSACTION_COUNT|WINDOW_L7_31D
F2497,D_MBNKING_TXN_CR_L7_31D,Deviation of Mobile Banking Total Amount - last 7 to 31D,False,MOBILE_BANKING,DEVIATION,L7_31D,CREDIT,BEHAVIORAL,False,,SAFE,AMOUNT|CREDIT|DEVIATION|LONG_WINDOW|MOBILE_BANKING|WINDOW_L7_31D
F2498,D_MBNKING_TXN_DB_L7_31D,Deviation of Mobile Banking Credit txns - last 7 to 31D,False,MOBILE_BANKING,DEVIATION,L7_31D,DEBIT,BEHAVIORAL,False,,SAFE,DEBIT|DEVIATION|LONG_WINDOW|MOBILE_BANKING|TRANSACTION_COUNT|WINDOW_L7_31D
F2499,D_MOB_BNKING_AMT_L7_31D,Deviation of Mobile Banking Debit txns - last 7 to 31D,False,MOBILE_BANKING,DEVIATION,L7_31D,BOTH,BEHAVIORAL,False,,SAFE,AMOUNT|DEVIATION|LONG_WINDOW|MOBILE_BANKING|TRANSACTION_COUNT|WINDOW_L7_31D
F2500,D_MBNKING_AMT_CR_L7_31D,Deviation of Mobile Banking Credit Amount - last 7 to 31D,False,MOBILE_BANKING,DEVIATION,L7_31D,CREDIT,BEHAVIORAL,False,,SAFE,AMOUNT|CREDIT|DEVIATION|LONG_WINDOW|MOBILE_BANKING|WINDOW_L7_31D
F2501,D_MBNKING_AMT_DB_L7_31D,Deviation of Mobile Banking Debit Amount - last 7 to 31D,False,MOBILE_BANKING,DEVIATION,L7_31D,DEBIT,BEHAVIORAL,False,,SAFE,AMOUNT|DEBIT|DEVIATION|LONG_WINDOW|MOBILE_BANKING|WINDOW_L7_31D
F2502,D_POS_PYMT_TXN_L7_31D,Deviation of Merchant Payment Total txns - last 7 to 31D,False,POS_MERCHANT,DEVIATION,L7_31D,BOTH,BEHAVIORAL,False,,SAFE,DEVIATION|LONG_WINDOW|POS_MERCHANT|TRANSACTION_COUNT|WINDOW_L7_31D
F2503,D_POS_PYMT_TXN_DB_L7_31D,Deviation of Merchant Payment Debit txns - last 7 to 31D,False,POS_MERCHANT,DEVIATION,L7_31D,DEBIT,BEHAVIORAL,False,,SAFE,DEBIT|DEVIATION|LONG_WINDOW|POS_MERCHANT|TRANSACTION_COUNT|WINDOW_L7_31D
F2504,D_POS_PYMT_AMT_L7_31D,Deviation of Merchant Payment Total Amount - last 7 to 31D,False,POS_MERCHANT,DEVIATION,L7_31D,BOTH,BEHAVIORAL,False,,SAFE,AMOUNT|DEVIATION|LONG_WINDOW|POS_MERCHANT|WINDOW_L7_31D
F2505,D_POS_PYMT_AMT_DB_L7_31D,Deviation of Merchant Payment Debit Amount - last 7 to 31D,False,POS_MERCHANT,DEVIATION,L7_31D,DEBIT,BEHAVIORAL,False,,SAFE,AMOUNT|DEBIT|DEVIATION|LONG_WINDOW|POS_MERCHANT|WINDOW_L7_31D
F2506,D_APB_TXN_L7_31D,Deviation of Aadhar Payment Bridge Total txns - last 7 to 31D,False,AADHAAR_PAYMENT_BRIDGE,DEVIATION,L7_31D,BOTH,BEHAVIORAL,False,,SAFE,AADHAAR_PAYMENT_BRIDGE|DEVIATION|LONG_WINDOW|TRANSACTION_COUNT|WINDOW_L7_31D
F2507,D_APB_TXN_CR_L7_31D,Deviation of Aadhar Payment Bridge Credit txns - last 7 to 31D,False,AADHAAR_PAYMENT_BRIDGE,DEVIATION,L7_31D,CREDIT,BEHAVIORAL,False,,SAFE,AADHAAR_PAYMENT_BRIDGE|CREDIT|DEVIATION|LONG_WINDOW|TRANSACTION_COUNT|WINDOW_L7_31D
F2508,D_APB_AMT_L7_31D,Deviation of Aadhar Payment Bridge Total Amount - last 7 to 31D,False,AADHAAR_PAYMENT_BRIDGE,DEVIATION,L7_31D,BOTH,BEHAVIORAL,False,,SAFE,AADHAAR_PAYMENT_BRIDGE|AMOUNT|DEVIATION|LONG_WINDOW|WINDOW_L7_31D
F2509,D_APB_AMT_CR_L7_31D,Deviation of Aadhar Payment Bridge Credit Amount - last 7 to 31D,False,AADHAAR_PAYMENT_BRIDGE,DEVIATION,L7_31D,CREDIT,BEHAVIORAL,False,,SAFE,AADHAAR_PAYMENT_BRIDGE|AMOUNT|CREDIT|DEVIATION|LONG_WINDOW|WINDOW_L7_31D
F2510,D_LOAN_TXN_L7_31D,Deviation of Loan Total txns - last 7 to 31D,False,LOAN,DEVIATION,L7_31D,BOTH,BEHAVIORAL,False,,SAFE,DEVIATION|LOAN|LONG_WINDOW|TRANSACTION_COUNT|WINDOW_L7_31D
F2511,D_LOAN_TXN_CR_L7_31D,Deviation of Loan Credit txns - last 7 to 31D,False,LOAN,DEVIATION,L7_31D,CREDIT,BEHAVIORAL,False,,SAFE,CREDIT|DEVIATION|LOAN|LONG_WINDOW|TRANSACTION_COUNT|WINDOW_L7_31D
F2512,D_LOAN_TXN_DB_L7_31D,Deviation of Loan Debit txns - last 7 to 31D,False,LOAN,DEVIATION,L7_31D,DEBIT,BEHAVIORAL,False,,SAFE,DEBIT|DEVIATION|LOAN|LONG_WINDOW|TRANSACTION_COUNT|WINDOW_L7_31D
F2513,D_LOAN_AMT_L7_31D,Deviation of Loan Total Amount - last 7 to 31D,False,LOAN,DEVIATION,L7_31D,BOTH,BEHAVIORAL,False,,SAFE,AMOUNT|DEVIATION|LOAN|LONG_WINDOW|WINDOW_L7_31D
F2514,D_LOAN_AMT_CR_L7_31D,Deviation of Loan Credit Amount - last 7 to 31D,False,LOAN,DEVIATION,L7_31D,CREDIT,BEHAVIORAL,False,,SAFE,AMOUNT|CREDIT|DEVIATION|LOAN|LONG_WINDOW|WINDOW_L7_31D
F2515,D_LOAN_AMT_DB_L7_31D,Deviation of Loan Debit Amount - last 7 to 31D,False,LOAN,DEVIATION,L7_31D,DEBIT,BEHAVIORAL,False,,SAFE,AMOUNT|DEBIT|DEVIATION|LOAN|LONG_WINDOW|WINDOW_L7_31D
F2516,D_STDNG_INSTR_L7_31D,Deviation of Standing Instruction Total txns - last 7 to 31D,False,STANDING_INSTRUCTION,DEVIATION,L7_31D,BOTH,BEHAVIORAL,False,,SAFE,DEVIATION|LONG_WINDOW|STANDING_INSTRUCTION|TRANSACTION_COUNT|WINDOW_L7_31D
F2517,D_STDNG_INSTR_CR_TXN_L7_31D,Deviation of Standing Instruction Credit txns - last 7 to 31D,False,STANDING_INSTRUCTION,DEVIATION,L7_31D,CREDIT,BEHAVIORAL,False,,SAFE,CREDIT|DEVIATION|LONG_WINDOW|STANDING_INSTRUCTION|TRANSACTION_COUNT|WINDOW_L7_31D
F2518,D_STDNG_INSTR_DB_TXN_L7_31D,Deviation of Standing Instruction Debit txns - last 7 to 31D,False,STANDING_INSTRUCTION,DEVIATION,L7_31D,DEBIT,BEHAVIORAL,False,,SAFE,DEBIT|DEVIATION|LONG_WINDOW|STANDING_INSTRUCTION|TRANSACTION_COUNT|WINDOW_L7_31D
F2519,D_STDNG_INSTR_AMT_L7_31D,Deviation of Standing Instruction Total Amount - last 7 to 31D,False,STANDING_INSTRUCTION,DEVIATION,L7_31D,BOTH,BEHAVIORAL,False,,SAFE,AMOUNT|DEVIATION|LONG_WINDOW|STANDING_INSTRUCTION|WINDOW_L7_31D
F2520,D_STDNG_INSTR_AMT_CR_L7_31D,Deviation of Standing Instruction Credit Amount - last 7 to 31D,False,STANDING_INSTRUCTION,DEVIATION,L7_31D,CREDIT,BEHAVIORAL,False,,SAFE,AMOUNT|CREDIT|DEVIATION|LONG_WINDOW|STANDING_INSTRUCTION|WINDOW_L7_31D
F2521,D_STDNG_INSTR_AMT_DB_L7_31D,Deviation of Standing Instruction Debit Amount - last 7 to 31D,False,STANDING_INSTRUCTION,DEVIATION,L7_31D,DEBIT,BEHAVIORAL,False,,SAFE,AMOUNT|DEBIT|DEVIATION|LONG_WINDOW|STANDING_INSTRUCTION|WINDOW_L7_31D
F2522,DA_CASH_TXN_L7_14D,Deviation of avgs: of Cash Total txns - last 7 to 14D,False,CASH,DEVIATION_OF_AVERAGE,L7_14D,BOTH,BEHAVIORAL,False,,SAFE,CASH|DEVIATION_OF_AVERAGE|SHORT_WINDOW|TRANSACTION_COUNT|WINDOW_L7_14D
F2523,DA_CASH_TXN_CR_L7_14D,Deviation of avgs: of Cash Credit txns - last 7 to 14D,False,CASH,DEVIATION_OF_AVERAGE,L7_14D,CREDIT,BEHAVIORAL,False,,SAFE,CASH|CREDIT|DEVIATION_OF_AVERAGE|SHORT_WINDOW|TRANSACTION_COUNT|WINDOW_L7_14D
F2524,DA_CASH_TXN_DB_L7_14D,Deviation of avgs: of Cash Debit txns - last 7 to 14D,False,CASH,DEVIATION_OF_AVERAGE,L7_14D,DEBIT,BEHAVIORAL,False,,SAFE,CASH|DEBIT|DEVIATION_OF_AVERAGE|SHORT_WINDOW|TRANSACTION_COUNT|WINDOW_L7_14D
F2525,DA_CASH_AMT_L7_14D,Deviation of avgs: of Cash Total Amount - last 7 to 14D,False,CASH,DEVIATION_OF_AVERAGE,L7_14D,BOTH,BEHAVIORAL,False,,SAFE,AMOUNT|CASH|DEVIATION_OF_AVERAGE|SHORT_WINDOW|WINDOW_L7_14D
F2526,DA_CASH_AMT_CR_L7_14D,Deviation of avgs: of Cash Credit Amount - last 7 to 14D,False,CASH,DEVIATION_OF_AVERAGE,L7_14D,CREDIT,BEHAVIORAL,False,,SAFE,AMOUNT|CASH|CREDIT|DEVIATION_OF_AVERAGE|SHORT_WINDOW|WINDOW_L7_14D
F2527,DA_CASH_AMT_DB_L7_14D,Deviation of avgs: of Cash Debit Amount - last 7 to 14D,False,CASH,DEVIATION_OF_AVERAGE,L7_14D,DEBIT,BEHAVIORAL,False,,SAFE,AMOUNT|CASH|DEBIT|DEVIATION_OF_AVERAGE|SHORT_WINDOW|WINDOW_L7_14D
F2528,DA_CHQ_TXN_L7_14D,Deviation of avgs: of Cheque Total txns - last 7 to 14D,False,CHEQUE,DEVIATION_OF_AVERAGE,L7_14D,BOTH,BEHAVIORAL,False,,SAFE,CHEQUE|DEVIATION_OF_AVERAGE|SHORT_WINDOW|TRANSACTION_COUNT|WINDOW_L7_14D
F2529,DA_CHQ_TXN_CR_L7_14D,Deviation of avgs: of Cheque Credit txns - last 7 to 14D,False,CHEQUE,DEVIATION_OF_AVERAGE,L7_14D,CREDIT,BEHAVIORAL,False,,SAFE,CHEQUE|CREDIT|DEVIATION_OF_AVERAGE|SHORT_WINDOW|TRANSACTION_COUNT|WINDOW_L7_14D
F2530,DA_CHQ_AMT_L7_14D,Deviation of avgs: of Cheque Total Amount - last 7 to 14D,False,CHEQUE,DEVIATION_OF_AVERAGE,L7_14D,BOTH,BEHAVIORAL,False,,SAFE,AMOUNT|CHEQUE|DEVIATION_OF_AVERAGE|SHORT_WINDOW|WINDOW_L7_14D
F2531,DA_CHQ_AMT_CR_L7_14D,Deviation of avgs: of Cheque Credit Amount - last 7 to 14D,False,CHEQUE,DEVIATION_OF_AVERAGE,L7_14D,CREDIT,BEHAVIORAL,False,,SAFE,AMOUNT|CHEQUE|CREDIT|DEVIATION_OF_AVERAGE|SHORT_WINDOW|WINDOW_L7_14D
F2532,DA_CHQ_AMT_DB_L7_14D,Deviation of avgs: of Cheque Debit Amount - last 7 to 14D,False,CHEQUE,DEVIATION_OF_AVERAGE,L7_14D,DEBIT,BEHAVIORAL,False,,SAFE,AMOUNT|CHEQUE|DEBIT|DEVIATION_OF_AVERAGE|SHORT_WINDOW|WINDOW_L7_14D
F2533,DA_NON_CASH_CHQ_TXN_L7_14D,Deviation of avgs: of Non Cash Non Cheque Total txns - last 7 to 14D,False,NON_CASH_CHQ,DEVIATION_OF_AVERAGE,L7_14D,BOTH,BEHAVIORAL,False,,SAFE,DEVIATION_OF_AVERAGE|NON_CASH_CHQ|SHORT_WINDOW|TRANSACTION_COUNT|WINDOW_L7_14D
F2534,DA_NON_CASH_CHQ_TXN_CR_L7_14D,Deviation of avgs: of Non Cash Non Cheque Credit txns - last 7 to 14D,False,NON_CASH_CHQ,DEVIATION_OF_AVERAGE,L7_14D,CREDIT,BEHAVIORAL,False,,SAFE,CREDIT|DEVIATION_OF_AVERAGE|NON_CASH_CHQ|SHORT_WINDOW|TRANSACTION_COUNT|WINDOW_L7_14D
F2535,DA_NON_CASH_CHQ_TXN_DB_L7_14D,Deviation of avgs: of Non Cash Non Cheque Debit txns - last 7 to 14D,False,NON_CASH_CHQ,DEVIATION_OF_AVERAGE,L7_14D,DEBIT,BEHAVIORAL,False,,SAFE,DEBIT|DEVIATION_OF_AVERAGE|NON_CASH_CHQ|SHORT_WINDOW|TRANSACTION_COUNT|WINDOW_L7_14D
F2536,DA_NON_CASH_CHQ_AMT_L7_14D,Deviation of avgs: of Non Cash Non Cheque Total Amount - last 7 to 14D,False,NON_CASH_CHQ,DEVIATION_OF_AVERAGE,L7_14D,BOTH,BEHAVIORAL,False,,SAFE,AMOUNT|DEVIATION_OF_AVERAGE|NON_CASH_CHQ|SHORT_WINDOW|WINDOW_L7_14D
F2537,DA_NON_CASH_CHQ_AMT_CR_L7_14D,Deviation of avgs: of Non Cash Non Cheque Credit Amount - last 7 to 14D,False,NON_CASH_CHQ,DEVIATION_OF_AVERAGE,L7_14D,CREDIT,BEHAVIORAL,False,,SAFE,AMOUNT|CREDIT|DEVIATION_OF_AVERAGE|NON_CASH_CHQ|SHORT_WINDOW|WINDOW_L7_14D
F2538,DA_NON_CASH_CHQ_AMT_DB_L7_14D,Deviation of avgs: of Non Cash Non Cheque Debit Amount - last 7 to 14D,False,NON_CASH_CHQ,DEVIATION_OF_AVERAGE,L7_14D,DEBIT,BEHAVIORAL,False,,SAFE,AMOUNT|DEBIT|DEVIATION_OF_AVERAGE|NON_CASH_CHQ|SHORT_WINDOW|WINDOW_L7_14D
F2539,DA_CI_NON_CASH_CHQ_TXN_L7_14D,Deviation of avgs: of Customer Induced Non Cash Non Cheque Total txns - last 7 to 14D,False,NON_CASH_CHQ,DEVIATION_OF_AVERAGE,L7_14D,BOTH,BEHAVIORAL,False,,SAFE,DEVIATION_OF_AVERAGE|NON_CASH_CHQ|SHORT_WINDOW|TRANSACTION_COUNT|WINDOW_L7_14D
F2540,DA_CI_NON_CASH_CHQ_TXN_CR_L7_14D,Deviation of avgs: of Customer Induced Non Cash Non Cheque Credit txns - last 7 to 14D,False,NON_CASH_CHQ,DEVIATION_OF_AVERAGE,L7_14D,CREDIT,BEHAVIORAL,False,,SAFE,CREDIT|DEVIATION_OF_AVERAGE|NON_CASH_CHQ|SHORT_WINDOW|TRANSACTION_COUNT|WINDOW_L7_14D
F2541,DA_CI_NON_CASH_CHQ_TXN_DB_L7_14D,Deviation of avgs: of Customer Induced Non Cash Non Cheque Debit txns - last 7 to 14D,False,NON_CASH_CHQ,DEVIATION_OF_AVERAGE,L7_14D,DEBIT,BEHAVIORAL,False,,SAFE,DEBIT|DEVIATION_OF_AVERAGE|NON_CASH_CHQ|SHORT_WINDOW|TRANSACTION_COUNT|WINDOW_L7_14D
F2542,DA_CI_NON_CASH_CHQ_AMT_L7_14D,Deviation of avgs: of Customer Induced Non Cash Non Cheque Total Amount - last 7 to 14D,False,NON_CASH_CHQ,DEVIATION_OF_AVERAGE,L7_14D,BOTH,BEHAVIORAL,False,,SAFE,AMOUNT|DEVIATION_OF_AVERAGE|NON_CASH_CHQ|SHORT_WINDOW|WINDOW_L7_14D
F2543,DA_CI_NON_CASH_CHQ_AMT_CR_L7_14D,Deviation of avgs: of Customer Induced Non Cash Non Cheque Credit Amount - last 7 to 14D,False,NON_CASH_CHQ,DEVIATION_OF_AVERAGE,L7_14D,CREDIT,BEHAVIORAL,False,,SAFE,AMOUNT|CREDIT|DEVIATION_OF_AVERAGE|NON_CASH_CHQ|SHORT_WINDOW|WINDOW_L7_14D
F2544,DA_CI_NON_CASH_CHQ_AMT_DB_L7_14D,Deviation of avgs: of Customer Induced Non Cash Non Cheque Debit Amount - last 7 to 14D,False,NON_CASH_CHQ,DEVIATION_OF_AVERAGE,L7_14D,DEBIT,BEHAVIORAL,False,,SAFE,AMOUNT|DEBIT|DEVIATION_OF_AVERAGE|NON_CASH_CHQ|SHORT_WINDOW|WINDOW_L7_14D
F2545,DA_CI_TXN_L7_14D,Deviation of avgs: of Customer Induced Total txns - last 7 to 14D,False,CASH_INTENSIVE,DEVIATION_OF_AVERAGE,L7_14D,BOTH,BEHAVIORAL,False,,SAFE,CASH_INTENSIVE|DEVIATION_OF_AVERAGE|SHORT_WINDOW|TRANSACTION_COUNT|WINDOW_L7_14D
F2546,DA_CI_TXN_CR_L7_14D,Deviation of avgs: of Customer Induced Credit txns - last 7 to 14D,False,CASH_INTENSIVE,DEVIATION_OF_AVERAGE,L7_14D,CREDIT,BEHAVIORAL,False,,SAFE,CASH_INTENSIVE|CREDIT|DEVIATION_OF_AVERAGE|SHORT_WINDOW|TRANSACTION_COUNT|WINDOW_L7_14D
F2547,DA_CI_TXN_DB_L7_14D,Deviation of avgs: of Customer Induced Debit txns - last 7 to 14D,False,CASH_INTENSIVE,DEVIATION_OF_AVERAGE,L7_14D,DEBIT,BEHAVIORAL,False,,SAFE,CASH_INTENSIVE|DEBIT|DEVIATION_OF_AVERAGE|SHORT_WINDOW|TRANSACTION_COUNT|WINDOW_L7_14D
F2548,DA_CI_AMT_L7_14D,Deviation of avgs: of Customer Induced Total Amount - last 7 to 14D,False,CASH_INTENSIVE,DEVIATION_OF_AVERAGE,L7_14D,BOTH,BEHAVIORAL,False,,SAFE,AMOUNT|CASH_INTENSIVE|DEVIATION_OF_AVERAGE|SHORT_WINDOW|WINDOW_L7_14D
F2549,DA_CI_AMT_CR_L7_14D,Deviation of avgs: of Customer Induced Credit Amount - last 7 to 14D,False,CASH_INTENSIVE,DEVIATION_OF_AVERAGE,L7_14D,CREDIT,BEHAVIORAL,False,,SAFE,AMOUNT|CASH_INTENSIVE|CREDIT|DEVIATION_OF_AVERAGE|SHORT_WINDOW|WINDOW_L7_14D
F2550,DA_CI_AMT_DB_L7_14D,Deviation of avgs: of Customer Induced Debit Amount - last 7 to 14D,False,CASH_INTENSIVE,DEVIATION_OF_AVERAGE,L7_14D,DEBIT,BEHAVIORAL,False,,SAFE,AMOUNT|CASH_INTENSIVE|DEBIT|DEVIATION_OF_AVERAGE|SHORT_WINDOW|WINDOW_L7_14D
F2551,DA_ATM_TXN_L7_14D,Deviation of avgs: of ATM Total txns - last 7 to 14D,False,ATM,DEVIATION_OF_AVERAGE,L7_14D,BOTH,BEHAVIORAL,False,,SAFE,ATM|DEVIATION_OF_AVERAGE|SHORT_WINDOW|TRANSACTION_COUNT|WINDOW_L7_14D
F2552,DA_ATM_TXN_CR_L7_14D,Deviation of avgs: of ATM Credit txns - last 7 to 14D,False,ATM,DEVIATION_OF_AVERAGE,L7_14D,CREDIT,BEHAVIORAL,False,,SAFE,ATM|CREDIT|DEVIATION_OF_AVERAGE|SHORT_WINDOW|TRANSACTION_COUNT|WINDOW_L7_14D
F2553,DA_ATM_TXN_DB_L7_14D,Deviation of avgs: of ATM Debit txns - last 7 to 14D,False,ATM,DEVIATION_OF_AVERAGE,L7_14D,DEBIT,BEHAVIORAL,False,,SAFE,ATM|DEBIT|DEVIATION_OF_AVERAGE|SHORT_WINDOW|TRANSACTION_COUNT|WINDOW_L7_14D
F2554,DA_ATM_AMT_L7_14D,Deviation of avgs: of ATM Total Amount - last 7 to 14D,False,ATM,DEVIATION_OF_AVERAGE,L7_14D,BOTH,BEHAVIORAL,False,,SAFE,AMOUNT|ATM|DEVIATION_OF_AVERAGE|SHORT_WINDOW|WINDOW_L7_14D
F2555,DA_ATM_AMT_CR_L7_14D,Deviation of avgs: of ATM Credit Amount - last 7 to 14D,False,ATM,DEVIATION_OF_AVERAGE,L7_14D,CREDIT,BEHAVIORAL,False,,SAFE,AMOUNT|ATM|CREDIT|DEVIATION_OF_AVERAGE|SHORT_WINDOW|WINDOW_L7_14D
F2556,DA_ATM_AMT_DB_L7_14D,Deviation of avgs: of ATM Debit Amount - last 7 to 14D,False,ATM,DEVIATION_OF_AVERAGE,L7_14D,DEBIT,BEHAVIORAL,False,,SAFE,AMOUNT|ATM|DEBIT|DEVIATION_OF_AVERAGE|SHORT_WINDOW|WINDOW_L7_14D
F2557,DA_BI_FEES_CHRGS_TXN_L7_14D,Deviation of avgs: of Bank Induced Fees Charges Total txns - last 7 to 14D,False,FEES_AND_CHARGES,DEVIATION_OF_AVERAGE,L7_14D,BOTH,BEHAVIORAL,False,,SAFE,DEVIATION_OF_AVERAGE|FEES_AND_CHARGES|SHORT_WINDOW|TRANSACTION_COUNT|WINDOW_L7_14D
F2558,DA_BI_FEES_CHRGS_TXN_CR_L7_14D,Deviation of avgs: of Bank Induced Fees Charges Credit txns - last 7 to 14D,False,FEES_AND_CHARGES,DEVIATION_OF_AVERAGE,L7_14D,CREDIT,BEHAVIORAL,False,,SAFE,CREDIT|DEVIATION_OF_AVERAGE|FEES_AND_CHARGES|SHORT_WINDOW|TRANSACTION_COUNT|WINDOW_L7_14D
F2559,DA_BI_FEES_CHRGS_TXN_DB_L7_14D,Deviation of avgs: of Bank Induced Fees Charges Debit txns - last 7 to 14D,False,FEES_AND_CHARGES,DEVIATION_OF_AVERAGE,L7_14D,DEBIT,BEHAVIORAL,False,,SAFE,DEBIT|DEVIATION_OF_AVERAGE|FEES_AND_CHARGES|SHORT_WINDOW|TRANSACTION_COUNT|WINDOW_L7_14D
F2560,DA_BI_FEES_CHRGS_AMT_L7_14D,Deviation of avgs: of Bank Induced Fees Charges Total Amount - last 7 to 14D,False,FEES_AND_CHARGES,DEVIATION_OF_AVERAGE,L7_14D,BOTH,BEHAVIORAL,False,,SAFE,AMOUNT|DEVIATION_OF_AVERAGE|FEES_AND_CHARGES|SHORT_WINDOW|WINDOW_L7_14D
F2561,DA_BI_FEES_CHRGS_AMT_CR_L7_14D,Deviation of avgs: of Bank Induced Fees Charges Credit Amount - last 7 to 14D,False,FEES_AND_CHARGES,DEVIATION_OF_AVERAGE,L7_14D,CREDIT,BEHAVIORAL,False,,SAFE,AMOUNT|CREDIT|DEVIATION_OF_AVERAGE|FEES_AND_CHARGES|SHORT_WINDOW|WINDOW_L7_14D
F2562,DA_BI_FEES_CHRGS_AMT_DB_L7_14D,Deviation of avgs: of Bank Induced Fees Charges Debit Amount - last 7 to 14D,False,FEES_AND_CHARGES,DEVIATION_OF_AVERAGE,L7_14D,DEBIT,BEHAVIORAL,False,,SAFE,AMOUNT|DEBIT|DEVIATION_OF_AVERAGE|FEES_AND_CHARGES|SHORT_WINDOW|WINDOW_L7_14D
F2563,DA_CI_FEES_CHRGS_TXN_L7_14D,Deviation of avgs: of Customer Induced Fees Charges Total txns - last 7 to 14D,False,FEES_AND_CHARGES,DEVIATION_OF_AVERAGE,L7_14D,BOTH,BEHAVIORAL,False,,SAFE,DEVIATION_OF_AVERAGE|FEES_AND_CHARGES|SHORT_WINDOW|TRANSACTION_COUNT|WINDOW_L7_14D
F2564,DA_CI_FEES_CHRGS_TXN_CR_L7_14D,Deviation of avgs: of Customer Induced Fees Charges Credit txns - last 7 to 14D,False,FEES_AND_CHARGES,DEVIATION_OF_AVERAGE,L7_14D,CREDIT,BEHAVIORAL,False,,SAFE,CREDIT|DEVIATION_OF_AVERAGE|FEES_AND_CHARGES|SHORT_WINDOW|TRANSACTION_COUNT|WINDOW_L7_14D
F2565,DA_CI_FEES_CHRGS_TXN_DB_L7_14D,Deviation of avgs: of Customer Induced Fees Charges Debit txns - last 7 to 14D,False,FEES_AND_CHARGES,DEVIATION_OF_AVERAGE,L7_14D,DEBIT,BEHAVIORAL,False,,SAFE,DEBIT|DEVIATION_OF_AVERAGE|FEES_AND_CHARGES|SHORT_WINDOW|TRANSACTION_COUNT|WINDOW_L7_14D
F2566,DA_CI_FEES_CHRGS_AMT_L7_14D,Deviation of avgs: of Customer Induced Fees Charges Total Amount - last 7 to 14D,False,FEES_AND_CHARGES,DEVIATION_OF_AVERAGE,L7_14D,BOTH,BEHAVIORAL,False,,SAFE,AMOUNT|DEVIATION_OF_AVERAGE|FEES_AND_CHARGES|SHORT_WINDOW|WINDOW_L7_14D
F2567,DA_CI_FEES_CHRGS_AMT_CR_L7_14D,Deviation of avgs: of Customer Induced Fees Charges Credit Amount - last 7 to 14D,False,FEES_AND_CHARGES,DEVIATION_OF_AVERAGE,L7_14D,CREDIT,BEHAVIORAL,False,,SAFE,AMOUNT|CREDIT|DEVIATION_OF_AVERAGE|FEES_AND_CHARGES|SHORT_WINDOW|WINDOW_L7_14D
F2568,DA_CI_FEES_CHRGS_AMT_DB_L7_14D,Deviation of avgs: of Customer Induced Fees Charges Debit Amount - last 7 to 14D,False,FEES_AND_CHARGES,DEVIATION_OF_AVERAGE,L7_14D,DEBIT,BEHAVIORAL,False,,SAFE,AMOUNT|DEBIT|DEVIATION_OF_AVERAGE|FEES_AND_CHARGES|SHORT_WINDOW|WINDOW_L7_14D
F2569,DA_GST_TXN_L7_14D,Deviation of avgs: of GST Total txns - last 7 to 14D,False,GST,DEVIATION_OF_AVERAGE,L7_14D,BOTH,BEHAVIORAL,False,,SAFE,DEVIATION_OF_AVERAGE|GST|SHORT_WINDOW|TRANSACTION_COUNT|WINDOW_L7_14D
F2570,DA_GST_TXN_CR_L7_14D,Deviation of avgs: of GST Credit txns - last 7 to 14D,False,GST,DEVIATION_OF_AVERAGE,L7_14D,CREDIT,BEHAVIORAL,False,,SAFE,CREDIT|DEVIATION_OF_AVERAGE|GST|SHORT_WINDOW|TRANSACTION_COUNT|WINDOW_L7_14D
F2571,DA_GST_TXN_DB_L7_14D,Deviation of avgs: of GST Debit txns - last 7 to 14D,False,GST,DEVIATION_OF_AVERAGE,L7_14D,DEBIT,BEHAVIORAL,False,,SAFE,DEBIT|DEVIATION_OF_AVERAGE|GST|SHORT_WINDOW|TRANSACTION_COUNT|WINDOW_L7_14D
F2572,DA_GST_AMT_L7_14D,Deviation of avgs: of GST Total Amount - last 7 to 14D,False,GST,DEVIATION_OF_AVERAGE,L7_14D,BOTH,BEHAVIORAL,False,,SAFE,AMOUNT|DEVIATION_OF_AVERAGE|GST|SHORT_WINDOW|WINDOW_L7_14D
F2573,DA_GST_AMT_CR_L7_14D,Deviation of avgs: of GST Credit Amount - last 7 to 14D,False,GST,DEVIATION_OF_AVERAGE,L7_14D,CREDIT,BEHAVIORAL,False,,SAFE,AMOUNT|CREDIT|DEVIATION_OF_AVERAGE|GST|SHORT_WINDOW|WINDOW_L7_14D
F2574,DA_GST_AMT_DB_L7_14D,Deviation of avgs: of GST Debit Amount - last 7 to 14D,False,GST,DEVIATION_OF_AVERAGE,L7_14D,DEBIT,BEHAVIORAL,False,,SAFE,AMOUNT|DEBIT|DEVIATION_OF_AVERAGE|GST|SHORT_WINDOW|WINDOW_L7_14D
F2575,DA_ELEC_XFER_TXN_L7_14D,Deviation of avgs: of Online Transfer (IMPS+NEFT+RTGS) Total txns - last 7 to 14D,False,ELEC_XFER,DEVIATION_OF_AVERAGE,L7_14D,BOTH,BEHAVIORAL,False,,SAFE,DEVIATION_OF_AVERAGE|ELEC_XFER|SHORT_WINDOW|TRANSACTION_COUNT|WINDOW_L7_14D
F2576,DA_ELEC_XFER_TXN_CR_L7_14D,Deviation of avgs: of Online Transfer (IMPS+NEFT+RTGS) Credit txns - last 7 to 14D,False,ELEC_XFER,DEVIATION_OF_AVERAGE,L7_14D,CREDIT,BEHAVIORAL,False,,SAFE,CREDIT|DEVIATION_OF_AVERAGE|ELEC_XFER|SHORT_WINDOW|TRANSACTION_COUNT|WINDOW_L7_14D
F2577,DA_ELEC_XFER_TXN_DB_L7_14D,Deviation of avgs: of Online Transfer (IMPS+NEFT+RTGS) Debit txns - last 7 to 14D,False,ELEC_XFER,DEVIATION_OF_AVERAGE,L7_14D,DEBIT,BEHAVIORAL,False,,SAFE,DEBIT|DEVIATION_OF_AVERAGE|ELEC_XFER|SHORT_WINDOW|TRANSACTION_COUNT|WINDOW_L7_14D
F2578,DA_ELEC_XFER_AMT_L7_14D,Deviation of avgs: of Online Transfer (IMPS+NEFT+RTGS) Total Amount - last 7 to 14D,False,ELEC_XFER,DEVIATION_OF_AVERAGE,L7_14D,BOTH,BEHAVIORAL,False,,SAFE,AMOUNT|DEVIATION_OF_AVERAGE|ELEC_XFER|SHORT_WINDOW|WINDOW_L7_14D
F2579,DA_ELEC_XFER_AMT_CR_L7_14D,Deviation of avgs: of Online Transfer (IMPS+NEFT+RTGS) Credit Amount - last 7 to 14D,False,ELEC_XFER,DEVIATION_OF_AVERAGE,L7_14D,CREDIT,BEHAVIORAL,False,,SAFE,AMOUNT|CREDIT|DEVIATION_OF_AVERAGE|ELEC_XFER|SHORT_WINDOW|WINDOW_L7_14D
F2580,DA_ELEC_XFER_AMT_DB_L7_14D,Deviation of avgs: of Online Transfer (IMPS+NEFT+RTGS) Debit Amount - last 7 to 14D,False,ELEC_XFER,DEVIATION_OF_AVERAGE,L7_14D,DEBIT,BEHAVIORAL,False,,SAFE,AMOUNT|DEBIT|DEVIATION_OF_AVERAGE|ELEC_XFER|SHORT_WINDOW|WINDOW_L7_14D
F2581,DA_UPI_XFER_TXN_L7_14D,Deviation of avgs: of UPI  Total txns - last 7 to 14D,False,UPI_XFER,DEVIATION_OF_AVERAGE,L7_14D,BOTH,BEHAVIORAL,False,,SAFE,DEVIATION_OF_AVERAGE|SHORT_WINDOW|TRANSACTION_COUNT|UPI_XFER|WINDOW_L7_14D
F2582,DA_UPI_TXN_CR_L7_14D,Deviation of avgs: of UPI  Total Amount - last 7 to 14D,True,UPI,DEVIATION_OF_AVERAGE,L7_14D,CREDIT,BEHAVIORAL,False,,SAFE,AMOUNT|CREDIT|DEVIATION_OF_AVERAGE|SHORT_WINDOW|UPI|WINDOW_L7_14D
F2583,DA_UPI_TXN_DB_L7_14D,Deviation of avgs: of UPI  Credit txns - last 7 to 14D,False,UPI,DEVIATION_OF_AVERAGE,L7_14D,DEBIT,BEHAVIORAL,False,,SAFE,DEBIT|DEVIATION_OF_AVERAGE|SHORT_WINDOW|TRANSACTION_COUNT|UPI|WINDOW_L7_14D
F2584,DA_UPI_XFER_AMT_L7_14D,Deviation of avgs: of UPI  Debit txns - last 7 to 14D,False,UPI_XFER,DEVIATION_OF_AVERAGE,L7_14D,BOTH,BEHAVIORAL,False,,SAFE,AMOUNT|DEVIATION_OF_AVERAGE|SHORT_WINDOW|TRANSACTION_COUNT|UPI_XFER|WINDOW_L7_14D
F2585,DA_UPI_AMT_CR_L7_14D,Deviation of avgs: of UPI  Credit Amount - last 7 to 14D,False,UPI,DEVIATION_OF_AVERAGE,L7_14D,CREDIT,BEHAVIORAL,False,,SAFE,AMOUNT|CREDIT|DEVIATION_OF_AVERAGE|SHORT_WINDOW|UPI|WINDOW_L7_14D
F2586,DA_UPI_AMT_DB_L7_14D,Deviation of avgs: of UPI  Debit Amount - last 7 to 14D,False,UPI,DEVIATION_OF_AVERAGE,L7_14D,DEBIT,BEHAVIORAL,False,,SAFE,AMOUNT|DEBIT|DEVIATION_OF_AVERAGE|SHORT_WINDOW|UPI|WINDOW_L7_14D
F2587,DA_NET_BNKING_TXN_L7_14D,Deviation of avgs: of Net Banking Total txns - last 7 to 14D,False,NET_BANKING,DEVIATION_OF_AVERAGE,L7_14D,BOTH,BEHAVIORAL,False,,SAFE,DEVIATION_OF_AVERAGE|NET_BANKING|SHORT_WINDOW|TRANSACTION_COUNT|WINDOW_L7_14D
F2588,DA_NET_BNKING_TXN_CR_L7_14D,Deviation of avgs: of Net Banking Credit txns - last 7 to 14D,False,NET_BANKING,DEVIATION_OF_AVERAGE,L7_14D,CREDIT,BEHAVIORAL,False,,SAFE,CREDIT|DEVIATION_OF_AVERAGE|NET_BANKING|SHORT_WINDOW|TRANSACTION_COUNT|WINDOW_L7_14D
F2589,DA_NET_BNKING_TXN_DB_L7_14D,Deviation of avgs: of Net Banking Debit txns - last 7 to 14D,False,NET_BANKING,DEVIATION_OF_AVERAGE,L7_14D,DEBIT,BEHAVIORAL,False,,SAFE,DEBIT|DEVIATION_OF_AVERAGE|NET_BANKING|SHORT_WINDOW|TRANSACTION_COUNT|WINDOW_L7_14D
F2590,DA_NET_BNKING_AMT_L7_14D,Deviation of avgs: of Net Banking Total Amount - last 7 to 14D,False,NET_BANKING,DEVIATION_OF_AVERAGE,L7_14D,BOTH,BEHAVIORAL,False,,SAFE,AMOUNT|DEVIATION_OF_AVERAGE|NET_BANKING|SHORT_WINDOW|WINDOW_L7_14D
F2591,DA_NET_BNKING_AMT_CR_L7_14D,Deviation of avgs: of Net Banking Credit Amount - last 7 to 14D,False,NET_BANKING,DEVIATION_OF_AVERAGE,L7_14D,CREDIT,BEHAVIORAL,False,,SAFE,AMOUNT|CREDIT|DEVIATION_OF_AVERAGE|NET_BANKING|SHORT_WINDOW|WINDOW_L7_14D
F2592,DA_NET_BNKING_AMT_DB_L7_14D,Deviation of avgs: of Net Banking Debit Amount - last 7 to 14D,False,NET_BANKING,DEVIATION_OF_AVERAGE,L7_14D,DEBIT,BEHAVIORAL,False,,SAFE,AMOUNT|DEBIT|DEVIATION_OF_AVERAGE|NET_BANKING|SHORT_WINDOW|WINDOW_L7_14D
F2593,DA_MOB_BNKING_TXN_L7_14D,Deviation of avgs: of Mobile Banking Total txns - last 7 to 14D,False,MOBILE_BANKING,DEVIATION_OF_AVERAGE,L7_14D,BOTH,BEHAVIORAL,False,,SAFE,DEVIATION_OF_AVERAGE|MOBILE_BANKING|SHORT_WINDOW|TRANSACTION_COUNT|WINDOW_L7_14D
F2594,DA_MBNKING_TXN_CR_L7_14D,Deviation of avgs: of Mobile Banking Total Amount - last 7 to 14D,False,MOBILE_BANKING,DEVIATION_OF_AVERAGE,L7_14D,CREDIT,BEHAVIORAL,False,,SAFE,AMOUNT|CREDIT|DEVIATION_OF_AVERAGE|MOBILE_BANKING|SHORT_WINDOW|WINDOW_L7_14D
F2595,DA_MBNKING_TXN_DB_L7_14D,Deviation of avgs: of Mobile Banking Credit txns - last 7 to 14D,False,MOBILE_BANKING,DEVIATION_OF_AVERAGE,L7_14D,DEBIT,BEHAVIORAL,False,,SAFE,DEBIT|DEVIATION_OF_AVERAGE|MOBILE_BANKING|SHORT_WINDOW|TRANSACTION_COUNT|WINDOW_L7_14D
F2596,DA_MOB_BNKING_AMT_L7_14D,Deviation of avgs: of Mobile Banking Debit txns - last 7 to 14D,False,MOBILE_BANKING,DEVIATION_OF_AVERAGE,L7_14D,BOTH,BEHAVIORAL,False,,SAFE,AMOUNT|DEVIATION_OF_AVERAGE|MOBILE_BANKING|SHORT_WINDOW|TRANSACTION_COUNT|WINDOW_L7_14D
F2597,DA_MBNKING_AMT_CR_L7_14D,Deviation of avgs: of Mobile Banking Credit Amount - last 7 to 14D,False,MOBILE_BANKING,DEVIATION_OF_AVERAGE,L7_14D,CREDIT,BEHAVIORAL,False,,SAFE,AMOUNT|CREDIT|DEVIATION_OF_AVERAGE|MOBILE_BANKING|SHORT_WINDOW|WINDOW_L7_14D
F2598,DA_MBNKING_AMT_DB_L7_14D,Deviation of avgs: of Mobile Banking Debit Amount - last 7 to 14D,False,MOBILE_BANKING,DEVIATION_OF_AVERAGE,L7_14D,DEBIT,BEHAVIORAL,False,,SAFE,AMOUNT|DEBIT|DEVIATION_OF_AVERAGE|MOBILE_BANKING|SHORT_WINDOW|WINDOW_L7_14D
F2599,DA_POS_PYMT_TXN_L7_14D,Deviation of avgs: of Merchant Payment Total txns - last 7 to 14D,False,POS_MERCHANT,DEVIATION_OF_AVERAGE,L7_14D,BOTH,BEHAVIORAL,False,,SAFE,DEVIATION_OF_AVERAGE|POS_MERCHANT|SHORT_WINDOW|TRANSACTION_COUNT|WINDOW_L7_14D
F2600,DA_POS_PYMT_TXN_CR_L7_14D,Deviation of avgs: of Merchant Payment Credit txns - last 7 to 14D,False,POS_MERCHANT,DEVIATION_OF_AVERAGE,L7_14D,CREDIT,BEHAVIORAL,False,,SAFE,CREDIT|DEVIATION_OF_AVERAGE|POS_MERCHANT|SHORT_WINDOW|TRANSACTION_COUNT|WINDOW_L7_14D
F2601,DA_POS_PYMT_TXN_DB_L7_14D,Deviation of avgs: of Merchant Payment Debit txns - last 7 to 14D,False,POS_MERCHANT,DEVIATION_OF_AVERAGE,L7_14D,DEBIT,BEHAVIORAL,False,,SAFE,DEBIT|DEVIATION_OF_AVERAGE|POS_MERCHANT|SHORT_WINDOW|TRANSACTION_COUNT|WINDOW_L7_14D
F2602,DA_POS_PYMT_AMT_L7_14D,Deviation of avgs: of Merchant Payment Total Amount - last 7 to 14D,False,POS_MERCHANT,DEVIATION_OF_AVERAGE,L7_14D,BOTH,BEHAVIORAL,False,,SAFE,AMOUNT|DEVIATION_OF_AVERAGE|POS_MERCHANT|SHORT_WINDOW|WINDOW_L7_14D
F2603,DA_POS_PYMT_AMT_CR_L7_14D,Deviation of avgs: of Merchant Payment Credit Amount - last 7 to 14D,False,POS_MERCHANT,DEVIATION_OF_AVERAGE,L7_14D,CREDIT,BEHAVIORAL,False,,SAFE,AMOUNT|CREDIT|DEVIATION_OF_AVERAGE|POS_MERCHANT|SHORT_WINDOW|WINDOW_L7_14D
F2604,DA_POS_PYMT_AMT_DB_L7_14D,Deviation of avgs: of Merchant Payment Debit Amount - last 7 to 14D,False,POS_MERCHANT,DEVIATION_OF_AVERAGE,L7_14D,DEBIT,BEHAVIORAL,False,,SAFE,AMOUNT|DEBIT|DEVIATION_OF_AVERAGE|POS_MERCHANT|SHORT_WINDOW|WINDOW_L7_14D
F2605,DA_APB_TXN_L7_14D,Deviation of avgs: of Aadhar Payment Bridge Total txns - last 7 to 14D,False,AADHAAR_PAYMENT_BRIDGE,DEVIATION_OF_AVERAGE,L7_14D,BOTH,BEHAVIORAL,False,,SAFE,AADHAAR_PAYMENT_BRIDGE|DEVIATION_OF_AVERAGE|SHORT_WINDOW|TRANSACTION_COUNT|WINDOW_L7_14D
F2606,DA_APB_TXN_CR_L7_14D,Deviation of avgs: of Aadhar Payment Bridge Credit txns - last 7 to 14D,False,AADHAAR_PAYMENT_BRIDGE,DEVIATION_OF_AVERAGE,L7_14D,CREDIT,BEHAVIORAL,False,,SAFE,AADHAAR_PAYMENT_BRIDGE|CREDIT|DEVIATION_OF_AVERAGE|SHORT_WINDOW|TRANSACTION_COUNT|WINDOW_L7_14D
F2607,DA_APB_TXN_DB_L7_14D,Deviation of avgs: of Aadhar Payment Bridge Debit txns - last 7 to 14D,False,AADHAAR_PAYMENT_BRIDGE,DEVIATION_OF_AVERAGE,L7_14D,DEBIT,BEHAVIORAL,False,,SAFE,AADHAAR_PAYMENT_BRIDGE|DEBIT|DEVIATION_OF_AVERAGE|SHORT_WINDOW|TRANSACTION_COUNT|WINDOW_L7_14D
F2608,DA_APB_AMT_L7_14D,Deviation of avgs: of Aadhar Payment Bridge Total Amount - last 7 to 14D,False,AADHAAR_PAYMENT_BRIDGE,DEVIATION_OF_AVERAGE,L7_14D,BOTH,BEHAVIORAL,False,,SAFE,AADHAAR_PAYMENT_BRIDGE|AMOUNT|DEVIATION_OF_AVERAGE|SHORT_WINDOW|WINDOW_L7_14D
F2609,DA_APB_AMT_CR_L7_14D,Deviation of avgs: of Aadhar Payment Bridge Credit Amount - last 7 to 14D,False,AADHAAR_PAYMENT_BRIDGE,DEVIATION_OF_AVERAGE,L7_14D,CREDIT,BEHAVIORAL,False,,SAFE,AADHAAR_PAYMENT_BRIDGE|AMOUNT|CREDIT|DEVIATION_OF_AVERAGE|SHORT_WINDOW|WINDOW_L7_14D
F2610,DA_LOAN_TXN_L7_14D,Deviation of avgs: of Loan Total txns - last 7 to 14D,False,LOAN,DEVIATION_OF_AVERAGE,L7_14D,BOTH,BEHAVIORAL,False,,SAFE,DEVIATION_OF_AVERAGE|LOAN|SHORT_WINDOW|TRANSACTION_COUNT|WINDOW_L7_14D
F2611,DA_LOAN_TXN_CR_L7_14D,Deviation of avgs: of Loan Credit txns - last 7 to 14D,False,LOAN,DEVIATION_OF_AVERAGE,L7_14D,CREDIT,BEHAVIORAL,False,,SAFE,CREDIT|DEVIATION_OF_AVERAGE|LOAN|SHORT_WINDOW|TRANSACTION_COUNT|WINDOW_L7_14D
F2612,DA_LOAN_TXN_DB_L7_14D,Deviation of avgs: of Loan Debit txns - last 7 to 14D,False,LOAN,DEVIATION_OF_AVERAGE,L7_14D,DEBIT,BEHAVIORAL,False,,SAFE,DEBIT|DEVIATION_OF_AVERAGE|LOAN|SHORT_WINDOW|TRANSACTION_COUNT|WINDOW_L7_14D
F2613,DA_LOAN_AMT_L7_14D,Deviation of avgs: of Loan Total Amount - last 7 to 14D,False,LOAN,DEVIATION_OF_AVERAGE,L7_14D,BOTH,BEHAVIORAL,False,,SAFE,AMOUNT|DEVIATION_OF_AVERAGE|LOAN|SHORT_WINDOW|WINDOW_L7_14D
F2614,DA_LOAN_AMT_CR_L7_14D,Deviation of avgs: of Loan Credit Amount - last 7 to 14D,False,LOAN,DEVIATION_OF_AVERAGE,L7_14D,CREDIT,BEHAVIORAL,False,,SAFE,AMOUNT|CREDIT|DEVIATION_OF_AVERAGE|LOAN|SHORT_WINDOW|WINDOW_L7_14D
F2615,DA_LOAN_AMT_DB_L7_14D,Deviation of avgs: of Loan Debit Amount - last 7 to 14D,False,LOAN,DEVIATION_OF_AVERAGE,L7_14D,DEBIT,BEHAVIORAL,False,,SAFE,AMOUNT|DEBIT|DEVIATION_OF_AVERAGE|LOAN|SHORT_WINDOW|WINDOW_L7_14D
F2616,DA_STDNG_INSTR_L7_14D,Deviation of avgs: of Standing Instruction Total txns - last 7 to 14D,False,STANDING_INSTRUCTION,DEVIATION_OF_AVERAGE,L7_14D,BOTH,BEHAVIORAL,False,,SAFE,DEVIATION_OF_AVERAGE|SHORT_WINDOW|STANDING_INSTRUCTION|TRANSACTION_COUNT|WINDOW_L7_14D
F2617,DA_STDNG_INSTR_CR_TXN_L7_14D,Deviation of avgs: of Standing Instruction Credit txns - last 7 to 14D,False,STANDING_INSTRUCTION,DEVIATION_OF_AVERAGE,L7_14D,CREDIT,BEHAVIORAL,False,,SAFE,CREDIT|DEVIATION_OF_AVERAGE|SHORT_WINDOW|STANDING_INSTRUCTION|TRANSACTION_COUNT|WINDOW_L7_14D
F2618,DA_STDNG_INSTR_DB_TXN_L7_14D,Deviation of avgs: of Standing Instruction Debit txns - last 7 to 14D,False,STANDING_INSTRUCTION,DEVIATION_OF_AVERAGE,L7_14D,DEBIT,BEHAVIORAL,False,,SAFE,DEBIT|DEVIATION_OF_AVERAGE|SHORT_WINDOW|STANDING_INSTRUCTION|TRANSACTION_COUNT|WINDOW_L7_14D
F2619,DA_STDNG_INSTR_AMT_L7_14D,Deviation of avgs: of Standing Instruction Total Amount - last 7 to 14D,False,STANDING_INSTRUCTION,DEVIATION_OF_AVERAGE,L7_14D,BOTH,BEHAVIORAL,False,,SAFE,AMOUNT|DEVIATION_OF_AVERAGE|SHORT_WINDOW|STANDING_INSTRUCTION|WINDOW_L7_14D
F2620,DA_STDNG_INSTR_AMT_CR_L7_14D,Deviation of avgs: of Standing Instruction Credit Amount - last 7 to 14D,False,STANDING_INSTRUCTION,DEVIATION_OF_AVERAGE,L7_14D,CREDIT,BEHAVIORAL,False,,SAFE,AMOUNT|CREDIT|DEVIATION_OF_AVERAGE|SHORT_WINDOW|STANDING_INSTRUCTION|WINDOW_L7_14D
F2621,DA_STDNG_INSTR_AMT_DB_L7_14D,Deviation of avgs: of Standing Instruction Debit Amount - last 7 to 14D,False,STANDING_INSTRUCTION,DEVIATION_OF_AVERAGE,L7_14D,DEBIT,BEHAVIORAL,False,,SAFE,AMOUNT|DEBIT|DEVIATION_OF_AVERAGE|SHORT_WINDOW|STANDING_INSTRUCTION|WINDOW_L7_14D
F2622,DA_CASH_TXN_L14_31D,Deviation of avgs: of Cash Total txns - last 14 to 31D,False,CASH,DEVIATION_OF_AVERAGE,L14_31D,BOTH,BEHAVIORAL,False,,SAFE,CASH|DEVIATION_OF_AVERAGE|LONG_WINDOW|TRANSACTION_COUNT|WINDOW_L14_31D
F2623,DA_CASH_TXN_CR_L14_31D,Deviation of avgs: of Cash Credit txns - last 14 to 31D,False,CASH,DEVIATION_OF_AVERAGE,L14_31D,CREDIT,BEHAVIORAL,False,,SAFE,CASH|CREDIT|DEVIATION_OF_AVERAGE|LONG_WINDOW|TRANSACTION_COUNT|WINDOW_L14_31D
F2624,DA_CASH_TXN_DB_L14_31D,Deviation of avgs: of Cash Debit txns - last 14 to 31D,False,CASH,DEVIATION_OF_AVERAGE,L14_31D,DEBIT,BEHAVIORAL,False,,SAFE,CASH|DEBIT|DEVIATION_OF_AVERAGE|LONG_WINDOW|TRANSACTION_COUNT|WINDOW_L14_31D
F2625,DA_CASH_AMT_L14_31D,Deviation of avgs: of Cash Total Amount - last 14 to 31D,False,CASH,DEVIATION_OF_AVERAGE,L14_31D,BOTH,BEHAVIORAL,False,,SAFE,AMOUNT|CASH|DEVIATION_OF_AVERAGE|LONG_WINDOW|WINDOW_L14_31D
F2626,DA_CASH_AMT_CR_L14_31D,Deviation of avgs: of Cash Credit Amount - last 14 to 31D,False,CASH,DEVIATION_OF_AVERAGE,L14_31D,CREDIT,BEHAVIORAL,False,,SAFE,AMOUNT|CASH|CREDIT|DEVIATION_OF_AVERAGE|LONG_WINDOW|WINDOW_L14_31D
F2627,DA_CASH_AMT_DB_L14_31D,Deviation of avgs: of Cash Debit Amount - last 14 to 31D,False,CASH,DEVIATION_OF_AVERAGE,L14_31D,DEBIT,BEHAVIORAL,False,,SAFE,AMOUNT|CASH|DEBIT|DEVIATION_OF_AVERAGE|LONG_WINDOW|WINDOW_L14_31D
F2628,DA_CHQ_TXN_L14_31D,Deviation of avgs: of Cheque Total txns - last 14 to 31D,False,CHEQUE,DEVIATION_OF_AVERAGE,L14_31D,BOTH,BEHAVIORAL,False,,SAFE,CHEQUE|DEVIATION_OF_AVERAGE|LONG_WINDOW|TRANSACTION_COUNT|WINDOW_L14_31D
F2629,DA_CHQ_TXN_CR_L14_31D,Deviation of avgs: of Cheque Credit txns - last 14 to 31D,False,CHEQUE,DEVIATION_OF_AVERAGE,L14_31D,CREDIT,BEHAVIORAL,False,,SAFE,CHEQUE|CREDIT|DEVIATION_OF_AVERAGE|LONG_WINDOW|TRANSACTION_COUNT|WINDOW_L14_31D
F2630,DA_CHQ_TXN_DB_L14_31D,Deviation of avgs: of Cheque Debit txns - last 14 to 31D,False,CHEQUE,DEVIATION_OF_AVERAGE,L14_31D,DEBIT,BEHAVIORAL,False,,SAFE,CHEQUE|DEBIT|DEVIATION_OF_AVERAGE|LONG_WINDOW|TRANSACTION_COUNT|WINDOW_L14_31D
F2631,DA_CHQ_AMT_L14_31D,Deviation of avgs: of Cheque Total Amount - last 14 to 31D,False,CHEQUE,DEVIATION_OF_AVERAGE,L14_31D,BOTH,BEHAVIORAL,False,,SAFE,AMOUNT|CHEQUE|DEVIATION_OF_AVERAGE|LONG_WINDOW|WINDOW_L14_31D
F2632,DA_CHQ_AMT_CR_L14_31D,Deviation of avgs: of Cheque Credit Amount - last 14 to 31D,False,CHEQUE,DEVIATION_OF_AVERAGE,L14_31D,CREDIT,BEHAVIORAL,False,,SAFE,AMOUNT|CHEQUE|CREDIT|DEVIATION_OF_AVERAGE|LONG_WINDOW|WINDOW_L14_31D
F2633,DA_CHQ_AMT_DB_L14_31D,Deviation of avgs: of Cheque Debit Amount - last 14 to 31D,False,CHEQUE,DEVIATION_OF_AVERAGE,L14_31D,DEBIT,BEHAVIORAL,False,,SAFE,AMOUNT|CHEQUE|DEBIT|DEVIATION_OF_AVERAGE|LONG_WINDOW|WINDOW_L14_31D
F2634,DA_NON_CASH_CHQ_TXN_L14_31D,Deviation of avgs: of Non Cash Non Cheque Total txns - last 14 to 31D,False,NON_CASH_CHQ,DEVIATION_OF_AVERAGE,L14_31D,BOTH,BEHAVIORAL,False,,SAFE,DEVIATION_OF_AVERAGE|LONG_WINDOW|NON_CASH_CHQ|TRANSACTION_COUNT|WINDOW_L14_31D
F2635,DA_NON_CASH_CHQ_TXN_CR_L14_31D,Deviation of avgs: of Non Cash Non Cheque Credit txns - last 14 to 31D,False,NON_CASH_CHQ,DEVIATION_OF_AVERAGE,L14_31D,CREDIT,BEHAVIORAL,False,,SAFE,CREDIT|DEVIATION_OF_AVERAGE|LONG_WINDOW|NON_CASH_CHQ|TRANSACTION_COUNT|WINDOW_L14_31D
F2636,DA_NON_CASH_CHQ_TXN_DB_L14_31D,Deviation of avgs: of Non Cash Non Cheque Debit txns - last 14 to 31D,False,NON_CASH_CHQ,DEVIATION_OF_AVERAGE,L14_31D,DEBIT,BEHAVIORAL,False,,SAFE,DEBIT|DEVIATION_OF_AVERAGE|LONG_WINDOW|NON_CASH_CHQ|TRANSACTION_COUNT|WINDOW_L14_31D
F2637,DA_NON_CASH_CHQ_AMT_L14_31D,Deviation of avgs: of Non Cash Non Cheque Total Amount - last 14 to 31D,False,NON_CASH_CHQ,DEVIATION_OF_AVERAGE,L14_31D,BOTH,BEHAVIORAL,False,,SAFE,AMOUNT|DEVIATION_OF_AVERAGE|LONG_WINDOW|NON_CASH_CHQ|WINDOW_L14_31D
F2638,DA_NON_CASH_CHQ_AMT_CR_L14_31D,Deviation of avgs: of Non Cash Non Cheque Credit Amount - last 14 to 31D,False,NON_CASH_CHQ,DEVIATION_OF_AVERAGE,L14_31D,CREDIT,BEHAVIORAL,False,,SAFE,AMOUNT|CREDIT|DEVIATION_OF_AVERAGE|LONG_WINDOW|NON_CASH_CHQ|WINDOW_L14_31D
F2639,DA_NON_CASH_CHQ_AMT_DB_L14_31D,Deviation of avgs: of Non Cash Non Cheque Debit Amount - last 14 to 31D,False,NON_CASH_CHQ,DEVIATION_OF_AVERAGE,L14_31D,DEBIT,BEHAVIORAL,False,,SAFE,AMOUNT|DEBIT|DEVIATION_OF_AVERAGE|LONG_WINDOW|NON_CASH_CHQ|WINDOW_L14_31D
F2640,DA_CI_NON_CASH_CHQ_TXN_L14_31D,Deviation of avgs: of Customer Induced Non Cash Non Cheque Total txns - last 14 to 31D,False,NON_CASH_CHQ,DEVIATION_OF_AVERAGE,L14_31D,BOTH,BEHAVIORAL,False,,SAFE,DEVIATION_OF_AVERAGE|LONG_WINDOW|NON_CASH_CHQ|TRANSACTION_COUNT|WINDOW_L14_31D
F2641,DA_CI_NON_CASH_CHQ_TXN_CR_14_31D,Deviation of avgs: of Customer Induced Non Cash Non Cheque Credit txns - last 14 to 31D,False,NON_CASH_CHQ,DEVIATION_OF_AVERAGE,NONE,CREDIT,BEHAVIORAL,False,,SAFE,CREDIT|DEVIATION_OF_AVERAGE|NON_CASH_CHQ|TRANSACTION_COUNT
F2642,DA_CI_NON_CASH_CHQ_TXN_DB_14_31D,Deviation of avgs: of Customer Induced Non Cash Non Cheque Debit txns - last 14 to 31D,False,NON_CASH_CHQ,DEVIATION_OF_AVERAGE,NONE,DEBIT,BEHAVIORAL,False,,SAFE,DEBIT|DEVIATION_OF_AVERAGE|NON_CASH_CHQ|TRANSACTION_COUNT
F2643,DA_CI_NON_CASH_CHQ_AMT_L14_31D,Deviation of avgs: of Customer Induced Non Cash Non Cheque Total Amount - last 14 to 31D,False,NON_CASH_CHQ,DEVIATION_OF_AVERAGE,L14_31D,BOTH,BEHAVIORAL,False,,SAFE,AMOUNT|DEVIATION_OF_AVERAGE|LONG_WINDOW|NON_CASH_CHQ|WINDOW_L14_31D
F2644,DA_CI_NON_CASH_CHQ_AMT_CR_14_31D,Deviation of avgs: of Customer Induced Non Cash Non Cheque Credit Amount - last 14 to 31D,False,NON_CASH_CHQ,DEVIATION_OF_AVERAGE,NONE,CREDIT,BEHAVIORAL,False,,SAFE,AMOUNT|CREDIT|DEVIATION_OF_AVERAGE|NON_CASH_CHQ
F2645,DA_CI_NON_CASH_CHQ_AMT_DB_14_31D,Deviation of avgs: of Customer Induced Non Cash Non Cheque Debit Amount - last 14 to 31D,False,NON_CASH_CHQ,DEVIATION_OF_AVERAGE,NONE,DEBIT,BEHAVIORAL,False,,SAFE,AMOUNT|DEBIT|DEVIATION_OF_AVERAGE|NON_CASH_CHQ
F2646,DA_CI_TXN_L14_31D,Deviation of avgs: of Customer Induced Total txns - last 14 to 31D,False,CASH_INTENSIVE,DEVIATION_OF_AVERAGE,L14_31D,BOTH,BEHAVIORAL,False,,SAFE,CASH_INTENSIVE|DEVIATION_OF_AVERAGE|LONG_WINDOW|TRANSACTION_COUNT|WINDOW_L14_31D
F2647,DA_CI_TXN_CR_L14_31D,Deviation of avgs: of Customer Induced Credit txns - last 14 to 31D,False,CASH_INTENSIVE,DEVIATION_OF_AVERAGE,L14_31D,CREDIT,BEHAVIORAL,False,,SAFE,CASH_INTENSIVE|CREDIT|DEVIATION_OF_AVERAGE|LONG_WINDOW|TRANSACTION_COUNT|WINDOW_L14_31D
F2648,DA_CI_TXN_DB_L14_31D,Deviation of avgs: of Customer Induced Debit txns - last 14 to 31D,False,CASH_INTENSIVE,DEVIATION_OF_AVERAGE,L14_31D,DEBIT,BEHAVIORAL,False,,SAFE,CASH_INTENSIVE|DEBIT|DEVIATION_OF_AVERAGE|LONG_WINDOW|TRANSACTION_COUNT|WINDOW_L14_31D
F2649,DA_CI_AMT_L14_31D,Deviation of avgs: of Customer Induced Total Amount - last 14 to 31D,False,CASH_INTENSIVE,DEVIATION_OF_AVERAGE,L14_31D,BOTH,BEHAVIORAL,False,,SAFE,AMOUNT|CASH_INTENSIVE|DEVIATION_OF_AVERAGE|LONG_WINDOW|WINDOW_L14_31D
F2650,DA_CI_AMT_CR_L14_31D,Deviation of avgs: of Customer Induced Credit Amount - last 14 to 31D,False,CASH_INTENSIVE,DEVIATION_OF_AVERAGE,L14_31D,CREDIT,BEHAVIORAL,False,,SAFE,AMOUNT|CASH_INTENSIVE|CREDIT|DEVIATION_OF_AVERAGE|LONG_WINDOW|WINDOW_L14_31D
F2651,DA_CI_AMT_DB_L14_31D,Deviation of avgs: of Customer Induced Debit Amount - last 14 to 31D,False,CASH_INTENSIVE,DEVIATION_OF_AVERAGE,L14_31D,DEBIT,BEHAVIORAL,False,,SAFE,AMOUNT|CASH_INTENSIVE|DEBIT|DEVIATION_OF_AVERAGE|LONG_WINDOW|WINDOW_L14_31D
F2652,DA_ATM_TXN_L14_31D,Deviation of avgs: of ATM Total txns - last 14 to 31D,False,ATM,DEVIATION_OF_AVERAGE,L14_31D,BOTH,BEHAVIORAL,False,,SAFE,ATM|DEVIATION_OF_AVERAGE|LONG_WINDOW|TRANSACTION_COUNT|WINDOW_L14_31D
F2653,DA_ATM_TXN_DB_L14_31D,Deviation of avgs: of ATM Debit txns - last 14 to 31D,False,ATM,DEVIATION_OF_AVERAGE,L14_31D,DEBIT,BEHAVIORAL,False,,SAFE,ATM|DEBIT|DEVIATION_OF_AVERAGE|LONG_WINDOW|TRANSACTION_COUNT|WINDOW_L14_31D
F2654,DA_ATM_AMT_L14_31D,Deviation of avgs: of ATM Total Amount - last 14 to 31D,False,ATM,DEVIATION_OF_AVERAGE,L14_31D,BOTH,BEHAVIORAL,False,,SAFE,AMOUNT|ATM|DEVIATION_OF_AVERAGE|LONG_WINDOW|WINDOW_L14_31D
F2655,DA_ATM_AMT_CR_L14_31D,Deviation of avgs: of ATM Credit Amount - last 14 to 31D,False,ATM,DEVIATION_OF_AVERAGE,L14_31D,CREDIT,BEHAVIORAL,False,,SAFE,AMOUNT|ATM|CREDIT|DEVIATION_OF_AVERAGE|LONG_WINDOW|WINDOW_L14_31D
F2656,DA_ATM_AMT_DB_L14_31D,Deviation of avgs: of ATM Debit Amount - last 14 to 31D,False,ATM,DEVIATION_OF_AVERAGE,L14_31D,DEBIT,BEHAVIORAL,False,,SAFE,AMOUNT|ATM|DEBIT|DEVIATION_OF_AVERAGE|LONG_WINDOW|WINDOW_L14_31D
F2657,DA_BI_FEES_CHRGS_TXN_L14_31D,Deviation of avgs: of Bank Induced Fees Charges Total txns - last 14 to 31D,False,FEES_AND_CHARGES,DEVIATION_OF_AVERAGE,L14_31D,BOTH,BEHAVIORAL,False,,SAFE,DEVIATION_OF_AVERAGE|FEES_AND_CHARGES|LONG_WINDOW|TRANSACTION_COUNT|WINDOW_L14_31D
F2658,DA_BI_FEES_CHRGS_TXN_CR_L14_31D,Deviation of avgs: of Bank Induced Fees Charges Credit txns - last 14 to 31D,False,FEES_AND_CHARGES,DEVIATION_OF_AVERAGE,L14_31D,CREDIT,BEHAVIORAL,False,,SAFE,CREDIT|DEVIATION_OF_AVERAGE|FEES_AND_CHARGES|LONG_WINDOW|TRANSACTION_COUNT|WINDOW_L14_31D
F2659,DA_BI_FEES_CHRGS_TXN_DB_L14_31D,Deviation of avgs: of Bank Induced Fees Charges Debit txns - last 14 to 31D,False,FEES_AND_CHARGES,DEVIATION_OF_AVERAGE,L14_31D,DEBIT,BEHAVIORAL,False,,SAFE,DEBIT|DEVIATION_OF_AVERAGE|FEES_AND_CHARGES|LONG_WINDOW|TRANSACTION_COUNT|WINDOW_L14_31D
F2660,DA_BI_FEES_CHRGS_AMT_L14_31D,Deviation of avgs: of Bank Induced Fees Charges Total Amount - last 14 to 31D,False,FEES_AND_CHARGES,DEVIATION_OF_AVERAGE,L14_31D,BOTH,BEHAVIORAL,False,,SAFE,AMOUNT|DEVIATION_OF_AVERAGE|FEES_AND_CHARGES|LONG_WINDOW|WINDOW_L14_31D
F2661,DA_BI_FEES_CHRGS_AMT_CR_L14_31D,Deviation of avgs: of Bank Induced Fees Charges Credit Amount - last 14 to 31D,False,FEES_AND_CHARGES,DEVIATION_OF_AVERAGE,L14_31D,CREDIT,BEHAVIORAL,False,,SAFE,AMOUNT|CREDIT|DEVIATION_OF_AVERAGE|FEES_AND_CHARGES|LONG_WINDOW|WINDOW_L14_31D
F2662,DA_BI_FEES_CHRGS_AMT_DB_L14_31D,Deviation of avgs: of Bank Induced Fees Charges Debit Amount - last 14 to 31D,False,FEES_AND_CHARGES,DEVIATION_OF_AVERAGE,L14_31D,DEBIT,BEHAVIORAL,False,,SAFE,AMOUNT|DEBIT|DEVIATION_OF_AVERAGE|FEES_AND_CHARGES|LONG_WINDOW|WINDOW_L14_31D
F2663,DA_CI_FEES_CHRGS_TXN_L14_31D,Deviation of avgs: of Customer Induced Fees Charges Total txns - last 14 to 31D,False,FEES_AND_CHARGES,DEVIATION_OF_AVERAGE,L14_31D,BOTH,BEHAVIORAL,False,,SAFE,DEVIATION_OF_AVERAGE|FEES_AND_CHARGES|LONG_WINDOW|TRANSACTION_COUNT|WINDOW_L14_31D
F2664,DA_CI_FEES_CHRGS_TXN_CR_L14_31D,Deviation of avgs: of Customer Induced Fees Charges Credit txns - last 14 to 31D,False,FEES_AND_CHARGES,DEVIATION_OF_AVERAGE,L14_31D,CREDIT,BEHAVIORAL,False,,SAFE,CREDIT|DEVIATION_OF_AVERAGE|FEES_AND_CHARGES|LONG_WINDOW|TRANSACTION_COUNT|WINDOW_L14_31D
F2665,DA_CI_FEES_CHRGS_TXN_DB_L14_31D,Deviation of avgs: of Customer Induced Fees Charges Debit txns - last 14 to 31D,False,FEES_AND_CHARGES,DEVIATION_OF_AVERAGE,L14_31D,DEBIT,BEHAVIORAL,False,,SAFE,DEBIT|DEVIATION_OF_AVERAGE|FEES_AND_CHARGES|LONG_WINDOW|TRANSACTION_COUNT|WINDOW_L14_31D
F2666,DA_CI_FEES_CHRGS_AMT_L14_31D,Deviation of avgs: of Customer Induced Fees Charges Total Amount - last 14 to 31D,False,FEES_AND_CHARGES,DEVIATION_OF_AVERAGE,L14_31D,BOTH,BEHAVIORAL,False,,SAFE,AMOUNT|DEVIATION_OF_AVERAGE|FEES_AND_CHARGES|LONG_WINDOW|WINDOW_L14_31D
F2667,DA_CI_FEES_CHRGS_AMT_CR_L14_31D,Deviation of avgs: of Customer Induced Fees Charges Credit Amount - last 14 to 31D,False,FEES_AND_CHARGES,DEVIATION_OF_AVERAGE,L14_31D,CREDIT,BEHAVIORAL,False,,SAFE,AMOUNT|CREDIT|DEVIATION_OF_AVERAGE|FEES_AND_CHARGES|LONG_WINDOW|WINDOW_L14_31D
F2668,DA_CI_FEES_CHRGS_AMT_DB_L14_31D,Deviation of avgs: of Customer Induced Fees Charges Debit Amount - last 14 to 31D,False,FEES_AND_CHARGES,DEVIATION_OF_AVERAGE,L14_31D,DEBIT,BEHAVIORAL,False,,SAFE,AMOUNT|DEBIT|DEVIATION_OF_AVERAGE|FEES_AND_CHARGES|LONG_WINDOW|WINDOW_L14_31D
F2669,DA_GST_TXN_L14_31D,Deviation of avgs: of GST Total txns - last 14 to 31D,False,GST,DEVIATION_OF_AVERAGE,L14_31D,BOTH,BEHAVIORAL,False,,SAFE,DEVIATION_OF_AVERAGE|GST|LONG_WINDOW|TRANSACTION_COUNT|WINDOW_L14_31D
F2670,DA_GST_TXN_CR_L14_31D,Deviation of avgs: of GST Credit txns - last 14 to 31D,False,GST,DEVIATION_OF_AVERAGE,L14_31D,CREDIT,BEHAVIORAL,False,,SAFE,CREDIT|DEVIATION_OF_AVERAGE|GST|LONG_WINDOW|TRANSACTION_COUNT|WINDOW_L14_31D
F2671,DA_GST_TXN_DB_L14_31D,Deviation of avgs: of GST Debit txns - last 14 to 31D,False,GST,DEVIATION_OF_AVERAGE,L14_31D,DEBIT,BEHAVIORAL,False,,SAFE,DEBIT|DEVIATION_OF_AVERAGE|GST|LONG_WINDOW|TRANSACTION_COUNT|WINDOW_L14_31D
F2672,DA_GST_AMT_L14_31D,Deviation of avgs: of GST Total Amount - last 14 to 31D,False,GST,DEVIATION_OF_AVERAGE,L14_31D,BOTH,BEHAVIORAL,False,,SAFE,AMOUNT|DEVIATION_OF_AVERAGE|GST|LONG_WINDOW|WINDOW_L14_31D
F2673,DA_GST_AMT_CR_L14_31D,Deviation of avgs: of GST Credit Amount - last 14 to 31D,False,GST,DEVIATION_OF_AVERAGE,L14_31D,CREDIT,BEHAVIORAL,False,,SAFE,AMOUNT|CREDIT|DEVIATION_OF_AVERAGE|GST|LONG_WINDOW|WINDOW_L14_31D
F2674,DA_GST_AMT_DB_L14_31D,Deviation of avgs: of GST Debit Amount - last 14 to 31D,False,GST,DEVIATION_OF_AVERAGE,L14_31D,DEBIT,BEHAVIORAL,False,,SAFE,AMOUNT|DEBIT|DEVIATION_OF_AVERAGE|GST|LONG_WINDOW|WINDOW_L14_31D
F2675,DA_ELEC_XFER_TXN_L14_31D,Deviation of avgs: of Online Transfer (IMPS+NEFT+RTGS) Total txns - last 14 to 31D,False,ELEC_XFER,DEVIATION_OF_AVERAGE,L14_31D,BOTH,BEHAVIORAL,False,,SAFE,DEVIATION_OF_AVERAGE|ELEC_XFER|LONG_WINDOW|TRANSACTION_COUNT|WINDOW_L14_31D
F2676,DA_ELEC_XFER_TXN_CR_L14_31D,Deviation of avgs: of Online Transfer (IMPS+NEFT+RTGS) Credit txns - last 14 to 31D,False,ELEC_XFER,DEVIATION_OF_AVERAGE,L14_31D,CREDIT,BEHAVIORAL,False,,SAFE,CREDIT|DEVIATION_OF_AVERAGE|ELEC_XFER|LONG_WINDOW|TRANSACTION_COUNT|WINDOW_L14_31D
F2677,DA_ELEC_XFER_TXN_DB_L14_31D,Deviation of avgs: of Online Transfer (IMPS+NEFT+RTGS) Debit txns - last 14 to 31D,False,ELEC_XFER,DEVIATION_OF_AVERAGE,L14_31D,DEBIT,BEHAVIORAL,False,,SAFE,DEBIT|DEVIATION_OF_AVERAGE|ELEC_XFER|LONG_WINDOW|TRANSACTION_COUNT|WINDOW_L14_31D
F2678,DA_ELEC_XFER_AMT_L14_31D,Deviation of avgs: of Online Transfer (IMPS+NEFT+RTGS) Total Amount - last 14 to 31D,True,ELEC_XFER,DEVIATION_OF_AVERAGE,L14_31D,BOTH,BEHAVIORAL,False,,SAFE,AMOUNT|DEVIATION_OF_AVERAGE|ELEC_XFER|LONG_WINDOW|WINDOW_L14_31D
F2679,DA_ELEC_XFER_AMT_CR_L14_31D,Deviation of avgs: of Online Transfer (IMPS+NEFT+RTGS) Credit Amount - last 14 to 31D,False,ELEC_XFER,DEVIATION_OF_AVERAGE,L14_31D,CREDIT,BEHAVIORAL,False,,SAFE,AMOUNT|CREDIT|DEVIATION_OF_AVERAGE|ELEC_XFER|LONG_WINDOW|WINDOW_L14_31D
F2680,DA_ELEC_XFER_AMT_DB_L14_31D,Deviation of avgs: of Online Transfer (IMPS+NEFT+RTGS) Debit Amount - last 14 to 31D,False,ELEC_XFER,DEVIATION_OF_AVERAGE,L14_31D,DEBIT,BEHAVIORAL,False,,SAFE,AMOUNT|DEBIT|DEVIATION_OF_AVERAGE|ELEC_XFER|LONG_WINDOW|WINDOW_L14_31D
F2681,DA_UPI_XFER_TXN_L14_31D,Deviation of avgs: of UPI  Total txns - last 14 to 31D,False,UPI_XFER,DEVIATION_OF_AVERAGE,L14_31D,BOTH,BEHAVIORAL,False,,SAFE,DEVIATION_OF_AVERAGE|LONG_WINDOW|TRANSACTION_COUNT|UPI_XFER|WINDOW_L14_31D
F2682,DA_UPI_TXN_CR_L14_31D,Deviation of avgs: of UPI  Total Amount - last 14 to 31D,False,UPI,DEVIATION_OF_AVERAGE,L14_31D,CREDIT,BEHAVIORAL,False,,SAFE,AMOUNT|CREDIT|DEVIATION_OF_AVERAGE|LONG_WINDOW|UPI|WINDOW_L14_31D
F2683,DA_UPI_TXN_DB_L14_31D,Deviation of avgs: of UPI  Credit txns - last 14 to 31D,False,UPI,DEVIATION_OF_AVERAGE,L14_31D,DEBIT,BEHAVIORAL,False,,SAFE,DEBIT|DEVIATION_OF_AVERAGE|LONG_WINDOW|TRANSACTION_COUNT|UPI|WINDOW_L14_31D
F2684,DA_UPI_XFER_AMT_L14_31D,Deviation of avgs: of UPI  Debit txns - last 14 to 31D,False,UPI_XFER,DEVIATION_OF_AVERAGE,L14_31D,BOTH,BEHAVIORAL,False,,SAFE,AMOUNT|DEVIATION_OF_AVERAGE|LONG_WINDOW|TRANSACTION_COUNT|UPI_XFER|WINDOW_L14_31D
F2685,DA_UPI_AMT_CR_L14_31D,Deviation of avgs: of UPI  Credit Amount - last 14 to 31D,False,UPI,DEVIATION_OF_AVERAGE,L14_31D,CREDIT,BEHAVIORAL,False,,SAFE,AMOUNT|CREDIT|DEVIATION_OF_AVERAGE|LONG_WINDOW|UPI|WINDOW_L14_31D
F2686,DA_UPI_AMT_DB_L14_31D,Deviation of avgs: of UPI  Debit Amount - last 14 to 31D,False,UPI,DEVIATION_OF_AVERAGE,L14_31D,DEBIT,BEHAVIORAL,False,,SAFE,AMOUNT|DEBIT|DEVIATION_OF_AVERAGE|LONG_WINDOW|UPI|WINDOW_L14_31D
F2687,DA_NET_BNKING_TXN_L14_31D,Deviation of avgs: of Net Banking Total txns - last 14 to 31D,False,NET_BANKING,DEVIATION_OF_AVERAGE,L14_31D,BOTH,BEHAVIORAL,False,,SAFE,DEVIATION_OF_AVERAGE|LONG_WINDOW|NET_BANKING|TRANSACTION_COUNT|WINDOW_L14_31D
F2688,DA_NET_BNKING_TXN_CR_L14_31D,Deviation of avgs: of Net Banking Credit txns - last 14 to 31D,False,NET_BANKING,DEVIATION_OF_AVERAGE,L14_31D,CREDIT,BEHAVIORAL,False,,SAFE,CREDIT|DEVIATION_OF_AVERAGE|LONG_WINDOW|NET_BANKING|TRANSACTION_COUNT|WINDOW_L14_31D
F2689,DA_NET_BNKING_TXN_DB_L14_31D,Deviation of avgs: of Net Banking Debit txns - last 14 to 31D,False,NET_BANKING,DEVIATION_OF_AVERAGE,L14_31D,DEBIT,BEHAVIORAL,False,,SAFE,DEBIT|DEVIATION_OF_AVERAGE|LONG_WINDOW|NET_BANKING|TRANSACTION_COUNT|WINDOW_L14_31D
F2690,DA_NET_BNKING_AMT_L14_31D,Deviation of avgs: of Net Banking Total Amount - last 14 to 31D,False,NET_BANKING,DEVIATION_OF_AVERAGE,L14_31D,BOTH,BEHAVIORAL,False,,SAFE,AMOUNT|DEVIATION_OF_AVERAGE|LONG_WINDOW|NET_BANKING|WINDOW_L14_31D
F2691,DA_NET_BNKING_AMT_CR_L14_31D,Deviation of avgs: of Net Banking Credit Amount - last 14 to 31D,False,NET_BANKING,DEVIATION_OF_AVERAGE,L14_31D,CREDIT,BEHAVIORAL,False,,SAFE,AMOUNT|CREDIT|DEVIATION_OF_AVERAGE|LONG_WINDOW|NET_BANKING|WINDOW_L14_31D
F2692,DA_NET_BNKING_AMT_DB_L14_31D,Deviation of avgs: of Net Banking Debit Amount - last 14 to 31D,False,NET_BANKING,DEVIATION_OF_AVERAGE,L14_31D,DEBIT,BEHAVIORAL,False,,SAFE,AMOUNT|DEBIT|DEVIATION_OF_AVERAGE|LONG_WINDOW|NET_BANKING|WINDOW_L14_31D
F2693,DA_MOB_BNKING_TXN_L14_31D,Deviation of avgs: of Mobile Banking Total txns - last 14 to 31D,False,MOBILE_BANKING,DEVIATION_OF_AVERAGE,L14_31D,BOTH,BEHAVIORAL,False,,SAFE,DEVIATION_OF_AVERAGE|LONG_WINDOW|MOBILE_BANKING|TRANSACTION_COUNT|WINDOW_L14_31D
F2694,DA_MBNKING_TXN_CR_L14_31D,Deviation of avgs: of Mobile Banking Total Amount - last 14 to 31D,False,MOBILE_BANKING,DEVIATION_OF_AVERAGE,L14_31D,CREDIT,BEHAVIORAL,False,,SAFE,AMOUNT|CREDIT|DEVIATION_OF_AVERAGE|LONG_WINDOW|MOBILE_BANKING|WINDOW_L14_31D
F2695,DA_MBNKING_TXN_DB_L14_31D,Deviation of avgs: of Mobile Banking Credit txns - last 14 to 31D,False,MOBILE_BANKING,DEVIATION_OF_AVERAGE,L14_31D,DEBIT,BEHAVIORAL,False,,SAFE,DEBIT|DEVIATION_OF_AVERAGE|LONG_WINDOW|MOBILE_BANKING|TRANSACTION_COUNT|WINDOW_L14_31D
F2696,DA_MOB_BNKING_AMT_L14_31D,Deviation of avgs: of Mobile Banking Debit txns - last 14 to 31D,False,MOBILE_BANKING,DEVIATION_OF_AVERAGE,L14_31D,BOTH,BEHAVIORAL,False,,SAFE,AMOUNT|DEVIATION_OF_AVERAGE|LONG_WINDOW|MOBILE_BANKING|TRANSACTION_COUNT|WINDOW_L14_31D
F2697,DA_MBNKING_AMT_CR_L14_31D,Deviation of avgs: of Mobile Banking Credit Amount - last 14 to 31D,False,MOBILE_BANKING,DEVIATION_OF_AVERAGE,L14_31D,CREDIT,BEHAVIORAL,False,,SAFE,AMOUNT|CREDIT|DEVIATION_OF_AVERAGE|LONG_WINDOW|MOBILE_BANKING|WINDOW_L14_31D
F2698,DA_MBNKING_AMT_DB_L14_31D,Deviation of avgs: of Mobile Banking Debit Amount - last 14 to 31D,False,MOBILE_BANKING,DEVIATION_OF_AVERAGE,L14_31D,DEBIT,BEHAVIORAL,False,,SAFE,AMOUNT|DEBIT|DEVIATION_OF_AVERAGE|LONG_WINDOW|MOBILE_BANKING|WINDOW_L14_31D
F2699,DA_POS_PYMT_TXN_L14_31D,Deviation of avgs: of Merchant Payment Total txns - last 14 to 31D,False,POS_MERCHANT,DEVIATION_OF_AVERAGE,L14_31D,BOTH,BEHAVIORAL,False,,SAFE,DEVIATION_OF_AVERAGE|LONG_WINDOW|POS_MERCHANT|TRANSACTION_COUNT|WINDOW_L14_31D
F2700,DA_POS_PYMT_TXN_CR_L14_31D,Deviation of avgs: of Merchant Payment Credit txns - last 14 to 31D,False,POS_MERCHANT,DEVIATION_OF_AVERAGE,L14_31D,CREDIT,BEHAVIORAL,False,,SAFE,CREDIT|DEVIATION_OF_AVERAGE|LONG_WINDOW|POS_MERCHANT|TRANSACTION_COUNT|WINDOW_L14_31D
F2701,DA_POS_PYMT_TXN_DB_L14_31D,Deviation of avgs: of Merchant Payment Debit txns - last 14 to 31D,False,POS_MERCHANT,DEVIATION_OF_AVERAGE,L14_31D,DEBIT,BEHAVIORAL,False,,SAFE,DEBIT|DEVIATION_OF_AVERAGE|LONG_WINDOW|POS_MERCHANT|TRANSACTION_COUNT|WINDOW_L14_31D
F2702,DA_POS_PYMT_AMT_L14_31D,Deviation of avgs: of Merchant Payment Total Amount - last 14 to 31D,False,POS_MERCHANT,DEVIATION_OF_AVERAGE,L14_31D,BOTH,BEHAVIORAL,False,,SAFE,AMOUNT|DEVIATION_OF_AVERAGE|LONG_WINDOW|POS_MERCHANT|WINDOW_L14_31D
F2703,DA_POS_PYMT_AMT_CR_L14_31D,Deviation of avgs: of Merchant Payment Credit Amount - last 14 to 31D,False,POS_MERCHANT,DEVIATION_OF_AVERAGE,L14_31D,CREDIT,BEHAVIORAL,False,,SAFE,AMOUNT|CREDIT|DEVIATION_OF_AVERAGE|LONG_WINDOW|POS_MERCHANT|WINDOW_L14_31D
F2704,DA_POS_PYMT_AMT_DB_L14_31D,Deviation of avgs: of Merchant Payment Debit Amount - last 14 to 31D,False,POS_MERCHANT,DEVIATION_OF_AVERAGE,L14_31D,DEBIT,BEHAVIORAL,False,,SAFE,AMOUNT|DEBIT|DEVIATION_OF_AVERAGE|LONG_WINDOW|POS_MERCHANT|WINDOW_L14_31D
F2705,DA_APB_TXN_L14_31D,Deviation of avgs: of Aadhar Payment Bridge Total txns - last 14 to 31D,False,AADHAAR_PAYMENT_BRIDGE,DEVIATION_OF_AVERAGE,L14_31D,BOTH,BEHAVIORAL,False,,SAFE,AADHAAR_PAYMENT_BRIDGE|DEVIATION_OF_AVERAGE|LONG_WINDOW|TRANSACTION_COUNT|WINDOW_L14_31D
F2706,DA_APB_TXN_CR_L14_31D,Deviation of avgs: of Aadhar Payment Bridge Credit txns - last 14 to 31D,False,AADHAAR_PAYMENT_BRIDGE,DEVIATION_OF_AVERAGE,L14_31D,CREDIT,BEHAVIORAL,False,,SAFE,AADHAAR_PAYMENT_BRIDGE|CREDIT|DEVIATION_OF_AVERAGE|LONG_WINDOW|TRANSACTION_COUNT|WINDOW_L14_31D
F2707,DA_APB_TXN_DB_L14_31D,Deviation of avgs: of Aadhar Payment Bridge Debit txns - last 14 to 31D,False,AADHAAR_PAYMENT_BRIDGE,DEVIATION_OF_AVERAGE,L14_31D,DEBIT,BEHAVIORAL,False,,SAFE,AADHAAR_PAYMENT_BRIDGE|DEBIT|DEVIATION_OF_AVERAGE|LONG_WINDOW|TRANSACTION_COUNT|WINDOW_L14_31D
F2708,DA_APB_AMT_L14_31D,Deviation of avgs: of Aadhar Payment Bridge Total Amount - last 14 to 31D,False,AADHAAR_PAYMENT_BRIDGE,DEVIATION_OF_AVERAGE,L14_31D,BOTH,BEHAVIORAL,False,,SAFE,AADHAAR_PAYMENT_BRIDGE|AMOUNT|DEVIATION_OF_AVERAGE|LONG_WINDOW|WINDOW_L14_31D
F2709,DA_APB_AMT_CR_L14_31D,Deviation of avgs: of Aadhar Payment Bridge Credit Amount - last 14 to 31D,False,AADHAAR_PAYMENT_BRIDGE,DEVIATION_OF_AVERAGE,L14_31D,CREDIT,BEHAVIORAL,False,,SAFE,AADHAAR_PAYMENT_BRIDGE|AMOUNT|CREDIT|DEVIATION_OF_AVERAGE|LONG_WINDOW|WINDOW_L14_31D
F2710,DA_LOAN_TXN_L14_31D,Deviation of avgs: of Loan Total txns - last 14 to 31D,False,LOAN,DEVIATION_OF_AVERAGE,L14_31D,BOTH,BEHAVIORAL,False,,SAFE,DEVIATION_OF_AVERAGE|LOAN|LONG_WINDOW|TRANSACTION_COUNT|WINDOW_L14_31D
F2711,DA_LOAN_TXN_CR_L14_31D,Deviation of avgs: of Loan Credit txns - last 14 to 31D,False,LOAN,DEVIATION_OF_AVERAGE,L14_31D,CREDIT,BEHAVIORAL,False,,SAFE,CREDIT|DEVIATION_OF_AVERAGE|LOAN|LONG_WINDOW|TRANSACTION_COUNT|WINDOW_L14_31D
F2712,DA_LOAN_TXN_DB_L14_31D,Deviation of avgs: of Loan Debit txns - last 14 to 31D,False,LOAN,DEVIATION_OF_AVERAGE,L14_31D,DEBIT,BEHAVIORAL,False,,SAFE,DEBIT|DEVIATION_OF_AVERAGE|LOAN|LONG_WINDOW|TRANSACTION_COUNT|WINDOW_L14_31D
F2713,DA_LOAN_AMT_L14_31D,Deviation of avgs: of Loan Total Amount - last 14 to 31D,False,LOAN,DEVIATION_OF_AVERAGE,L14_31D,BOTH,BEHAVIORAL,False,,SAFE,AMOUNT|DEVIATION_OF_AVERAGE|LOAN|LONG_WINDOW|WINDOW_L14_31D
F2714,DA_LOAN_AMT_CR_L14_31D,Deviation of avgs: of Loan Credit Amount - last 14 to 31D,False,LOAN,DEVIATION_OF_AVERAGE,L14_31D,CREDIT,BEHAVIORAL,False,,SAFE,AMOUNT|CREDIT|DEVIATION_OF_AVERAGE|LOAN|LONG_WINDOW|WINDOW_L14_31D
F2715,DA_LOAN_AMT_DB_L14_31D,Deviation of avgs: of Loan Debit Amount - last 14 to 31D,False,LOAN,DEVIATION_OF_AVERAGE,L14_31D,DEBIT,BEHAVIORAL,False,,SAFE,AMOUNT|DEBIT|DEVIATION_OF_AVERAGE|LOAN|LONG_WINDOW|WINDOW_L14_31D
F2716,DA_STDNG_INSTR_L14_31D,Deviation of avgs: of Standing Instruction Total txns - last 14 to 31D,False,STANDING_INSTRUCTION,DEVIATION_OF_AVERAGE,L14_31D,BOTH,BEHAVIORAL,False,,SAFE,DEVIATION_OF_AVERAGE|LONG_WINDOW|STANDING_INSTRUCTION|TRANSACTION_COUNT|WINDOW_L14_31D
F2717,DA_STDNG_INSTR_CR_TXN_L14_31D,Deviation of avgs: of Standing Instruction Credit txns - last 14 to 31D,False,STANDING_INSTRUCTION,DEVIATION_OF_AVERAGE,L14_31D,CREDIT,BEHAVIORAL,False,,SAFE,CREDIT|DEVIATION_OF_AVERAGE|LONG_WINDOW|STANDING_INSTRUCTION|TRANSACTION_COUNT|WINDOW_L14_31D
F2718,DA_STDNG_INSTR_DB_TXN_L14_31D,Deviation of avgs: of Standing Instruction Debit txns - last 14 to 31D,False,STANDING_INSTRUCTION,DEVIATION_OF_AVERAGE,L14_31D,DEBIT,BEHAVIORAL,False,,SAFE,DEBIT|DEVIATION_OF_AVERAGE|LONG_WINDOW|STANDING_INSTRUCTION|TRANSACTION_COUNT|WINDOW_L14_31D
F2719,DA_STDNG_INSTR_AMT_L14_31D,Deviation of avgs: of Standing Instruction Total Amount - last 14 to 31D,False,STANDING_INSTRUCTION,DEVIATION_OF_AVERAGE,L14_31D,BOTH,BEHAVIORAL,False,,SAFE,AMOUNT|DEVIATION_OF_AVERAGE|LONG_WINDOW|STANDING_INSTRUCTION|WINDOW_L14_31D
F2720,DA_STDNG_INSTR_AMT_CR_L14_31D,Deviation of avgs: of Standing Instruction Credit Amount - last 14 to 31D,False,STANDING_INSTRUCTION,DEVIATION_OF_AVERAGE,L14_31D,CREDIT,BEHAVIORAL,False,,SAFE,AMOUNT|CREDIT|DEVIATION_OF_AVERAGE|LONG_WINDOW|STANDING_INSTRUCTION|WINDOW_L14_31D
F2721,DA_STDNG_INSTR_AMT_DB_L14_31D,Deviation of avgs: of Standing Instruction Debit Amount - last 14 to 31D,False,STANDING_INSTRUCTION,DEVIATION_OF_AVERAGE,L14_31D,DEBIT,BEHAVIORAL,False,,SAFE,AMOUNT|DEBIT|DEVIATION_OF_AVERAGE|LONG_WINDOW|STANDING_INSTRUCTION|WINDOW_L14_31D
F2722,DA_CASH_TXN_L7_31D,Deviation of avgs: of Cash Total txns - last 7 to 31D,False,CASH,DEVIATION_OF_AVERAGE,L7_31D,BOTH,BEHAVIORAL,False,,SAFE,CASH|DEVIATION_OF_AVERAGE|LONG_WINDOW|TRANSACTION_COUNT|WINDOW_L7_31D
F2723,DA_CASH_TXN_CR_L7_31D,Deviation of avgs: of Cash Credit txns - last 7 to 31D,False,CASH,DEVIATION_OF_AVERAGE,L7_31D,CREDIT,BEHAVIORAL,False,,SAFE,CASH|CREDIT|DEVIATION_OF_AVERAGE|LONG_WINDOW|TRANSACTION_COUNT|WINDOW_L7_31D
F2724,DA_CASH_TXN_DB_L7_31D,Deviation of avgs: of Cash Debit txns - last 7 to 31D,False,CASH,DEVIATION_OF_AVERAGE,L7_31D,DEBIT,BEHAVIORAL,False,,SAFE,CASH|DEBIT|DEVIATION_OF_AVERAGE|LONG_WINDOW|TRANSACTION_COUNT|WINDOW_L7_31D
F2725,DA_CASH_AMT_L7_31D,Deviation of avgs: of Cash Total Amount - last 7 to 31D,False,CASH,DEVIATION_OF_AVERAGE,L7_31D,BOTH,BEHAVIORAL,False,,SAFE,AMOUNT|CASH|DEVIATION_OF_AVERAGE|LONG_WINDOW|WINDOW_L7_31D
F2726,DA_CASH_AMT_CR_L7_31D,Deviation of avgs: of Cash Credit Amount - last 7 to 31D,False,CASH,DEVIATION_OF_AVERAGE,L7_31D,CREDIT,BEHAVIORAL,False,,SAFE,AMOUNT|CASH|CREDIT|DEVIATION_OF_AVERAGE|LONG_WINDOW|WINDOW_L7_31D
F2727,DA_CASH_AMT_DB_L7_31D,Deviation of avgs: of Cash Debit Amount - last 7 to 31D,False,CASH,DEVIATION_OF_AVERAGE,L7_31D,DEBIT,BEHAVIORAL,False,,SAFE,AMOUNT|CASH|DEBIT|DEVIATION_OF_AVERAGE|LONG_WINDOW|WINDOW_L7_31D
F2728,DA_CHQ_TXN_L7_31D,Deviation of avgs: of Cheque Total txns - last 7 to 31D,False,CHEQUE,DEVIATION_OF_AVERAGE,L7_31D,BOTH,BEHAVIORAL,False,,SAFE,CHEQUE|DEVIATION_OF_AVERAGE|LONG_WINDOW|TRANSACTION_COUNT|WINDOW_L7_31D
F2729,DA_CHQ_TXN_CR_L7_31D,Deviation of avgs: of Cheque Credit txns - last 7 to 31D,False,CHEQUE,DEVIATION_OF_AVERAGE,L7_31D,CREDIT,BEHAVIORAL,False,,SAFE,CHEQUE|CREDIT|DEVIATION_OF_AVERAGE|LONG_WINDOW|TRANSACTION_COUNT|WINDOW_L7_31D
F2730,DA_CHQ_TXN_DB_L7_31D,Deviation of avgs: of Cheque Debit txns - last 7 to 31D,False,CHEQUE,DEVIATION_OF_AVERAGE,L7_31D,DEBIT,BEHAVIORAL,False,,SAFE,CHEQUE|DEBIT|DEVIATION_OF_AVERAGE|LONG_WINDOW|TRANSACTION_COUNT|WINDOW_L7_31D
F2731,DA_CHQ_AMT_L7_31D,Deviation of avgs: of Cheque Total Amount - last 7 to 31D,False,CHEQUE,DEVIATION_OF_AVERAGE,L7_31D,BOTH,BEHAVIORAL,False,,SAFE,AMOUNT|CHEQUE|DEVIATION_OF_AVERAGE|LONG_WINDOW|WINDOW_L7_31D
F2732,DA_CHQ_AMT_CR_L7_31D,Deviation of avgs: of Cheque Credit Amount - last 7 to 31D,False,CHEQUE,DEVIATION_OF_AVERAGE,L7_31D,CREDIT,BEHAVIORAL,False,,SAFE,AMOUNT|CHEQUE|CREDIT|DEVIATION_OF_AVERAGE|LONG_WINDOW|WINDOW_L7_31D
F2733,DA_CHQ_AMT_DB_L7_31D,Deviation of avgs: of Cheque Debit Amount - last 7 to 31D,False,CHEQUE,DEVIATION_OF_AVERAGE,L7_31D,DEBIT,BEHAVIORAL,False,,SAFE,AMOUNT|CHEQUE|DEBIT|DEVIATION_OF_AVERAGE|LONG_WINDOW|WINDOW_L7_31D
F2734,DA_NON_CASH_CHQ_TXN_L7_31D,Deviation of avgs: of Non Cash Non Cheque Total txns - last 7 to 31D,False,NON_CASH_CHQ,DEVIATION_OF_AVERAGE,L7_31D,BOTH,BEHAVIORAL,False,,SAFE,DEVIATION_OF_AVERAGE|LONG_WINDOW|NON_CASH_CHQ|TRANSACTION_COUNT|WINDOW_L7_31D
F2735,DA_NON_CASH_CHQ_TXN_CR_L7_31D,Deviation of avgs: of Non Cash Non Cheque Credit txns - last 7 to 31D,False,NON_CASH_CHQ,DEVIATION_OF_AVERAGE,L7_31D,CREDIT,BEHAVIORAL,False,,SAFE,CREDIT|DEVIATION_OF_AVERAGE|LONG_WINDOW|NON_CASH_CHQ|TRANSACTION_COUNT|WINDOW_L7_31D
F2736,DA_NON_CASH_CHQ_TXN_DB_L7_31D,Deviation of avgs: of Non Cash Non Cheque Debit txns - last 7 to 31D,False,NON_CASH_CHQ,DEVIATION_OF_AVERAGE,L7_31D,DEBIT,BEHAVIORAL,False,,SAFE,DEBIT|DEVIATION_OF_AVERAGE|LONG_WINDOW|NON_CASH_CHQ|TRANSACTION_COUNT|WINDOW_L7_31D
F2737,DA_NON_CASH_CHQ_AMT_L7_31D,Deviation of avgs: of Non Cash Non Cheque Total Amount - last 7 to 31D,True,NON_CASH_CHQ,DEVIATION_OF_AVERAGE,L7_31D,BOTH,BEHAVIORAL,False,,SAFE,AMOUNT|DEVIATION_OF_AVERAGE|LONG_WINDOW|NON_CASH_CHQ|WINDOW_L7_31D
F2738,DA_NON_CASH_CHQ_AMT_CR_L7_31D,Deviation of avgs: of Non Cash Non Cheque Credit Amount - last 7 to 31D,False,NON_CASH_CHQ,DEVIATION_OF_AVERAGE,L7_31D,CREDIT,BEHAVIORAL,False,,SAFE,AMOUNT|CREDIT|DEVIATION_OF_AVERAGE|LONG_WINDOW|NON_CASH_CHQ|WINDOW_L7_31D
F2739,DA_NON_CASH_CHQ_AMT_DB_L7_31D,Deviation of avgs: of Non Cash Non Cheque Debit Amount - last 7 to 31D,False,NON_CASH_CHQ,DEVIATION_OF_AVERAGE,L7_31D,DEBIT,BEHAVIORAL,False,,SAFE,AMOUNT|DEBIT|DEVIATION_OF_AVERAGE|LONG_WINDOW|NON_CASH_CHQ|WINDOW_L7_31D
F2740,DA_CI_NON_CASH_CHQ_TXN_L7_31D,Deviation of avgs: of Customer Induced Non Cash Non Cheque Total txns - last 7 to 31D,False,NON_CASH_CHQ,DEVIATION_OF_AVERAGE,L7_31D,BOTH,BEHAVIORAL,False,,SAFE,DEVIATION_OF_AVERAGE|LONG_WINDOW|NON_CASH_CHQ|TRANSACTION_COUNT|WINDOW_L7_31D
F2741,DA_CI_NON_CASH_CHQ_TXN_CR_L7_31D,Deviation of avgs: of Customer Induced Non Cash Non Cheque Credit txns - last 7 to 31D,False,NON_CASH_CHQ,DEVIATION_OF_AVERAGE,L7_31D,CREDIT,BEHAVIORAL,False,,SAFE,CREDIT|DEVIATION_OF_AVERAGE|LONG_WINDOW|NON_CASH_CHQ|TRANSACTION_COUNT|WINDOW_L7_31D
F2742,DA_CI_NON_CASH_CHQ_TXN_DB_L7_31D,Deviation of avgs: of Customer Induced Non Cash Non Cheque Debit txns - last 7 to 31D,False,NON_CASH_CHQ,DEVIATION_OF_AVERAGE,L7_31D,DEBIT,BEHAVIORAL,False,,SAFE,DEBIT|DEVIATION_OF_AVERAGE|LONG_WINDOW|NON_CASH_CHQ|TRANSACTION_COUNT|WINDOW_L7_31D
F2743,DA_CI_NON_CASH_CHQ_AMT_L7_31D,Deviation of avgs: of Customer Induced Non Cash Non Cheque Total Amount - last 7 to 31D,False,NON_CASH_CHQ,DEVIATION_OF_AVERAGE,L7_31D,BOTH,BEHAVIORAL,False,,SAFE,AMOUNT|DEVIATION_OF_AVERAGE|LONG_WINDOW|NON_CASH_CHQ|WINDOW_L7_31D
F2744,DA_CI_NON_CASH_CHQ_AMT_CR_L7_31D,Deviation of avgs: of Customer Induced Non Cash Non Cheque Credit Amount - last 7 to 31D,False,NON_CASH_CHQ,DEVIATION_OF_AVERAGE,L7_31D,CREDIT,BEHAVIORAL,False,,SAFE,AMOUNT|CREDIT|DEVIATION_OF_AVERAGE|LONG_WINDOW|NON_CASH_CHQ|WINDOW_L7_31D
F2745,DA_CI_NON_CASH_CHQ_AMT_DB_L7_31D,Deviation of avgs: of Customer Induced Non Cash Non Cheque Debit Amount - last 7 to 31D,False,NON_CASH_CHQ,DEVIATION_OF_AVERAGE,L7_31D,DEBIT,BEHAVIORAL,False,,SAFE,AMOUNT|DEBIT|DEVIATION_OF_AVERAGE|LONG_WINDOW|NON_CASH_CHQ|WINDOW_L7_31D
F2746,DA_CI_TXN_L7_31D,Deviation of avgs: of Customer Induced Total txns - last 7 to 31D,False,CASH_INTENSIVE,DEVIATION_OF_AVERAGE,L7_31D,BOTH,BEHAVIORAL,False,,SAFE,CASH_INTENSIVE|DEVIATION_OF_AVERAGE|LONG_WINDOW|TRANSACTION_COUNT|WINDOW_L7_31D
F2747,DA_CI_TXN_CR_L7_31D,Deviation of avgs: of Customer Induced Credit txns - last 7 to 31D,False,CASH_INTENSIVE,DEVIATION_OF_AVERAGE,L7_31D,CREDIT,BEHAVIORAL,False,,SAFE,CASH_INTENSIVE|CREDIT|DEVIATION_OF_AVERAGE|LONG_WINDOW|TRANSACTION_COUNT|WINDOW_L7_31D
F2748,DA_CI_TXN_DB_L7_31D,Deviation of avgs: of Customer Induced Debit txns - last 7 to 31D,False,CASH_INTENSIVE,DEVIATION_OF_AVERAGE,L7_31D,DEBIT,BEHAVIORAL,False,,SAFE,CASH_INTENSIVE|DEBIT|DEVIATION_OF_AVERAGE|LONG_WINDOW|TRANSACTION_COUNT|WINDOW_L7_31D
F2749,DA_CI_AMT_L7_31D,Deviation of avgs: of Customer Induced Total Amount - last 7 to 31D,False,CASH_INTENSIVE,DEVIATION_OF_AVERAGE,L7_31D,BOTH,BEHAVIORAL,False,,SAFE,AMOUNT|CASH_INTENSIVE|DEVIATION_OF_AVERAGE|LONG_WINDOW|WINDOW_L7_31D
F2750,DA_CI_AMT_CR_L7_31D,Deviation of avgs: of Customer Induced Credit Amount - last 7 to 31D,False,CASH_INTENSIVE,DEVIATION_OF_AVERAGE,L7_31D,CREDIT,BEHAVIORAL,False,,SAFE,AMOUNT|CASH_INTENSIVE|CREDIT|DEVIATION_OF_AVERAGE|LONG_WINDOW|WINDOW_L7_31D
F2751,DA_CI_AMT_DB_L7_31D,Deviation of avgs: of Customer Induced Debit Amount - last 7 to 31D,False,CASH_INTENSIVE,DEVIATION_OF_AVERAGE,L7_31D,DEBIT,BEHAVIORAL,False,,SAFE,AMOUNT|CASH_INTENSIVE|DEBIT|DEVIATION_OF_AVERAGE|LONG_WINDOW|WINDOW_L7_31D
F2752,DA_ATM_TXN_L7_31D,Deviation of avgs: of ATM Total txns - last 7 to 31D,False,ATM,DEVIATION_OF_AVERAGE,L7_31D,BOTH,BEHAVIORAL,False,,SAFE,ATM|DEVIATION_OF_AVERAGE|LONG_WINDOW|TRANSACTION_COUNT|WINDOW_L7_31D
F2753,DA_ATM_TXN_CR_L7_31D,Deviation of avgs: of ATM Credit txns - last 7 to 31D,False,ATM,DEVIATION_OF_AVERAGE,L7_31D,CREDIT,BEHAVIORAL,False,,SAFE,ATM|CREDIT|DEVIATION_OF_AVERAGE|LONG_WINDOW|TRANSACTION_COUNT|WINDOW_L7_31D
F2754,DA_ATM_TXN_DB_L7_31D,Deviation of avgs: of ATM Debit txns - last 7 to 31D,False,ATM,DEVIATION_OF_AVERAGE,L7_31D,DEBIT,BEHAVIORAL,False,,SAFE,ATM|DEBIT|DEVIATION_OF_AVERAGE|LONG_WINDOW|TRANSACTION_COUNT|WINDOW_L7_31D
F2755,DA_ATM_AMT_L7_31D,Deviation of avgs: of ATM Total Amount - last 7 to 31D,False,ATM,DEVIATION_OF_AVERAGE,L7_31D,BOTH,BEHAVIORAL,False,,SAFE,AMOUNT|ATM|DEVIATION_OF_AVERAGE|LONG_WINDOW|WINDOW_L7_31D
F2756,DA_ATM_AMT_CR_L7_31D,Deviation of avgs: of ATM Credit Amount - last 7 to 31D,False,ATM,DEVIATION_OF_AVERAGE,L7_31D,CREDIT,BEHAVIORAL,False,,SAFE,AMOUNT|ATM|CREDIT|DEVIATION_OF_AVERAGE|LONG_WINDOW|WINDOW_L7_31D
F2757,DA_ATM_AMT_DB_L7_31D,Deviation of avgs: of ATM Debit Amount - last 7 to 31D,False,ATM,DEVIATION_OF_AVERAGE,L7_31D,DEBIT,BEHAVIORAL,False,,SAFE,AMOUNT|ATM|DEBIT|DEVIATION_OF_AVERAGE|LONG_WINDOW|WINDOW_L7_31D
F2758,DA_BI_FEES_CHRGS_TXN_L7_31D,Deviation of avgs: of Bank Induced Fees Charges Total txns - last 7 to 31D,False,FEES_AND_CHARGES,DEVIATION_OF_AVERAGE,L7_31D,BOTH,BEHAVIORAL,False,,SAFE,DEVIATION_OF_AVERAGE|FEES_AND_CHARGES|LONG_WINDOW|TRANSACTION_COUNT|WINDOW_L7_31D
F2759,DA_BI_FEES_CHRGS_TXN_CR_L7_31D,Deviation of avgs: of Bank Induced Fees Charges Credit txns - last 7 to 31D,False,FEES_AND_CHARGES,DEVIATION_OF_AVERAGE,L7_31D,CREDIT,BEHAVIORAL,False,,SAFE,CREDIT|DEVIATION_OF_AVERAGE|FEES_AND_CHARGES|LONG_WINDOW|TRANSACTION_COUNT|WINDOW_L7_31D
F2760,DA_BI_FEES_CHRGS_TXN_DB_L7_31D,Deviation of avgs: of Bank Induced Fees Charges Debit txns - last 7 to 31D,False,FEES_AND_CHARGES,DEVIATION_OF_AVERAGE,L7_31D,DEBIT,BEHAVIORAL,False,,SAFE,DEBIT|DEVIATION_OF_AVERAGE|FEES_AND_CHARGES|LONG_WINDOW|TRANSACTION_COUNT|WINDOW_L7_31D
F2761,DA_BI_FEES_CHRGS_AMT_L7_31D,Deviation of avgs: of Bank Induced Fees Charges Total Amount - last 7 to 31D,False,FEES_AND_CHARGES,DEVIATION_OF_AVERAGE,L7_31D,BOTH,BEHAVIORAL,False,,SAFE,AMOUNT|DEVIATION_OF_AVERAGE|FEES_AND_CHARGES|LONG_WINDOW|WINDOW_L7_31D
F2762,DA_BI_FEES_CHRGS_AMT_CR_L7_31D,Deviation of avgs: of Bank Induced Fees Charges Credit Amount - last 7 to 31D,False,FEES_AND_CHARGES,DEVIATION_OF_AVERAGE,L7_31D,CREDIT,BEHAVIORAL,False,,SAFE,AMOUNT|CREDIT|DEVIATION_OF_AVERAGE|FEES_AND_CHARGES|LONG_WINDOW|WINDOW_L7_31D
F2763,DA_BI_FEES_CHRGS_AMT_DB_L7_31D,Deviation of avgs: of Bank Induced Fees Charges Debit Amount - last 7 to 31D,False,FEES_AND_CHARGES,DEVIATION_OF_AVERAGE,L7_31D,DEBIT,BEHAVIORAL,False,,SAFE,AMOUNT|DEBIT|DEVIATION_OF_AVERAGE|FEES_AND_CHARGES|LONG_WINDOW|WINDOW_L7_31D
F2764,DA_CI_FEES_CHRGS_TXN_L7_31D,Deviation of avgs: of Customer Induced Fees Charges Total txns - last 7 to 31D,False,FEES_AND_CHARGES,DEVIATION_OF_AVERAGE,L7_31D,BOTH,BEHAVIORAL,False,,SAFE,DEVIATION_OF_AVERAGE|FEES_AND_CHARGES|LONG_WINDOW|TRANSACTION_COUNT|WINDOW_L7_31D
F2765,DA_CI_FEES_CHRGS_TXN_CR_L7_31D,Deviation of avgs: of Customer Induced Fees Charges Credit txns - last 7 to 31D,False,FEES_AND_CHARGES,DEVIATION_OF_AVERAGE,L7_31D,CREDIT,BEHAVIORAL,False,,SAFE,CREDIT|DEVIATION_OF_AVERAGE|FEES_AND_CHARGES|LONG_WINDOW|TRANSACTION_COUNT|WINDOW_L7_31D
F2766,DA_CI_FEES_CHRGS_TXN_DB_L7_31D,Deviation of avgs: of Customer Induced Fees Charges Debit txns - last 7 to 31D,False,FEES_AND_CHARGES,DEVIATION_OF_AVERAGE,L7_31D,DEBIT,BEHAVIORAL,False,,SAFE,DEBIT|DEVIATION_OF_AVERAGE|FEES_AND_CHARGES|LONG_WINDOW|TRANSACTION_COUNT|WINDOW_L7_31D
F2767,DA_CI_FEES_CHRGS_AMT_L7_31D,Deviation of avgs: of Customer Induced Fees Charges Total Amount - last 7 to 31D,False,FEES_AND_CHARGES,DEVIATION_OF_AVERAGE,L7_31D,BOTH,BEHAVIORAL,False,,SAFE,AMOUNT|DEVIATION_OF_AVERAGE|FEES_AND_CHARGES|LONG_WINDOW|WINDOW_L7_31D
F2768,DA_CI_FEES_CHRGS_AMT_CR_L7_31D,Deviation of avgs: of Customer Induced Fees Charges Credit Amount - last 7 to 31D,False,FEES_AND_CHARGES,DEVIATION_OF_AVERAGE,L7_31D,CREDIT,BEHAVIORAL,False,,SAFE,AMOUNT|CREDIT|DEVIATION_OF_AVERAGE|FEES_AND_CHARGES|LONG_WINDOW|WINDOW_L7_31D
F2769,DA_CI_FEES_CHRGS_AMT_DB_L7_31D,Deviation of avgs: of Customer Induced Fees Charges Debit Amount - last 7 to 31D,False,FEES_AND_CHARGES,DEVIATION_OF_AVERAGE,L7_31D,DEBIT,BEHAVIORAL,False,,SAFE,AMOUNT|DEBIT|DEVIATION_OF_AVERAGE|FEES_AND_CHARGES|LONG_WINDOW|WINDOW_L7_31D
F2770,DA_GST_TXN_L7_31D,Deviation of avgs: of GST Total txns - last 7 to 31D,False,GST,DEVIATION_OF_AVERAGE,L7_31D,BOTH,BEHAVIORAL,False,,SAFE,DEVIATION_OF_AVERAGE|GST|LONG_WINDOW|TRANSACTION_COUNT|WINDOW_L7_31D
F2771,DA_GST_TXN_CR_L7_31D,Deviation of avgs: of GST Credit txns - last 7 to 31D,False,GST,DEVIATION_OF_AVERAGE,L7_31D,CREDIT,BEHAVIORAL,False,,SAFE,CREDIT|DEVIATION_OF_AVERAGE|GST|LONG_WINDOW|TRANSACTION_COUNT|WINDOW_L7_31D
F2772,DA_GST_TXN_DB_L7_31D,Deviation of avgs: of GST Debit txns - last 7 to 31D,False,GST,DEVIATION_OF_AVERAGE,L7_31D,DEBIT,BEHAVIORAL,False,,SAFE,DEBIT|DEVIATION_OF_AVERAGE|GST|LONG_WINDOW|TRANSACTION_COUNT|WINDOW_L7_31D
F2773,DA_GST_AMT_L7_31D,Deviation of avgs: of GST Total Amount - last 7 to 31D,False,GST,DEVIATION_OF_AVERAGE,L7_31D,BOTH,BEHAVIORAL,False,,SAFE,AMOUNT|DEVIATION_OF_AVERAGE|GST|LONG_WINDOW|WINDOW_L7_31D
F2774,DA_GST_AMT_CR_L7_31D,Deviation of avgs: of GST Credit Amount - last 7 to 31D,False,GST,DEVIATION_OF_AVERAGE,L7_31D,CREDIT,BEHAVIORAL,False,,SAFE,AMOUNT|CREDIT|DEVIATION_OF_AVERAGE|GST|LONG_WINDOW|WINDOW_L7_31D
F2775,DA_GST_AMT_DB_L7_31D,Deviation of avgs: of GST Debit Amount - last 7 to 31D,False,GST,DEVIATION_OF_AVERAGE,L7_31D,DEBIT,BEHAVIORAL,False,,SAFE,AMOUNT|DEBIT|DEVIATION_OF_AVERAGE|GST|LONG_WINDOW|WINDOW_L7_31D
F2776,DA_ELEC_XFER_TXN_L7_31D,Deviation of avgs: of Online Transfer (IMPS+NEFT+RTGS) Total txns - last 7 to 31D,False,ELEC_XFER,DEVIATION_OF_AVERAGE,L7_31D,BOTH,BEHAVIORAL,False,,SAFE,DEVIATION_OF_AVERAGE|ELEC_XFER|LONG_WINDOW|TRANSACTION_COUNT|WINDOW_L7_31D
F2777,DA_ELEC_XFER_TXN_CR_L7_31D,Deviation of avgs: of Online Transfer (IMPS+NEFT+RTGS) Credit txns - last 7 to 31D,False,ELEC_XFER,DEVIATION_OF_AVERAGE,L7_31D,CREDIT,BEHAVIORAL,False,,SAFE,CREDIT|DEVIATION_OF_AVERAGE|ELEC_XFER|LONG_WINDOW|TRANSACTION_COUNT|WINDOW_L7_31D
F2778,DA_ELEC_XFER_TXN_DB_L7_31D,Deviation of avgs: of Online Transfer (IMPS+NEFT+RTGS) Debit txns - last 7 to 31D,False,ELEC_XFER,DEVIATION_OF_AVERAGE,L7_31D,DEBIT,BEHAVIORAL,False,,SAFE,DEBIT|DEVIATION_OF_AVERAGE|ELEC_XFER|LONG_WINDOW|TRANSACTION_COUNT|WINDOW_L7_31D
F2779,DA_ELEC_XFER_AMT_L7_31D,Deviation of avgs: of Online Transfer (IMPS+NEFT+RTGS) Total Amount - last 7 to 31D,False,ELEC_XFER,DEVIATION_OF_AVERAGE,L7_31D,BOTH,BEHAVIORAL,False,,SAFE,AMOUNT|DEVIATION_OF_AVERAGE|ELEC_XFER|LONG_WINDOW|WINDOW_L7_31D
F2780,DA_ELEC_XFER_AMT_CR_L7_31D,Deviation of avgs: of Online Transfer (IMPS+NEFT+RTGS) Credit Amount - last 7 to 31D,False,ELEC_XFER,DEVIATION_OF_AVERAGE,L7_31D,CREDIT,BEHAVIORAL,False,,SAFE,AMOUNT|CREDIT|DEVIATION_OF_AVERAGE|ELEC_XFER|LONG_WINDOW|WINDOW_L7_31D
F2781,DA_ELEC_XFER_AMT_DB_L7_31D,Deviation of avgs: of Online Transfer (IMPS+NEFT+RTGS) Debit Amount - last 7 to 31D,False,ELEC_XFER,DEVIATION_OF_AVERAGE,L7_31D,DEBIT,BEHAVIORAL,False,,SAFE,AMOUNT|DEBIT|DEVIATION_OF_AVERAGE|ELEC_XFER|LONG_WINDOW|WINDOW_L7_31D
F2782,DA_UPI_XFER_TXN_L7_31D,Deviation of avgs: of UPI  Total txns - last 7 to 31D,False,UPI_XFER,DEVIATION_OF_AVERAGE,L7_31D,BOTH,BEHAVIORAL,False,,SAFE,DEVIATION_OF_AVERAGE|LONG_WINDOW|TRANSACTION_COUNT|UPI_XFER|WINDOW_L7_31D
F2783,DA_UPI_TXN_CR_L7_31D,Deviation of avgs: of UPI  Total Amount - last 7 to 31D,False,UPI,DEVIATION_OF_AVERAGE,L7_31D,CREDIT,BEHAVIORAL,False,,SAFE,AMOUNT|CREDIT|DEVIATION_OF_AVERAGE|LONG_WINDOW|UPI|WINDOW_L7_31D
F2784,DA_UPI_TXN_DB_L7_31D,Deviation of avgs: of UPI  Credit txns - last 7 to 31D,False,UPI,DEVIATION_OF_AVERAGE,L7_31D,DEBIT,BEHAVIORAL,False,,SAFE,DEBIT|DEVIATION_OF_AVERAGE|LONG_WINDOW|TRANSACTION_COUNT|UPI|WINDOW_L7_31D
F2785,DA_UPI_XFER_AMT_L7_31D,Deviation of avgs: of UPI  Debit txns - last 7 to 31D,False,UPI_XFER,DEVIATION_OF_AVERAGE,L7_31D,BOTH,BEHAVIORAL,False,,SAFE,AMOUNT|DEVIATION_OF_AVERAGE|LONG_WINDOW|TRANSACTION_COUNT|UPI_XFER|WINDOW_L7_31D
F2786,DA_UPI_AMT_CR_L7_31D,Deviation of avgs: of UPI  Credit Amount - last 7 to 31D,False,UPI,DEVIATION_OF_AVERAGE,L7_31D,CREDIT,BEHAVIORAL,False,,SAFE,AMOUNT|CREDIT|DEVIATION_OF_AVERAGE|LONG_WINDOW|UPI|WINDOW_L7_31D
F2787,DA_UPI_AMT_DB_L7_31D,Deviation of avgs: of UPI  Debit Amount - last 7 to 31D,False,UPI,DEVIATION_OF_AVERAGE,L7_31D,DEBIT,BEHAVIORAL,False,,SAFE,AMOUNT|DEBIT|DEVIATION_OF_AVERAGE|LONG_WINDOW|UPI|WINDOW_L7_31D
F2788,DA_NET_BNKING_TXN_L7_31D,Deviation of avgs: of Net Banking Total txns - last 7 to 31D,False,NET_BANKING,DEVIATION_OF_AVERAGE,L7_31D,BOTH,BEHAVIORAL,False,,SAFE,DEVIATION_OF_AVERAGE|LONG_WINDOW|NET_BANKING|TRANSACTION_COUNT|WINDOW_L7_31D
F2789,DA_NET_BNKING_TXN_CR_L7_31D,Deviation of avgs: of Net Banking Credit txns - last 7 to 31D,False,NET_BANKING,DEVIATION_OF_AVERAGE,L7_31D,CREDIT,BEHAVIORAL,False,,SAFE,CREDIT|DEVIATION_OF_AVERAGE|LONG_WINDOW|NET_BANKING|TRANSACTION_COUNT|WINDOW_L7_31D
F2790,DA_NET_BNKING_TXN_DB_L7_31D,Deviation of avgs: of Net Banking Debit txns - last 7 to 31D,False,NET_BANKING,DEVIATION_OF_AVERAGE,L7_31D,DEBIT,BEHAVIORAL,False,,SAFE,DEBIT|DEVIATION_OF_AVERAGE|LONG_WINDOW|NET_BANKING|TRANSACTION_COUNT|WINDOW_L7_31D
F2791,DA_NET_BNKING_AMT_L7_31D,Deviation of avgs: of Net Banking Total Amount - last 7 to 31D,False,NET_BANKING,DEVIATION_OF_AVERAGE,L7_31D,BOTH,BEHAVIORAL,False,,SAFE,AMOUNT|DEVIATION_OF_AVERAGE|LONG_WINDOW|NET_BANKING|WINDOW_L7_31D
F2792,DA_NET_BNKING_AMT_CR_L7_31D,Deviation of avgs: of Net Banking Credit Amount - last 7 to 31D,False,NET_BANKING,DEVIATION_OF_AVERAGE,L7_31D,CREDIT,BEHAVIORAL,False,,SAFE,AMOUNT|CREDIT|DEVIATION_OF_AVERAGE|LONG_WINDOW|NET_BANKING|WINDOW_L7_31D
F2793,DA_NET_BNKING_AMT_DB_L7_31D,Deviation of avgs: of Net Banking Debit Amount - last 7 to 31D,False,NET_BANKING,DEVIATION_OF_AVERAGE,L7_31D,DEBIT,BEHAVIORAL,False,,SAFE,AMOUNT|DEBIT|DEVIATION_OF_AVERAGE|LONG_WINDOW|NET_BANKING|WINDOW_L7_31D
F2794,DA_MOB_BNKING_TXN_L7_31D,Deviation of avgs: of Mobile Banking Total txns - last 7 to 31D,False,MOBILE_BANKING,DEVIATION_OF_AVERAGE,L7_31D,BOTH,BEHAVIORAL,False,,SAFE,DEVIATION_OF_AVERAGE|LONG_WINDOW|MOBILE_BANKING|TRANSACTION_COUNT|WINDOW_L7_31D
F2795,DA_MBNKING_TXN_CR_L7_31D,Deviation of avgs: of Mobile Banking Total Amount - last 7 to 31D,False,MOBILE_BANKING,DEVIATION_OF_AVERAGE,L7_31D,CREDIT,BEHAVIORAL,False,,SAFE,AMOUNT|CREDIT|DEVIATION_OF_AVERAGE|LONG_WINDOW|MOBILE_BANKING|WINDOW_L7_31D
F2796,DA_MBNKING_TXN_DB_L7_31D,Deviation of avgs: of Mobile Banking Credit txns - last 7 to 31D,False,MOBILE_BANKING,DEVIATION_OF_AVERAGE,L7_31D,DEBIT,BEHAVIORAL,False,,SAFE,DEBIT|DEVIATION_OF_AVERAGE|LONG_WINDOW|MOBILE_BANKING|TRANSACTION_COUNT|WINDOW_L7_31D
F2797,DA_MOB_BNKING_AMT_L7_31D,Deviation of avgs: of Mobile Banking Debit txns - last 7 to 31D,False,MOBILE_BANKING,DEVIATION_OF_AVERAGE,L7_31D,BOTH,BEHAVIORAL,False,,SAFE,AMOUNT|DEVIATION_OF_AVERAGE|LONG_WINDOW|MOBILE_BANKING|TRANSACTION_COUNT|WINDOW_L7_31D
F2798,DA_MBNKING_AMT_CR_L7_31D,Deviation of avgs: of Mobile Banking Credit Amount - last 7 to 31D,False,MOBILE_BANKING,DEVIATION_OF_AVERAGE,L7_31D,CREDIT,BEHAVIORAL,False,,SAFE,AMOUNT|CREDIT|DEVIATION_OF_AVERAGE|LONG_WINDOW|MOBILE_BANKING|WINDOW_L7_31D
F2799,DA_MBNKING_AMT_DB_L7_31D,Deviation of avgs: of Mobile Banking Debit Amount - last 7 to 31D,False,MOBILE_BANKING,DEVIATION_OF_AVERAGE,L7_31D,DEBIT,BEHAVIORAL,False,,SAFE,AMOUNT|DEBIT|DEVIATION_OF_AVERAGE|LONG_WINDOW|MOBILE_BANKING|WINDOW_L7_31D
F2800,DA_POS_PYMT_TXN_L7_31D,Deviation of avgs: of Merchant Payment Total txns - last 7 to 31D,False,POS_MERCHANT,DEVIATION_OF_AVERAGE,L7_31D,BOTH,BEHAVIORAL,False,,SAFE,DEVIATION_OF_AVERAGE|LONG_WINDOW|POS_MERCHANT|TRANSACTION_COUNT|WINDOW_L7_31D
F2801,DA_POS_PYMT_TXN_CR_L7_31D,Deviation of avgs: of Merchant Payment Credit txns - last 7 to 31D,False,POS_MERCHANT,DEVIATION_OF_AVERAGE,L7_31D,CREDIT,BEHAVIORAL,False,,SAFE,CREDIT|DEVIATION_OF_AVERAGE|LONG_WINDOW|POS_MERCHANT|TRANSACTION_COUNT|WINDOW_L7_31D
F2802,DA_POS_PYMT_TXN_DB_L7_31D,Deviation of avgs: of Merchant Payment Debit txns - last 7 to 31D,False,POS_MERCHANT,DEVIATION_OF_AVERAGE,L7_31D,DEBIT,BEHAVIORAL,False,,SAFE,DEBIT|DEVIATION_OF_AVERAGE|LONG_WINDOW|POS_MERCHANT|TRANSACTION_COUNT|WINDOW_L7_31D
F2803,DA_POS_PYMT_AMT_L7_31D,Deviation of avgs: of Merchant Payment Total Amount - last 7 to 31D,False,POS_MERCHANT,DEVIATION_OF_AVERAGE,L7_31D,BOTH,BEHAVIORAL,False,,SAFE,AMOUNT|DEVIATION_OF_AVERAGE|LONG_WINDOW|POS_MERCHANT|WINDOW_L7_31D
F2804,DA_POS_PYMT_AMT_CR_L7_31D,Deviation of avgs: of Merchant Payment Credit Amount - last 7 to 31D,False,POS_MERCHANT,DEVIATION_OF_AVERAGE,L7_31D,CREDIT,BEHAVIORAL,False,,SAFE,AMOUNT|CREDIT|DEVIATION_OF_AVERAGE|LONG_WINDOW|POS_MERCHANT|WINDOW_L7_31D
F2805,DA_POS_PYMT_AMT_DB_L7_31D,Deviation of avgs: of Merchant Payment Debit Amount - last 7 to 31D,False,POS_MERCHANT,DEVIATION_OF_AVERAGE,L7_31D,DEBIT,BEHAVIORAL,False,,SAFE,AMOUNT|DEBIT|DEVIATION_OF_AVERAGE|LONG_WINDOW|POS_MERCHANT|WINDOW_L7_31D
F2806,DA_BBPS_TXN_L7_31D,Deviation of avgs: of Bharat Bill Payment System Total txns - last 7 to 31D,False,BBPS,DEVIATION_OF_AVERAGE,L7_31D,BOTH,BEHAVIORAL,False,,SAFE,BBPS|DEVIATION_OF_AVERAGE|LONG_WINDOW|TRANSACTION_COUNT|WINDOW_L7_31D
F2807,DA_BBPS_TXN_CR_L7_31D,Deviation of avgs: of Bharat Bill Payment System Credit txns - last 7 to 31D,False,BBPS,DEVIATION_OF_AVERAGE,L7_31D,CREDIT,BEHAVIORAL,False,,SAFE,BBPS|CREDIT|DEVIATION_OF_AVERAGE|LONG_WINDOW|TRANSACTION_COUNT|WINDOW_L7_31D
F2808,DA_BBPS_TXN_DB_L7_31D,Deviation of avgs: of Bharat Bill Payment System Debit txns - last 7 to 31D,False,BBPS,DEVIATION_OF_AVERAGE,L7_31D,DEBIT,BEHAVIORAL,False,,SAFE,BBPS|DEBIT|DEVIATION_OF_AVERAGE|LONG_WINDOW|TRANSACTION_COUNT|WINDOW_L7_31D
F2809,DA_BBPS_AMT_L7_31D,Deviation of avgs: of Bharat Bill Payment System Total Amount - last 7 to 31D,False,BBPS,DEVIATION_OF_AVERAGE,L7_31D,BOTH,BEHAVIORAL,False,,SAFE,AMOUNT|BBPS|DEVIATION_OF_AVERAGE|LONG_WINDOW|WINDOW_L7_31D
F2810,DA_BBPS_AMT_CR_L7_31D,Deviation of avgs: of Bharat Bill Payment System Credit Amount - last 7 to 31D,False,BBPS,DEVIATION_OF_AVERAGE,L7_31D,CREDIT,BEHAVIORAL,False,,SAFE,AMOUNT|BBPS|CREDIT|DEVIATION_OF_AVERAGE|LONG_WINDOW|WINDOW_L7_31D
F2811,DA_BBPS_AMT_DB_L7_31D,Deviation of avgs: of Bharat Bill Payment System Debit Amount - last 7 to 31D,False,BBPS,DEVIATION_OF_AVERAGE,L7_31D,DEBIT,BEHAVIORAL,False,,SAFE,AMOUNT|BBPS|DEBIT|DEVIATION_OF_AVERAGE|LONG_WINDOW|WINDOW_L7_31D
F2812,DA_APB_TXN_L7_31D,Deviation of avgs: of Aadhar Payment Bridge Total txns - last 7 to 31D,False,AADHAAR_PAYMENT_BRIDGE,DEVIATION_OF_AVERAGE,L7_31D,BOTH,BEHAVIORAL,False,,SAFE,AADHAAR_PAYMENT_BRIDGE|DEVIATION_OF_AVERAGE|LONG_WINDOW|TRANSACTION_COUNT|WINDOW_L7_31D
F2813,DA_APB_TXN_CR_L7_31D,Deviation of avgs: of Aadhar Payment Bridge Credit txns - last 7 to 31D,False,AADHAAR_PAYMENT_BRIDGE,DEVIATION_OF_AVERAGE,L7_31D,CREDIT,BEHAVIORAL,False,,SAFE,AADHAAR_PAYMENT_BRIDGE|CREDIT|DEVIATION_OF_AVERAGE|LONG_WINDOW|TRANSACTION_COUNT|WINDOW_L7_31D
F2814,DA_APB_TXN_DB_L7_31D,Deviation of avgs: of Aadhar Payment Bridge Debit txns - last 7 to 31D,False,AADHAAR_PAYMENT_BRIDGE,DEVIATION_OF_AVERAGE,L7_31D,DEBIT,BEHAVIORAL,False,,SAFE,AADHAAR_PAYMENT_BRIDGE|DEBIT|DEVIATION_OF_AVERAGE|LONG_WINDOW|TRANSACTION_COUNT|WINDOW_L7_31D
F2815,DA_APB_AMT_L7_31D,Deviation of avgs: of Aadhar Payment Bridge Total Amount - last 7 to 31D,False,AADHAAR_PAYMENT_BRIDGE,DEVIATION_OF_AVERAGE,L7_31D,BOTH,BEHAVIORAL,False,,SAFE,AADHAAR_PAYMENT_BRIDGE|AMOUNT|DEVIATION_OF_AVERAGE|LONG_WINDOW|WINDOW_L7_31D
F2816,DA_APB_AMT_CR_L7_31D,Deviation of avgs: of Aadhar Payment Bridge Credit Amount - last 7 to 31D,False,AADHAAR_PAYMENT_BRIDGE,DEVIATION_OF_AVERAGE,L7_31D,CREDIT,BEHAVIORAL,False,,SAFE,AADHAAR_PAYMENT_BRIDGE|AMOUNT|CREDIT|DEVIATION_OF_AVERAGE|LONG_WINDOW|WINDOW_L7_31D
F2817,DA_LOAN_TXN_L7_31D,Deviation of avgs: of Loan Total txns - last 7 to 31D,False,LOAN,DEVIATION_OF_AVERAGE,L7_31D,BOTH,BEHAVIORAL,False,,SAFE,DEVIATION_OF_AVERAGE|LOAN|LONG_WINDOW|TRANSACTION_COUNT|WINDOW_L7_31D
F2818,DA_LOAN_TXN_CR_L7_31D,Deviation of avgs: of Loan Credit txns - last 7 to 31D,False,LOAN,DEVIATION_OF_AVERAGE,L7_31D,CREDIT,BEHAVIORAL,False,,SAFE,CREDIT|DEVIATION_OF_AVERAGE|LOAN|LONG_WINDOW|TRANSACTION_COUNT|WINDOW_L7_31D
F2819,DA_LOAN_TXN_DB_L7_31D,Deviation of avgs: of Loan Debit txns - last 7 to 31D,False,LOAN,DEVIATION_OF_AVERAGE,L7_31D,DEBIT,BEHAVIORAL,False,,SAFE,DEBIT|DEVIATION_OF_AVERAGE|LOAN|LONG_WINDOW|TRANSACTION_COUNT|WINDOW_L7_31D
F2820,DA_LOAN_AMT_L7_31D,Deviation of avgs: of Loan Total Amount - last 7 to 31D,False,LOAN,DEVIATION_OF_AVERAGE,L7_31D,BOTH,BEHAVIORAL,False,,SAFE,AMOUNT|DEVIATION_OF_AVERAGE|LOAN|LONG_WINDOW|WINDOW_L7_31D
F2821,DA_LOAN_AMT_CR_L7_31D,Deviation of avgs: of Loan Credit Amount - last 7 to 31D,False,LOAN,DEVIATION_OF_AVERAGE,L7_31D,CREDIT,BEHAVIORAL,False,,SAFE,AMOUNT|CREDIT|DEVIATION_OF_AVERAGE|LOAN|LONG_WINDOW|WINDOW_L7_31D
F2822,DA_LOAN_AMT_DB_L7_31D,Deviation of avgs: of Loan Debit Amount - last 7 to 31D,False,LOAN,DEVIATION_OF_AVERAGE,L7_31D,DEBIT,BEHAVIORAL,False,,SAFE,AMOUNT|DEBIT|DEVIATION_OF_AVERAGE|LOAN|LONG_WINDOW|WINDOW_L7_31D
F2823,DA_STDNG_INSTR_L7_31D,Deviation of avgs: of Standing Instruction Total txns - last 7 to 31D,False,STANDING_INSTRUCTION,DEVIATION_OF_AVERAGE,L7_31D,BOTH,BEHAVIORAL,False,,SAFE,DEVIATION_OF_AVERAGE|LONG_WINDOW|STANDING_INSTRUCTION|TRANSACTION_COUNT|WINDOW_L7_31D
F2824,DA_STDNG_INSTR_CR_TXN_L7_31D,Deviation of avgs: of Standing Instruction Credit txns - last 7 to 31D,False,STANDING_INSTRUCTION,DEVIATION_OF_AVERAGE,L7_31D,CREDIT,BEHAVIORAL,False,,SAFE,CREDIT|DEVIATION_OF_AVERAGE|LONG_WINDOW|STANDING_INSTRUCTION|TRANSACTION_COUNT|WINDOW_L7_31D
F2825,DA_STDNG_INSTR_DB_TXN_L7_31D,Deviation of avgs: of Standing Instruction Debit txns - last 7 to 31D,False,STANDING_INSTRUCTION,DEVIATION_OF_AVERAGE,L7_31D,DEBIT,BEHAVIORAL,False,,SAFE,DEBIT|DEVIATION_OF_AVERAGE|LONG_WINDOW|STANDING_INSTRUCTION|TRANSACTION_COUNT|WINDOW_L7_31D
F2826,DA_STDNG_INSTR_AMT_L7_31D,Deviation of avgs: of Standing Instruction Total Amount - last 7 to 31D,False,STANDING_INSTRUCTION,DEVIATION_OF_AVERAGE,L7_31D,BOTH,BEHAVIORAL,False,,SAFE,AMOUNT|DEVIATION_OF_AVERAGE|LONG_WINDOW|STANDING_INSTRUCTION|WINDOW_L7_31D
F2827,DA_STDNG_INSTR_AMT_CR_L7_31D,Deviation of avgs: of Standing Instruction Credit Amount - last 7 to 31D,False,STANDING_INSTRUCTION,DEVIATION_OF_AVERAGE,L7_31D,CREDIT,BEHAVIORAL,False,,SAFE,AMOUNT|CREDIT|DEVIATION_OF_AVERAGE|LONG_WINDOW|STANDING_INSTRUCTION|WINDOW_L7_31D
F2828,DA_STDNG_INSTR_AMT_DB_L7_31D,Deviation of avgs: of Standing Instruction Debit Amount - last 7 to 31D,False,STANDING_INSTRUCTION,DEVIATION_OF_AVERAGE,L7_31D,DEBIT,BEHAVIORAL,False,,SAFE,AMOUNT|DEBIT|DEVIATION_OF_AVERAGE|LONG_WINDOW|STANDING_INSTRUCTION|WINDOW_L7_31D
F2829,D_TA_CASH_TXN_L7D,Deviation of total from avg: Cash Total txns - last 7 to 31D,False,CASH,DEV_TOTAL_VS_AVG,L7D,BOTH,BEHAVIORAL,False,,SAFE,CASH|DEV_TOTAL_VS_AVG|SHORT_WINDOW|TRANSACTION_COUNT|WINDOW_L7D
F2830,D_TA_CASH_TXN_CR_L7D,Deviation of total from avg: Cash Credit txns - last 7 to 31D,False,CASH,DEV_TOTAL_VS_AVG,L7D,CREDIT,BEHAVIORAL,False,,SAFE,CASH|CREDIT|DEV_TOTAL_VS_AVG|SHORT_WINDOW|TRANSACTION_COUNT|WINDOW_L7D
F2831,D_TA_CASH_TXN_DB_L7D,Deviation of total from avg: Cash Debit txns - last 7 to 31D,False,CASH,DEV_TOTAL_VS_AVG,L7D,DEBIT,BEHAVIORAL,False,,SAFE,CASH|DEBIT|DEV_TOTAL_VS_AVG|SHORT_WINDOW|TRANSACTION_COUNT|WINDOW_L7D
F2832,D_TA_CASH_AMT_L7D,Deviation of total from avg: Cash Total Amount - last 7 to 31D,False,CASH,DEV_TOTAL_VS_AVG,L7D,BOTH,BEHAVIORAL,False,,SAFE,AMOUNT|CASH|DEV_TOTAL_VS_AVG|SHORT_WINDOW|WINDOW_L7D
F2833,D_TA_CASH_AMT_CR_L7D,Deviation of total from avg: Cash Credit Amount - last 7 to 31D,False,CASH,DEV_TOTAL_VS_AVG,L7D,CREDIT,BEHAVIORAL,False,,SAFE,AMOUNT|CASH|CREDIT|DEV_TOTAL_VS_AVG|SHORT_WINDOW|WINDOW_L7D
F2834,D_TA_CASH_AMT_DB_L7D,Deviation of total from avg: Cash Debit Amount - last 7 to 31D,False,CASH,DEV_TOTAL_VS_AVG,L7D,DEBIT,BEHAVIORAL,False,,SAFE,AMOUNT|CASH|DEBIT|DEV_TOTAL_VS_AVG|SHORT_WINDOW|WINDOW_L7D
F2835,D_TA_CHQ_TXN_L7D,Deviation of total from avg: Cheque Total txns - last 7 to 31D,False,CHEQUE,DEV_TOTAL_VS_AVG,L7D,BOTH,BEHAVIORAL,False,,SAFE,CHEQUE|DEV_TOTAL_VS_AVG|SHORT_WINDOW|TRANSACTION_COUNT|WINDOW_L7D
F2836,D_TA_CHQ_TXN_CR_L7D,Deviation of total from avg: Cheque Credit txns - last 7 to 31D,False,CHEQUE,DEV_TOTAL_VS_AVG,L7D,CREDIT,BEHAVIORAL,False,,SAFE,CHEQUE|CREDIT|DEV_TOTAL_VS_AVG|SHORT_WINDOW|TRANSACTION_COUNT|WINDOW_L7D
F2837,D_TA_CHQ_TXN_DB_L7D,Deviation of total from avg: Cheque Debit txns - last 7 to 31D,False,CHEQUE,DEV_TOTAL_VS_AVG,L7D,DEBIT,BEHAVIORAL,False,,SAFE,CHEQUE|DEBIT|DEV_TOTAL_VS_AVG|SHORT_WINDOW|TRANSACTION_COUNT|WINDOW_L7D
F2838,D_TA_CHQ_AMT_L7D,Deviation of total from avg: Cheque Total Amount - last 7 to 31D,False,CHEQUE,DEV_TOTAL_VS_AVG,L7D,BOTH,BEHAVIORAL,False,,SAFE,AMOUNT|CHEQUE|DEV_TOTAL_VS_AVG|SHORT_WINDOW|WINDOW_L7D
F2839,D_TA_CHQ_AMT_CR_L7D,Deviation of total from avg: Cheque Credit Amount - last 7 to 31D,False,CHEQUE,DEV_TOTAL_VS_AVG,L7D,CREDIT,BEHAVIORAL,False,,SAFE,AMOUNT|CHEQUE|CREDIT|DEV_TOTAL_VS_AVG|SHORT_WINDOW|WINDOW_L7D
F2840,D_TA_CHQ_AMT_DB_L7D,Deviation of total from avg: Cheque Debit Amount - last 7 to 31D,False,CHEQUE,DEV_TOTAL_VS_AVG,L7D,DEBIT,BEHAVIORAL,False,,SAFE,AMOUNT|CHEQUE|DEBIT|DEV_TOTAL_VS_AVG|SHORT_WINDOW|WINDOW_L7D
F2841,D_TA_NON_CASH_CHQ_TXN_L7D,Deviation of total from avg: Non Cash Non Cheque Total txns - last 7 to 31D,False,NON_CASH_CHQ,DEV_TOTAL_VS_AVG,L7D,BOTH,BEHAVIORAL,False,,SAFE,DEV_TOTAL_VS_AVG|NON_CASH_CHQ|SHORT_WINDOW|TRANSACTION_COUNT|WINDOW_L7D
F2842,D_TA_NON_CASH_CHQ_TXN_CR_L7D,Deviation of total from avg: Non Cash Non Cheque Credit txns - last 7 to 31D,False,NON_CASH_CHQ,DEV_TOTAL_VS_AVG,L7D,CREDIT,BEHAVIORAL,False,,SAFE,CREDIT|DEV_TOTAL_VS_AVG|NON_CASH_CHQ|SHORT_WINDOW|TRANSACTION_COUNT|WINDOW_L7D
F2843,D_TA_NON_CASH_CHQ_TXN_DB_L7D,Deviation of total from avg: Non Cash Non Cheque Debit txns - last 7 to 31D,False,NON_CASH_CHQ,DEV_TOTAL_VS_AVG,L7D,DEBIT,BEHAVIORAL,False,,SAFE,DEBIT|DEV_TOTAL_VS_AVG|NON_CASH_CHQ|SHORT_WINDOW|TRANSACTION_COUNT|WINDOW_L7D
F2844,D_TA_NON_CASH_CHQ_AMT_L7D,Deviation of total from avg: Non Cash Non Cheque Total Amount - last 7 to 31D,False,NON_CASH_CHQ,DEV_TOTAL_VS_AVG,L7D,BOTH,BEHAVIORAL,False,,SAFE,AMOUNT|DEV_TOTAL_VS_AVG|NON_CASH_CHQ|SHORT_WINDOW|WINDOW_L7D
F2845,D_TA_NON_CASH_CHQ_AMT_CR_L7D,Deviation of total from avg: Non Cash Non Cheque Credit Amount - last 7 to 31D,False,NON_CASH_CHQ,DEV_TOTAL_VS_AVG,L7D,CREDIT,BEHAVIORAL,False,,SAFE,AMOUNT|CREDIT|DEV_TOTAL_VS_AVG|NON_CASH_CHQ|SHORT_WINDOW|WINDOW_L7D
F2846,D_TA_NON_CASH_CHQ_AMT_DB_L7D,Deviation of total from avg: Non Cash Non Cheque Debit Amount - last 7 to 31D,False,NON_CASH_CHQ,DEV_TOTAL_VS_AVG,L7D,DEBIT,BEHAVIORAL,False,,SAFE,AMOUNT|DEBIT|DEV_TOTAL_VS_AVG|NON_CASH_CHQ|SHORT_WINDOW|WINDOW_L7D
F2847,D_TA_CI_NON_CASH_CHQ_TXN_L7D,Deviation of total from avg: Customer Induced Non Cash Non Cheque Total txns - last 7 to 31D,False,NON_CASH_CHQ,DEV_TOTAL_VS_AVG,L7D,BOTH,BEHAVIORAL,False,,SAFE,DEV_TOTAL_VS_AVG|NON_CASH_CHQ|SHORT_WINDOW|TRANSACTION_COUNT|WINDOW_L7D
F2848,D_TA_CI_NON_CASH_CHQ_TXN_CR_L7D,Deviation of total from avg: Customer Induced Non Cash Non Cheque Credit txns - last 7 to 31D,False,NON_CASH_CHQ,DEV_TOTAL_VS_AVG,L7D,CREDIT,BEHAVIORAL,False,,SAFE,CREDIT|DEV_TOTAL_VS_AVG|NON_CASH_CHQ|SHORT_WINDOW|TRANSACTION_COUNT|WINDOW_L7D
F2849,D_TA_CI_NON_CASH_CHQ_TXN_DB_L7D,Deviation of total from avg: Customer Induced Non Cash Non Cheque Debit txns - last 7 to 31D,False,NON_CASH_CHQ,DEV_TOTAL_VS_AVG,L7D,DEBIT,BEHAVIORAL,False,,SAFE,DEBIT|DEV_TOTAL_VS_AVG|NON_CASH_CHQ|SHORT_WINDOW|TRANSACTION_COUNT|WINDOW_L7D
F2850,D_TA_CI_NON_CASH_CHQ_AMT_L7D,Deviation of total from avg: Customer Induced Non Cash Non Cheque Total Amount - last 7 to 31D,False,NON_CASH_CHQ,DEV_TOTAL_VS_AVG,L7D,BOTH,BEHAVIORAL,False,,SAFE,AMOUNT|DEV_TOTAL_VS_AVG|NON_CASH_CHQ|SHORT_WINDOW|WINDOW_L7D
F2851,D_TA_CI_NON_CASH_CHQ_AMT_CR_L7D,Deviation of total from avg: Customer Induced Non Cash Non Cheque Credit Amount - last 7 to 31D,False,NON_CASH_CHQ,DEV_TOTAL_VS_AVG,L7D,CREDIT,BEHAVIORAL,False,,SAFE,AMOUNT|CREDIT|DEV_TOTAL_VS_AVG|NON_CASH_CHQ|SHORT_WINDOW|WINDOW_L7D
F2852,D_TA_CI_NON_CASH_CHQ_AMT_DB_L7D,Deviation of total from avg: Customer Induced Non Cash Non Cheque Debit Amount - last 7 to 31D,False,NON_CASH_CHQ,DEV_TOTAL_VS_AVG,L7D,DEBIT,BEHAVIORAL,False,,SAFE,AMOUNT|DEBIT|DEV_TOTAL_VS_AVG|NON_CASH_CHQ|SHORT_WINDOW|WINDOW_L7D
F2853,D_TA_CI_TXN_L7D,Deviation of total from avg: Customer Induced Total txns - last 7 to 31D,False,CASH_INTENSIVE,DEV_TOTAL_VS_AVG,L7D,BOTH,BEHAVIORAL,False,,SAFE,CASH_INTENSIVE|DEV_TOTAL_VS_AVG|SHORT_WINDOW|TRANSACTION_COUNT|WINDOW_L7D
F2854,D_TA_CI_TXN_CR_L7D,Deviation of total from avg: Customer Induced Credit txns - last 7 to 31D,False,CASH_INTENSIVE,DEV_TOTAL_VS_AVG,L7D,CREDIT,BEHAVIORAL,False,,SAFE,CASH_INTENSIVE|CREDIT|DEV_TOTAL_VS_AVG|SHORT_WINDOW|TRANSACTION_COUNT|WINDOW_L7D
F2855,D_TA_CI_TXN_DB_L7D,Deviation of total from avg: Customer Induced Debit txns - last 7 to 31D,False,CASH_INTENSIVE,DEV_TOTAL_VS_AVG,L7D,DEBIT,BEHAVIORAL,False,,SAFE,CASH_INTENSIVE|DEBIT|DEV_TOTAL_VS_AVG|SHORT_WINDOW|TRANSACTION_COUNT|WINDOW_L7D
F2856,D_TA_CI_AMT_L7D,Deviation of total from avg: Customer Induced Total Amount - last 7 to 31D,False,CASH_INTENSIVE,DEV_TOTAL_VS_AVG,L7D,BOTH,BEHAVIORAL,False,,SAFE,AMOUNT|CASH_INTENSIVE|DEV_TOTAL_VS_AVG|SHORT_WINDOW|WINDOW_L7D
F2857,D_TA_CI_AMT_CR_L7D,Deviation of total from avg: Customer Induced Credit Amount - last 7 to 31D,False,CASH_INTENSIVE,DEV_TOTAL_VS_AVG,L7D,CREDIT,BEHAVIORAL,False,,SAFE,AMOUNT|CASH_INTENSIVE|CREDIT|DEV_TOTAL_VS_AVG|SHORT_WINDOW|WINDOW_L7D
F2858,D_TA_CI_AMT_DB_L7D,Deviation of total from avg: Customer Induced Debit Amount - last 7 to 31D,False,CASH_INTENSIVE,DEV_TOTAL_VS_AVG,L7D,DEBIT,BEHAVIORAL,False,,SAFE,AMOUNT|CASH_INTENSIVE|DEBIT|DEV_TOTAL_VS_AVG|SHORT_WINDOW|WINDOW_L7D
F2859,D_TA_ATM_TXN_L7D,Deviation of total from avg: ATM Total txns - last 7 to 31D,False,ATM,DEV_TOTAL_VS_AVG,L7D,BOTH,BEHAVIORAL,False,,SAFE,ATM|DEV_TOTAL_VS_AVG|SHORT_WINDOW|TRANSACTION_COUNT|WINDOW_L7D
F2860,D_TA_ATM_TXN_CR_L7D,Deviation of total from avg: ATM Credit txns - last 7 to 31D,False,ATM,DEV_TOTAL_VS_AVG,L7D,CREDIT,BEHAVIORAL,False,,SAFE,ATM|CREDIT|DEV_TOTAL_VS_AVG|SHORT_WINDOW|TRANSACTION_COUNT|WINDOW_L7D
F2861,D_TA_ATM_TXN_DB_L7D,Deviation of total from avg: ATM Debit txns - last 7 to 31D,False,ATM,DEV_TOTAL_VS_AVG,L7D,DEBIT,BEHAVIORAL,False,,SAFE,ATM|DEBIT|DEV_TOTAL_VS_AVG|SHORT_WINDOW|TRANSACTION_COUNT|WINDOW_L7D
F2862,D_TA_ATM_AMT_L7D,Deviation of total from avg: ATM Total Amount - last 7 to 31D,False,ATM,DEV_TOTAL_VS_AVG,L7D,BOTH,BEHAVIORAL,False,,SAFE,AMOUNT|ATM|DEV_TOTAL_VS_AVG|SHORT_WINDOW|WINDOW_L7D
F2863,D_TA_ATM_AMT_CR_L7D,Deviation of total from avg: ATM Credit Amount - last 7 to 31D,False,ATM,DEV_TOTAL_VS_AVG,L7D,CREDIT,BEHAVIORAL,False,,SAFE,AMOUNT|ATM|CREDIT|DEV_TOTAL_VS_AVG|SHORT_WINDOW|WINDOW_L7D
F2864,D_TA_ATM_AMT_DB_L7D,Deviation of total from avg: ATM Debit Amount - last 7 to 31D,False,ATM,DEV_TOTAL_VS_AVG,L7D,DEBIT,BEHAVIORAL,False,,SAFE,AMOUNT|ATM|DEBIT|DEV_TOTAL_VS_AVG|SHORT_WINDOW|WINDOW_L7D
F2865,D_TA_BI_FEES_CHRGS_TXN_L7D,Deviation of total from avg: Bank Induced Fees Charges Total txns - last 7 to 31D,False,FEES_AND_CHARGES,DEV_TOTAL_VS_AVG,L7D,BOTH,BEHAVIORAL,False,,SAFE,DEV_TOTAL_VS_AVG|FEES_AND_CHARGES|SHORT_WINDOW|TRANSACTION_COUNT|WINDOW_L7D
F2866,D_TA_BI_FEES_CHRGS_TXN_CR_L7D,Deviation of total from avg: Bank Induced Fees Charges Credit txns - last 7 to 31D,False,FEES_AND_CHARGES,DEV_TOTAL_VS_AVG,L7D,CREDIT,BEHAVIORAL,False,,SAFE,CREDIT|DEV_TOTAL_VS_AVG|FEES_AND_CHARGES|SHORT_WINDOW|TRANSACTION_COUNT|WINDOW_L7D
F2867,D_TA_BI_FEES_CHRGS_TXN_DB_L7D,Deviation of total from avg: Bank Induced Fees Charges Debit txns - last 7 to 31D,False,FEES_AND_CHARGES,DEV_TOTAL_VS_AVG,L7D,DEBIT,BEHAVIORAL,False,,SAFE,DEBIT|DEV_TOTAL_VS_AVG|FEES_AND_CHARGES|SHORT_WINDOW|TRANSACTION_COUNT|WINDOW_L7D
F2868,D_TA_BI_FEES_CHRGS_AMT_L7D,Deviation of total from avg: Bank Induced Fees Charges Total Amount - last 7 to 31D,False,FEES_AND_CHARGES,DEV_TOTAL_VS_AVG,L7D,BOTH,BEHAVIORAL,False,,SAFE,AMOUNT|DEV_TOTAL_VS_AVG|FEES_AND_CHARGES|SHORT_WINDOW|WINDOW_L7D
F2869,D_TA_BI_FEES_CHRGS_AMT_CR_L7D,Deviation of total from avg: Bank Induced Fees Charges Credit Amount - last 7 to 31D,False,FEES_AND_CHARGES,DEV_TOTAL_VS_AVG,L7D,CREDIT,BEHAVIORAL,False,,SAFE,AMOUNT|CREDIT|DEV_TOTAL_VS_AVG|FEES_AND_CHARGES|SHORT_WINDOW|WINDOW_L7D
F2870,D_TA_BI_FEES_CHRGS_AMT_DB_L7D,Deviation of total from avg: Bank Induced Fees Charges Debit Amount - last 7 to 31D,False,FEES_AND_CHARGES,DEV_TOTAL_VS_AVG,L7D,DEBIT,BEHAVIORAL,False,,SAFE,AMOUNT|DEBIT|DEV_TOTAL_VS_AVG|FEES_AND_CHARGES|SHORT_WINDOW|WINDOW_L7D
F2871,D_TA_CI_FEES_CHRGS_TXN_L7D,Deviation of total from avg: Customer Induced Fees Charges Total txns - last 7 to 31D,False,FEES_AND_CHARGES,DEV_TOTAL_VS_AVG,L7D,BOTH,BEHAVIORAL,False,,SAFE,DEV_TOTAL_VS_AVG|FEES_AND_CHARGES|SHORT_WINDOW|TRANSACTION_COUNT|WINDOW_L7D
F2872,D_TA_CI_FEES_CHRGS_TXN_CR_L7D,Deviation of total from avg: Customer Induced Fees Charges Credit txns - last 7 to 31D,False,FEES_AND_CHARGES,DEV_TOTAL_VS_AVG,L7D,CREDIT,BEHAVIORAL,False,,SAFE,CREDIT|DEV_TOTAL_VS_AVG|FEES_AND_CHARGES|SHORT_WINDOW|TRANSACTION_COUNT|WINDOW_L7D
F2873,D_TA_CI_FEES_CHRGS_TXN_DB_L7D,Deviation of total from avg: Customer Induced Fees Charges Debit txns - last 7 to 31D,False,FEES_AND_CHARGES,DEV_TOTAL_VS_AVG,L7D,DEBIT,BEHAVIORAL,False,,SAFE,DEBIT|DEV_TOTAL_VS_AVG|FEES_AND_CHARGES|SHORT_WINDOW|TRANSACTION_COUNT|WINDOW_L7D
F2874,D_TA_CI_FEES_CHRGS_AMT_L7D,Deviation of total from avg: Customer Induced Fees Charges Total Amount - last 7 to 31D,False,FEES_AND_CHARGES,DEV_TOTAL_VS_AVG,L7D,BOTH,BEHAVIORAL,False,,SAFE,AMOUNT|DEV_TOTAL_VS_AVG|FEES_AND_CHARGES|SHORT_WINDOW|WINDOW_L7D
F2875,D_TA_CI_FEES_CHRGS_AMT_CR_L7D,Deviation of total from avg: Customer Induced Fees Charges Credit Amount - last 7 to 31D,False,FEES_AND_CHARGES,DEV_TOTAL_VS_AVG,L7D,CREDIT,BEHAVIORAL,False,,SAFE,AMOUNT|CREDIT|DEV_TOTAL_VS_AVG|FEES_AND_CHARGES|SHORT_WINDOW|WINDOW_L7D
F2876,D_TA_CI_FEES_CHRGS_AMT_DB_L7D,Deviation of total from avg: Customer Induced Fees Charges Debit Amount - last 7 to 31D,False,FEES_AND_CHARGES,DEV_TOTAL_VS_AVG,L7D,DEBIT,BEHAVIORAL,False,,SAFE,AMOUNT|DEBIT|DEV_TOTAL_VS_AVG|FEES_AND_CHARGES|SHORT_WINDOW|WINDOW_L7D
F2877,D_TA_GST_TXN_L7D,Deviation of total from avg: GST Total txns - last 7 to 31D,False,GST,DEV_TOTAL_VS_AVG,L7D,BOTH,BEHAVIORAL,False,,SAFE,DEV_TOTAL_VS_AVG|GST|SHORT_WINDOW|TRANSACTION_COUNT|WINDOW_L7D
F2878,D_TA_GST_TXN_CR_L7D,Deviation of total from avg: GST Credit txns - last 7 to 31D,False,GST,DEV_TOTAL_VS_AVG,L7D,CREDIT,BEHAVIORAL,False,,SAFE,CREDIT|DEV_TOTAL_VS_AVG|GST|SHORT_WINDOW|TRANSACTION_COUNT|WINDOW_L7D
F2879,D_TA_GST_TXN_DB_L7D,Deviation of total from avg: GST Debit txns - last 7 to 31D,False,GST,DEV_TOTAL_VS_AVG,L7D,DEBIT,BEHAVIORAL,False,,SAFE,DEBIT|DEV_TOTAL_VS_AVG|GST|SHORT_WINDOW|TRANSACTION_COUNT|WINDOW_L7D
F2880,D_TA_GST_AMT_L7D,Deviation of total from avg: GST Total Amount - last 7 to 31D,False,GST,DEV_TOTAL_VS_AVG,L7D,BOTH,BEHAVIORAL,False,,SAFE,AMOUNT|DEV_TOTAL_VS_AVG|GST|SHORT_WINDOW|WINDOW_L7D
F2881,D_TA_GST_AMT_CR_L7D,Deviation of total from avg: GST Credit Amount - last 7 to 31D,False,GST,DEV_TOTAL_VS_AVG,L7D,CREDIT,BEHAVIORAL,False,,SAFE,AMOUNT|CREDIT|DEV_TOTAL_VS_AVG|GST|SHORT_WINDOW|WINDOW_L7D
F2882,D_TA_GST_AMT_DB_L7D,Deviation of total from avg: GST Debit Amount - last 7 to 31D,False,GST,DEV_TOTAL_VS_AVG,L7D,DEBIT,BEHAVIORAL,False,,SAFE,AMOUNT|DEBIT|DEV_TOTAL_VS_AVG|GST|SHORT_WINDOW|WINDOW_L7D
F2883,D_TA_ELEC_XFER_TXN_L7D,Deviation of total from avg: Online Transfer (IMPS+NEFT+RTGS) Total txns - last 7 to 31D,False,ELEC_XFER,DEV_TOTAL_VS_AVG,L7D,BOTH,BEHAVIORAL,False,,SAFE,DEV_TOTAL_VS_AVG|ELEC_XFER|SHORT_WINDOW|TRANSACTION_COUNT|WINDOW_L7D
F2884,D_TA_ELEC_XFER_TXN_CR_L7D,Deviation of total from avg: Online Transfer (IMPS+NEFT+RTGS) Credit txns - last 7 to 31D,False,ELEC_XFER,DEV_TOTAL_VS_AVG,L7D,CREDIT,BEHAVIORAL,False,,SAFE,CREDIT|DEV_TOTAL_VS_AVG|ELEC_XFER|SHORT_WINDOW|TRANSACTION_COUNT|WINDOW_L7D
F2885,D_TA_ELEC_XFER_TXN_DB_L7D,Deviation of total from avg: Online Transfer (IMPS+NEFT+RTGS) Debit txns - last 7 to 31D,False,ELEC_XFER,DEV_TOTAL_VS_AVG,L7D,DEBIT,BEHAVIORAL,False,,SAFE,DEBIT|DEV_TOTAL_VS_AVG|ELEC_XFER|SHORT_WINDOW|TRANSACTION_COUNT|WINDOW_L7D
F2886,D_TA_ELEC_XFER_AMT_L7D,Deviation of total from avg: Online Transfer (IMPS+NEFT+RTGS) Total Amount - last 7 to 31D,False,ELEC_XFER,DEV_TOTAL_VS_AVG,L7D,BOTH,BEHAVIORAL,False,,SAFE,AMOUNT|DEV_TOTAL_VS_AVG|ELEC_XFER|SHORT_WINDOW|WINDOW_L7D
F2887,D_TA_ELEC_XFER_AMT_CR_L7D,Deviation of total from avg: Online Transfer (IMPS+NEFT+RTGS) Credit Amount - last 7 to 31D,False,ELEC_XFER,DEV_TOTAL_VS_AVG,L7D,CREDIT,BEHAVIORAL,False,,SAFE,AMOUNT|CREDIT|DEV_TOTAL_VS_AVG|ELEC_XFER|SHORT_WINDOW|WINDOW_L7D
F2888,D_TA_ELEC_XFER_AMT_DB_L7D,Deviation of total from avg: Online Transfer (IMPS+NEFT+RTGS) Debit Amount - last 7 to 31D,False,ELEC_XFER,DEV_TOTAL_VS_AVG,L7D,DEBIT,BEHAVIORAL,False,,SAFE,AMOUNT|DEBIT|DEV_TOTAL_VS_AVG|ELEC_XFER|SHORT_WINDOW|WINDOW_L7D
F2889,D_TA_UPI_XFER_TXN_L7D,Deviation of total from avg: UPI  Total txns - last 7 to 31D,False,UPI_XFER,DEV_TOTAL_VS_AVG,L7D,BOTH,BEHAVIORAL,False,,SAFE,DEV_TOTAL_VS_AVG|SHORT_WINDOW|TRANSACTION_COUNT|UPI_XFER|WINDOW_L7D
F2890,D_TA_UPI_TXN_CR_L7D,Deviation of total from avg: UPI  Total Amount - last 7 to 31D,False,UPI,DEV_TOTAL_VS_AVG,L7D,CREDIT,BEHAVIORAL,False,,SAFE,AMOUNT|CREDIT|DEV_TOTAL_VS_AVG|SHORT_WINDOW|UPI|WINDOW_L7D
F2891,D_TA_UPI_TXN_DB_L7D,Deviation of total from avg: UPI  Credit txns - last 7 to 31D,False,UPI,DEV_TOTAL_VS_AVG,L7D,DEBIT,BEHAVIORAL,False,,SAFE,DEBIT|DEV_TOTAL_VS_AVG|SHORT_WINDOW|TRANSACTION_COUNT|UPI|WINDOW_L7D
F2892,D_TA_UPI_XFER_AMT_L7D,Deviation of total from avg: UPI  Debit txns - last 7 to 31D,False,UPI_XFER,DEV_TOTAL_VS_AVG,L7D,BOTH,BEHAVIORAL,False,,SAFE,AMOUNT|DEV_TOTAL_VS_AVG|SHORT_WINDOW|TRANSACTION_COUNT|UPI_XFER|WINDOW_L7D
F2893,D_TA_UPI_AMT_CR_L7D,Deviation of total from avg: UPI  Credit Amount - last 7 to 31D,False,UPI,DEV_TOTAL_VS_AVG,L7D,CREDIT,BEHAVIORAL,False,,SAFE,AMOUNT|CREDIT|DEV_TOTAL_VS_AVG|SHORT_WINDOW|UPI|WINDOW_L7D
F2894,D_TA_UPI_AMT_DB_L7D,Deviation of total from avg: UPI  Debit Amount - last 7 to 31D,False,UPI,DEV_TOTAL_VS_AVG,L7D,DEBIT,BEHAVIORAL,False,,SAFE,AMOUNT|DEBIT|DEV_TOTAL_VS_AVG|SHORT_WINDOW|UPI|WINDOW_L7D
F2895,D_TA_NET_BNKING_TXN_L7D,Deviation of total from avg: Net Banking Total txns - last 7 to 31D,False,NET_BANKING,DEV_TOTAL_VS_AVG,L7D,BOTH,BEHAVIORAL,False,,SAFE,DEV_TOTAL_VS_AVG|NET_BANKING|SHORT_WINDOW|TRANSACTION_COUNT|WINDOW_L7D
F2896,D_TA_NET_BNKING_TXN_CR_L7D,Deviation of total from avg: Net Banking Credit txns - last 7 to 31D,False,NET_BANKING,DEV_TOTAL_VS_AVG,L7D,CREDIT,BEHAVIORAL,False,,SAFE,CREDIT|DEV_TOTAL_VS_AVG|NET_BANKING|SHORT_WINDOW|TRANSACTION_COUNT|WINDOW_L7D
F2897,D_TA_NET_BNKING_TXN_DB_L7D,Deviation of total from avg: Net Banking Debit txns - last 7 to 31D,False,NET_BANKING,DEV_TOTAL_VS_AVG,L7D,DEBIT,BEHAVIORAL,False,,SAFE,DEBIT|DEV_TOTAL_VS_AVG|NET_BANKING|SHORT_WINDOW|TRANSACTION_COUNT|WINDOW_L7D
F2898,D_TA_NET_BNKING_AMT_L7D,Deviation of total from avg: Net Banking Total Amount - last 7 to 31D,False,NET_BANKING,DEV_TOTAL_VS_AVG,L7D,BOTH,BEHAVIORAL,False,,SAFE,AMOUNT|DEV_TOTAL_VS_AVG|NET_BANKING|SHORT_WINDOW|WINDOW_L7D
F2899,D_TA_NET_BNKING_AMT_CR_L7D,Deviation of total from avg: Net Banking Credit Amount - last 7 to 31D,False,NET_BANKING,DEV_TOTAL_VS_AVG,L7D,CREDIT,BEHAVIORAL,False,,SAFE,AMOUNT|CREDIT|DEV_TOTAL_VS_AVG|NET_BANKING|SHORT_WINDOW|WINDOW_L7D
F2900,D_TA_NET_BNKING_AMT_DB_L7D,Deviation of total from avg: Net Banking Debit Amount - last 7 to 31D,False,NET_BANKING,DEV_TOTAL_VS_AVG,L7D,DEBIT,BEHAVIORAL,False,,SAFE,AMOUNT|DEBIT|DEV_TOTAL_VS_AVG|NET_BANKING|SHORT_WINDOW|WINDOW_L7D
F2901,D_TA_MOB_BNKING_TXN_L7D,Deviation of total from avg: Mobile Banking Total txns - last 7 to 31D,False,MOBILE_BANKING,DEV_TOTAL_VS_AVG,L7D,BOTH,BEHAVIORAL,False,,SAFE,DEV_TOTAL_VS_AVG|MOBILE_BANKING|SHORT_WINDOW|TRANSACTION_COUNT|WINDOW_L7D
F2902,D_TA_MBNKING_TXN_CR_L7D,Deviation of total from avg: Mobile Banking Total Amount - last 7 to 31D,False,MOBILE_BANKING,DEV_TOTAL_VS_AVG,L7D,CREDIT,BEHAVIORAL,False,,SAFE,AMOUNT|CREDIT|DEV_TOTAL_VS_AVG|MOBILE_BANKING|SHORT_WINDOW|WINDOW_L7D
F2903,D_TA_MBNKING_TXN_DB_L7D,Deviation of total from avg: Mobile Banking Credit txns - last 7 to 31D,False,MOBILE_BANKING,DEV_TOTAL_VS_AVG,L7D,DEBIT,BEHAVIORAL,False,,SAFE,DEBIT|DEV_TOTAL_VS_AVG|MOBILE_BANKING|SHORT_WINDOW|TRANSACTION_COUNT|WINDOW_L7D
F2904,D_TA_MOB_BNKING_AMT_L7D,Deviation of total from avg: Mobile Banking Debit txns - last 7 to 31D,False,MOBILE_BANKING,DEV_TOTAL_VS_AVG,L7D,BOTH,BEHAVIORAL,False,,SAFE,AMOUNT|DEV_TOTAL_VS_AVG|MOBILE_BANKING|SHORT_WINDOW|TRANSACTION_COUNT|WINDOW_L7D
F2905,D_TA_MBNKING_AMT_CR_L7D,Deviation of total from avg: Mobile Banking Credit Amount - last 7 to 31D,False,MOBILE_BANKING,DEV_TOTAL_VS_AVG,L7D,CREDIT,BEHAVIORAL,False,,SAFE,AMOUNT|CREDIT|DEV_TOTAL_VS_AVG|MOBILE_BANKING|SHORT_WINDOW|WINDOW_L7D
F2906,D_TA_MBNKING_AMT_DB_L7D,Deviation of total from avg: Mobile Banking Debit Amount - last 7 to 31D,False,MOBILE_BANKING,DEV_TOTAL_VS_AVG,L7D,DEBIT,BEHAVIORAL,False,,SAFE,AMOUNT|DEBIT|DEV_TOTAL_VS_AVG|MOBILE_BANKING|SHORT_WINDOW|WINDOW_L7D
F2907,D_TA_POS_PYMT_TXN_L7D,Deviation of total from avg: Merchant Payment Total txns - last 7 to 31D,False,POS_MERCHANT,DEV_TOTAL_VS_AVG,L7D,BOTH,BEHAVIORAL,False,,SAFE,DEV_TOTAL_VS_AVG|POS_MERCHANT|SHORT_WINDOW|TRANSACTION_COUNT|WINDOW_L7D
F2908,D_TA_POS_PYMT_TXN_CR_L7D,Deviation of total from avg: Merchant Payment Credit txns - last 7 to 31D,False,POS_MERCHANT,DEV_TOTAL_VS_AVG,L7D,CREDIT,BEHAVIORAL,False,,SAFE,CREDIT|DEV_TOTAL_VS_AVG|POS_MERCHANT|SHORT_WINDOW|TRANSACTION_COUNT|WINDOW_L7D
F2909,D_TA_POS_PYMT_TXN_DB_L7D,Deviation of total from avg: Merchant Payment Debit txns - last 7 to 31D,False,POS_MERCHANT,DEV_TOTAL_VS_AVG,L7D,DEBIT,BEHAVIORAL,False,,SAFE,DEBIT|DEV_TOTAL_VS_AVG|POS_MERCHANT|SHORT_WINDOW|TRANSACTION_COUNT|WINDOW_L7D
F2910,D_TA_POS_PYMT_AMT_L7D,Deviation of total from avg: Merchant Payment Total Amount - last 7 to 31D,False,POS_MERCHANT,DEV_TOTAL_VS_AVG,L7D,BOTH,BEHAVIORAL,False,,SAFE,AMOUNT|DEV_TOTAL_VS_AVG|POS_MERCHANT|SHORT_WINDOW|WINDOW_L7D
F2911,D_TA_POS_PYMT_AMT_CR_L7D,Deviation of total from avg: Merchant Payment Credit Amount - last 7 to 31D,False,POS_MERCHANT,DEV_TOTAL_VS_AVG,L7D,CREDIT,BEHAVIORAL,False,,SAFE,AMOUNT|CREDIT|DEV_TOTAL_VS_AVG|POS_MERCHANT|SHORT_WINDOW|WINDOW_L7D
F2912,D_TA_POS_PYMT_AMT_DB_L7D,Deviation of total from avg: Merchant Payment Debit Amount - last 7 to 31D,False,POS_MERCHANT,DEV_TOTAL_VS_AVG,L7D,DEBIT,BEHAVIORAL,False,,SAFE,AMOUNT|DEBIT|DEV_TOTAL_VS_AVG|POS_MERCHANT|SHORT_WINDOW|WINDOW_L7D
F2913,D_TA_BBPS_TXN_L7D,Deviation of total from avg: Bharat Bill Payment System Total txns - last 7 to 31D,False,BBPS,DEV_TOTAL_VS_AVG,L7D,BOTH,BEHAVIORAL,False,,SAFE,BBPS|DEV_TOTAL_VS_AVG|SHORT_WINDOW|TRANSACTION_COUNT|WINDOW_L7D
F2914,D_TA_BBPS_TXN_CR_L7D,Deviation of total from avg: Bharat Bill Payment System Credit txns - last 7 to 31D,False,BBPS,DEV_TOTAL_VS_AVG,L7D,CREDIT,BEHAVIORAL,False,,SAFE,BBPS|CREDIT|DEV_TOTAL_VS_AVG|SHORT_WINDOW|TRANSACTION_COUNT|WINDOW_L7D
F2915,D_TA_BBPS_TXN_DB_L7D,Deviation of total from avg: Bharat Bill Payment System Debit txns - last 7 to 31D,False,BBPS,DEV_TOTAL_VS_AVG,L7D,DEBIT,BEHAVIORAL,False,,SAFE,BBPS|DEBIT|DEV_TOTAL_VS_AVG|SHORT_WINDOW|TRANSACTION_COUNT|WINDOW_L7D
F2916,D_TA_BBPS_AMT_L7D,Deviation of total from avg: Bharat Bill Payment System Total Amount - last 7 to 31D,False,BBPS,DEV_TOTAL_VS_AVG,L7D,BOTH,BEHAVIORAL,False,,SAFE,AMOUNT|BBPS|DEV_TOTAL_VS_AVG|SHORT_WINDOW|WINDOW_L7D
F2917,D_TA_BBPS_AMT_CR_L7D,Deviation of total from avg: Bharat Bill Payment System Credit Amount - last 7 to 31D,False,BBPS,DEV_TOTAL_VS_AVG,L7D,CREDIT,BEHAVIORAL,False,,SAFE,AMOUNT|BBPS|CREDIT|DEV_TOTAL_VS_AVG|SHORT_WINDOW|WINDOW_L7D
F2918,D_TA_BBPS_AMT_DB_L7D,Deviation of total from avg: Bharat Bill Payment System Debit Amount - last 7 to 31D,False,BBPS,DEV_TOTAL_VS_AVG,L7D,DEBIT,BEHAVIORAL,False,,SAFE,AMOUNT|BBPS|DEBIT|DEV_TOTAL_VS_AVG|SHORT_WINDOW|WINDOW_L7D
F2919,D_TA_APB_TXN_L7D,Deviation of total from avg: Aadhar Payment Bridge Total txns - last 7 to 31D,False,AADHAAR_PAYMENT_BRIDGE,DEV_TOTAL_VS_AVG,L7D,BOTH,BEHAVIORAL,False,,SAFE,AADHAAR_PAYMENT_BRIDGE|DEV_TOTAL_VS_AVG|SHORT_WINDOW|TRANSACTION_COUNT|WINDOW_L7D
F2920,D_TA_APB_TXN_CR_L7D,Deviation of total from avg: Aadhar Payment Bridge Credit txns - last 7 to 31D,False,AADHAAR_PAYMENT_BRIDGE,DEV_TOTAL_VS_AVG,L7D,CREDIT,BEHAVIORAL,False,,SAFE,AADHAAR_PAYMENT_BRIDGE|CREDIT|DEV_TOTAL_VS_AVG|SHORT_WINDOW|TRANSACTION_COUNT|WINDOW_L7D
F2921,D_TA_APB_TXN_DB_L7D,Deviation of total from avg: Aadhar Payment Bridge Debit txns - last 7 to 31D,False,AADHAAR_PAYMENT_BRIDGE,DEV_TOTAL_VS_AVG,L7D,DEBIT,BEHAVIORAL,False,,SAFE,AADHAAR_PAYMENT_BRIDGE|DEBIT|DEV_TOTAL_VS_AVG|SHORT_WINDOW|TRANSACTION_COUNT|WINDOW_L7D
F2922,D_TA_APB_AMT_L7D,Deviation of total from avg: Aadhar Payment Bridge Total Amount - last 7 to 31D,False,AADHAAR_PAYMENT_BRIDGE,DEV_TOTAL_VS_AVG,L7D,BOTH,BEHAVIORAL,False,,SAFE,AADHAAR_PAYMENT_BRIDGE|AMOUNT|DEV_TOTAL_VS_AVG|SHORT_WINDOW|WINDOW_L7D
F2923,D_TA_APB_AMT_CR_L7D,Deviation of total from avg: Aadhar Payment Bridge Credit Amount - last 7 to 31D,False,AADHAAR_PAYMENT_BRIDGE,DEV_TOTAL_VS_AVG,L7D,CREDIT,BEHAVIORAL,False,,SAFE,AADHAAR_PAYMENT_BRIDGE|AMOUNT|CREDIT|DEV_TOTAL_VS_AVG|SHORT_WINDOW|WINDOW_L7D
F2924,D_TA_APB_AMT_DB_L7D,Deviation of total from avg: Aadhar Payment Bridge Debit Amount - last 7 to 31D,False,AADHAAR_PAYMENT_BRIDGE,DEV_TOTAL_VS_AVG,L7D,DEBIT,BEHAVIORAL,False,,SAFE,AADHAAR_PAYMENT_BRIDGE|AMOUNT|DEBIT|DEV_TOTAL_VS_AVG|SHORT_WINDOW|WINDOW_L7D
F2925,D_TA_LOAN_TXN_L7D,Deviation of total from avg: Loan Total txns - last 7 to 31D,False,LOAN,DEV_TOTAL_VS_AVG,L7D,BOTH,BEHAVIORAL,False,,SAFE,DEV_TOTAL_VS_AVG|LOAN|SHORT_WINDOW|TRANSACTION_COUNT|WINDOW_L7D
F2926,D_TA_LOAN_TXN_CR_L7D,Deviation of total from avg: Loan Credit txns - last 7 to 31D,False,LOAN,DEV_TOTAL_VS_AVG,L7D,CREDIT,BEHAVIORAL,False,,SAFE,CREDIT|DEV_TOTAL_VS_AVG|LOAN|SHORT_WINDOW|TRANSACTION_COUNT|WINDOW_L7D
F2927,D_TA_LOAN_TXN_DB_L7D,Deviation of total from avg: Loan Debit txns - last 7 to 31D,False,LOAN,DEV_TOTAL_VS_AVG,L7D,DEBIT,BEHAVIORAL,False,,SAFE,DEBIT|DEV_TOTAL_VS_AVG|LOAN|SHORT_WINDOW|TRANSACTION_COUNT|WINDOW_L7D
F2928,D_TA_LOAN_AMT_L7D,Deviation of total from avg: Loan Total Amount - last 7 to 31D,False,LOAN,DEV_TOTAL_VS_AVG,L7D,BOTH,BEHAVIORAL,False,,SAFE,AMOUNT|DEV_TOTAL_VS_AVG|LOAN|SHORT_WINDOW|WINDOW_L7D
F2929,D_TA_LOAN_AMT_CR_L7D,Deviation of total from avg: Loan Credit Amount - last 7 to 31D,False,LOAN,DEV_TOTAL_VS_AVG,L7D,CREDIT,BEHAVIORAL,False,,SAFE,AMOUNT|CREDIT|DEV_TOTAL_VS_AVG|LOAN|SHORT_WINDOW|WINDOW_L7D
F2930,D_TA_LOAN_AMT_DB_L7D,Deviation of total from avg: Loan Debit Amount - last 7 to 31D,False,LOAN,DEV_TOTAL_VS_AVG,L7D,DEBIT,BEHAVIORAL,False,,SAFE,AMOUNT|DEBIT|DEV_TOTAL_VS_AVG|LOAN|SHORT_WINDOW|WINDOW_L7D
F2931,D_TA_STDNG_INSTR_L7D,Deviation of total from avg: Standing Instruction Total txns - last 7 to 31D,False,STANDING_INSTRUCTION,DEV_TOTAL_VS_AVG,L7D,BOTH,BEHAVIORAL,False,,SAFE,DEV_TOTAL_VS_AVG|SHORT_WINDOW|STANDING_INSTRUCTION|TRANSACTION_COUNT|WINDOW_L7D
F2932,D_TA_STDNG_INSTR_CR_TXN_L7D,Deviation of total from avg: Standing Instruction Credit txns - last 7 to 31D,False,STANDING_INSTRUCTION,DEV_TOTAL_VS_AVG,L7D,CREDIT,BEHAVIORAL,False,,SAFE,CREDIT|DEV_TOTAL_VS_AVG|SHORT_WINDOW|STANDING_INSTRUCTION|TRANSACTION_COUNT|WINDOW_L7D
F2933,D_TA_STDNG_INSTR_DB_TXN_L7D,Deviation of total from avg: Standing Instruction Debit txns - last 7 to 31D,False,STANDING_INSTRUCTION,DEV_TOTAL_VS_AVG,L7D,DEBIT,BEHAVIORAL,False,,SAFE,DEBIT|DEV_TOTAL_VS_AVG|SHORT_WINDOW|STANDING_INSTRUCTION|TRANSACTION_COUNT|WINDOW_L7D
F2934,D_TA_STDNG_INSTR_AMT_L7D,Deviation of total from avg: Standing Instruction Total Amount - last 7 to 31D,False,STANDING_INSTRUCTION,DEV_TOTAL_VS_AVG,L7D,BOTH,BEHAVIORAL,False,,SAFE,AMOUNT|DEV_TOTAL_VS_AVG|SHORT_WINDOW|STANDING_INSTRUCTION|WINDOW_L7D
F2935,D_TA_STDNG_INSTR_AMT_CR_L7D,Deviation of total from avg: Standing Instruction Credit Amount - last 7 to 31D,False,STANDING_INSTRUCTION,DEV_TOTAL_VS_AVG,L7D,CREDIT,BEHAVIORAL,False,,SAFE,AMOUNT|CREDIT|DEV_TOTAL_VS_AVG|SHORT_WINDOW|STANDING_INSTRUCTION|WINDOW_L7D
F2936,D_TA_STDNG_INSTR_AMT_DB_L7D,Deviation of total from avg: Standing Instruction Debit Amount - last 7 to 31D,False,STANDING_INSTRUCTION,DEV_TOTAL_VS_AVG,L7D,DEBIT,BEHAVIORAL,False,,SAFE,AMOUNT|DEBIT|DEV_TOTAL_VS_AVG|SHORT_WINDOW|STANDING_INSTRUCTION|WINDOW_L7D
F2937,D_TA_CASH_TXN_L14D,Deviation of total from avg: Cash Total txns - last 14 to 31D,False,CASH,DEV_TOTAL_VS_AVG,L14D,BOTH,BEHAVIORAL,False,,SAFE,CASH|DEV_TOTAL_VS_AVG|TRANSACTION_COUNT|WINDOW_L14D
F2938,D_TA_CASH_TXN_CR_L14D,Deviation of total from avg: Cash Credit txns - last 14 to 31D,False,CASH,DEV_TOTAL_VS_AVG,L14D,CREDIT,BEHAVIORAL,False,,SAFE,CASH|CREDIT|DEV_TOTAL_VS_AVG|TRANSACTION_COUNT|WINDOW_L14D
F2939,D_TA_CASH_TXN_DB_L14D,Deviation of total from avg: Cash Debit txns - last 14 to 31D,False,CASH,DEV_TOTAL_VS_AVG,L14D,DEBIT,BEHAVIORAL,False,,SAFE,CASH|DEBIT|DEV_TOTAL_VS_AVG|TRANSACTION_COUNT|WINDOW_L14D
F2940,D_TA_CASH_AMT_L14D,Deviation of total from avg: Cash Total Amount - last 14 to 31D,False,CASH,DEV_TOTAL_VS_AVG,L14D,BOTH,BEHAVIORAL,False,,SAFE,AMOUNT|CASH|DEV_TOTAL_VS_AVG|WINDOW_L14D
F2941,D_TA_CASH_AMT_CR_L14D,Deviation of total from avg: Cash Credit Amount - last 14 to 31D,False,CASH,DEV_TOTAL_VS_AVG,L14D,CREDIT,BEHAVIORAL,False,,SAFE,AMOUNT|CASH|CREDIT|DEV_TOTAL_VS_AVG|WINDOW_L14D
F2942,D_TA_CASH_AMT_DB_L14D,Deviation of total from avg: Cash Debit Amount - last 14 to 31D,False,CASH,DEV_TOTAL_VS_AVG,L14D,DEBIT,BEHAVIORAL,False,,SAFE,AMOUNT|CASH|DEBIT|DEV_TOTAL_VS_AVG|WINDOW_L14D
F2943,D_TA_CHQ_TXN_L14D,Deviation of total from avg: Cheque Total txns - last 14 to 31D,False,CHEQUE,DEV_TOTAL_VS_AVG,L14D,BOTH,BEHAVIORAL,False,,SAFE,CHEQUE|DEV_TOTAL_VS_AVG|TRANSACTION_COUNT|WINDOW_L14D
F2944,D_TA_CHQ_TXN_CR_L14D,Deviation of total from avg: Cheque Credit txns - last 14 to 31D,False,CHEQUE,DEV_TOTAL_VS_AVG,L14D,CREDIT,BEHAVIORAL,False,,SAFE,CHEQUE|CREDIT|DEV_TOTAL_VS_AVG|TRANSACTION_COUNT|WINDOW_L14D
F2945,D_TA_CHQ_TXN_DB_L14D,Deviation of total from avg: Cheque Debit txns - last 14 to 31D,False,CHEQUE,DEV_TOTAL_VS_AVG,L14D,DEBIT,BEHAVIORAL,False,,SAFE,CHEQUE|DEBIT|DEV_TOTAL_VS_AVG|TRANSACTION_COUNT|WINDOW_L14D
F2946,D_TA_CHQ_AMT_L14D,Deviation of total from avg: Cheque Total Amount - last 14 to 31D,False,CHEQUE,DEV_TOTAL_VS_AVG,L14D,BOTH,BEHAVIORAL,False,,SAFE,AMOUNT|CHEQUE|DEV_TOTAL_VS_AVG|WINDOW_L14D
F2947,D_TA_CHQ_AMT_CR_L14D,Deviation of total from avg: Cheque Credit Amount - last 14 to 31D,False,CHEQUE,DEV_TOTAL_VS_AVG,L14D,CREDIT,BEHAVIORAL,False,,SAFE,AMOUNT|CHEQUE|CREDIT|DEV_TOTAL_VS_AVG|WINDOW_L14D
F2948,D_TA_CHQ_AMT_DB_L14D,Deviation of total from avg: Cheque Debit Amount - last 14 to 31D,False,CHEQUE,DEV_TOTAL_VS_AVG,L14D,DEBIT,BEHAVIORAL,False,,SAFE,AMOUNT|CHEQUE|DEBIT|DEV_TOTAL_VS_AVG|WINDOW_L14D
F2949,D_TA_NON_CASH_CHQ_TXN_L14D,Deviation of total from avg: Non Cash Non Cheque Total txns - last 14 to 31D,False,NON_CASH_CHQ,DEV_TOTAL_VS_AVG,L14D,BOTH,BEHAVIORAL,False,,SAFE,DEV_TOTAL_VS_AVG|NON_CASH_CHQ|TRANSACTION_COUNT|WINDOW_L14D
F2950,D_TA_NON_CASH_CHQ_TXN_CR_L14D,Deviation of total from avg: Non Cash Non Cheque Credit txns - last 14 to 31D,False,NON_CASH_CHQ,DEV_TOTAL_VS_AVG,L14D,CREDIT,BEHAVIORAL,False,,SAFE,CREDIT|DEV_TOTAL_VS_AVG|NON_CASH_CHQ|TRANSACTION_COUNT|WINDOW_L14D
F2951,D_TA_NON_CASH_CHQ_TXN_DB_L14D,Deviation of total from avg: Non Cash Non Cheque Debit txns - last 14 to 31D,False,NON_CASH_CHQ,DEV_TOTAL_VS_AVG,L14D,DEBIT,BEHAVIORAL,False,,SAFE,DEBIT|DEV_TOTAL_VS_AVG|NON_CASH_CHQ|TRANSACTION_COUNT|WINDOW_L14D
F2952,D_TA_NON_CASH_CHQ_AMT_L14D,Deviation of total from avg: Non Cash Non Cheque Total Amount - last 14 to 31D,False,NON_CASH_CHQ,DEV_TOTAL_VS_AVG,L14D,BOTH,BEHAVIORAL,False,,SAFE,AMOUNT|DEV_TOTAL_VS_AVG|NON_CASH_CHQ|WINDOW_L14D
F2953,D_TA_NON_CASH_CHQ_AMT_CR_L14D,Deviation of total from avg: Non Cash Non Cheque Credit Amount - last 14 to 31D,False,NON_CASH_CHQ,DEV_TOTAL_VS_AVG,L14D,CREDIT,BEHAVIORAL,False,,SAFE,AMOUNT|CREDIT|DEV_TOTAL_VS_AVG|NON_CASH_CHQ|WINDOW_L14D
F2954,D_TA_NON_CASH_CHQ_AMT_DB_L14D,Deviation of total from avg: Non Cash Non Cheque Debit Amount - last 14 to 31D,False,NON_CASH_CHQ,DEV_TOTAL_VS_AVG,L14D,DEBIT,BEHAVIORAL,False,,SAFE,AMOUNT|DEBIT|DEV_TOTAL_VS_AVG|NON_CASH_CHQ|WINDOW_L14D
F2955,D_TA_CI_NON_CASH_CHQ_TXN_L14D,Deviation of total from avg: Customer Induced Non Cash Non Cheque Total txns - last 14 to 31D,False,NON_CASH_CHQ,DEV_TOTAL_VS_AVG,L14D,BOTH,BEHAVIORAL,False,,SAFE,DEV_TOTAL_VS_AVG|NON_CASH_CHQ|TRANSACTION_COUNT|WINDOW_L14D
F2956,D_TA_CI_NON_CASH_CHQ_TXN_CR_L14D,Deviation of total from avg: Customer Induced Non Cash Non Cheque Credit txns - last 14 to 31D,True,NON_CASH_CHQ,DEV_TOTAL_VS_AVG,L14D,CREDIT,BEHAVIORAL,False,,SAFE,CREDIT|DEV_TOTAL_VS_AVG|NON_CASH_CHQ|TRANSACTION_COUNT|WINDOW_L14D
F2957,D_TA_CI_NON_CASH_CHQ_TXN_DB_L14D,Deviation of total from avg: Customer Induced Non Cash Non Cheque Debit txns - last 14 to 31D,False,NON_CASH_CHQ,DEV_TOTAL_VS_AVG,L14D,DEBIT,BEHAVIORAL,False,,SAFE,DEBIT|DEV_TOTAL_VS_AVG|NON_CASH_CHQ|TRANSACTION_COUNT|WINDOW_L14D
F2958,D_TA_CI_NON_CASH_CHQ_AMT_L14D,Deviation of total from avg: Customer Induced Non Cash Non Cheque Total Amount - last 14 to 31D,False,NON_CASH_CHQ,DEV_TOTAL_VS_AVG,L14D,BOTH,BEHAVIORAL,False,,SAFE,AMOUNT|DEV_TOTAL_VS_AVG|NON_CASH_CHQ|WINDOW_L14D
F2959,D_TA_CI_NON_CASH_CHQ_AMT_CR_L14D,Deviation of total from avg: Customer Induced Non Cash Non Cheque Credit Amount - last 14 to 31D,False,NON_CASH_CHQ,DEV_TOTAL_VS_AVG,L14D,CREDIT,BEHAVIORAL,False,,SAFE,AMOUNT|CREDIT|DEV_TOTAL_VS_AVG|NON_CASH_CHQ|WINDOW_L14D
F2960,D_TA_CI_NON_CASH_CHQ_AMT_DB_L14D,Deviation of total from avg: Customer Induced Non Cash Non Cheque Debit Amount - last 14 to 31D,False,NON_CASH_CHQ,DEV_TOTAL_VS_AVG,L14D,DEBIT,BEHAVIORAL,False,,SAFE,AMOUNT|DEBIT|DEV_TOTAL_VS_AVG|NON_CASH_CHQ|WINDOW_L14D
F2961,D_TA_CI_TXN_L14D,Deviation of total from avg: Customer Induced Total txns - last 14 to 31D,False,CASH_INTENSIVE,DEV_TOTAL_VS_AVG,L14D,BOTH,BEHAVIORAL,False,,SAFE,CASH_INTENSIVE|DEV_TOTAL_VS_AVG|TRANSACTION_COUNT|WINDOW_L14D
F2962,D_TA_CI_TXN_CR_L14D,Deviation of total from avg: Customer Induced Credit txns - last 14 to 31D,False,CASH_INTENSIVE,DEV_TOTAL_VS_AVG,L14D,CREDIT,BEHAVIORAL,False,,SAFE,CASH_INTENSIVE|CREDIT|DEV_TOTAL_VS_AVG|TRANSACTION_COUNT|WINDOW_L14D
F2963,D_TA_CI_TXN_DB_L14D,Deviation of total from avg: Customer Induced Debit txns - last 14 to 31D,False,CASH_INTENSIVE,DEV_TOTAL_VS_AVG,L14D,DEBIT,BEHAVIORAL,False,,SAFE,CASH_INTENSIVE|DEBIT|DEV_TOTAL_VS_AVG|TRANSACTION_COUNT|WINDOW_L14D
F2964,D_TA_CI_AMT_L14D,Deviation of total from avg: Customer Induced Total Amount - last 14 to 31D,False,CASH_INTENSIVE,DEV_TOTAL_VS_AVG,L14D,BOTH,BEHAVIORAL,False,,SAFE,AMOUNT|CASH_INTENSIVE|DEV_TOTAL_VS_AVG|WINDOW_L14D
F2965,D_TA_CI_AMT_CR_L14D,Deviation of total from avg: Customer Induced Credit Amount - last 14 to 31D,False,CASH_INTENSIVE,DEV_TOTAL_VS_AVG,L14D,CREDIT,BEHAVIORAL,False,,SAFE,AMOUNT|CASH_INTENSIVE|CREDIT|DEV_TOTAL_VS_AVG|WINDOW_L14D
F2966,D_TA_CI_AMT_DB_L14D,Deviation of total from avg: Customer Induced Debit Amount - last 14 to 31D,False,CASH_INTENSIVE,DEV_TOTAL_VS_AVG,L14D,DEBIT,BEHAVIORAL,False,,SAFE,AMOUNT|CASH_INTENSIVE|DEBIT|DEV_TOTAL_VS_AVG|WINDOW_L14D
F2967,D_TA_ATM_TXN_L14D,Deviation of total from avg: ATM Total txns - last 14 to 31D,False,ATM,DEV_TOTAL_VS_AVG,L14D,BOTH,BEHAVIORAL,False,,SAFE,ATM|DEV_TOTAL_VS_AVG|TRANSACTION_COUNT|WINDOW_L14D
F2968,D_TA_ATM_TXN_CR_L14D,Deviation of total from avg: ATM Credit txns - last 14 to 31D,False,ATM,DEV_TOTAL_VS_AVG,L14D,CREDIT,BEHAVIORAL,False,,SAFE,ATM|CREDIT|DEV_TOTAL_VS_AVG|TRANSACTION_COUNT|WINDOW_L14D
F2969,D_TA_ATM_TXN_DB_L14D,Deviation of total from avg: ATM Debit txns - last 14 to 31D,False,ATM,DEV_TOTAL_VS_AVG,L14D,DEBIT,BEHAVIORAL,False,,SAFE,ATM|DEBIT|DEV_TOTAL_VS_AVG|TRANSACTION_COUNT|WINDOW_L14D
F2970,D_TA_ATM_AMT_L14D,Deviation of total from avg: ATM Total Amount - last 14 to 31D,False,ATM,DEV_TOTAL_VS_AVG,L14D,BOTH,BEHAVIORAL,False,,SAFE,AMOUNT|ATM|DEV_TOTAL_VS_AVG|WINDOW_L14D
F2971,D_TA_ATM_AMT_CR_L14D,Deviation of total from avg: ATM Credit Amount - last 14 to 31D,False,ATM,DEV_TOTAL_VS_AVG,L14D,CREDIT,BEHAVIORAL,False,,SAFE,AMOUNT|ATM|CREDIT|DEV_TOTAL_VS_AVG|WINDOW_L14D
F2972,D_TA_ATM_AMT_DB_L14D,Deviation of total from avg: ATM Debit Amount - last 14 to 31D,False,ATM,DEV_TOTAL_VS_AVG,L14D,DEBIT,BEHAVIORAL,False,,SAFE,AMOUNT|ATM|DEBIT|DEV_TOTAL_VS_AVG|WINDOW_L14D
F2973,D_TA_BI_FEES_CHRGS_TXN_L14D,Deviation of total from avg: Bank Induced Fees Charges Total txns - last 14 to 31D,False,FEES_AND_CHARGES,DEV_TOTAL_VS_AVG,L14D,BOTH,BEHAVIORAL,False,,SAFE,DEV_TOTAL_VS_AVG|FEES_AND_CHARGES|TRANSACTION_COUNT|WINDOW_L14D
F2974,D_TA_BI_FEES_CHRGS_TXN_CR_L14D,Deviation of total from avg: Bank Induced Fees Charges Credit txns - last 14 to 31D,False,FEES_AND_CHARGES,DEV_TOTAL_VS_AVG,L14D,CREDIT,BEHAVIORAL,False,,SAFE,CREDIT|DEV_TOTAL_VS_AVG|FEES_AND_CHARGES|TRANSACTION_COUNT|WINDOW_L14D
F2975,D_TA_BI_FEES_CHRGS_TXN_DB_L14D,Deviation of total from avg: Bank Induced Fees Charges Debit txns - last 14 to 31D,False,FEES_AND_CHARGES,DEV_TOTAL_VS_AVG,L14D,DEBIT,BEHAVIORAL,False,,SAFE,DEBIT|DEV_TOTAL_VS_AVG|FEES_AND_CHARGES|TRANSACTION_COUNT|WINDOW_L14D
F2976,D_TA_BI_FEES_CHRGS_AMT_L14D,Deviation of total from avg: Bank Induced Fees Charges Total Amount - last 14 to 31D,False,FEES_AND_CHARGES,DEV_TOTAL_VS_AVG,L14D,BOTH,BEHAVIORAL,False,,SAFE,AMOUNT|DEV_TOTAL_VS_AVG|FEES_AND_CHARGES|WINDOW_L14D
F2977,D_TA_BI_FEES_CHRGS_AMT_CR_L14D,Deviation of total from avg: Bank Induced Fees Charges Credit Amount - last 14 to 31D,False,FEES_AND_CHARGES,DEV_TOTAL_VS_AVG,L14D,CREDIT,BEHAVIORAL,False,,SAFE,AMOUNT|CREDIT|DEV_TOTAL_VS_AVG|FEES_AND_CHARGES|WINDOW_L14D
F2978,D_TA_BI_FEES_CHRGS_AMT_DB_L14D,Deviation of total from avg: Bank Induced Fees Charges Debit Amount - last 14 to 31D,False,FEES_AND_CHARGES,DEV_TOTAL_VS_AVG,L14D,DEBIT,BEHAVIORAL,False,,SAFE,AMOUNT|DEBIT|DEV_TOTAL_VS_AVG|FEES_AND_CHARGES|WINDOW_L14D
F2979,D_TA_CI_FEES_CHRGS_TXN_L14D,Deviation of total from avg: Customer Induced Fees Charges Total txns - last 14 to 31D,False,FEES_AND_CHARGES,DEV_TOTAL_VS_AVG,L14D,BOTH,BEHAVIORAL,False,,SAFE,DEV_TOTAL_VS_AVG|FEES_AND_CHARGES|TRANSACTION_COUNT|WINDOW_L14D
F2980,D_TA_CI_FEES_CHRGS_TXN_CR_L14D,Deviation of total from avg: Customer Induced Fees Charges Credit txns - last 14 to 31D,False,FEES_AND_CHARGES,DEV_TOTAL_VS_AVG,L14D,CREDIT,BEHAVIORAL,False,,SAFE,CREDIT|DEV_TOTAL_VS_AVG|FEES_AND_CHARGES|TRANSACTION_COUNT|WINDOW_L14D
F2981,D_TA_CI_FEES_CHRGS_TXN_DB_L14D,Deviation of total from avg: Customer Induced Fees Charges Debit txns - last 14 to 31D,False,FEES_AND_CHARGES,DEV_TOTAL_VS_AVG,L14D,DEBIT,BEHAVIORAL,False,,SAFE,DEBIT|DEV_TOTAL_VS_AVG|FEES_AND_CHARGES|TRANSACTION_COUNT|WINDOW_L14D
F2982,D_TA_CI_FEES_CHRGS_AMT_L14D,Deviation of total from avg: Customer Induced Fees Charges Total Amount - last 14 to 31D,False,FEES_AND_CHARGES,DEV_TOTAL_VS_AVG,L14D,BOTH,BEHAVIORAL,False,,SAFE,AMOUNT|DEV_TOTAL_VS_AVG|FEES_AND_CHARGES|WINDOW_L14D
F2983,D_TA_CI_FEES_CHRGS_AMT_CR_L14D,Deviation of total from avg: Customer Induced Fees Charges Credit Amount - last 14 to 31D,False,FEES_AND_CHARGES,DEV_TOTAL_VS_AVG,L14D,CREDIT,BEHAVIORAL,False,,SAFE,AMOUNT|CREDIT|DEV_TOTAL_VS_AVG|FEES_AND_CHARGES|WINDOW_L14D
F2984,D_TA_CI_FEES_CHRGS_AMT_DB_L14D,Deviation of total from avg: Customer Induced Fees Charges Debit Amount - last 14 to 31D,False,FEES_AND_CHARGES,DEV_TOTAL_VS_AVG,L14D,DEBIT,BEHAVIORAL,False,,SAFE,AMOUNT|DEBIT|DEV_TOTAL_VS_AVG|FEES_AND_CHARGES|WINDOW_L14D
F2985,D_TA_GST_TXN_L14D,Deviation of total from avg: GST Total txns - last 14 to 31D,False,GST,DEV_TOTAL_VS_AVG,L14D,BOTH,BEHAVIORAL,False,,SAFE,DEV_TOTAL_VS_AVG|GST|TRANSACTION_COUNT|WINDOW_L14D
F2986,D_TA_GST_TXN_CR_L14D,Deviation of total from avg: GST Credit txns - last 14 to 31D,False,GST,DEV_TOTAL_VS_AVG,L14D,CREDIT,BEHAVIORAL,False,,SAFE,CREDIT|DEV_TOTAL_VS_AVG|GST|TRANSACTION_COUNT|WINDOW_L14D
F2987,D_TA_GST_TXN_DB_L14D,Deviation of total from avg: GST Debit txns - last 14 to 31D,False,GST,DEV_TOTAL_VS_AVG,L14D,DEBIT,BEHAVIORAL,False,,SAFE,DEBIT|DEV_TOTAL_VS_AVG|GST|TRANSACTION_COUNT|WINDOW_L14D
F2988,D_TA_GST_AMT_L14D,Deviation of total from avg: GST Total Amount - last 14 to 31D,False,GST,DEV_TOTAL_VS_AVG,L14D,BOTH,BEHAVIORAL,False,,SAFE,AMOUNT|DEV_TOTAL_VS_AVG|GST|WINDOW_L14D
F2989,D_TA_GST_AMT_CR_L14D,Deviation of total from avg: GST Credit Amount - last 14 to 31D,False,GST,DEV_TOTAL_VS_AVG,L14D,CREDIT,BEHAVIORAL,False,,SAFE,AMOUNT|CREDIT|DEV_TOTAL_VS_AVG|GST|WINDOW_L14D
F2990,D_TA_GST_AMT_DB_L14D,Deviation of total from avg: GST Debit Amount - last 14 to 31D,False,GST,DEV_TOTAL_VS_AVG,L14D,DEBIT,BEHAVIORAL,False,,SAFE,AMOUNT|DEBIT|DEV_TOTAL_VS_AVG|GST|WINDOW_L14D
F2991,D_TA_ELEC_XFER_TXN_L14D,Deviation of total from avg: Online Transfer (IMPS+NEFT+RTGS) Total txns - last 14 to 31D,False,ELEC_XFER,DEV_TOTAL_VS_AVG,L14D,BOTH,BEHAVIORAL,False,,SAFE,DEV_TOTAL_VS_AVG|ELEC_XFER|TRANSACTION_COUNT|WINDOW_L14D
F2992,D_TA_ELEC_XFER_TXN_CR_L14D,Deviation of total from avg: Online Transfer (IMPS+NEFT+RTGS) Credit txns - last 14 to 31D,False,ELEC_XFER,DEV_TOTAL_VS_AVG,L14D,CREDIT,BEHAVIORAL,False,,SAFE,CREDIT|DEV_TOTAL_VS_AVG|ELEC_XFER|TRANSACTION_COUNT|WINDOW_L14D
F2993,D_TA_ELEC_XFER_TXN_DB_L14D,Deviation of total from avg: Online Transfer (IMPS+NEFT+RTGS) Debit txns - last 14 to 31D,False,ELEC_XFER,DEV_TOTAL_VS_AVG,L14D,DEBIT,BEHAVIORAL,False,,SAFE,DEBIT|DEV_TOTAL_VS_AVG|ELEC_XFER|TRANSACTION_COUNT|WINDOW_L14D
F2994,D_TA_ELEC_XFER_AMT_L14D,Deviation of total from avg: Online Transfer (IMPS+NEFT+RTGS) Total Amount - last 14 to 31D,False,ELEC_XFER,DEV_TOTAL_VS_AVG,L14D,BOTH,BEHAVIORAL,False,,SAFE,AMOUNT|DEV_TOTAL_VS_AVG|ELEC_XFER|WINDOW_L14D
F2995,D_TA_ELEC_XFER_AMT_CR_L14D,Deviation of total from avg: Online Transfer (IMPS+NEFT+RTGS) Credit Amount - last 14 to 31D,False,ELEC_XFER,DEV_TOTAL_VS_AVG,L14D,CREDIT,BEHAVIORAL,False,,SAFE,AMOUNT|CREDIT|DEV_TOTAL_VS_AVG|ELEC_XFER|WINDOW_L14D
F2996,D_TA_ELEC_XFER_AMT_DB_L14D,Deviation of total from avg: Online Transfer (IMPS+NEFT+RTGS) Debit Amount - last 14 to 31D,False,ELEC_XFER,DEV_TOTAL_VS_AVG,L14D,DEBIT,BEHAVIORAL,False,,SAFE,AMOUNT|DEBIT|DEV_TOTAL_VS_AVG|ELEC_XFER|WINDOW_L14D
F2997,D_TA_UPI_XFER_TXN_L14D,Deviation of total from avg: UPI  Total txns - last 14 to 31D,False,UPI_XFER,DEV_TOTAL_VS_AVG,L14D,BOTH,BEHAVIORAL,False,,SAFE,DEV_TOTAL_VS_AVG|TRANSACTION_COUNT|UPI_XFER|WINDOW_L14D
F2998,D_TA_UPI_TXN_CR_L14D,Deviation of total from avg: UPI  Total Amount - last 14 to 31D,False,UPI,DEV_TOTAL_VS_AVG,L14D,CREDIT,BEHAVIORAL,False,,SAFE,AMOUNT|CREDIT|DEV_TOTAL_VS_AVG|UPI|WINDOW_L14D
F2999,D_TA_UPI_TXN_DB_L14D,Deviation of total from avg: UPI  Credit txns - last 14 to 31D,False,UPI,DEV_TOTAL_VS_AVG,L14D,DEBIT,BEHAVIORAL,False,,SAFE,DEBIT|DEV_TOTAL_VS_AVG|TRANSACTION_COUNT|UPI|WINDOW_L14D
F3000,D_TA_UPI_XFER_AMT_L14D,Deviation of total from avg: UPI  Debit txns - last 14 to 31D,False,UPI_XFER,DEV_TOTAL_VS_AVG,L14D,BOTH,BEHAVIORAL,False,,SAFE,AMOUNT|DEV_TOTAL_VS_AVG|TRANSACTION_COUNT|UPI_XFER|WINDOW_L14D
F3001,D_TA_UPI_AMT_CR_L14D,Deviation of total from avg: UPI  Credit Amount - last 14 to 31D,False,UPI,DEV_TOTAL_VS_AVG,L14D,CREDIT,BEHAVIORAL,False,,SAFE,AMOUNT|CREDIT|DEV_TOTAL_VS_AVG|UPI|WINDOW_L14D
F3002,D_TA_UPI_AMT_DB_L14D,Deviation of total from avg: UPI  Debit Amount - last 14 to 31D,False,UPI,DEV_TOTAL_VS_AVG,L14D,DEBIT,BEHAVIORAL,False,,SAFE,AMOUNT|DEBIT|DEV_TOTAL_VS_AVG|UPI|WINDOW_L14D
F3003,D_TA_NET_BNKING_TXN_L14D,Deviation of total from avg: Net Banking Total txns - last 14 to 31D,False,NET_BANKING,DEV_TOTAL_VS_AVG,L14D,BOTH,BEHAVIORAL,False,,SAFE,DEV_TOTAL_VS_AVG|NET_BANKING|TRANSACTION_COUNT|WINDOW_L14D
F3004,D_TA_NET_BNKING_TXN_CR_L14D,Deviation of total from avg: Net Banking Credit txns - last 14 to 31D,False,NET_BANKING,DEV_TOTAL_VS_AVG,L14D,CREDIT,BEHAVIORAL,False,,SAFE,CREDIT|DEV_TOTAL_VS_AVG|NET_BANKING|TRANSACTION_COUNT|WINDOW_L14D
F3005,D_TA_NET_BNKING_TXN_DB_L14D,Deviation of total from avg: Net Banking Debit txns - last 14 to 31D,False,NET_BANKING,DEV_TOTAL_VS_AVG,L14D,DEBIT,BEHAVIORAL,False,,SAFE,DEBIT|DEV_TOTAL_VS_AVG|NET_BANKING|TRANSACTION_COUNT|WINDOW_L14D
F3006,D_TA_NET_BNKING_AMT_L14D,Deviation of total from avg: Net Banking Total Amount - last 14 to 31D,False,NET_BANKING,DEV_TOTAL_VS_AVG,L14D,BOTH,BEHAVIORAL,False,,SAFE,AMOUNT|DEV_TOTAL_VS_AVG|NET_BANKING|WINDOW_L14D
F3007,D_TA_NET_BNKING_AMT_CR_L14D,Deviation of total from avg: Net Banking Credit Amount - last 14 to 31D,False,NET_BANKING,DEV_TOTAL_VS_AVG,L14D,CREDIT,BEHAVIORAL,False,,SAFE,AMOUNT|CREDIT|DEV_TOTAL_VS_AVG|NET_BANKING|WINDOW_L14D
F3008,D_TA_NET_BNKING_AMT_DB_L14D,Deviation of total from avg: Net Banking Debit Amount - last 14 to 31D,False,NET_BANKING,DEV_TOTAL_VS_AVG,L14D,DEBIT,BEHAVIORAL,False,,SAFE,AMOUNT|DEBIT|DEV_TOTAL_VS_AVG|NET_BANKING|WINDOW_L14D
F3009,D_TA_MOB_BNKING_TXN_L14D,Deviation of total from avg: Mobile Banking Total txns - last 14 to 31D,False,MOBILE_BANKING,DEV_TOTAL_VS_AVG,L14D,BOTH,BEHAVIORAL,False,,SAFE,DEV_TOTAL_VS_AVG|MOBILE_BANKING|TRANSACTION_COUNT|WINDOW_L14D
F3010,D_TA_MBNKING_TXN_CR_L14D,Deviation of total from avg: Mobile Banking Total Amount - last 14 to 31D,False,MOBILE_BANKING,DEV_TOTAL_VS_AVG,L14D,CREDIT,BEHAVIORAL,False,,SAFE,AMOUNT|CREDIT|DEV_TOTAL_VS_AVG|MOBILE_BANKING|WINDOW_L14D
F3011,D_TA_MBNKING_TXN_DB_L14D,Deviation of total from avg: Mobile Banking Credit txns - last 14 to 31D,False,MOBILE_BANKING,DEV_TOTAL_VS_AVG,L14D,DEBIT,BEHAVIORAL,False,,SAFE,DEBIT|DEV_TOTAL_VS_AVG|MOBILE_BANKING|TRANSACTION_COUNT|WINDOW_L14D
F3012,D_TA_MOB_BNKING_AMT_L14D,Deviation of total from avg: Mobile Banking Debit txns - last 14 to 31D,False,MOBILE_BANKING,DEV_TOTAL_VS_AVG,L14D,BOTH,BEHAVIORAL,False,,SAFE,AMOUNT|DEV_TOTAL_VS_AVG|MOBILE_BANKING|TRANSACTION_COUNT|WINDOW_L14D
F3013,D_TA_MBNKING_AMT_CR_L14D,Deviation of total from avg: Mobile Banking Credit Amount - last 14 to 31D,False,MOBILE_BANKING,DEV_TOTAL_VS_AVG,L14D,CREDIT,BEHAVIORAL,False,,SAFE,AMOUNT|CREDIT|DEV_TOTAL_VS_AVG|MOBILE_BANKING|WINDOW_L14D
F3014,D_TA_MBNKING_AMT_DB_L14D,Deviation of total from avg: Mobile Banking Debit Amount - last 14 to 31D,False,MOBILE_BANKING,DEV_TOTAL_VS_AVG,L14D,DEBIT,BEHAVIORAL,False,,SAFE,AMOUNT|DEBIT|DEV_TOTAL_VS_AVG|MOBILE_BANKING|WINDOW_L14D
F3015,D_TA_POS_PYMT_TXN_L14D,Deviation of total from avg: Merchant Payment Total txns - last 14 to 31D,False,POS_MERCHANT,DEV_TOTAL_VS_AVG,L14D,BOTH,BEHAVIORAL,False,,SAFE,DEV_TOTAL_VS_AVG|POS_MERCHANT|TRANSACTION_COUNT|WINDOW_L14D
F3016,D_TA_POS_PYMT_TXN_CR_L14D,Deviation of total from avg: Merchant Payment Credit txns - last 14 to 31D,False,POS_MERCHANT,DEV_TOTAL_VS_AVG,L14D,CREDIT,BEHAVIORAL,False,,SAFE,CREDIT|DEV_TOTAL_VS_AVG|POS_MERCHANT|TRANSACTION_COUNT|WINDOW_L14D
F3017,D_TA_POS_PYMT_TXN_DB_L14D,Deviation of total from avg: Merchant Payment Debit txns - last 14 to 31D,False,POS_MERCHANT,DEV_TOTAL_VS_AVG,L14D,DEBIT,BEHAVIORAL,False,,SAFE,DEBIT|DEV_TOTAL_VS_AVG|POS_MERCHANT|TRANSACTION_COUNT|WINDOW_L14D
F3018,D_TA_POS_PYMT_AMT_L14D,Deviation of total from avg: Merchant Payment Total Amount - last 14 to 31D,False,POS_MERCHANT,DEV_TOTAL_VS_AVG,L14D,BOTH,BEHAVIORAL,False,,SAFE,AMOUNT|DEV_TOTAL_VS_AVG|POS_MERCHANT|WINDOW_L14D
F3019,D_TA_POS_PYMT_AMT_CR_L14D,Deviation of total from avg: Merchant Payment Credit Amount - last 14 to 31D,False,POS_MERCHANT,DEV_TOTAL_VS_AVG,L14D,CREDIT,BEHAVIORAL,False,,SAFE,AMOUNT|CREDIT|DEV_TOTAL_VS_AVG|POS_MERCHANT|WINDOW_L14D
F3020,D_TA_POS_PYMT_AMT_DB_L14D,Deviation of total from avg: Merchant Payment Debit Amount - last 14 to 31D,False,POS_MERCHANT,DEV_TOTAL_VS_AVG,L14D,DEBIT,BEHAVIORAL,False,,SAFE,AMOUNT|DEBIT|DEV_TOTAL_VS_AVG|POS_MERCHANT|WINDOW_L14D
F3021,D_TA_BBPS_TXN_L14D,Deviation of total from avg: Bharat Bill Payment System Total txns - last 14 to 31D,False,BBPS,DEV_TOTAL_VS_AVG,L14D,BOTH,BEHAVIORAL,False,,SAFE,BBPS|DEV_TOTAL_VS_AVG|TRANSACTION_COUNT|WINDOW_L14D
F3022,D_TA_BBPS_TXN_DB_L14D,Deviation of total from avg: Bharat Bill Payment System Debit txns - last 14 to 31D,False,BBPS,DEV_TOTAL_VS_AVG,L14D,DEBIT,BEHAVIORAL,False,,SAFE,BBPS|DEBIT|DEV_TOTAL_VS_AVG|TRANSACTION_COUNT|WINDOW_L14D
F3023,D_TA_BBPS_AMT_L14D,Deviation of total from avg: Bharat Bill Payment System Total Amount - last 14 to 31D,False,BBPS,DEV_TOTAL_VS_AVG,L14D,BOTH,BEHAVIORAL,False,,SAFE,AMOUNT|BBPS|DEV_TOTAL_VS_AVG|WINDOW_L14D
F3024,D_TA_BBPS_AMT_DB_L14D,Deviation of total from avg: Bharat Bill Payment System Debit Amount - last 14 to 31D,False,BBPS,DEV_TOTAL_VS_AVG,L14D,DEBIT,BEHAVIORAL,False,,SAFE,AMOUNT|BBPS|DEBIT|DEV_TOTAL_VS_AVG|WINDOW_L14D
F3025,D_TA_APB_TXN_L14D,Deviation of total from avg: Aadhar Payment Bridge Total txns - last 14 to 31D,False,AADHAAR_PAYMENT_BRIDGE,DEV_TOTAL_VS_AVG,L14D,BOTH,BEHAVIORAL,False,,SAFE,AADHAAR_PAYMENT_BRIDGE|DEV_TOTAL_VS_AVG|TRANSACTION_COUNT|WINDOW_L14D
F3026,D_TA_APB_TXN_CR_L14D,Deviation of total from avg: Aadhar Payment Bridge Credit txns - last 14 to 31D,False,AADHAAR_PAYMENT_BRIDGE,DEV_TOTAL_VS_AVG,L14D,CREDIT,BEHAVIORAL,False,,SAFE,AADHAAR_PAYMENT_BRIDGE|CREDIT|DEV_TOTAL_VS_AVG|TRANSACTION_COUNT|WINDOW_L14D
F3027,D_TA_APB_TXN_DB_L14D,Deviation of total from avg: Aadhar Payment Bridge Debit txns - last 14 to 31D,False,AADHAAR_PAYMENT_BRIDGE,DEV_TOTAL_VS_AVG,L14D,DEBIT,BEHAVIORAL,False,,SAFE,AADHAAR_PAYMENT_BRIDGE|DEBIT|DEV_TOTAL_VS_AVG|TRANSACTION_COUNT|WINDOW_L14D
F3028,D_TA_APB_AMT_L14D,Deviation of total from avg: Aadhar Payment Bridge Total Amount - last 14 to 31D,False,AADHAAR_PAYMENT_BRIDGE,DEV_TOTAL_VS_AVG,L14D,BOTH,BEHAVIORAL,False,,SAFE,AADHAAR_PAYMENT_BRIDGE|AMOUNT|DEV_TOTAL_VS_AVG|WINDOW_L14D
F3029,D_TA_APB_AMT_CR_L14D,Deviation of total from avg: Aadhar Payment Bridge Credit Amount - last 14 to 31D,False,AADHAAR_PAYMENT_BRIDGE,DEV_TOTAL_VS_AVG,L14D,CREDIT,BEHAVIORAL,False,,SAFE,AADHAAR_PAYMENT_BRIDGE|AMOUNT|CREDIT|DEV_TOTAL_VS_AVG|WINDOW_L14D
F3030,D_TA_APB_AMT_DB_L14D,Deviation of total from avg: Aadhar Payment Bridge Debit Amount - last 14 to 31D,False,AADHAAR_PAYMENT_BRIDGE,DEV_TOTAL_VS_AVG,L14D,DEBIT,BEHAVIORAL,False,,SAFE,AADHAAR_PAYMENT_BRIDGE|AMOUNT|DEBIT|DEV_TOTAL_VS_AVG|WINDOW_L14D
F3031,D_TA_LOAN_TXN_L14D,Deviation of total from avg: Loan Total txns - last 14 to 31D,False,LOAN,DEV_TOTAL_VS_AVG,L14D,BOTH,BEHAVIORAL,False,,SAFE,DEV_TOTAL_VS_AVG|LOAN|TRANSACTION_COUNT|WINDOW_L14D
F3032,D_TA_LOAN_TXN_CR_L14D,Deviation of total from avg: Loan Credit txns - last 14 to 31D,False,LOAN,DEV_TOTAL_VS_AVG,L14D,CREDIT,BEHAVIORAL,False,,SAFE,CREDIT|DEV_TOTAL_VS_AVG|LOAN|TRANSACTION_COUNT|WINDOW_L14D
F3033,D_TA_LOAN_TXN_DB_L14D,Deviation of total from avg: Loan Debit txns - last 14 to 31D,False,LOAN,DEV_TOTAL_VS_AVG,L14D,DEBIT,BEHAVIORAL,False,,SAFE,DEBIT|DEV_TOTAL_VS_AVG|LOAN|TRANSACTION_COUNT|WINDOW_L14D
F3034,D_TA_LOAN_AMT_L14D,Deviation of total from avg: Loan Total Amount - last 14 to 31D,False,LOAN,DEV_TOTAL_VS_AVG,L14D,BOTH,BEHAVIORAL,False,,SAFE,AMOUNT|DEV_TOTAL_VS_AVG|LOAN|WINDOW_L14D
F3035,D_TA_LOAN_AMT_CR_L14D,Deviation of total from avg: Loan Credit Amount - last 14 to 31D,False,LOAN,DEV_TOTAL_VS_AVG,L14D,CREDIT,BEHAVIORAL,False,,SAFE,AMOUNT|CREDIT|DEV_TOTAL_VS_AVG|LOAN|WINDOW_L14D
F3036,D_TA_LOAN_AMT_DB_L14D,Deviation of total from avg: Loan Debit Amount - last 14 to 31D,False,LOAN,DEV_TOTAL_VS_AVG,L14D,DEBIT,BEHAVIORAL,False,,SAFE,AMOUNT|DEBIT|DEV_TOTAL_VS_AVG|LOAN|WINDOW_L14D
F3037,D_TA_STDNG_INSTR_L14D,Deviation of total from avg: Standing Instruction Total txns - last 14 to 31D,False,STANDING_INSTRUCTION,DEV_TOTAL_VS_AVG,L14D,BOTH,BEHAVIORAL,False,,SAFE,DEV_TOTAL_VS_AVG|STANDING_INSTRUCTION|TRANSACTION_COUNT|WINDOW_L14D
F3038,D_TA_STDNG_INSTR_CR_TXN_L14D,Deviation of total from avg: Standing Instruction Credit txns - last 14 to 31D,False,STANDING_INSTRUCTION,DEV_TOTAL_VS_AVG,L14D,CREDIT,BEHAVIORAL,False,,SAFE,CREDIT|DEV_TOTAL_VS_AVG|STANDING_INSTRUCTION|TRANSACTION_COUNT|WINDOW_L14D
F3039,D_TA_STDNG_INSTR_DB_TXN_L14D,Deviation of total from avg: Standing Instruction Debit txns - last 14 to 31D,False,STANDING_INSTRUCTION,DEV_TOTAL_VS_AVG,L14D,DEBIT,BEHAVIORAL,False,,SAFE,DEBIT|DEV_TOTAL_VS_AVG|STANDING_INSTRUCTION|TRANSACTION_COUNT|WINDOW_L14D
F3040,D_TA_STDNG_INSTR_AMT_L14D,Deviation of total from avg: Standing Instruction Total Amount - last 14 to 31D,False,STANDING_INSTRUCTION,DEV_TOTAL_VS_AVG,L14D,BOTH,BEHAVIORAL,False,,SAFE,AMOUNT|DEV_TOTAL_VS_AVG|STANDING_INSTRUCTION|WINDOW_L14D
F3041,D_TA_STDNG_INSTR_AMT_CR_L14D,Deviation of total from avg: Standing Instruction Credit Amount - last 14 to 31D,False,STANDING_INSTRUCTION,DEV_TOTAL_VS_AVG,L14D,CREDIT,BEHAVIORAL,False,,SAFE,AMOUNT|CREDIT|DEV_TOTAL_VS_AVG|STANDING_INSTRUCTION|WINDOW_L14D
F3042,D_TA_STDNG_INSTR_AMT_DB_L14D,Deviation of total from avg: Standing Instruction Debit Amount - last 14 to 31D,False,STANDING_INSTRUCTION,DEV_TOTAL_VS_AVG,L14D,DEBIT,BEHAVIORAL,False,,SAFE,AMOUNT|DEBIT|DEV_TOTAL_VS_AVG|STANDING_INSTRUCTION|WINDOW_L14D
F3043,D_TA_CASH_TXN_L31D,Deviation of total from avg: Cash Total txns - last 7 to 14D,True,CASH,DEV_TOTAL_VS_AVG,L31D,BOTH,BEHAVIORAL,False,,SAFE,CASH|DEV_TOTAL_VS_AVG|LONG_WINDOW|TRANSACTION_COUNT|WINDOW_L31D
F3044,D_TA_CASH_TXN_CR_L31D,Deviation of total from avg: Cash Credit txns - last 7 to 14D,False,CASH,DEV_TOTAL_VS_AVG,L31D,CREDIT,BEHAVIORAL,False,,SAFE,CASH|CREDIT|DEV_TOTAL_VS_AVG|LONG_WINDOW|TRANSACTION_COUNT|WINDOW_L31D
F3045,D_TA_CASH_TXN_DB_L31D,Deviation of total from avg: Cash Debit txns - last 7 to 14D,False,CASH,DEV_TOTAL_VS_AVG,L31D,DEBIT,BEHAVIORAL,False,,SAFE,CASH|DEBIT|DEV_TOTAL_VS_AVG|LONG_WINDOW|TRANSACTION_COUNT|WINDOW_L31D
F3046,D_TA_CASH_AMT_L31D,Deviation of total from avg: Cash Total Amount - last 7 to 14D,False,CASH,DEV_TOTAL_VS_AVG,L31D,BOTH,BEHAVIORAL,False,,SAFE,AMOUNT|CASH|DEV_TOTAL_VS_AVG|LONG_WINDOW|WINDOW_L31D
F3047,D_TA_CASH_AMT_CR_L31D,Deviation of total from avg: Cash Credit Amount - last 7 to 14D,False,CASH,DEV_TOTAL_VS_AVG,L31D,CREDIT,BEHAVIORAL,False,,SAFE,AMOUNT|CASH|CREDIT|DEV_TOTAL_VS_AVG|LONG_WINDOW|WINDOW_L31D
F3048,D_TA_CASH_AMT_DB_L31D,Deviation of total from avg: Cash Debit Amount - last 7 to 14D,False,CASH,DEV_TOTAL_VS_AVG,L31D,DEBIT,BEHAVIORAL,False,,SAFE,AMOUNT|CASH|DEBIT|DEV_TOTAL_VS_AVG|LONG_WINDOW|WINDOW_L31D
F3049,D_TA_CHQ_TXN_L31D,Deviation of total from avg: Cheque Total txns - last 7 to 14D,False,CHEQUE,DEV_TOTAL_VS_AVG,L31D,BOTH,BEHAVIORAL,False,,SAFE,CHEQUE|DEV_TOTAL_VS_AVG|LONG_WINDOW|TRANSACTION_COUNT|WINDOW_L31D
F3050,D_TA_CHQ_TXN_CR_L31D,Deviation of total from avg: Cheque Credit txns - last 7 to 14D,False,CHEQUE,DEV_TOTAL_VS_AVG,L31D,CREDIT,BEHAVIORAL,False,,SAFE,CHEQUE|CREDIT|DEV_TOTAL_VS_AVG|LONG_WINDOW|TRANSACTION_COUNT|WINDOW_L31D
F3051,D_TA_CHQ_TXN_DB_L31D,Deviation of total from avg: Cheque Debit txns - last 7 to 14D,False,CHEQUE,DEV_TOTAL_VS_AVG,L31D,DEBIT,BEHAVIORAL,False,,SAFE,CHEQUE|DEBIT|DEV_TOTAL_VS_AVG|LONG_WINDOW|TRANSACTION_COUNT|WINDOW_L31D
F3052,D_TA_CHQ_AMT_L31D,Deviation of total from avg: Cheque Total Amount - last 7 to 14D,False,CHEQUE,DEV_TOTAL_VS_AVG,L31D,BOTH,BEHAVIORAL,False,,SAFE,AMOUNT|CHEQUE|DEV_TOTAL_VS_AVG|LONG_WINDOW|WINDOW_L31D
F3053,D_TA_CHQ_AMT_CR_L31D,Deviation of total from avg: Cheque Credit Amount - last 7 to 14D,False,CHEQUE,DEV_TOTAL_VS_AVG,L31D,CREDIT,BEHAVIORAL,False,,SAFE,AMOUNT|CHEQUE|CREDIT|DEV_TOTAL_VS_AVG|LONG_WINDOW|WINDOW_L31D
F3054,D_TA_CHQ_AMT_DB_L31D,Deviation of total from avg: Cheque Debit Amount - last 7 to 14D,False,CHEQUE,DEV_TOTAL_VS_AVG,L31D,DEBIT,BEHAVIORAL,False,,SAFE,AMOUNT|CHEQUE|DEBIT|DEV_TOTAL_VS_AVG|LONG_WINDOW|WINDOW_L31D
F3055,D_TA_NON_CASH_CHQ_TXN_L31D,Deviation of total from avg: Non Cash Non Cheque Total txns - last 7 to 14D,False,NON_CASH_CHQ,DEV_TOTAL_VS_AVG,L31D,BOTH,BEHAVIORAL,False,,SAFE,DEV_TOTAL_VS_AVG|LONG_WINDOW|NON_CASH_CHQ|TRANSACTION_COUNT|WINDOW_L31D
F3056,D_TA_NON_CASH_CHQ_TXN_CR_L31D,Deviation of total from avg: Non Cash Non Cheque Credit txns - last 7 to 14D,False,NON_CASH_CHQ,DEV_TOTAL_VS_AVG,L31D,CREDIT,BEHAVIORAL,False,,SAFE,CREDIT|DEV_TOTAL_VS_AVG|LONG_WINDOW|NON_CASH_CHQ|TRANSACTION_COUNT|WINDOW_L31D
F3057,D_TA_NON_CASH_CHQ_TXN_DB_L31D,Deviation of total from avg: Non Cash Non Cheque Debit txns - last 7 to 14D,False,NON_CASH_CHQ,DEV_TOTAL_VS_AVG,L31D,DEBIT,BEHAVIORAL,False,,SAFE,DEBIT|DEV_TOTAL_VS_AVG|LONG_WINDOW|NON_CASH_CHQ|TRANSACTION_COUNT|WINDOW_L31D
F3058,D_TA_NON_CASH_CHQ_AMT_L31D,Deviation of total from avg: Non Cash Non Cheque Total Amount - last 7 to 14D,False,NON_CASH_CHQ,DEV_TOTAL_VS_AVG,L31D,BOTH,BEHAVIORAL,False,,SAFE,AMOUNT|DEV_TOTAL_VS_AVG|LONG_WINDOW|NON_CASH_CHQ|WINDOW_L31D
F3059,D_TA_NON_CASH_CHQ_AMT_CR_L31D,Deviation of total from avg: Non Cash Non Cheque Credit Amount - last 7 to 14D,False,NON_CASH_CHQ,DEV_TOTAL_VS_AVG,L31D,CREDIT,BEHAVIORAL,False,,SAFE,AMOUNT|CREDIT|DEV_TOTAL_VS_AVG|LONG_WINDOW|NON_CASH_CHQ|WINDOW_L31D
F3060,D_TA_NON_CASH_CHQ_AMT_DB_L31D,Deviation of total from avg: Non Cash Non Cheque Debit Amount - last 7 to 14D,False,NON_CASH_CHQ,DEV_TOTAL_VS_AVG,L31D,DEBIT,BEHAVIORAL,False,,SAFE,AMOUNT|DEBIT|DEV_TOTAL_VS_AVG|LONG_WINDOW|NON_CASH_CHQ|WINDOW_L31D
F3061,D_TA_CI_NON_CASH_CHQ_TXN_L31D,Deviation of total from avg: Customer Induced Non Cash Non Cheque Total txns - last 7 to 14D,False,NON_CASH_CHQ,DEV_TOTAL_VS_AVG,L31D,BOTH,BEHAVIORAL,False,,SAFE,DEV_TOTAL_VS_AVG|LONG_WINDOW|NON_CASH_CHQ|TRANSACTION_COUNT|WINDOW_L31D
F3062,D_TA_CI_NON_CASH_CHQ_TXN_CR_L31D,Deviation of total from avg: Customer Induced Non Cash Non Cheque Credit txns - last 7 to 14D,False,NON_CASH_CHQ,DEV_TOTAL_VS_AVG,L31D,CREDIT,BEHAVIORAL,False,,SAFE,CREDIT|DEV_TOTAL_VS_AVG|LONG_WINDOW|NON_CASH_CHQ|TRANSACTION_COUNT|WINDOW_L31D
F3063,D_TA_CI_NON_CASH_CHQ_TXN_DB_L31D,Deviation of total from avg: Customer Induced Non Cash Non Cheque Debit txns - last 7 to 14D,False,NON_CASH_CHQ,DEV_TOTAL_VS_AVG,L31D,DEBIT,BEHAVIORAL,False,,SAFE,DEBIT|DEV_TOTAL_VS_AVG|LONG_WINDOW|NON_CASH_CHQ|TRANSACTION_COUNT|WINDOW_L31D
F3064,D_TA_CI_NON_CASH_CHQ_AMT_L31D,Deviation of total from avg: Customer Induced Non Cash Non Cheque Total Amount - last 7 to 14D,False,NON_CASH_CHQ,DEV_TOTAL_VS_AVG,L31D,BOTH,BEHAVIORAL,False,,SAFE,AMOUNT|DEV_TOTAL_VS_AVG|LONG_WINDOW|NON_CASH_CHQ|WINDOW_L31D
F3065,D_TA_CI_NON_CASH_CHQ_AMT_CR_L31D,Deviation of total from avg: Customer Induced Non Cash Non Cheque Credit Amount - last 7 to 14D,False,NON_CASH_CHQ,DEV_TOTAL_VS_AVG,L31D,CREDIT,BEHAVIORAL,False,,SAFE,AMOUNT|CREDIT|DEV_TOTAL_VS_AVG|LONG_WINDOW|NON_CASH_CHQ|WINDOW_L31D
F3066,D_TA_CI_NON_CASH_CHQ_AMT_DB_L31D,Deviation of total from avg: Customer Induced Non Cash Non Cheque Debit Amount - last 7 to 14D,False,NON_CASH_CHQ,DEV_TOTAL_VS_AVG,L31D,DEBIT,BEHAVIORAL,False,,SAFE,AMOUNT|DEBIT|DEV_TOTAL_VS_AVG|LONG_WINDOW|NON_CASH_CHQ|WINDOW_L31D
F3067,D_TA_CI_TXN_L31D,Deviation of total from avg: Customer Induced Total txns - last 7 to 14D,False,CASH_INTENSIVE,DEV_TOTAL_VS_AVG,L31D,BOTH,BEHAVIORAL,False,,SAFE,CASH_INTENSIVE|DEV_TOTAL_VS_AVG|LONG_WINDOW|TRANSACTION_COUNT|WINDOW_L31D
F3068,D_TA_CI_TXN_CR_L31D,Deviation of total from avg: Customer Induced Credit txns - last 7 to 14D,False,CASH_INTENSIVE,DEV_TOTAL_VS_AVG,L31D,CREDIT,BEHAVIORAL,False,,SAFE,CASH_INTENSIVE|CREDIT|DEV_TOTAL_VS_AVG|LONG_WINDOW|TRANSACTION_COUNT|WINDOW_L31D
F3069,D_TA_CI_TXN_DB_L31D,Deviation of total from avg: Customer Induced Debit txns - last 7 to 14D,False,CASH_INTENSIVE,DEV_TOTAL_VS_AVG,L31D,DEBIT,BEHAVIORAL,False,,SAFE,CASH_INTENSIVE|DEBIT|DEV_TOTAL_VS_AVG|LONG_WINDOW|TRANSACTION_COUNT|WINDOW_L31D
F3070,D_TA_CI_AMT_L31D,Deviation of total from avg: Customer Induced Total Amount - last 7 to 14D,False,CASH_INTENSIVE,DEV_TOTAL_VS_AVG,L31D,BOTH,BEHAVIORAL,False,,SAFE,AMOUNT|CASH_INTENSIVE|DEV_TOTAL_VS_AVG|LONG_WINDOW|WINDOW_L31D
F3071,D_TA_CI_AMT_CR_L31D,Deviation of total from avg: Customer Induced Credit Amount - last 7 to 14D,False,CASH_INTENSIVE,DEV_TOTAL_VS_AVG,L31D,CREDIT,BEHAVIORAL,False,,SAFE,AMOUNT|CASH_INTENSIVE|CREDIT|DEV_TOTAL_VS_AVG|LONG_WINDOW|WINDOW_L31D
F3072,D_TA_CI_AMT_DB_L31D,Deviation of total from avg: Customer Induced Debit Amount - last 7 to 14D,False,CASH_INTENSIVE,DEV_TOTAL_VS_AVG,L31D,DEBIT,BEHAVIORAL,False,,SAFE,AMOUNT|CASH_INTENSIVE|DEBIT|DEV_TOTAL_VS_AVG|LONG_WINDOW|WINDOW_L31D
F3073,D_TA_ATM_TXN_L31D,Deviation of total from avg: ATM Total txns - last 7 to 14D,False,ATM,DEV_TOTAL_VS_AVG,L31D,BOTH,BEHAVIORAL,False,,SAFE,ATM|DEV_TOTAL_VS_AVG|LONG_WINDOW|TRANSACTION_COUNT|WINDOW_L31D
F3074,D_TA_ATM_TXN_CR_L31D,Deviation of total from avg: ATM Credit txns - last 7 to 14D,False,ATM,DEV_TOTAL_VS_AVG,L31D,CREDIT,BEHAVIORAL,False,,SAFE,ATM|CREDIT|DEV_TOTAL_VS_AVG|LONG_WINDOW|TRANSACTION_COUNT|WINDOW_L31D
F3075,D_TA_ATM_TXN_DB_L31D,Deviation of total from avg: ATM Debit txns - last 7 to 14D,False,ATM,DEV_TOTAL_VS_AVG,L31D,DEBIT,BEHAVIORAL,False,,SAFE,ATM|DEBIT|DEV_TOTAL_VS_AVG|LONG_WINDOW|TRANSACTION_COUNT|WINDOW_L31D
F3076,D_TA_ATM_AMT_L31D,Deviation of total from avg: ATM Total Amount - last 7 to 14D,False,ATM,DEV_TOTAL_VS_AVG,L31D,BOTH,BEHAVIORAL,False,,SAFE,AMOUNT|ATM|DEV_TOTAL_VS_AVG|LONG_WINDOW|WINDOW_L31D
F3077,D_TA_ATM_AMT_CR_L31D,Deviation of total from avg: ATM Credit Amount - last 7 to 14D,False,ATM,DEV_TOTAL_VS_AVG,L31D,CREDIT,BEHAVIORAL,False,,SAFE,AMOUNT|ATM|CREDIT|DEV_TOTAL_VS_AVG|LONG_WINDOW|WINDOW_L31D
F3078,D_TA_ATM_AMT_DB_L31D,Deviation of total from avg: ATM Debit Amount - last 7 to 14D,False,ATM,DEV_TOTAL_VS_AVG,L31D,DEBIT,BEHAVIORAL,False,,SAFE,AMOUNT|ATM|DEBIT|DEV_TOTAL_VS_AVG|LONG_WINDOW|WINDOW_L31D
F3079,D_TA_BI_FEES_CHRGS_TXN_L31D,Deviation of total from avg: Bank Induced Fees Charges Total txns - last 7 to 14D,False,FEES_AND_CHARGES,DEV_TOTAL_VS_AVG,L31D,BOTH,BEHAVIORAL,False,,SAFE,DEV_TOTAL_VS_AVG|FEES_AND_CHARGES|LONG_WINDOW|TRANSACTION_COUNT|WINDOW_L31D
F3080,D_TA_BI_FEES_CHRGS_TXN_CR_L31D,Deviation of total from avg: Bank Induced Fees Charges Credit txns - last 7 to 14D,False,FEES_AND_CHARGES,DEV_TOTAL_VS_AVG,L31D,CREDIT,BEHAVIORAL,False,,SAFE,CREDIT|DEV_TOTAL_VS_AVG|FEES_AND_CHARGES|LONG_WINDOW|TRANSACTION_COUNT|WINDOW_L31D
F3081,D_TA_BI_FEES_CHRGS_TXN_DB_L31D,Deviation of total from avg: Bank Induced Fees Charges Debit txns - last 7 to 14D,False,FEES_AND_CHARGES,DEV_TOTAL_VS_AVG,L31D,DEBIT,BEHAVIORAL,False,,SAFE,DEBIT|DEV_TOTAL_VS_AVG|FEES_AND_CHARGES|LONG_WINDOW|TRANSACTION_COUNT|WINDOW_L31D
F3082,D_TA_BI_FEES_CHRGS_AMT_L31D,Deviation of total from avg: Bank Induced Fees Charges Total Amount - last 7 to 14D,False,FEES_AND_CHARGES,DEV_TOTAL_VS_AVG,L31D,BOTH,BEHAVIORAL,False,,SAFE,AMOUNT|DEV_TOTAL_VS_AVG|FEES_AND_CHARGES|LONG_WINDOW|WINDOW_L31D
F3083,D_TA_BI_FEES_CHRGS_AMT_CR_L31D,Deviation of total from avg: Bank Induced Fees Charges Credit Amount - last 7 to 14D,False,FEES_AND_CHARGES,DEV_TOTAL_VS_AVG,L31D,CREDIT,BEHAVIORAL,False,,SAFE,AMOUNT|CREDIT|DEV_TOTAL_VS_AVG|FEES_AND_CHARGES|LONG_WINDOW|WINDOW_L31D
F3084,D_TA_BI_FEES_CHRGS_AMT_DB_L31D,Deviation of total from avg: Bank Induced Fees Charges Debit Amount - last 7 to 14D,False,FEES_AND_CHARGES,DEV_TOTAL_VS_AVG,L31D,DEBIT,BEHAVIORAL,False,,SAFE,AMOUNT|DEBIT|DEV_TOTAL_VS_AVG|FEES_AND_CHARGES|LONG_WINDOW|WINDOW_L31D
F3085,D_TA_CI_FEES_CHRGS_TXN_L31D,Deviation of total from avg: Customer Induced Fees Charges Total txns - last 7 to 14D,False,FEES_AND_CHARGES,DEV_TOTAL_VS_AVG,L31D,BOTH,BEHAVIORAL,False,,SAFE,DEV_TOTAL_VS_AVG|FEES_AND_CHARGES|LONG_WINDOW|TRANSACTION_COUNT|WINDOW_L31D
F3086,D_TA_CI_FEES_CHRGS_TXN_CR_L31D,Deviation of total from avg: Customer Induced Fees Charges Credit txns - last 7 to 14D,False,FEES_AND_CHARGES,DEV_TOTAL_VS_AVG,L31D,CREDIT,BEHAVIORAL,False,,SAFE,CREDIT|DEV_TOTAL_VS_AVG|FEES_AND_CHARGES|LONG_WINDOW|TRANSACTION_COUNT|WINDOW_L31D
F3087,D_TA_CI_FEES_CHRGS_TXN_DB_L31D,Deviation of total from avg: Customer Induced Fees Charges Debit txns - last 7 to 14D,False,FEES_AND_CHARGES,DEV_TOTAL_VS_AVG,L31D,DEBIT,BEHAVIORAL,False,,SAFE,DEBIT|DEV_TOTAL_VS_AVG|FEES_AND_CHARGES|LONG_WINDOW|TRANSACTION_COUNT|WINDOW_L31D
F3088,D_TA_CI_FEES_CHRGS_AMT_L31D,Deviation of total from avg: Customer Induced Fees Charges Total Amount - last 7 to 14D,False,FEES_AND_CHARGES,DEV_TOTAL_VS_AVG,L31D,BOTH,BEHAVIORAL,False,,SAFE,AMOUNT|DEV_TOTAL_VS_AVG|FEES_AND_CHARGES|LONG_WINDOW|WINDOW_L31D
F3089,D_TA_CI_FEES_CHRGS_AMT_CR_L31D,Deviation of total from avg: Customer Induced Fees Charges Credit Amount - last 7 to 14D,False,FEES_AND_CHARGES,DEV_TOTAL_VS_AVG,L31D,CREDIT,BEHAVIORAL,False,,SAFE,AMOUNT|CREDIT|DEV_TOTAL_VS_AVG|FEES_AND_CHARGES|LONG_WINDOW|WINDOW_L31D
F3090,D_TA_CI_FEES_CHRGS_AMT_DB_L31D,Deviation of total from avg: Customer Induced Fees Charges Debit Amount - last 7 to 14D,False,FEES_AND_CHARGES,DEV_TOTAL_VS_AVG,L31D,DEBIT,BEHAVIORAL,False,,SAFE,AMOUNT|DEBIT|DEV_TOTAL_VS_AVG|FEES_AND_CHARGES|LONG_WINDOW|WINDOW_L31D
F3091,D_TA_GST_TXN_L31D,Deviation of total from avg: GST Total txns - last 7 to 14D,False,GST,DEV_TOTAL_VS_AVG,L31D,BOTH,BEHAVIORAL,False,,SAFE,DEV_TOTAL_VS_AVG|GST|LONG_WINDOW|TRANSACTION_COUNT|WINDOW_L31D
F3092,D_TA_GST_TXN_CR_L31D,Deviation of total from avg: GST Credit txns - last 7 to 14D,False,GST,DEV_TOTAL_VS_AVG,L31D,CREDIT,BEHAVIORAL,False,,SAFE,CREDIT|DEV_TOTAL_VS_AVG|GST|LONG_WINDOW|TRANSACTION_COUNT|WINDOW_L31D
F3093,D_TA_GST_TXN_DB_L31D,Deviation of total from avg: GST Debit txns - last 7 to 14D,False,GST,DEV_TOTAL_VS_AVG,L31D,DEBIT,BEHAVIORAL,False,,SAFE,DEBIT|DEV_TOTAL_VS_AVG|GST|LONG_WINDOW|TRANSACTION_COUNT|WINDOW_L31D
F3094,D_TA_GST_AMT_L31D,Deviation of total from avg: GST Total Amount - last 7 to 14D,False,GST,DEV_TOTAL_VS_AVG,L31D,BOTH,BEHAVIORAL,False,,SAFE,AMOUNT|DEV_TOTAL_VS_AVG|GST|LONG_WINDOW|WINDOW_L31D
F3095,D_TA_GST_AMT_CR_L31D,Deviation of total from avg: GST Credit Amount - last 7 to 14D,False,GST,DEV_TOTAL_VS_AVG,L31D,CREDIT,BEHAVIORAL,False,,SAFE,AMOUNT|CREDIT|DEV_TOTAL_VS_AVG|GST|LONG_WINDOW|WINDOW_L31D
F3096,D_TA_GST_AMT_DB_L31D,Deviation of total from avg: GST Debit Amount - last 7 to 14D,False,GST,DEV_TOTAL_VS_AVG,L31D,DEBIT,BEHAVIORAL,False,,SAFE,AMOUNT|DEBIT|DEV_TOTAL_VS_AVG|GST|LONG_WINDOW|WINDOW_L31D
F3097,D_TA_ELEC_XFER_TXN_L31D,Deviation of total from avg: Online Transfer (IMPS+NEFT+RTGS) Total txns - last 7 to 14D,False,ELEC_XFER,DEV_TOTAL_VS_AVG,L31D,BOTH,BEHAVIORAL,False,,SAFE,DEV_TOTAL_VS_AVG|ELEC_XFER|LONG_WINDOW|TRANSACTION_COUNT|WINDOW_L31D
F3098,D_TA_ELEC_XFER_TXN_CR_L31D,Deviation of total from avg: Online Transfer (IMPS+NEFT+RTGS) Credit txns - last 7 to 14D,False,ELEC_XFER,DEV_TOTAL_VS_AVG,L31D,CREDIT,BEHAVIORAL,False,,SAFE,CREDIT|DEV_TOTAL_VS_AVG|ELEC_XFER|LONG_WINDOW|TRANSACTION_COUNT|WINDOW_L31D
F3099,D_TA_ELEC_XFER_TXN_DB_L31D,Deviation of total from avg: Online Transfer (IMPS+NEFT+RTGS) Debit txns - last 7 to 14D,False,ELEC_XFER,DEV_TOTAL_VS_AVG,L31D,DEBIT,BEHAVIORAL,False,,SAFE,DEBIT|DEV_TOTAL_VS_AVG|ELEC_XFER|LONG_WINDOW|TRANSACTION_COUNT|WINDOW_L31D
F3100,D_TA_ELEC_XFER_AMT_L31D,Deviation of total from avg: Online Transfer (IMPS+NEFT+RTGS) Total Amount - last 7 to 14D,False,ELEC_XFER,DEV_TOTAL_VS_AVG,L31D,BOTH,BEHAVIORAL,False,,SAFE,AMOUNT|DEV_TOTAL_VS_AVG|ELEC_XFER|LONG_WINDOW|WINDOW_L31D
F3101,D_TA_ELEC_XFER_AMT_CR_L31D,Deviation of total from avg: Online Transfer (IMPS+NEFT+RTGS) Credit Amount - last 7 to 14D,False,ELEC_XFER,DEV_TOTAL_VS_AVG,L31D,CREDIT,BEHAVIORAL,False,,SAFE,AMOUNT|CREDIT|DEV_TOTAL_VS_AVG|ELEC_XFER|LONG_WINDOW|WINDOW_L31D
F3102,D_TA_ELEC_XFER_AMT_DB_L31D,Deviation of total from avg: Online Transfer (IMPS+NEFT+RTGS) Debit Amount - last 7 to 14D,False,ELEC_XFER,DEV_TOTAL_VS_AVG,L31D,DEBIT,BEHAVIORAL,False,,SAFE,AMOUNT|DEBIT|DEV_TOTAL_VS_AVG|ELEC_XFER|LONG_WINDOW|WINDOW_L31D
F3103,D_TA_UPI_XFER_TXN_L31D,Deviation of total from avg: UPI  Total txns - last 7 to 14D,False,UPI_XFER,DEV_TOTAL_VS_AVG,L31D,BOTH,BEHAVIORAL,False,,SAFE,DEV_TOTAL_VS_AVG|LONG_WINDOW|TRANSACTION_COUNT|UPI_XFER|WINDOW_L31D
F3104,D_TA_UPI_TXN_CR_L31D,Deviation of total from avg: UPI  Total Amount - last 7 to 14D,False,UPI,DEV_TOTAL_VS_AVG,L31D,CREDIT,BEHAVIORAL,False,,SAFE,AMOUNT|CREDIT|DEV_TOTAL_VS_AVG|LONG_WINDOW|UPI|WINDOW_L31D
F3105,D_TA_UPI_TXN_DB_L31D,Deviation of total from avg: UPI  Credit txns - last 7 to 14D,False,UPI,DEV_TOTAL_VS_AVG,L31D,DEBIT,BEHAVIORAL,False,,SAFE,DEBIT|DEV_TOTAL_VS_AVG|LONG_WINDOW|TRANSACTION_COUNT|UPI|WINDOW_L31D
F3106,D_TA_UPI_XFER_AMT_L31D,Deviation of total from avg: UPI  Debit txns - last 7 to 14D,False,UPI_XFER,DEV_TOTAL_VS_AVG,L31D,BOTH,BEHAVIORAL,False,,SAFE,AMOUNT|DEV_TOTAL_VS_AVG|LONG_WINDOW|TRANSACTION_COUNT|UPI_XFER|WINDOW_L31D
F3107,D_TA_UPI_AMT_CR_L31D,Deviation of total from avg: UPI  Credit Amount - last 7 to 14D,False,UPI,DEV_TOTAL_VS_AVG,L31D,CREDIT,BEHAVIORAL,False,,SAFE,AMOUNT|CREDIT|DEV_TOTAL_VS_AVG|LONG_WINDOW|UPI|WINDOW_L31D
F3108,D_TA_UPI_AMT_DB_L31D,Deviation of total from avg: UPI  Debit Amount - last 7 to 14D,False,UPI,DEV_TOTAL_VS_AVG,L31D,DEBIT,BEHAVIORAL,False,,SAFE,AMOUNT|DEBIT|DEV_TOTAL_VS_AVG|LONG_WINDOW|UPI|WINDOW_L31D
F3109,D_TA_NET_BNKING_TXN_L31D,Deviation of total from avg: Net Banking Total txns - last 7 to 14D,False,NET_BANKING,DEV_TOTAL_VS_AVG,L31D,BOTH,BEHAVIORAL,False,,SAFE,DEV_TOTAL_VS_AVG|LONG_WINDOW|NET_BANKING|TRANSACTION_COUNT|WINDOW_L31D
F3110,D_TA_NET_BNKING_TXN_CR_L31D,Deviation of total from avg: Net Banking Credit txns - last 7 to 14D,False,NET_BANKING,DEV_TOTAL_VS_AVG,L31D,CREDIT,BEHAVIORAL,False,,SAFE,CREDIT|DEV_TOTAL_VS_AVG|LONG_WINDOW|NET_BANKING|TRANSACTION_COUNT|WINDOW_L31D
F3111,D_TA_NET_BNKING_TXN_DB_L31D,Deviation of total from avg: Net Banking Debit txns - last 7 to 14D,False,NET_BANKING,DEV_TOTAL_VS_AVG,L31D,DEBIT,BEHAVIORAL,False,,SAFE,DEBIT|DEV_TOTAL_VS_AVG|LONG_WINDOW|NET_BANKING|TRANSACTION_COUNT|WINDOW_L31D
F3112,D_TA_NET_BNKING_AMT_L31D,Deviation of total from avg: Net Banking Total Amount - last 7 to 14D,False,NET_BANKING,DEV_TOTAL_VS_AVG,L31D,BOTH,BEHAVIORAL,False,,SAFE,AMOUNT|DEV_TOTAL_VS_AVG|LONG_WINDOW|NET_BANKING|WINDOW_L31D
F3113,D_TA_NET_BNKING_AMT_CR_L31D,Deviation of total from avg: Net Banking Credit Amount - last 7 to 14D,False,NET_BANKING,DEV_TOTAL_VS_AVG,L31D,CREDIT,BEHAVIORAL,False,,SAFE,AMOUNT|CREDIT|DEV_TOTAL_VS_AVG|LONG_WINDOW|NET_BANKING|WINDOW_L31D
F3114,D_TA_NET_BNKING_AMT_DB_L31D,Deviation of total from avg: Net Banking Debit Amount - last 7 to 14D,False,NET_BANKING,DEV_TOTAL_VS_AVG,L31D,DEBIT,BEHAVIORAL,False,,SAFE,AMOUNT|DEBIT|DEV_TOTAL_VS_AVG|LONG_WINDOW|NET_BANKING|WINDOW_L31D
F3115,D_TA_MOB_BNKING_TXN_L31D,Deviation of total from avg: Mobile Banking Total txns - last 7 to 14D,False,MOBILE_BANKING,DEV_TOTAL_VS_AVG,L31D,BOTH,BEHAVIORAL,False,,SAFE,DEV_TOTAL_VS_AVG|LONG_WINDOW|MOBILE_BANKING|TRANSACTION_COUNT|WINDOW_L31D
F3116,D_TA_MBNKING_TXN_CR_L31D,Deviation of total from avg: Mobile Banking Total Amount - last 7 to 14D,False,MOBILE_BANKING,DEV_TOTAL_VS_AVG,L31D,CREDIT,BEHAVIORAL,False,,SAFE,AMOUNT|CREDIT|DEV_TOTAL_VS_AVG|LONG_WINDOW|MOBILE_BANKING|WINDOW_L31D
F3117,D_TA_MBNKING_TXN_DB_L31D,Deviation of total from avg: Mobile Banking Credit txns - last 7 to 14D,False,MOBILE_BANKING,DEV_TOTAL_VS_AVG,L31D,DEBIT,BEHAVIORAL,False,,SAFE,DEBIT|DEV_TOTAL_VS_AVG|LONG_WINDOW|MOBILE_BANKING|TRANSACTION_COUNT|WINDOW_L31D
F3118,D_TA_MOB_BNKING_AMT_L31D,Deviation of total from avg: Mobile Banking Debit txns - last 7 to 14D,False,MOBILE_BANKING,DEV_TOTAL_VS_AVG,L31D,BOTH,BEHAVIORAL,False,,SAFE,AMOUNT|DEV_TOTAL_VS_AVG|LONG_WINDOW|MOBILE_BANKING|TRANSACTION_COUNT|WINDOW_L31D
F3119,D_TA_MBNKING_AMT_CR_L31D,Deviation of total from avg: Mobile Banking Credit Amount - last 7 to 14D,False,MOBILE_BANKING,DEV_TOTAL_VS_AVG,L31D,CREDIT,BEHAVIORAL,False,,SAFE,AMOUNT|CREDIT|DEV_TOTAL_VS_AVG|LONG_WINDOW|MOBILE_BANKING|WINDOW_L31D
F3120,D_TA_MBNKING_AMT_DB_L31D,Deviation of total from avg: Mobile Banking Debit Amount - last 7 to 14D,False,MOBILE_BANKING,DEV_TOTAL_VS_AVG,L31D,DEBIT,BEHAVIORAL,False,,SAFE,AMOUNT|DEBIT|DEV_TOTAL_VS_AVG|LONG_WINDOW|MOBILE_BANKING|WINDOW_L31D
F3121,D_TA_POS_PYMT_TXN_L31D,Deviation of total from avg: Merchant Payment Total txns - last 7 to 14D,False,POS_MERCHANT,DEV_TOTAL_VS_AVG,L31D,BOTH,BEHAVIORAL,False,,SAFE,DEV_TOTAL_VS_AVG|LONG_WINDOW|POS_MERCHANT|TRANSACTION_COUNT|WINDOW_L31D
F3122,D_TA_POS_PYMT_TXN_CR_L31D,Deviation of total from avg: Merchant Payment Credit txns - last 7 to 14D,False,POS_MERCHANT,DEV_TOTAL_VS_AVG,L31D,CREDIT,BEHAVIORAL,False,,SAFE,CREDIT|DEV_TOTAL_VS_AVG|LONG_WINDOW|POS_MERCHANT|TRANSACTION_COUNT|WINDOW_L31D
F3123,D_TA_POS_PYMT_TXN_DB_L31D,Deviation of total from avg: Merchant Payment Debit txns - last 7 to 14D,False,POS_MERCHANT,DEV_TOTAL_VS_AVG,L31D,DEBIT,BEHAVIORAL,False,,SAFE,DEBIT|DEV_TOTAL_VS_AVG|LONG_WINDOW|POS_MERCHANT|TRANSACTION_COUNT|WINDOW_L31D
F3124,D_TA_POS_PYMT_AMT_L31D,Deviation of total from avg: Merchant Payment Total Amount - last 7 to 14D,False,POS_MERCHANT,DEV_TOTAL_VS_AVG,L31D,BOTH,BEHAVIORAL,False,,SAFE,AMOUNT|DEV_TOTAL_VS_AVG|LONG_WINDOW|POS_MERCHANT|WINDOW_L31D
F3125,D_TA_POS_PYMT_AMT_CR_L31D,Deviation of total from avg: Merchant Payment Credit Amount - last 7 to 14D,False,POS_MERCHANT,DEV_TOTAL_VS_AVG,L31D,CREDIT,BEHAVIORAL,False,,SAFE,AMOUNT|CREDIT|DEV_TOTAL_VS_AVG|LONG_WINDOW|POS_MERCHANT|WINDOW_L31D
F3126,D_TA_POS_PYMT_AMT_DB_L31D,Deviation of total from avg: Merchant Payment Debit Amount - last 7 to 14D,False,POS_MERCHANT,DEV_TOTAL_VS_AVG,L31D,DEBIT,BEHAVIORAL,False,,SAFE,AMOUNT|DEBIT|DEV_TOTAL_VS_AVG|LONG_WINDOW|POS_MERCHANT|WINDOW_L31D
F3127,D_TA_BBPS_TXN_L31D,Deviation of total from avg: Bharat Bill Payment System Total txns - last 7 to 14D,False,BBPS,DEV_TOTAL_VS_AVG,L31D,BOTH,BEHAVIORAL,False,,SAFE,BBPS|DEV_TOTAL_VS_AVG|LONG_WINDOW|TRANSACTION_COUNT|WINDOW_L31D
F3128,D_TA_BBPS_TXN_DB_L31D,Deviation of total from avg: Bharat Bill Payment System Debit txns - last 7 to 14D,False,BBPS,DEV_TOTAL_VS_AVG,L31D,DEBIT,BEHAVIORAL,False,,SAFE,BBPS|DEBIT|DEV_TOTAL_VS_AVG|LONG_WINDOW|TRANSACTION_COUNT|WINDOW_L31D
F3129,D_TA_BBPS_AMT_L31D,Deviation of total from avg: Bharat Bill Payment System Total Amount - last 7 to 14D,False,BBPS,DEV_TOTAL_VS_AVG,L31D,BOTH,BEHAVIORAL,False,,SAFE,AMOUNT|BBPS|DEV_TOTAL_VS_AVG|LONG_WINDOW|WINDOW_L31D
F3130,D_TA_BBPS_AMT_DB_L31D,Deviation of total from avg: Bharat Bill Payment System Debit Amount - last 7 to 14D,False,BBPS,DEV_TOTAL_VS_AVG,L31D,DEBIT,BEHAVIORAL,False,,SAFE,AMOUNT|BBPS|DEBIT|DEV_TOTAL_VS_AVG|LONG_WINDOW|WINDOW_L31D
F3131,D_TA_APB_TXN_L31D,Deviation of total from avg: Aadhar Payment Bridge Total txns - last 7 to 14D,False,AADHAAR_PAYMENT_BRIDGE,DEV_TOTAL_VS_AVG,L31D,BOTH,BEHAVIORAL,False,,SAFE,AADHAAR_PAYMENT_BRIDGE|DEV_TOTAL_VS_AVG|LONG_WINDOW|TRANSACTION_COUNT|WINDOW_L31D
F3132,D_TA_APB_TXN_CR_L31D,Deviation of total from avg: Aadhar Payment Bridge Credit txns - last 7 to 14D,False,AADHAAR_PAYMENT_BRIDGE,DEV_TOTAL_VS_AVG,L31D,CREDIT,BEHAVIORAL,False,,SAFE,AADHAAR_PAYMENT_BRIDGE|CREDIT|DEV_TOTAL_VS_AVG|LONG_WINDOW|TRANSACTION_COUNT|WINDOW_L31D
F3133,D_TA_APB_TXN_DB_L31D,Deviation of total from avg: Aadhar Payment Bridge Debit txns - last 7 to 14D,False,AADHAAR_PAYMENT_BRIDGE,DEV_TOTAL_VS_AVG,L31D,DEBIT,BEHAVIORAL,False,,SAFE,AADHAAR_PAYMENT_BRIDGE|DEBIT|DEV_TOTAL_VS_AVG|LONG_WINDOW|TRANSACTION_COUNT|WINDOW_L31D
F3134,D_TA_APB_AMT_L31D,Deviation of total from avg: Aadhar Payment Bridge Total Amount - last 7 to 14D,False,AADHAAR_PAYMENT_BRIDGE,DEV_TOTAL_VS_AVG,L31D,BOTH,BEHAVIORAL,False,,SAFE,AADHAAR_PAYMENT_BRIDGE|AMOUNT|DEV_TOTAL_VS_AVG|LONG_WINDOW|WINDOW_L31D
F3135,D_TA_APB_AMT_CR_L31D,Deviation of total from avg: Aadhar Payment Bridge Credit Amount - last 7 to 14D,False,AADHAAR_PAYMENT_BRIDGE,DEV_TOTAL_VS_AVG,L31D,CREDIT,BEHAVIORAL,False,,SAFE,AADHAAR_PAYMENT_BRIDGE|AMOUNT|CREDIT|DEV_TOTAL_VS_AVG|LONG_WINDOW|WINDOW_L31D
F3136,D_TA_LOAN_TXN_L31D,Deviation of total from avg: Loan Total txns - last 7 to 14D,False,LOAN,DEV_TOTAL_VS_AVG,L31D,BOTH,BEHAVIORAL,False,,SAFE,DEV_TOTAL_VS_AVG|LOAN|LONG_WINDOW|TRANSACTION_COUNT|WINDOW_L31D
F3137,D_TA_LOAN_TXN_CR_L31D,Deviation of total from avg: Loan Credit txns - last 7 to 14D,False,LOAN,DEV_TOTAL_VS_AVG,L31D,CREDIT,BEHAVIORAL,False,,SAFE,CREDIT|DEV_TOTAL_VS_AVG|LOAN|LONG_WINDOW|TRANSACTION_COUNT|WINDOW_L31D
F3138,D_TA_LOAN_TXN_DB_L31D,Deviation of total from avg: Loan Debit txns - last 7 to 14D,False,LOAN,DEV_TOTAL_VS_AVG,L31D,DEBIT,BEHAVIORAL,False,,SAFE,DEBIT|DEV_TOTAL_VS_AVG|LOAN|LONG_WINDOW|TRANSACTION_COUNT|WINDOW_L31D
F3139,D_TA_LOAN_AMT_L31D,Deviation of total from avg: Loan Total Amount - last 7 to 14D,False,LOAN,DEV_TOTAL_VS_AVG,L31D,BOTH,BEHAVIORAL,False,,SAFE,AMOUNT|DEV_TOTAL_VS_AVG|LOAN|LONG_WINDOW|WINDOW_L31D
F3140,D_TA_LOAN_AMT_CR_L31D,Deviation of total from avg: Loan Credit Amount - last 7 to 14D,False,LOAN,DEV_TOTAL_VS_AVG,L31D,CREDIT,BEHAVIORAL,False,,SAFE,AMOUNT|CREDIT|DEV_TOTAL_VS_AVG|LOAN|LONG_WINDOW|WINDOW_L31D
F3141,D_TA_LOAN_AMT_DB_L31D,Deviation of total from avg: Loan Debit Amount - last 7 to 14D,False,LOAN,DEV_TOTAL_VS_AVG,L31D,DEBIT,BEHAVIORAL,False,,SAFE,AMOUNT|DEBIT|DEV_TOTAL_VS_AVG|LOAN|LONG_WINDOW|WINDOW_L31D
F3142,D_TA_STDNG_INSTR_L31D,Deviation of total from avg: Standing Instruction Total txns - last 7 to 14D,False,STANDING_INSTRUCTION,DEV_TOTAL_VS_AVG,L31D,BOTH,BEHAVIORAL,False,,SAFE,DEV_TOTAL_VS_AVG|LONG_WINDOW|STANDING_INSTRUCTION|TRANSACTION_COUNT|WINDOW_L31D
F3143,D_TA_STDNG_INSTR_CR_TXN_L31D,Deviation of total from avg: Standing Instruction Credit txns - last 7 to 14D,False,STANDING_INSTRUCTION,DEV_TOTAL_VS_AVG,L31D,CREDIT,BEHAVIORAL,False,,SAFE,CREDIT|DEV_TOTAL_VS_AVG|LONG_WINDOW|STANDING_INSTRUCTION|TRANSACTION_COUNT|WINDOW_L31D
F3144,D_TA_STDNG_INSTR_DB_TXN_L31D,Deviation of total from avg: Standing Instruction Debit txns - last 7 to 14D,False,STANDING_INSTRUCTION,DEV_TOTAL_VS_AVG,L31D,DEBIT,BEHAVIORAL,False,,SAFE,DEBIT|DEV_TOTAL_VS_AVG|LONG_WINDOW|STANDING_INSTRUCTION|TRANSACTION_COUNT|WINDOW_L31D
F3145,D_TA_STDNG_INSTR_AMT_L31D,Deviation of total from avg: Standing Instruction Total Amount - last 7 to 14D,False,STANDING_INSTRUCTION,DEV_TOTAL_VS_AVG,L31D,BOTH,BEHAVIORAL,False,,SAFE,AMOUNT|DEV_TOTAL_VS_AVG|LONG_WINDOW|STANDING_INSTRUCTION|WINDOW_L31D
F3146,D_TA_STDNG_INSTR_AMT_CR_L31D,Deviation of total from avg: Standing Instruction Credit Amount - last 7 to 14D,False,STANDING_INSTRUCTION,DEV_TOTAL_VS_AVG,L31D,CREDIT,BEHAVIORAL,False,,SAFE,AMOUNT|CREDIT|DEV_TOTAL_VS_AVG|LONG_WINDOW|STANDING_INSTRUCTION|WINDOW_L31D
F3147,D_TA_STDNG_INSTR_AMT_DB_L31D,Deviation of total from avg: Standing Instruction Debit Amount - last 7 to 14D,False,STANDING_INSTRUCTION,DEV_TOTAL_VS_AVG,L31D,DEBIT,BEHAVIORAL,False,,SAFE,AMOUNT|DEBIT|DEV_TOTAL_VS_AVG|LONG_WINDOW|STANDING_INSTRUCTION|WINDOW_L31D
F3148,D_CASH_TXN_7D_OCC,Deviation of Cash Total txns - last 7D,False,CASH,DEVIATION,NONE,BOTH,BEHAVIORAL,False,,SAFE,CASH|DEVIATION|OCCUPATION_SEGMENT|TRANSACTION_COUNT
F3149,D_CASH_TXN_CR_7D_OCC,Deviation of Cash Credit txns - last 7D,False,CASH,DEVIATION,NONE,CREDIT,BEHAVIORAL,False,,SAFE,CASH|CREDIT|DEVIATION|OCCUPATION_SEGMENT|TRANSACTION_COUNT
F3150,D_CASH_TXN_DB_7D_OCC,Deviation of Cash Debit txns - last 7D,False,CASH,DEVIATION,NONE,DEBIT,BEHAVIORAL,False,,SAFE,CASH|DEBIT|DEVIATION|OCCUPATION_SEGMENT|TRANSACTION_COUNT
F3151,D_CASH_AMT_7D_OCC,Deviation of Cash Total Amount - last 7D,False,CASH,DEVIATION,NONE,BOTH,BEHAVIORAL,False,,SAFE,AMOUNT|CASH|DEVIATION|OCCUPATION_SEGMENT
F3152,D_CASH_AMT_CR_7D_OCC,Deviation of Cash Credit Amount - last 7D,False,CASH,DEVIATION,NONE,CREDIT,BEHAVIORAL,False,,SAFE,AMOUNT|CASH|CREDIT|DEVIATION|OCCUPATION_SEGMENT
F3153,D_CASH_AMT_DB_7D_OCC,Deviation of Cash Debit Amount - last 7D,False,CASH,DEVIATION,NONE,DEBIT,BEHAVIORAL,False,,SAFE,AMOUNT|CASH|DEBIT|DEVIATION|OCCUPATION_SEGMENT
F3154,D_CHQ_TXN_7D_OCC,Deviation of Cheque Total txns - last 7D,False,CHEQUE,DEVIATION,NONE,BOTH,BEHAVIORAL,False,,SAFE,CHEQUE|DEVIATION|OCCUPATION_SEGMENT|TRANSACTION_COUNT
F3155,D_CHQ_TXN_CR_7D_OCC,Deviation of Cheque Credit txns - last 7D,False,CHEQUE,DEVIATION,NONE,CREDIT,BEHAVIORAL,False,,SAFE,CHEQUE|CREDIT|DEVIATION|OCCUPATION_SEGMENT|TRANSACTION_COUNT
F3156,D_CHQ_TXN_DB_7D_OCC,Deviation of Cheque Debit txns - last 7D,False,CHEQUE,DEVIATION,NONE,DEBIT,BEHAVIORAL,False,,SAFE,CHEQUE|DEBIT|DEVIATION|OCCUPATION_SEGMENT|TRANSACTION_COUNT
F3157,D_CHQ_AMT_7D_OCC,Deviation of Cheque Total Amount - last 7D,False,CHEQUE,DEVIATION,NONE,BOTH,BEHAVIORAL,False,,SAFE,AMOUNT|CHEQUE|DEVIATION|OCCUPATION_SEGMENT
F3158,D_CHQ_AMT_CR_7D_OCC,Deviation of Cheque Credit Amount - last 7D,False,CHEQUE,DEVIATION,NONE,CREDIT,BEHAVIORAL,False,,SAFE,AMOUNT|CHEQUE|CREDIT|DEVIATION|OCCUPATION_SEGMENT
F3159,D_CHQ_AMT_DB_7D_OCC,Deviation of Cheque Debit Amount - last 7D,False,CHEQUE,DEVIATION,NONE,DEBIT,BEHAVIORAL,False,,SAFE,AMOUNT|CHEQUE|DEBIT|DEVIATION|OCCUPATION_SEGMENT
F3160,D_NON_CASH_CHQ_TXN_7D_OCC,Deviation of Non Cash Non Cheque Total txns - last 7D,False,NON_CASH_CHQ,DEVIATION,NONE,BOTH,BEHAVIORAL,False,,SAFE,DEVIATION|NON_CASH_CHQ|OCCUPATION_SEGMENT|TRANSACTION_COUNT
F3161,D_NON_CASH_CHQ_TXN_CR_7D_OCC,Deviation of Non Cash Non Cheque Credit txns - last 7D,False,NON_CASH_CHQ,DEVIATION,NONE,CREDIT,BEHAVIORAL,False,,SAFE,CREDIT|DEVIATION|NON_CASH_CHQ|OCCUPATION_SEGMENT|TRANSACTION_COUNT
F3162,D_NON_CASH_CHQ_TXN_DB_7D_OCC,Deviation of Non Cash Non Cheque Debit txns - last 7D,False,NON_CASH_CHQ,DEVIATION,NONE,DEBIT,BEHAVIORAL,False,,SAFE,DEBIT|DEVIATION|NON_CASH_CHQ|OCCUPATION_SEGMENT|TRANSACTION_COUNT
F3163,D_NON_CASH_CHQ_AMT_7D_OCC,Deviation of Non Cash Non Cheque Total Amount - last 7D,False,NON_CASH_CHQ,DEVIATION,NONE,BOTH,BEHAVIORAL,False,,SAFE,AMOUNT|DEVIATION|NON_CASH_CHQ|OCCUPATION_SEGMENT
F3164,D_NON_CASH_CHQ_AMT_CR_7D_OCC,Deviation of Non Cash Non Cheque Credit Amount - last 7D,False,NON_CASH_CHQ,DEVIATION,NONE,CREDIT,BEHAVIORAL,False,,SAFE,AMOUNT|CREDIT|DEVIATION|NON_CASH_CHQ|OCCUPATION_SEGMENT
F3165,D_NON_CASH_CHQ_AMT_DB_7D_OCC,Deviation of Non Cash Non Cheque Debit Amount - last 7D,False,NON_CASH_CHQ,DEVIATION,NONE,DEBIT,BEHAVIORAL,False,,SAFE,AMOUNT|DEBIT|DEVIATION|NON_CASH_CHQ|OCCUPATION_SEGMENT
F3166,D_CI_NON_CASH_CHQ_TXN_7D_OCC,Deviation of Customer Induced Non Cash Non Cheque Total txns - last 7D,False,NON_CASH_CHQ,DEVIATION,NONE,BOTH,BEHAVIORAL,False,,SAFE,DEVIATION|NON_CASH_CHQ|OCCUPATION_SEGMENT|TRANSACTION_COUNT
F3167,D_CI_NON_CASH_CHQ_TXN_CR_7D_OCC,Deviation of Customer Induced Non Cash Non Cheque Credit txns - last 7D,False,NON_CASH_CHQ,DEVIATION,NONE,CREDIT,BEHAVIORAL,False,,SAFE,CREDIT|DEVIATION|NON_CASH_CHQ|OCCUPATION_SEGMENT|TRANSACTION_COUNT
F3168,D_CI_NON_CASH_CHQ_TXN_DB_7D_OCC,Deviation of Customer Induced Non Cash Non Cheque Debit txns - last 7D,False,NON_CASH_CHQ,DEVIATION,NONE,DEBIT,BEHAVIORAL,False,,SAFE,DEBIT|DEVIATION|NON_CASH_CHQ|OCCUPATION_SEGMENT|TRANSACTION_COUNT
F3169,D_CI_NON_CASH_CHQ_AMT_7D_OCC,Deviation of Customer Induced Non Cash Non Cheque Total Amount - last 7D,False,NON_CASH_CHQ,DEVIATION,NONE,BOTH,BEHAVIORAL,False,,SAFE,AMOUNT|DEVIATION|NON_CASH_CHQ|OCCUPATION_SEGMENT
F3170,D_CI_NON_CASH_CHQ_AMT_CR_7D_OCC,Deviation of Customer Induced Non Cash Non Cheque Credit Amount - last 7D,False,NON_CASH_CHQ,DEVIATION,NONE,CREDIT,BEHAVIORAL,False,,SAFE,AMOUNT|CREDIT|DEVIATION|NON_CASH_CHQ|OCCUPATION_SEGMENT
F3171,D_CI_NON_CASH_CHQ_AMT_DB_7D_OCC,Deviation of Customer Induced Non Cash Non Cheque Debit Amount - last 7D,False,NON_CASH_CHQ,DEVIATION,NONE,DEBIT,BEHAVIORAL,False,,SAFE,AMOUNT|DEBIT|DEVIATION|NON_CASH_CHQ|OCCUPATION_SEGMENT
F3172,D_CI_TXN_7D_OCC,Deviation of Customer Induced Total txns - last 7D,False,CASH_INTENSIVE,DEVIATION,NONE,BOTH,BEHAVIORAL,False,,SAFE,CASH_INTENSIVE|DEVIATION|OCCUPATION_SEGMENT|TRANSACTION_COUNT
F3173,D_CI_TXN_CR_7D_OCC,Deviation of Customer Induced Credit txns - last 7D,False,CASH_INTENSIVE,DEVIATION,NONE,CREDIT,BEHAVIORAL,False,,SAFE,CASH_INTENSIVE|CREDIT|DEVIATION|OCCUPATION_SEGMENT|TRANSACTION_COUNT
F3174,D_CI_TXN_DB_7D_OCC,Deviation of Customer Induced Debit txns - last 7D,False,CASH_INTENSIVE,DEVIATION,NONE,DEBIT,BEHAVIORAL,False,,SAFE,CASH_INTENSIVE|DEBIT|DEVIATION|OCCUPATION_SEGMENT|TRANSACTION_COUNT
F3175,D_CI_AMT_7D_OCC,Deviation of Customer Induced Total Amount - last 7D,False,CASH_INTENSIVE,DEVIATION,NONE,BOTH,BEHAVIORAL,False,,SAFE,AMOUNT|CASH_INTENSIVE|DEVIATION|OCCUPATION_SEGMENT
F3176,D_CI_AMT_CR_7D_OCC,Deviation of Customer Induced Credit Amount - last 7D,False,CASH_INTENSIVE,DEVIATION,NONE,CREDIT,BEHAVIORAL,False,,SAFE,AMOUNT|CASH_INTENSIVE|CREDIT|DEVIATION|OCCUPATION_SEGMENT
F3177,D_CI_AMT_DB_7D_OCC,Deviation of Customer Induced Debit Amount - last 7D,False,CASH_INTENSIVE,DEVIATION,NONE,DEBIT,BEHAVIORAL,False,,SAFE,AMOUNT|CASH_INTENSIVE|DEBIT|DEVIATION|OCCUPATION_SEGMENT
F3178,D_ATM_TXN_7D_OCC,Deviation of ATM Total txns - last 7D,False,ATM,DEVIATION,NONE,BOTH,BEHAVIORAL,False,,SAFE,ATM|DEVIATION|OCCUPATION_SEGMENT|TRANSACTION_COUNT
F3179,D_ATM_TXN_CR_7D_OCC,Deviation of ATM Credit txns - last 7D,False,ATM,DEVIATION,NONE,CREDIT,BEHAVIORAL,False,,SAFE,ATM|CREDIT|DEVIATION|OCCUPATION_SEGMENT|TRANSACTION_COUNT
F3180,D_ATM_TXN_DB_7D_OCC,Deviation of ATM Debit txns - last 7D,False,ATM,DEVIATION,NONE,DEBIT,BEHAVIORAL,False,,SAFE,ATM|DEBIT|DEVIATION|OCCUPATION_SEGMENT|TRANSACTION_COUNT
F3181,D_ATM_AMT_7D_OCC,Deviation of ATM Total Amount - last 7D,False,ATM,DEVIATION,NONE,BOTH,BEHAVIORAL,False,,SAFE,AMOUNT|ATM|DEVIATION|OCCUPATION_SEGMENT
F3182,D_ATM_AMT_CR_7D_OCC,Deviation of ATM Credit Amount - last 7D,False,ATM,DEVIATION,NONE,CREDIT,BEHAVIORAL,False,,SAFE,AMOUNT|ATM|CREDIT|DEVIATION|OCCUPATION_SEGMENT
F3183,D_ATM_AMT_DB_7D_OCC,Deviation of ATM Debit Amount - last 7D,False,ATM,DEVIATION,NONE,DEBIT,BEHAVIORAL,False,,SAFE,AMOUNT|ATM|DEBIT|DEVIATION|OCCUPATION_SEGMENT
F3184,D_BI_FEES_CHRGS_TXN_7D_OCC,Deviation of Bank Induced Fees Charges Total txns - last 7D,False,FEES_AND_CHARGES,DEVIATION,NONE,BOTH,BEHAVIORAL,False,,SAFE,DEVIATION|FEES_AND_CHARGES|OCCUPATION_SEGMENT|TRANSACTION_COUNT
F3185,D_BI_FEES_CHRGS_TXN_CR_7D_OCC,Deviation of Bank Induced Fees Charges Credit txns - last 7D,False,FEES_AND_CHARGES,DEVIATION,NONE,CREDIT,BEHAVIORAL,False,,SAFE,CREDIT|DEVIATION|FEES_AND_CHARGES|OCCUPATION_SEGMENT|TRANSACTION_COUNT
F3186,D_BI_FEES_CHRGS_TXN_DB_7D_OCC,Deviation of Bank Induced Fees Charges Debit txns - last 7D,False,FEES_AND_CHARGES,DEVIATION,NONE,DEBIT,BEHAVIORAL,False,,SAFE,DEBIT|DEVIATION|FEES_AND_CHARGES|OCCUPATION_SEGMENT|TRANSACTION_COUNT
F3187,D_BI_FEES_CHRGS_AMT_7D_OCC,Deviation of Bank Induced Fees Charges Total Amount - last 7D,False,FEES_AND_CHARGES,DEVIATION,NONE,BOTH,BEHAVIORAL,False,,SAFE,AMOUNT|DEVIATION|FEES_AND_CHARGES|OCCUPATION_SEGMENT
F3188,D_BI_FEES_CHRGS_AMT_CR_7D_OCC,Deviation of Bank Induced Fees Charges Credit Amount - last 7D,False,FEES_AND_CHARGES,DEVIATION,NONE,CREDIT,BEHAVIORAL,False,,SAFE,AMOUNT|CREDIT|DEVIATION|FEES_AND_CHARGES|OCCUPATION_SEGMENT
F3189,D_BI_FEES_CHRGS_AMT_DB_7D_OCC,Deviation of Bank Induced Fees Charges Debit Amount - last 7D,False,FEES_AND_CHARGES,DEVIATION,NONE,DEBIT,BEHAVIORAL,False,,SAFE,AMOUNT|DEBIT|DEVIATION|FEES_AND_CHARGES|OCCUPATION_SEGMENT
F3190,D_CI_FEES_CHRGS_TXN_7D_OCC,Deviation of Customer Induced Fees Charges Total txns - last 7D,False,FEES_AND_CHARGES,DEVIATION,NONE,BOTH,BEHAVIORAL,False,,SAFE,DEVIATION|FEES_AND_CHARGES|OCCUPATION_SEGMENT|TRANSACTION_COUNT
F3191,D_CI_FEES_CHRGS_TXN_CR_7D_OCC,Deviation of Customer Induced Fees Charges Credit txns - last 7D,False,FEES_AND_CHARGES,DEVIATION,NONE,CREDIT,BEHAVIORAL,False,,SAFE,CREDIT|DEVIATION|FEES_AND_CHARGES|OCCUPATION_SEGMENT|TRANSACTION_COUNT
F3192,D_CI_FEES_CHRGS_TXN_DB_7D_OCC,Deviation of Customer Induced Fees Charges Debit txns - last 7D,False,FEES_AND_CHARGES,DEVIATION,NONE,DEBIT,BEHAVIORAL,False,,SAFE,DEBIT|DEVIATION|FEES_AND_CHARGES|OCCUPATION_SEGMENT|TRANSACTION_COUNT
F3193,D_CI_FEES_CHRGS_AMT_7D_OCC,Deviation of Customer Induced Fees Charges Total Amount - last 7D,False,FEES_AND_CHARGES,DEVIATION,NONE,BOTH,BEHAVIORAL,False,,SAFE,AMOUNT|DEVIATION|FEES_AND_CHARGES|OCCUPATION_SEGMENT
F3194,D_CI_FEES_CHRGS_AMT_CR_7D_OCC,Deviation of Customer Induced Fees Charges Credit Amount - last 7D,False,FEES_AND_CHARGES,DEVIATION,NONE,CREDIT,BEHAVIORAL,False,,SAFE,AMOUNT|CREDIT|DEVIATION|FEES_AND_CHARGES|OCCUPATION_SEGMENT
F3195,D_CI_FEES_CHRGS_AMT_DB_7D_OCC,Deviation of Customer Induced Fees Charges Debit Amount - last 7D,False,FEES_AND_CHARGES,DEVIATION,NONE,DEBIT,BEHAVIORAL,False,,SAFE,AMOUNT|DEBIT|DEVIATION|FEES_AND_CHARGES|OCCUPATION_SEGMENT
F3196,D_GST_TXN_7D_OCC,Deviation of GST Total txns - last 7D,False,GST,DEVIATION,NONE,BOTH,BEHAVIORAL,False,,SAFE,DEVIATION|GST|OCCUPATION_SEGMENT|TRANSACTION_COUNT
F3197,D_GST_TXN_CR_7D_OCC,Deviation of GST Credit txns - last 7D,False,GST,DEVIATION,NONE,CREDIT,BEHAVIORAL,False,,SAFE,CREDIT|DEVIATION|GST|OCCUPATION_SEGMENT|TRANSACTION_COUNT
F3198,D_GST_TXN_DB_7D_OCC,Deviation of GST Debit txns - last 7D,False,GST,DEVIATION,NONE,DEBIT,BEHAVIORAL,False,,SAFE,DEBIT|DEVIATION|GST|OCCUPATION_SEGMENT|TRANSACTION_COUNT
F3199,D_GST_AMT_7D_OCC,Deviation of GST Total Amount - last 7D,False,GST,DEVIATION,NONE,BOTH,BEHAVIORAL,False,,SAFE,AMOUNT|DEVIATION|GST|OCCUPATION_SEGMENT
F3200,D_GST_AMT_CR_7D_OCC,Deviation of GST Credit Amount - last 7D,False,GST,DEVIATION,NONE,CREDIT,BEHAVIORAL,False,,SAFE,AMOUNT|CREDIT|DEVIATION|GST|OCCUPATION_SEGMENT
F3201,D_GST_AMT_DB_7D_OCC,Deviation of GST Debit Amount - last 7D,False,GST,DEVIATION,NONE,DEBIT,BEHAVIORAL,False,,SAFE,AMOUNT|DEBIT|DEVIATION|GST|OCCUPATION_SEGMENT
F3202,D_ELEC_XFER_TXN_7D_OCC,Deviation of Online Transfer (IMPS+NEFT+RTGS) Total txns - last 7D,False,ELEC_XFER,DEVIATION,NONE,BOTH,BEHAVIORAL,False,,SAFE,DEVIATION|ELEC_XFER|OCCUPATION_SEGMENT|TRANSACTION_COUNT
F3203,D_ELEC_XFER_TXN_CR_7D_OCC,Deviation of Online Transfer (IMPS+NEFT+RTGS) Credit txns - last 7D,False,ELEC_XFER,DEVIATION,NONE,CREDIT,BEHAVIORAL,False,,SAFE,CREDIT|DEVIATION|ELEC_XFER|OCCUPATION_SEGMENT|TRANSACTION_COUNT
F3204,D_ELEC_XFER_TXN_DB_7D_OCC,Deviation of Online Transfer (IMPS+NEFT+RTGS) Debit txns - last 7D,False,ELEC_XFER,DEVIATION,NONE,DEBIT,BEHAVIORAL,False,,SAFE,DEBIT|DEVIATION|ELEC_XFER|OCCUPATION_SEGMENT|TRANSACTION_COUNT
F3205,D_ELEC_XFER_AMT_7D_OCC,Deviation of Online Transfer (IMPS+NEFT+RTGS) Total Amount - last 7D,False,ELEC_XFER,DEVIATION,NONE,BOTH,BEHAVIORAL,False,,SAFE,AMOUNT|DEVIATION|ELEC_XFER|OCCUPATION_SEGMENT
F3206,D_ELEC_XFER_AMT_CR_7D_OCC,Deviation of Online Transfer (IMPS+NEFT+RTGS) Credit Amount - last 7D,False,ELEC_XFER,DEVIATION,NONE,CREDIT,BEHAVIORAL,False,,SAFE,AMOUNT|CREDIT|DEVIATION|ELEC_XFER|OCCUPATION_SEGMENT
F3207,D_ELEC_XFER_AMT_DB_7D_OCC,Deviation of Online Transfer (IMPS+NEFT+RTGS) Debit Amount - last 7D,False,ELEC_XFER,DEVIATION,NONE,DEBIT,BEHAVIORAL,False,,SAFE,AMOUNT|DEBIT|DEVIATION|ELEC_XFER|OCCUPATION_SEGMENT
F3208,D_UPI_XFER_TXN_7D_OCC,Deviation of UPI Debit txns - last 7D,False,UPI_XFER,DEVIATION,NONE,BOTH,BEHAVIORAL,False,,SAFE,DEVIATION|OCCUPATION_SEGMENT|TRANSACTION_COUNT|UPI_XFER
F3209,D_UPI_TXN_CR_7D_OCC,Deviation of UPI Debit Amount - last 7D,False,UPI,DEVIATION,NONE,CREDIT,BEHAVIORAL,False,,SAFE,AMOUNT|CREDIT|DEVIATION|OCCUPATION_SEGMENT|UPI
F3210,D_UPI_TXN_DB_7D_OCC,Deviation of UPI Total txns - last 7D,False,UPI,DEVIATION,NONE,DEBIT,BEHAVIORAL,False,,SAFE,DEBIT|DEVIATION|OCCUPATION_SEGMENT|TRANSACTION_COUNT|UPI
F3211,D_UPI_XFER_AMT_7D_OCC,Deviation of UPI Credit txns - last 7D,False,UPI_XFER,DEVIATION,NONE,BOTH,BEHAVIORAL,False,,SAFE,AMOUNT|DEVIATION|OCCUPATION_SEGMENT|TRANSACTION_COUNT|UPI_XFER
F3212,D_UPI_AMT_CR_7D_OCC,Deviation of UPI Total Amount - last 7D,False,UPI,DEVIATION,NONE,CREDIT,BEHAVIORAL,False,,SAFE,AMOUNT|CREDIT|DEVIATION|OCCUPATION_SEGMENT|UPI
F3213,D_UPI_AMT_DB_7D_OCC,Deviation of UPI Credit Amount - last 7D,False,UPI,DEVIATION,NONE,DEBIT,BEHAVIORAL,False,,SAFE,AMOUNT|DEBIT|DEVIATION|OCCUPATION_SEGMENT|UPI
F3214,D_NET_BNKING_TXN_7D_OCC,Deviation of Net Banking Total txns - last 7D,False,NET_BANKING,DEVIATION,NONE,BOTH,BEHAVIORAL,False,,SAFE,DEVIATION|NET_BANKING|OCCUPATION_SEGMENT|TRANSACTION_COUNT
F3215,D_NET_BNKING_TXN_CR_7D_OCC,Deviation of Net Banking Credit txns - last 7D,False,NET_BANKING,DEVIATION,NONE,CREDIT,BEHAVIORAL,False,,SAFE,CREDIT|DEVIATION|NET_BANKING|OCCUPATION_SEGMENT|TRANSACTION_COUNT
F3216,D_NET_BNKING_TXN_DB_7D_OCC,Deviation of Net Banking Debit txns - last 7D,False,NET_BANKING,DEVIATION,NONE,DEBIT,BEHAVIORAL,False,,SAFE,DEBIT|DEVIATION|NET_BANKING|OCCUPATION_SEGMENT|TRANSACTION_COUNT
F3217,D_NET_BNKING_AMT_7D_OCC,Deviation of Net Banking Total Amount - last 7D,False,NET_BANKING,DEVIATION,NONE,BOTH,BEHAVIORAL,False,,SAFE,AMOUNT|DEVIATION|NET_BANKING|OCCUPATION_SEGMENT
F3218,D_NET_BNKING_AMT_CR_7D_OCC,Deviation of Net Banking Credit Amount - last 7D,False,NET_BANKING,DEVIATION,NONE,CREDIT,BEHAVIORAL,False,,SAFE,AMOUNT|CREDIT|DEVIATION|NET_BANKING|OCCUPATION_SEGMENT
F3219,D_NET_BNKING_AMT_DB_7D_OCC,Deviation of Net Banking Debit Amount - last 7D,False,NET_BANKING,DEVIATION,NONE,DEBIT,BEHAVIORAL,False,,SAFE,AMOUNT|DEBIT|DEVIATION|NET_BANKING|OCCUPATION_SEGMENT
F3220,D_MOB_BNKING_TXN_7D_OCC,Deviation of Mobile Banking Debit txns - last 7D,False,MOBILE_BANKING,DEVIATION,NONE,BOTH,BEHAVIORAL,False,,SAFE,DEVIATION|MOBILE_BANKING|OCCUPATION_SEGMENT|TRANSACTION_COUNT
F3221,D_MBNKING_TXN_CR_7D_OCC,Deviation of Mobile Banking Debit Amount - last 7D,False,MOBILE_BANKING,DEVIATION,NONE,CREDIT,BEHAVIORAL,False,,SAFE,AMOUNT|CREDIT|DEVIATION|MOBILE_BANKING|OCCUPATION_SEGMENT
F3222,D_MBNKING_TXN_DB_7D_OCC,Deviation of Mobile Banking Total txns - last 7D,False,MOBILE_BANKING,DEVIATION,NONE,DEBIT,BEHAVIORAL,False,,SAFE,DEBIT|DEVIATION|MOBILE_BANKING|OCCUPATION_SEGMENT|TRANSACTION_COUNT
F3223,D_MOB_BNKING_AMT_7D_OCC,Deviation of Mobile Banking Credit txns - last 7D,False,MOBILE_BANKING,DEVIATION,NONE,BOTH,BEHAVIORAL,False,,SAFE,AMOUNT|DEVIATION|MOBILE_BANKING|OCCUPATION_SEGMENT|TRANSACTION_COUNT
F3224,D_MBNKING_AMT_CR_7D_OCC,Deviation of Mobile Banking Total Amount - last 7D,False,MOBILE_BANKING,DEVIATION,NONE,CREDIT,BEHAVIORAL,False,,SAFE,AMOUNT|CREDIT|DEVIATION|MOBILE_BANKING|OCCUPATION_SEGMENT
F3225,D_MBNKING_AMT_DB_7D_OCC,Deviation of Mobile Banking Credit Amount - last 7D,False,MOBILE_BANKING,DEVIATION,NONE,DEBIT,BEHAVIORAL,False,,SAFE,AMOUNT|DEBIT|DEVIATION|MOBILE_BANKING|OCCUPATION_SEGMENT
F3226,D_POS_PYMT_TXN_7D_OCC,Deviation of Merchant Payment Total txns - last 7D,False,POS_MERCHANT,DEVIATION,NONE,BOTH,BEHAVIORAL,False,,SAFE,DEVIATION|OCCUPATION_SEGMENT|POS_MERCHANT|TRANSACTION_COUNT
F3227,D_POS_PYMT_TXN_CR_7D_OCC,Deviation of Merchant Payment Credit txns - last 7D,False,POS_MERCHANT,DEVIATION,NONE,CREDIT,BEHAVIORAL,False,,SAFE,CREDIT|DEVIATION|OCCUPATION_SEGMENT|POS_MERCHANT|TRANSACTION_COUNT
F3228,D_POS_PYMT_TXN_DB_7D_OCC,Deviation of Merchant Payment Debit txns - last 7D,False,POS_MERCHANT,DEVIATION,NONE,DEBIT,BEHAVIORAL,False,,SAFE,DEBIT|DEVIATION|OCCUPATION_SEGMENT|POS_MERCHANT|TRANSACTION_COUNT
F3229,D_POS_PYMT_AMT_7D_OCC,Deviation of Merchant Payment Total Amount - last 7D,False,POS_MERCHANT,DEVIATION,NONE,BOTH,BEHAVIORAL,False,,SAFE,AMOUNT|DEVIATION|OCCUPATION_SEGMENT|POS_MERCHANT
F3230,D_POS_PYMT_AMT_CR_7D_OCC,Deviation of Merchant Payment Credit Amount - last 7D,False,POS_MERCHANT,DEVIATION,NONE,CREDIT,BEHAVIORAL,False,,SAFE,AMOUNT|CREDIT|DEVIATION|OCCUPATION_SEGMENT|POS_MERCHANT
F3231,D_POS_PYMT_AMT_DB_7D_OCC,Deviation of Merchant Payment Debit Amount - last 7D,False,POS_MERCHANT,DEVIATION,NONE,DEBIT,BEHAVIORAL,False,,SAFE,AMOUNT|DEBIT|DEVIATION|OCCUPATION_SEGMENT|POS_MERCHANT
F3232,D_BBPS_TXN_7D_OCC,Deviation of Bharat Bill Payment System Total txns - last 7D,False,BBPS,DEVIATION,NONE,BOTH,BEHAVIORAL,False,,SAFE,BBPS|DEVIATION|OCCUPATION_SEGMENT|TRANSACTION_COUNT
F3233,D_BBPS_TXN_CR_7D_OCC,Deviation of Bharat Bill Payment System Credit txns - last 7D,False,BBPS,DEVIATION,NONE,CREDIT,BEHAVIORAL,False,,SAFE,BBPS|CREDIT|DEVIATION|OCCUPATION_SEGMENT|TRANSACTION_COUNT
F3234,D_BBPS_TXN_DB_7D_OCC,Deviation of Bharat Bill Payment System Debit txns - last 7D,False,BBPS,DEVIATION,NONE,DEBIT,BEHAVIORAL,False,,SAFE,BBPS|DEBIT|DEVIATION|OCCUPATION_SEGMENT|TRANSACTION_COUNT
F3235,D_BBPS_AMT_7D_OCC,Deviation of Bharat Bill Payment System Total Amount - last 7D,False,BBPS,DEVIATION,NONE,BOTH,BEHAVIORAL,False,,SAFE,AMOUNT|BBPS|DEVIATION|OCCUPATION_SEGMENT
F3236,D_BBPS_AMT_CR_7D_OCC,Deviation of Bharat Bill Payment System Credit Amount - last 7D,False,BBPS,DEVIATION,NONE,CREDIT,BEHAVIORAL,False,,SAFE,AMOUNT|BBPS|CREDIT|DEVIATION|OCCUPATION_SEGMENT
F3237,D_BBPS_AMT_DB_7D_OCC,Deviation of Bharat Bill Payment System Debit Amount - last 7D,False,BBPS,DEVIATION,NONE,DEBIT,BEHAVIORAL,False,,SAFE,AMOUNT|BBPS|DEBIT|DEVIATION|OCCUPATION_SEGMENT
F3238,D_APB_TXN_7D_OCC,Deviation of Aadhar Payment Bridge Total txns - last 7D,False,AADHAAR_PAYMENT_BRIDGE,DEVIATION,NONE,BOTH,BEHAVIORAL,False,,SAFE,AADHAAR_PAYMENT_BRIDGE|DEVIATION|OCCUPATION_SEGMENT|TRANSACTION_COUNT
F3239,D_APB_TXN_CR_7D_OCC,Deviation of Aadhar Payment Bridge Credit txns - last 7D,False,AADHAAR_PAYMENT_BRIDGE,DEVIATION,NONE,CREDIT,BEHAVIORAL,False,,SAFE,AADHAAR_PAYMENT_BRIDGE|CREDIT|DEVIATION|OCCUPATION_SEGMENT|TRANSACTION_COUNT
F3240,D_APB_TXN_DB_7D_OCC,Deviation of Aadhar Payment Bridge Debit txns - last 7D,False,AADHAAR_PAYMENT_BRIDGE,DEVIATION,NONE,DEBIT,BEHAVIORAL,False,,SAFE,AADHAAR_PAYMENT_BRIDGE|DEBIT|DEVIATION|OCCUPATION_SEGMENT|TRANSACTION_COUNT
F3241,D_APB_AMT_7D_OCC,Deviation of Aadhar Payment Bridge Total Amount - last 7D,False,AADHAAR_PAYMENT_BRIDGE,DEVIATION,NONE,BOTH,BEHAVIORAL,False,,SAFE,AADHAAR_PAYMENT_BRIDGE|AMOUNT|DEVIATION|OCCUPATION_SEGMENT
F3242,D_APB_AMT_CR_7D_OCC,Deviation of Aadhar Payment Bridge Credit Amount - last 7D,False,AADHAAR_PAYMENT_BRIDGE,DEVIATION,NONE,CREDIT,BEHAVIORAL,False,,SAFE,AADHAAR_PAYMENT_BRIDGE|AMOUNT|CREDIT|DEVIATION|OCCUPATION_SEGMENT
F3243,D_APB_AMT_DB_7D_OCC,Deviation of Aadhar Payment Bridge Debit Amount - last 7D,False,AADHAAR_PAYMENT_BRIDGE,DEVIATION,NONE,DEBIT,BEHAVIORAL,False,,SAFE,AADHAAR_PAYMENT_BRIDGE|AMOUNT|DEBIT|DEVIATION|OCCUPATION_SEGMENT
F3244,D_LOAN_TXN_7D_OCC,Deviation of Loan Total txns - last 7D,False,LOAN,DEVIATION,NONE,BOTH,BEHAVIORAL,False,,SAFE,DEVIATION|LOAN|OCCUPATION_SEGMENT|TRANSACTION_COUNT
F3245,D_LOAN_TXN_CR_7D_OCC,Deviation of Loan Credit txns - last 7D,False,LOAN,DEVIATION,NONE,CREDIT,BEHAVIORAL,False,,SAFE,CREDIT|DEVIATION|LOAN|OCCUPATION_SEGMENT|TRANSACTION_COUNT
F3246,D_LOAN_TXN_DB_7D_OCC,Deviation of Loan Debit txns - last 7D,False,LOAN,DEVIATION,NONE,DEBIT,BEHAVIORAL,False,,SAFE,DEBIT|DEVIATION|LOAN|OCCUPATION_SEGMENT|TRANSACTION_COUNT
F3247,D_LOAN_AMT_7D_OCC,Deviation of Loan Total Amount - last 7D,False,LOAN,DEVIATION,NONE,BOTH,BEHAVIORAL,False,,SAFE,AMOUNT|DEVIATION|LOAN|OCCUPATION_SEGMENT
F3248,D_LOAN_AMT_CR_7D_OCC,Deviation of Loan Credit Amount - last 7D,False,LOAN,DEVIATION,NONE,CREDIT,BEHAVIORAL,False,,SAFE,AMOUNT|CREDIT|DEVIATION|LOAN|OCCUPATION_SEGMENT
F3249,D_LOAN_AMT_DB_7D_OCC,Deviation of Loan Debit Amount - last 7D,False,LOAN,DEVIATION,NONE,DEBIT,BEHAVIORAL,False,,SAFE,AMOUNT|DEBIT|DEVIATION|LOAN|OCCUPATION_SEGMENT
F3250,D_STDNG_INSTR_7D_OCC,Deviation of Standing Instruction Total Amount - last 7D,False,STANDING_INSTRUCTION,DEVIATION,NONE,BOTH,BEHAVIORAL,False,,SAFE,AMOUNT|DEVIATION|OCCUPATION_SEGMENT|STANDING_INSTRUCTION
F3251,D_STDNG_INSTR_CR_TXN_7D_OCC,Deviation of Standing Instruction Credit txns - last 7D,False,STANDING_INSTRUCTION,DEVIATION,NONE,CREDIT,BEHAVIORAL,False,,SAFE,CREDIT|DEVIATION|OCCUPATION_SEGMENT|STANDING_INSTRUCTION|TRANSACTION_COUNT
F3252,D_STDNG_INSTR_DB_TXN_7D_OCC,Deviation of Standing Instruction Debit txns - last 7D,False,STANDING_INSTRUCTION,DEVIATION,NONE,DEBIT,BEHAVIORAL,False,,SAFE,DEBIT|DEVIATION|OCCUPATION_SEGMENT|STANDING_INSTRUCTION|TRANSACTION_COUNT
F3253,D_STDNG_INSTR_AMT_7D_OCC,Deviation of Standing Instruction Credit Amount - last 7D,False,STANDING_INSTRUCTION,DEVIATION,NONE,BOTH,BEHAVIORAL,False,,SAFE,AMOUNT|DEVIATION|OCCUPATION_SEGMENT|STANDING_INSTRUCTION
F3254,D_STDNG_INSTR_AMT_CR_7D_OCC,Deviation of Standing Instruction Debit Amount - last 7D,False,STANDING_INSTRUCTION,DEVIATION,NONE,CREDIT,BEHAVIORAL,False,,SAFE,AMOUNT|CREDIT|DEVIATION|OCCUPATION_SEGMENT|STANDING_INSTRUCTION
F3255,D_STDNG_INSTR_AMT_DB_7D_OCC,Deviation of Standing Instruction Total txns - last 7D,False,STANDING_INSTRUCTION,DEVIATION,NONE,DEBIT,BEHAVIORAL,False,,SAFE,AMOUNT|DEBIT|DEVIATION|OCCUPATION_SEGMENT|STANDING_INSTRUCTION|TRANSACTION_COUNT
F3256,D_CASH_TXN_14D_OCC,Deviation of Cash Total txns - last 14D,False,CASH,DEVIATION,NONE,BOTH,BEHAVIORAL,False,,SAFE,CASH|DEVIATION|OCCUPATION_SEGMENT|TRANSACTION_COUNT
F3257,D_CASH_TXN_CR_14D_OCC,Deviation of Cash Credit txns - last 14D,False,CASH,DEVIATION,NONE,CREDIT,BEHAVIORAL,False,,SAFE,CASH|CREDIT|DEVIATION|OCCUPATION_SEGMENT|TRANSACTION_COUNT
F3258,D_CASH_TXN_DB_14D_OCC,Deviation of Cash Debit txns - last 14D,False,CASH,DEVIATION,NONE,DEBIT,BEHAVIORAL,False,,SAFE,CASH|DEBIT|DEVIATION|OCCUPATION_SEGMENT|TRANSACTION_COUNT
F3259,D_CASH_AMT_14D_OCC,Deviation of Cash Total Amount - last 14D,False,CASH,DEVIATION,NONE,BOTH,BEHAVIORAL,False,,SAFE,AMOUNT|CASH|DEVIATION|OCCUPATION_SEGMENT
F3260,D_CASH_AMT_CR_14D_OCC,Deviation of Cash Credit Amount - last 14D,False,CASH,DEVIATION,NONE,CREDIT,BEHAVIORAL,False,,SAFE,AMOUNT|CASH|CREDIT|DEVIATION|OCCUPATION_SEGMENT
F3261,D_CASH_AMT_DB_14D_OCC,Deviation of Cash Debit Amount - last 14D,False,CASH,DEVIATION,NONE,DEBIT,BEHAVIORAL,False,,SAFE,AMOUNT|CASH|DEBIT|DEVIATION|OCCUPATION_SEGMENT
F3262,D_CHQ_TXN_14D_OCC,Deviation of Cheque Total txns - last 14D,False,CHEQUE,DEVIATION,NONE,BOTH,BEHAVIORAL,False,,SAFE,CHEQUE|DEVIATION|OCCUPATION_SEGMENT|TRANSACTION_COUNT
F3263,D_CHQ_TXN_CR_14D_OCC,Deviation of Cheque Credit txns - last 14D,False,CHEQUE,DEVIATION,NONE,CREDIT,BEHAVIORAL,False,,SAFE,CHEQUE|CREDIT|DEVIATION|OCCUPATION_SEGMENT|TRANSACTION_COUNT
F3264,D_CHQ_TXN_DB_14D_OCC,Deviation of Cheque Debit txns - last 14D,False,CHEQUE,DEVIATION,NONE,DEBIT,BEHAVIORAL,False,,SAFE,CHEQUE|DEBIT|DEVIATION|OCCUPATION_SEGMENT|TRANSACTION_COUNT
F3265,D_CHQ_AMT_14D_OCC,Deviation of Cheque Total Amount - last 14D,False,CHEQUE,DEVIATION,NONE,BOTH,BEHAVIORAL,False,,SAFE,AMOUNT|CHEQUE|DEVIATION|OCCUPATION_SEGMENT
F3266,D_CHQ_AMT_CR_14D_OCC,Deviation of Cheque Credit Amount - last 14D,False,CHEQUE,DEVIATION,NONE,CREDIT,BEHAVIORAL,False,,SAFE,AMOUNT|CHEQUE|CREDIT|DEVIATION|OCCUPATION_SEGMENT
F3267,D_CHQ_AMT_DB_14D_OCC,Deviation of Cheque Debit Amount - last 14D,False,CHEQUE,DEVIATION,NONE,DEBIT,BEHAVIORAL,False,,SAFE,AMOUNT|CHEQUE|DEBIT|DEVIATION|OCCUPATION_SEGMENT
F3268,D_NON_CASH_CHQ_TXN_14D_OCC,Deviation of Non Cash Non Cheque Total txns - last 14D,False,NON_CASH_CHQ,DEVIATION,NONE,BOTH,BEHAVIORAL,False,,SAFE,DEVIATION|NON_CASH_CHQ|OCCUPATION_SEGMENT|TRANSACTION_COUNT
F3269,D_NON_CASH_CHQ_TXN_CR_14D_OCC,Deviation of Non Cash Non Cheque Credit txns - last 14D,False,NON_CASH_CHQ,DEVIATION,NONE,CREDIT,BEHAVIORAL,False,,SAFE,CREDIT|DEVIATION|NON_CASH_CHQ|OCCUPATION_SEGMENT|TRANSACTION_COUNT
F3270,D_NON_CASH_CHQ_TXN_DB_14D_OCC,Deviation of Non Cash Non Cheque Debit txns - last 14D,False,NON_CASH_CHQ,DEVIATION,NONE,DEBIT,BEHAVIORAL,False,,SAFE,DEBIT|DEVIATION|NON_CASH_CHQ|OCCUPATION_SEGMENT|TRANSACTION_COUNT
F3271,D_NON_CASH_CHQ_AMT_14D_OCC,Deviation of Non Cash Non Cheque Total Amount - last 14D,False,NON_CASH_CHQ,DEVIATION,NONE,BOTH,BEHAVIORAL,False,,SAFE,AMOUNT|DEVIATION|NON_CASH_CHQ|OCCUPATION_SEGMENT
F3272,D_NON_CASH_CHQ_AMT_CR_14D_OCC,Deviation of Non Cash Non Cheque Credit Amount - last 14D,False,NON_CASH_CHQ,DEVIATION,NONE,CREDIT,BEHAVIORAL,False,,SAFE,AMOUNT|CREDIT|DEVIATION|NON_CASH_CHQ|OCCUPATION_SEGMENT
F3273,D_NON_CASH_CHQ_AMT_DB_14D_OCC,Deviation of Non Cash Non Cheque Debit Amount - last 14D,False,NON_CASH_CHQ,DEVIATION,NONE,DEBIT,BEHAVIORAL,False,,SAFE,AMOUNT|DEBIT|DEVIATION|NON_CASH_CHQ|OCCUPATION_SEGMENT
F3274,D_CI_NON_CASH_CHQ_TXN_14D_OCC,Deviation of Customer Induced Non Cash Non Cheque Total txns - last 14D,False,NON_CASH_CHQ,DEVIATION,NONE,BOTH,BEHAVIORAL,False,,SAFE,DEVIATION|NON_CASH_CHQ|OCCUPATION_SEGMENT|TRANSACTION_COUNT
F3275,D_CI_NON_CASH_CHQ_TXN_CR_14D_OCC,Deviation of Customer Induced Non Cash Non Cheque Credit txns - last 14D,False,NON_CASH_CHQ,DEVIATION,NONE,CREDIT,BEHAVIORAL,False,,SAFE,CREDIT|DEVIATION|NON_CASH_CHQ|OCCUPATION_SEGMENT|TRANSACTION_COUNT
F3276,D_CI_NON_CASH_CHQ_TXN_DB_14D_OCC,Deviation of Customer Induced Non Cash Non Cheque Debit txns - last 14D,False,NON_CASH_CHQ,DEVIATION,NONE,DEBIT,BEHAVIORAL,False,,SAFE,DEBIT|DEVIATION|NON_CASH_CHQ|OCCUPATION_SEGMENT|TRANSACTION_COUNT
F3277,D_CI_NON_CASH_CHQ_AMT_14D_OCC,Deviation of Customer Induced Non Cash Non Cheque Total Amount - last 14D,False,NON_CASH_CHQ,DEVIATION,NONE,BOTH,BEHAVIORAL,False,,SAFE,AMOUNT|DEVIATION|NON_CASH_CHQ|OCCUPATION_SEGMENT
F3278,D_CI_NON_CASH_CHQ_AMT_CR_14D_OCC,Deviation of Customer Induced Non Cash Non Cheque Credit Amount - last 14D,False,NON_CASH_CHQ,DEVIATION,NONE,CREDIT,BEHAVIORAL,False,,SAFE,AMOUNT|CREDIT|DEVIATION|NON_CASH_CHQ|OCCUPATION_SEGMENT
F3279,D_CI_NON_CASH_CHQ_AMT_DB_14D_OCC,Deviation of Customer Induced Non Cash Non Cheque Debit Amount - last 14D,False,NON_CASH_CHQ,DEVIATION,NONE,DEBIT,BEHAVIORAL,False,,SAFE,AMOUNT|DEBIT|DEVIATION|NON_CASH_CHQ|OCCUPATION_SEGMENT
F3280,D_CI_TXN_14D_OCC,Deviation of Customer Induced Total txns - last 14D,False,CASH_INTENSIVE,DEVIATION,NONE,BOTH,BEHAVIORAL,False,,SAFE,CASH_INTENSIVE|DEVIATION|OCCUPATION_SEGMENT|TRANSACTION_COUNT
F3281,D_CI_TXN_CR_14D_OCC,Deviation of Customer Induced Credit txns - last 14D,False,CASH_INTENSIVE,DEVIATION,NONE,CREDIT,BEHAVIORAL,False,,SAFE,CASH_INTENSIVE|CREDIT|DEVIATION|OCCUPATION_SEGMENT|TRANSACTION_COUNT
F3282,D_CI_TXN_DB_14D_OCC,Deviation of Customer Induced Debit txns - last 14D,False,CASH_INTENSIVE,DEVIATION,NONE,DEBIT,BEHAVIORAL,False,,SAFE,CASH_INTENSIVE|DEBIT|DEVIATION|OCCUPATION_SEGMENT|TRANSACTION_COUNT
F3283,D_CI_AMT_14D_OCC,Deviation of Customer Induced Total Amount - last 14D,False,CASH_INTENSIVE,DEVIATION,NONE,BOTH,BEHAVIORAL,False,,SAFE,AMOUNT|CASH_INTENSIVE|DEVIATION|OCCUPATION_SEGMENT
F3284,D_CI_AMT_CR_14D_OCC,Deviation of Customer Induced Credit Amount - last 14D,False,CASH_INTENSIVE,DEVIATION,NONE,CREDIT,BEHAVIORAL,False,,SAFE,AMOUNT|CASH_INTENSIVE|CREDIT|DEVIATION|OCCUPATION_SEGMENT
F3285,D_CI_AMT_DB_14D_OCC,Deviation of Customer Induced Debit Amount - last 14D,False,CASH_INTENSIVE,DEVIATION,NONE,DEBIT,BEHAVIORAL,False,,SAFE,AMOUNT|CASH_INTENSIVE|DEBIT|DEVIATION|OCCUPATION_SEGMENT
F3286,D_ATM_TXN_14D_OCC,Deviation of ATM Total txns - last 14D,False,ATM,DEVIATION,NONE,BOTH,BEHAVIORAL,False,,SAFE,ATM|DEVIATION|OCCUPATION_SEGMENT|TRANSACTION_COUNT
F3287,D_ATM_TXN_CR_14D_OCC,Deviation of ATM Credit txns - last 14D,False,ATM,DEVIATION,NONE,CREDIT,BEHAVIORAL,False,,SAFE,ATM|CREDIT|DEVIATION|OCCUPATION_SEGMENT|TRANSACTION_COUNT
F3288,D_ATM_TXN_DB_14D_OCC,Deviation of ATM Debit txns - last 14D,False,ATM,DEVIATION,NONE,DEBIT,BEHAVIORAL,False,,SAFE,ATM|DEBIT|DEVIATION|OCCUPATION_SEGMENT|TRANSACTION_COUNT
F3289,D_ATM_AMT_14D_OCC,Deviation of ATM Total Amount - last 14D,False,ATM,DEVIATION,NONE,BOTH,BEHAVIORAL,False,,SAFE,AMOUNT|ATM|DEVIATION|OCCUPATION_SEGMENT
F3290,D_ATM_AMT_CR_14D_OCC,Deviation of ATM Credit Amount - last 14D,False,ATM,DEVIATION,NONE,CREDIT,BEHAVIORAL,False,,SAFE,AMOUNT|ATM|CREDIT|DEVIATION|OCCUPATION_SEGMENT
F3291,D_ATM_AMT_DB_14D_OCC,Deviation of ATM Debit Amount - last 14D,False,ATM,DEVIATION,NONE,DEBIT,BEHAVIORAL,False,,SAFE,AMOUNT|ATM|DEBIT|DEVIATION|OCCUPATION_SEGMENT
F3292,D_BI_FEES_CHRGS_TXN_14D_OCC,Deviation of Bank Induced Fees Charges Total txns - last 14D,False,FEES_AND_CHARGES,DEVIATION,NONE,BOTH,BEHAVIORAL,False,,SAFE,DEVIATION|FEES_AND_CHARGES|OCCUPATION_SEGMENT|TRANSACTION_COUNT
F3293,D_BI_FEES_CHRGS_TXN_CR_14D_OCC,Deviation of Bank Induced Fees Charges Credit txns - last 14D,False,FEES_AND_CHARGES,DEVIATION,NONE,CREDIT,BEHAVIORAL,False,,SAFE,CREDIT|DEVIATION|FEES_AND_CHARGES|OCCUPATION_SEGMENT|TRANSACTION_COUNT
F3294,D_BI_FEES_CHRGS_TXN_DB_14D_OCC,Deviation of Bank Induced Fees Charges Debit txns - last 14D,False,FEES_AND_CHARGES,DEVIATION,NONE,DEBIT,BEHAVIORAL,False,,SAFE,DEBIT|DEVIATION|FEES_AND_CHARGES|OCCUPATION_SEGMENT|TRANSACTION_COUNT
F3295,D_BI_FEES_CHRGS_AMT_14D_OCC,Deviation of Bank Induced Fees Charges Total Amount - last 14D,False,FEES_AND_CHARGES,DEVIATION,NONE,BOTH,BEHAVIORAL,False,,SAFE,AMOUNT|DEVIATION|FEES_AND_CHARGES|OCCUPATION_SEGMENT
F3296,D_BI_FEES_CHRGS_AMT_CR_14D_OCC,Deviation of Bank Induced Fees Charges Credit Amount - last 14D,False,FEES_AND_CHARGES,DEVIATION,NONE,CREDIT,BEHAVIORAL,False,,SAFE,AMOUNT|CREDIT|DEVIATION|FEES_AND_CHARGES|OCCUPATION_SEGMENT
F3297,D_BI_FEES_CHRGS_AMT_DB_14D_OCC,Deviation of Bank Induced Fees Charges Debit Amount - last 14D,False,FEES_AND_CHARGES,DEVIATION,NONE,DEBIT,BEHAVIORAL,False,,SAFE,AMOUNT|DEBIT|DEVIATION|FEES_AND_CHARGES|OCCUPATION_SEGMENT
F3298,D_CI_FEES_CHRGS_TXN_14D_OCC,Deviation of Customer Induced Fees Charges Total txns - last 14D,False,FEES_AND_CHARGES,DEVIATION,NONE,BOTH,BEHAVIORAL,False,,SAFE,DEVIATION|FEES_AND_CHARGES|OCCUPATION_SEGMENT|TRANSACTION_COUNT
F3299,D_CI_FEES_CHRGS_TXN_CR_14D_OCC,Deviation of Customer Induced Fees Charges Credit txns - last 14D,False,FEES_AND_CHARGES,DEVIATION,NONE,CREDIT,BEHAVIORAL,False,,SAFE,CREDIT|DEVIATION|FEES_AND_CHARGES|OCCUPATION_SEGMENT|TRANSACTION_COUNT
F3300,D_CI_FEES_CHRGS_TXN_DB_14D_OCC,Deviation of Customer Induced Fees Charges Debit txns - last 14D,False,FEES_AND_CHARGES,DEVIATION,NONE,DEBIT,BEHAVIORAL,False,,SAFE,DEBIT|DEVIATION|FEES_AND_CHARGES|OCCUPATION_SEGMENT|TRANSACTION_COUNT
F3301,D_CI_FEES_CHRGS_AMT_14D_OCC,Deviation of Customer Induced Fees Charges Total Amount - last 14D,False,FEES_AND_CHARGES,DEVIATION,NONE,BOTH,BEHAVIORAL,False,,SAFE,AMOUNT|DEVIATION|FEES_AND_CHARGES|OCCUPATION_SEGMENT
F3302,D_CI_FEES_CHRGS_AMT_CR_14D_OCC,Deviation of Customer Induced Fees Charges Credit Amount - last 14D,False,FEES_AND_CHARGES,DEVIATION,NONE,CREDIT,BEHAVIORAL,False,,SAFE,AMOUNT|CREDIT|DEVIATION|FEES_AND_CHARGES|OCCUPATION_SEGMENT
F3303,D_CI_FEES_CHRGS_AMT_DB_14D_OCC,Deviation of Customer Induced Fees Charges Debit Amount - last 14D,False,FEES_AND_CHARGES,DEVIATION,NONE,DEBIT,BEHAVIORAL,False,,SAFE,AMOUNT|DEBIT|DEVIATION|FEES_AND_CHARGES|OCCUPATION_SEGMENT
F3304,D_GST_TXN_14D_OCC,Deviation of GST Total txns - last 14D,False,GST,DEVIATION,NONE,BOTH,BEHAVIORAL,False,,SAFE,DEVIATION|GST|OCCUPATION_SEGMENT|TRANSACTION_COUNT
F3305,D_GST_TXN_CR_14D_OCC,Deviation of GST Credit txns - last 14D,False,GST,DEVIATION,NONE,CREDIT,BEHAVIORAL,False,,SAFE,CREDIT|DEVIATION|GST|OCCUPATION_SEGMENT|TRANSACTION_COUNT
F3306,D_GST_TXN_DB_14D_OCC,Deviation of GST Debit txns - last 14D,False,GST,DEVIATION,NONE,DEBIT,BEHAVIORAL,False,,SAFE,DEBIT|DEVIATION|GST|OCCUPATION_SEGMENT|TRANSACTION_COUNT
F3307,D_GST_AMT_14D_OCC,Deviation of GST Total Amount - last 14D,False,GST,DEVIATION,NONE,BOTH,BEHAVIORAL,False,,SAFE,AMOUNT|DEVIATION|GST|OCCUPATION_SEGMENT
F3308,D_GST_AMT_CR_14D_OCC,Deviation of GST Credit Amount - last 14D,False,GST,DEVIATION,NONE,CREDIT,BEHAVIORAL,False,,SAFE,AMOUNT|CREDIT|DEVIATION|GST|OCCUPATION_SEGMENT
F3309,D_GST_AMT_DB_14D_OCC,Deviation of GST Debit Amount - last 14D,False,GST,DEVIATION,NONE,DEBIT,BEHAVIORAL,False,,SAFE,AMOUNT|DEBIT|DEVIATION|GST|OCCUPATION_SEGMENT
F3310,D_ELEC_XFER_TXN_14D_OCC,Deviation of Online Transfer (IMPS+NEFT+RTGS) Total txns - last 14D,False,ELEC_XFER,DEVIATION,NONE,BOTH,BEHAVIORAL,False,,SAFE,DEVIATION|ELEC_XFER|OCCUPATION_SEGMENT|TRANSACTION_COUNT
F3311,D_ELEC_XFER_TXN_CR_14D_OCC,Deviation of Online Transfer (IMPS+NEFT+RTGS) Credit txns - last 14D,False,ELEC_XFER,DEVIATION,NONE,CREDIT,BEHAVIORAL,False,,SAFE,CREDIT|DEVIATION|ELEC_XFER|OCCUPATION_SEGMENT|TRANSACTION_COUNT
F3312,D_ELEC_XFER_TXN_DB_14D_OCC,Deviation of Online Transfer (IMPS+NEFT+RTGS) Debit txns - last 14D,False,ELEC_XFER,DEVIATION,NONE,DEBIT,BEHAVIORAL,False,,SAFE,DEBIT|DEVIATION|ELEC_XFER|OCCUPATION_SEGMENT|TRANSACTION_COUNT
F3313,D_ELEC_XFER_AMT_14D_OCC,Deviation of Online Transfer (IMPS+NEFT+RTGS) Total Amount - last 14D,False,ELEC_XFER,DEVIATION,NONE,BOTH,BEHAVIORAL,False,,SAFE,AMOUNT|DEVIATION|ELEC_XFER|OCCUPATION_SEGMENT
F3314,D_ELEC_XFER_AMT_CR_14D_OCC,Deviation of Online Transfer (IMPS+NEFT+RTGS) Credit Amount - last 14D,False,ELEC_XFER,DEVIATION,NONE,CREDIT,BEHAVIORAL,False,,SAFE,AMOUNT|CREDIT|DEVIATION|ELEC_XFER|OCCUPATION_SEGMENT
F3315,D_ELEC_XFER_AMT_DB_14D_OCC,Deviation of Online Transfer (IMPS+NEFT+RTGS) Debit Amount - last 14D,False,ELEC_XFER,DEVIATION,NONE,DEBIT,BEHAVIORAL,False,,SAFE,AMOUNT|DEBIT|DEVIATION|ELEC_XFER|OCCUPATION_SEGMENT
F3316,D_UPI_XFER_TXN_14D_OCC,Deviation of UPI Debit txns - last 14D,False,UPI_XFER,DEVIATION,NONE,BOTH,BEHAVIORAL,False,,SAFE,DEVIATION|OCCUPATION_SEGMENT|TRANSACTION_COUNT|UPI_XFER
F3317,D_UPI_TXN_CR_14D_OCC,Deviation of UPI Debit Amount - last 14D,False,UPI,DEVIATION,NONE,CREDIT,BEHAVIORAL,False,,SAFE,AMOUNT|CREDIT|DEVIATION|OCCUPATION_SEGMENT|UPI
F3318,D_UPI_TXN_DB_14D_OCC,Deviation of UPI Total txns - last 14D,False,UPI,DEVIATION,NONE,DEBIT,BEHAVIORAL,False,,SAFE,DEBIT|DEVIATION|OCCUPATION_SEGMENT|TRANSACTION_COUNT|UPI
F3319,D_UPI_XFER_AMT_14D_OCC,Deviation of UPI Credit txns - last 14D,False,UPI_XFER,DEVIATION,NONE,BOTH,BEHAVIORAL,False,,SAFE,AMOUNT|DEVIATION|OCCUPATION_SEGMENT|TRANSACTION_COUNT|UPI_XFER
F3320,D_UPI_AMT_CR_14D_OCC,Deviation of UPI Total Amount - last 14D,False,UPI,DEVIATION,NONE,CREDIT,BEHAVIORAL,False,,SAFE,AMOUNT|CREDIT|DEVIATION|OCCUPATION_SEGMENT|UPI
F3321,D_UPI_AMT_DB_14D_OCC,Deviation of UPI Credit Amount - last 14D,False,UPI,DEVIATION,NONE,DEBIT,BEHAVIORAL,False,,SAFE,AMOUNT|DEBIT|DEVIATION|OCCUPATION_SEGMENT|UPI
F3322,D_NET_BNKING_TXN_14D_OCC,Deviation of Net Banking Total txns - last 14D,False,NET_BANKING,DEVIATION,NONE,BOTH,BEHAVIORAL,False,,SAFE,DEVIATION|NET_BANKING|OCCUPATION_SEGMENT|TRANSACTION_COUNT
F3323,D_NET_BNKING_TXN_CR_14D_OCC,Deviation of Net Banking Credit txns - last 14D,False,NET_BANKING,DEVIATION,NONE,CREDIT,BEHAVIORAL,False,,SAFE,CREDIT|DEVIATION|NET_BANKING|OCCUPATION_SEGMENT|TRANSACTION_COUNT
F3324,D_NET_BNKING_TXN_DB_14D_OCC,Deviation of Net Banking Debit txns - last 14D,False,NET_BANKING,DEVIATION,NONE,DEBIT,BEHAVIORAL,False,,SAFE,DEBIT|DEVIATION|NET_BANKING|OCCUPATION_SEGMENT|TRANSACTION_COUNT
F3325,D_NET_BNKING_AMT_14D_OCC,Deviation of Net Banking Total Amount - last 14D,False,NET_BANKING,DEVIATION,NONE,BOTH,BEHAVIORAL,False,,SAFE,AMOUNT|DEVIATION|NET_BANKING|OCCUPATION_SEGMENT
F3326,D_NET_BNKING_AMT_CR_14D_OCC,Deviation of Net Banking Credit Amount - last 14D,False,NET_BANKING,DEVIATION,NONE,CREDIT,BEHAVIORAL,False,,SAFE,AMOUNT|CREDIT|DEVIATION|NET_BANKING|OCCUPATION_SEGMENT
F3327,D_NET_BNKING_AMT_DB_14D_OCC,Deviation of Net Banking Debit Amount - last 14D,False,NET_BANKING,DEVIATION,NONE,DEBIT,BEHAVIORAL,False,,SAFE,AMOUNT|DEBIT|DEVIATION|NET_BANKING|OCCUPATION_SEGMENT
F3328,D_MOB_BNKING_TXN_14D_OCC,Deviation of Mobile Banking Debit txns - last 14D,False,MOBILE_BANKING,DEVIATION,NONE,BOTH,BEHAVIORAL,False,,SAFE,DEVIATION|MOBILE_BANKING|OCCUPATION_SEGMENT|TRANSACTION_COUNT
F3329,D_MBNKING_TXN_CR_14D_OCC,Deviation of Mobile Banking Debit Amount - last 14D,False,MOBILE_BANKING,DEVIATION,NONE,CREDIT,BEHAVIORAL,False,,SAFE,AMOUNT|CREDIT|DEVIATION|MOBILE_BANKING|OCCUPATION_SEGMENT
F3330,D_MBNKING_TXN_DB_14D_OCC,Deviation of Mobile Banking Total txns - last 14D,False,MOBILE_BANKING,DEVIATION,NONE,DEBIT,BEHAVIORAL,False,,SAFE,DEBIT|DEVIATION|MOBILE_BANKING|OCCUPATION_SEGMENT|TRANSACTION_COUNT
F3331,D_MOB_BNKING_AMT_14D_OCC,Deviation of Mobile Banking Credit txns - last 14D,False,MOBILE_BANKING,DEVIATION,NONE,BOTH,BEHAVIORAL,False,,SAFE,AMOUNT|DEVIATION|MOBILE_BANKING|OCCUPATION_SEGMENT|TRANSACTION_COUNT
F3332,D_MBNKING_AMT_CR_14D_OCC,Deviation of Mobile Banking Total Amount - last 14D,False,MOBILE_BANKING,DEVIATION,NONE,CREDIT,BEHAVIORAL,False,,SAFE,AMOUNT|CREDIT|DEVIATION|MOBILE_BANKING|OCCUPATION_SEGMENT
F3333,D_MBNKING_AMT_DB_14D_OCC,Deviation of Mobile Banking Credit Amount - last 14D,False,MOBILE_BANKING,DEVIATION,NONE,DEBIT,BEHAVIORAL,False,,SAFE,AMOUNT|DEBIT|DEVIATION|MOBILE_BANKING|OCCUPATION_SEGMENT
F3334,D_POS_PYMT_TXN_14D_OCC,Deviation of Merchant Payment Total txns - last 14D,False,POS_MERCHANT,DEVIATION,NONE,BOTH,BEHAVIORAL,False,,SAFE,DEVIATION|OCCUPATION_SEGMENT|POS_MERCHANT|TRANSACTION_COUNT
F3335,D_POS_PYMT_TXN_CR_14D_OCC,Deviation of Merchant Payment Credit txns - last 14D,False,POS_MERCHANT,DEVIATION,NONE,CREDIT,BEHAVIORAL,False,,SAFE,CREDIT|DEVIATION|OCCUPATION_SEGMENT|POS_MERCHANT|TRANSACTION_COUNT
F3336,D_POS_PYMT_TXN_DB_14D_OCC,Deviation of Merchant Payment Debit txns - last 14D,False,POS_MERCHANT,DEVIATION,NONE,DEBIT,BEHAVIORAL,False,,SAFE,DEBIT|DEVIATION|OCCUPATION_SEGMENT|POS_MERCHANT|TRANSACTION_COUNT
F3337,D_POS_PYMT_AMT_14D_OCC,Deviation of Merchant Payment Total Amount - last 14D,False,POS_MERCHANT,DEVIATION,NONE,BOTH,BEHAVIORAL,False,,SAFE,AMOUNT|DEVIATION|OCCUPATION_SEGMENT|POS_MERCHANT
F3338,D_POS_PYMT_AMT_CR_14D_OCC,Deviation of Merchant Payment Credit Amount - last 14D,False,POS_MERCHANT,DEVIATION,NONE,CREDIT,BEHAVIORAL,False,,SAFE,AMOUNT|CREDIT|DEVIATION|OCCUPATION_SEGMENT|POS_MERCHANT
F3339,D_POS_PYMT_AMT_DB_14D_OCC,Deviation of Merchant Payment Debit Amount - last 14D,False,POS_MERCHANT,DEVIATION,NONE,DEBIT,BEHAVIORAL,False,,SAFE,AMOUNT|DEBIT|DEVIATION|OCCUPATION_SEGMENT|POS_MERCHANT
F3340,D_BBPS_TXN_14D_OCC,Deviation of Bharat Bill Payment System Total txns - last 14D,False,BBPS,DEVIATION,NONE,BOTH,BEHAVIORAL,False,,SAFE,BBPS|DEVIATION|OCCUPATION_SEGMENT|TRANSACTION_COUNT
F3341,D_BBPS_TXN_CR_14D_OCC,Deviation of Bharat Bill Payment System Credit txns - last 14D,False,BBPS,DEVIATION,NONE,CREDIT,BEHAVIORAL,False,,SAFE,BBPS|CREDIT|DEVIATION|OCCUPATION_SEGMENT|TRANSACTION_COUNT
F3342,D_BBPS_TXN_DB_14D_OCC,Deviation of Bharat Bill Payment System Debit txns - last 14D,False,BBPS,DEVIATION,NONE,DEBIT,BEHAVIORAL,False,,SAFE,BBPS|DEBIT|DEVIATION|OCCUPATION_SEGMENT|TRANSACTION_COUNT
F3343,D_BBPS_AMT_14D_OCC,Deviation of Bharat Bill Payment System Total Amount - last 14D,False,BBPS,DEVIATION,NONE,BOTH,BEHAVIORAL,False,,SAFE,AMOUNT|BBPS|DEVIATION|OCCUPATION_SEGMENT
F3344,D_BBPS_AMT_CR_14D_OCC,Deviation of Bharat Bill Payment System Credit Amount - last 14D,False,BBPS,DEVIATION,NONE,CREDIT,BEHAVIORAL,False,,SAFE,AMOUNT|BBPS|CREDIT|DEVIATION|OCCUPATION_SEGMENT
F3345,D_BBPS_AMT_DB_14D_OCC,Deviation of Bharat Bill Payment System Debit Amount - last 14D,False,BBPS,DEVIATION,NONE,DEBIT,BEHAVIORAL,False,,SAFE,AMOUNT|BBPS|DEBIT|DEVIATION|OCCUPATION_SEGMENT
F3346,D_APB_TXN_14D_OCC,Deviation of Aadhar Payment Bridge Total txns - last 14D,False,AADHAAR_PAYMENT_BRIDGE,DEVIATION,NONE,BOTH,BEHAVIORAL,False,,SAFE,AADHAAR_PAYMENT_BRIDGE|DEVIATION|OCCUPATION_SEGMENT|TRANSACTION_COUNT
F3347,D_APB_TXN_CR_14D_OCC,Deviation of Aadhar Payment Bridge Credit txns - last 14D,False,AADHAAR_PAYMENT_BRIDGE,DEVIATION,NONE,CREDIT,BEHAVIORAL,False,,SAFE,AADHAAR_PAYMENT_BRIDGE|CREDIT|DEVIATION|OCCUPATION_SEGMENT|TRANSACTION_COUNT
F3348,D_APB_TXN_DB_14D_OCC,Deviation of Aadhar Payment Bridge Debit txns - last 14D,False,AADHAAR_PAYMENT_BRIDGE,DEVIATION,NONE,DEBIT,BEHAVIORAL,False,,SAFE,AADHAAR_PAYMENT_BRIDGE|DEBIT|DEVIATION|OCCUPATION_SEGMENT|TRANSACTION_COUNT
F3349,D_APB_AMT_14D_OCC,Deviation of Aadhar Payment Bridge Total Amount - last 14D,False,AADHAAR_PAYMENT_BRIDGE,DEVIATION,NONE,BOTH,BEHAVIORAL,False,,SAFE,AADHAAR_PAYMENT_BRIDGE|AMOUNT|DEVIATION|OCCUPATION_SEGMENT
F3350,D_APB_AMT_CR_14D_OCC,Deviation of Aadhar Payment Bridge Credit Amount - last 14D,False,AADHAAR_PAYMENT_BRIDGE,DEVIATION,NONE,CREDIT,BEHAVIORAL,False,,SAFE,AADHAAR_PAYMENT_BRIDGE|AMOUNT|CREDIT|DEVIATION|OCCUPATION_SEGMENT
F3351,D_APB_AMT_DB_14D_OCC,Deviation of Aadhar Payment Bridge Debit Amount - last 14D,False,AADHAAR_PAYMENT_BRIDGE,DEVIATION,NONE,DEBIT,BEHAVIORAL,False,,SAFE,AADHAAR_PAYMENT_BRIDGE|AMOUNT|DEBIT|DEVIATION|OCCUPATION_SEGMENT
F3352,D_LOAN_TXN_14D_OCC,Deviation of Loan Total txns - last 14D,False,LOAN,DEVIATION,NONE,BOTH,BEHAVIORAL,False,,SAFE,DEVIATION|LOAN|OCCUPATION_SEGMENT|TRANSACTION_COUNT
F3353,D_LOAN_TXN_CR_14D_OCC,Deviation of Loan Credit txns - last 14D,False,LOAN,DEVIATION,NONE,CREDIT,BEHAVIORAL,False,,SAFE,CREDIT|DEVIATION|LOAN|OCCUPATION_SEGMENT|TRANSACTION_COUNT
F3354,D_LOAN_TXN_DB_14D_OCC,Deviation of Loan Debit txns - last 14D,False,LOAN,DEVIATION,NONE,DEBIT,BEHAVIORAL,False,,SAFE,DEBIT|DEVIATION|LOAN|OCCUPATION_SEGMENT|TRANSACTION_COUNT
F3355,D_LOAN_AMT_14D_OCC,Deviation of Loan Total Amount - last 14D,False,LOAN,DEVIATION,NONE,BOTH,BEHAVIORAL,False,,SAFE,AMOUNT|DEVIATION|LOAN|OCCUPATION_SEGMENT
F3356,D_LOAN_AMT_CR_14D_OCC,Deviation of Loan Credit Amount - last 14D,False,LOAN,DEVIATION,NONE,CREDIT,BEHAVIORAL,False,,SAFE,AMOUNT|CREDIT|DEVIATION|LOAN|OCCUPATION_SEGMENT
F3357,D_LOAN_AMT_DB_14D_OCC,Deviation of Loan Debit Amount - last 14D,False,LOAN,DEVIATION,NONE,DEBIT,BEHAVIORAL,False,,SAFE,AMOUNT|DEBIT|DEVIATION|LOAN|OCCUPATION_SEGMENT
F3358,D_STDNG_INSTR_14D_OCC,Deviation of Standing Instruction Total Amount - last 14D,False,STANDING_INSTRUCTION,DEVIATION,NONE,BOTH,BEHAVIORAL,False,,SAFE,AMOUNT|DEVIATION|OCCUPATION_SEGMENT|STANDING_INSTRUCTION
F3359,D_STDNG_INSTR_CR_TXN_14D_OCC,Deviation of Standing Instruction Credit txns - last 14D,False,STANDING_INSTRUCTION,DEVIATION,NONE,CREDIT,BEHAVIORAL,False,,SAFE,CREDIT|DEVIATION|OCCUPATION_SEGMENT|STANDING_INSTRUCTION|TRANSACTION_COUNT
F3360,D_STDNG_INSTR_DB_TXN_14D_OCC,Deviation of Standing Instruction Debit txns - last 14D,False,STANDING_INSTRUCTION,DEVIATION,NONE,DEBIT,BEHAVIORAL,False,,SAFE,DEBIT|DEVIATION|OCCUPATION_SEGMENT|STANDING_INSTRUCTION|TRANSACTION_COUNT
F3361,D_STDNG_INSTR_AMT_14D_OCC,Deviation of Standing Instruction Credit Amount - last 14D,False,STANDING_INSTRUCTION,DEVIATION,NONE,BOTH,BEHAVIORAL,False,,SAFE,AMOUNT|DEVIATION|OCCUPATION_SEGMENT|STANDING_INSTRUCTION
F3362,D_STDNG_INSTR_AMT_CR_14D_OCC,Deviation of Standing Instruction Debit Amount - last 14D,False,STANDING_INSTRUCTION,DEVIATION,NONE,CREDIT,BEHAVIORAL,False,,SAFE,AMOUNT|CREDIT|DEVIATION|OCCUPATION_SEGMENT|STANDING_INSTRUCTION
F3363,D_STDNG_INSTR_AMT_DB_14D_OCC,Deviation of Standing Instruction Total txns - last 14D,False,STANDING_INSTRUCTION,DEVIATION,NONE,DEBIT,BEHAVIORAL,False,,SAFE,AMOUNT|DEBIT|DEVIATION|OCCUPATION_SEGMENT|STANDING_INSTRUCTION|TRANSACTION_COUNT
F3364,D_CASH_TXN_31D_OCC,Deviation of Cash Total txns - last 31D,False,CASH,DEVIATION,NONE,BOTH,BEHAVIORAL,False,,SAFE,CASH|DEVIATION|OCCUPATION_SEGMENT|TRANSACTION_COUNT
F3365,D_CASH_TXN_CR_31D_OCC,Deviation of Cash Credit txns - last 31D,False,CASH,DEVIATION,NONE,CREDIT,BEHAVIORAL,False,,SAFE,CASH|CREDIT|DEVIATION|OCCUPATION_SEGMENT|TRANSACTION_COUNT
F3366,D_CASH_TXN_DB_31D_OCC,Deviation of Cash Debit txns - last 31D,False,CASH,DEVIATION,NONE,DEBIT,BEHAVIORAL,False,,SAFE,CASH|DEBIT|DEVIATION|OCCUPATION_SEGMENT|TRANSACTION_COUNT
F3367,D_CASH_AMT_31D_OCC,Deviation of Cash Total Amount - last 31D,False,CASH,DEVIATION,NONE,BOTH,BEHAVIORAL,False,,SAFE,AMOUNT|CASH|DEVIATION|OCCUPATION_SEGMENT
F3368,D_CASH_AMT_CR_31D_OCC,Deviation of Cash Credit Amount - last 31D,False,CASH,DEVIATION,NONE,CREDIT,BEHAVIORAL,False,,SAFE,AMOUNT|CASH|CREDIT|DEVIATION|OCCUPATION_SEGMENT
F3369,D_CASH_AMT_DB_31D_OCC,Deviation of Cash Debit Amount - last 31D,False,CASH,DEVIATION,NONE,DEBIT,BEHAVIORAL,False,,SAFE,AMOUNT|CASH|DEBIT|DEVIATION|OCCUPATION_SEGMENT
F3370,D_CHQ_TXN_31D_OCC,Deviation of Cheque Total txns - last 31D,False,CHEQUE,DEVIATION,NONE,BOTH,BEHAVIORAL,False,,SAFE,CHEQUE|DEVIATION|OCCUPATION_SEGMENT|TRANSACTION_COUNT
F3371,D_CHQ_TXN_CR_31D_OCC,Deviation of Cheque Credit txns - last 31D,False,CHEQUE,DEVIATION,NONE,CREDIT,BEHAVIORAL,False,,SAFE,CHEQUE|CREDIT|DEVIATION|OCCUPATION_SEGMENT|TRANSACTION_COUNT
F3372,D_CHQ_TXN_DB_31D_OCC,Deviation of Cheque Debit txns - last 31D,False,CHEQUE,DEVIATION,NONE,DEBIT,BEHAVIORAL,False,,SAFE,CHEQUE|DEBIT|DEVIATION|OCCUPATION_SEGMENT|TRANSACTION_COUNT
F3373,D_CHQ_AMT_31D_OCC,Deviation of Cheque Total Amount - last 31D,False,CHEQUE,DEVIATION,NONE,BOTH,BEHAVIORAL,False,,SAFE,AMOUNT|CHEQUE|DEVIATION|OCCUPATION_SEGMENT
F3374,D_CHQ_AMT_CR_31D_OCC,Deviation of Cheque Credit Amount - last 31D,False,CHEQUE,DEVIATION,NONE,CREDIT,BEHAVIORAL,False,,SAFE,AMOUNT|CHEQUE|CREDIT|DEVIATION|OCCUPATION_SEGMENT
F3375,D_CHQ_AMT_DB_31D_OCC,Deviation of Cheque Debit Amount - last 31D,False,CHEQUE,DEVIATION,NONE,DEBIT,BEHAVIORAL,False,,SAFE,AMOUNT|CHEQUE|DEBIT|DEVIATION|OCCUPATION_SEGMENT
F3376,D_NON_CASH_CHQ_TXN_31D_OCC,Deviation of Non Cash Non Cheque Total txns - last 31D,False,NON_CASH_CHQ,DEVIATION,NONE,BOTH,BEHAVIORAL,False,,SAFE,DEVIATION|NON_CASH_CHQ|OCCUPATION_SEGMENT|TRANSACTION_COUNT
F3377,D_NON_CASH_CHQ_TXN_CR_31D_OCC,Deviation of Non Cash Non Cheque Credit txns - last 31D,False,NON_CASH_CHQ,DEVIATION,NONE,CREDIT,BEHAVIORAL,False,,SAFE,CREDIT|DEVIATION|NON_CASH_CHQ|OCCUPATION_SEGMENT|TRANSACTION_COUNT
F3378,D_NON_CASH_CHQ_TXN_DB_31D_OCC,Deviation of Non Cash Non Cheque Debit txns - last 31D,False,NON_CASH_CHQ,DEVIATION,NONE,DEBIT,BEHAVIORAL,False,,SAFE,DEBIT|DEVIATION|NON_CASH_CHQ|OCCUPATION_SEGMENT|TRANSACTION_COUNT
F3379,D_NON_CASH_CHQ_AMT_31D_OCC,Deviation of Non Cash Non Cheque Total Amount - last 31D,False,NON_CASH_CHQ,DEVIATION,NONE,BOTH,BEHAVIORAL,False,,SAFE,AMOUNT|DEVIATION|NON_CASH_CHQ|OCCUPATION_SEGMENT
F3380,D_NON_CASH_CHQ_AMT_CR_31D_OCC,Deviation of Non Cash Non Cheque Credit Amount - last 31D,False,NON_CASH_CHQ,DEVIATION,NONE,CREDIT,BEHAVIORAL,False,,SAFE,AMOUNT|CREDIT|DEVIATION|NON_CASH_CHQ|OCCUPATION_SEGMENT
F3381,D_NON_CASH_CHQ_AMT_DB_31D_OCC,Deviation of Non Cash Non Cheque Debit Amount - last 31D,False,NON_CASH_CHQ,DEVIATION,NONE,DEBIT,BEHAVIORAL,False,,SAFE,AMOUNT|DEBIT|DEVIATION|NON_CASH_CHQ|OCCUPATION_SEGMENT
F3382,D_CI_NON_CASH_CHQ_TXN_31D_OCC,Deviation of Customer Induced Non Cash Non Cheque Total txns - last 31D,False,NON_CASH_CHQ,DEVIATION,NONE,BOTH,BEHAVIORAL,False,,SAFE,DEVIATION|NON_CASH_CHQ|OCCUPATION_SEGMENT|TRANSACTION_COUNT
F3383,D_CI_NON_CASH_CHQ_TXN_CR_31D_OCC,Deviation of Customer Induced Non Cash Non Cheque Credit txns - last 31D,False,NON_CASH_CHQ,DEVIATION,NONE,CREDIT,BEHAVIORAL,False,,SAFE,CREDIT|DEVIATION|NON_CASH_CHQ|OCCUPATION_SEGMENT|TRANSACTION_COUNT
F3384,D_CI_NON_CASH_CHQ_TXN_DB_31D_OCC,Deviation of Customer Induced Non Cash Non Cheque Debit txns - last 31D,False,NON_CASH_CHQ,DEVIATION,NONE,DEBIT,BEHAVIORAL,False,,SAFE,DEBIT|DEVIATION|NON_CASH_CHQ|OCCUPATION_SEGMENT|TRANSACTION_COUNT
F3385,D_CI_NON_CASH_CHQ_AMT_31D_OCC,Deviation of Customer Induced Non Cash Non Cheque Total Amount - last 31D,False,NON_CASH_CHQ,DEVIATION,NONE,BOTH,BEHAVIORAL,False,,SAFE,AMOUNT|DEVIATION|NON_CASH_CHQ|OCCUPATION_SEGMENT
F3386,D_CI_NON_CASH_CHQ_AMT_CR_31D_OCC,Deviation of Customer Induced Non Cash Non Cheque Credit Amount - last 31D,False,NON_CASH_CHQ,DEVIATION,NONE,CREDIT,BEHAVIORAL,False,,SAFE,AMOUNT|CREDIT|DEVIATION|NON_CASH_CHQ|OCCUPATION_SEGMENT
F3387,D_CI_NON_CASH_CHQ_AMT_DB_31D_OCC,Deviation of Customer Induced Non Cash Non Cheque Debit Amount - last 31D,False,NON_CASH_CHQ,DEVIATION,NONE,DEBIT,BEHAVIORAL,False,,SAFE,AMOUNT|DEBIT|DEVIATION|NON_CASH_CHQ|OCCUPATION_SEGMENT
F3388,D_CI_TXN_31D_OCC,Deviation of Customer Induced Total txns - last 31D,False,CASH_INTENSIVE,DEVIATION,NONE,BOTH,BEHAVIORAL,False,,SAFE,CASH_INTENSIVE|DEVIATION|OCCUPATION_SEGMENT|TRANSACTION_COUNT
F3389,D_CI_TXN_CR_31D_OCC,Deviation of Customer Induced Credit txns - last 31D,False,CASH_INTENSIVE,DEVIATION,NONE,CREDIT,BEHAVIORAL,False,,SAFE,CASH_INTENSIVE|CREDIT|DEVIATION|OCCUPATION_SEGMENT|TRANSACTION_COUNT
F3390,D_CI_TXN_DB_31D_OCC,Deviation of Customer Induced Debit txns - last 31D,False,CASH_INTENSIVE,DEVIATION,NONE,DEBIT,BEHAVIORAL,False,,SAFE,CASH_INTENSIVE|DEBIT|DEVIATION|OCCUPATION_SEGMENT|TRANSACTION_COUNT
F3391,D_CI_AMT_31D_OCC,Deviation of Customer Induced Total Amount - last 31D,False,CASH_INTENSIVE,DEVIATION,NONE,BOTH,BEHAVIORAL,False,,SAFE,AMOUNT|CASH_INTENSIVE|DEVIATION|OCCUPATION_SEGMENT
F3392,D_CI_AMT_CR_31D_OCC,Deviation of Customer Induced Credit Amount - last 31D,False,CASH_INTENSIVE,DEVIATION,NONE,CREDIT,BEHAVIORAL,False,,SAFE,AMOUNT|CASH_INTENSIVE|CREDIT|DEVIATION|OCCUPATION_SEGMENT
F3393,D_CI_AMT_DB_31D_OCC,Deviation of Customer Induced Debit Amount - last 31D,False,CASH_INTENSIVE,DEVIATION,NONE,DEBIT,BEHAVIORAL,False,,SAFE,AMOUNT|CASH_INTENSIVE|DEBIT|DEVIATION|OCCUPATION_SEGMENT
F3394,D_ATM_TXN_31D_OCC,Deviation of ATM Total txns - last 31D,False,ATM,DEVIATION,NONE,BOTH,BEHAVIORAL,False,,SAFE,ATM|DEVIATION|OCCUPATION_SEGMENT|TRANSACTION_COUNT
F3395,D_ATM_TXN_CR_31D_OCC,Deviation of ATM Credit txns - last 31D,False,ATM,DEVIATION,NONE,CREDIT,BEHAVIORAL,False,,SAFE,ATM|CREDIT|DEVIATION|OCCUPATION_SEGMENT|TRANSACTION_COUNT
F3396,D_ATM_TXN_DB_31D_OCC,Deviation of ATM Debit txns - last 31D,False,ATM,DEVIATION,NONE,DEBIT,BEHAVIORAL,False,,SAFE,ATM|DEBIT|DEVIATION|OCCUPATION_SEGMENT|TRANSACTION_COUNT
F3397,D_ATM_AMT_31D_OCC,Deviation of ATM Total Amount - last 31D,False,ATM,DEVIATION,NONE,BOTH,BEHAVIORAL,False,,SAFE,AMOUNT|ATM|DEVIATION|OCCUPATION_SEGMENT
F3398,D_ATM_AMT_CR_31D_OCC,Deviation of ATM Credit Amount - last 31D,False,ATM,DEVIATION,NONE,CREDIT,BEHAVIORAL,False,,SAFE,AMOUNT|ATM|CREDIT|DEVIATION|OCCUPATION_SEGMENT
F3399,D_ATM_AMT_DB_31D_OCC,Deviation of ATM Debit Amount - last 31D,False,ATM,DEVIATION,NONE,DEBIT,BEHAVIORAL,False,,SAFE,AMOUNT|ATM|DEBIT|DEVIATION|OCCUPATION_SEGMENT
F3400,D_BI_FEES_CHRGS_TXN_31D_OCC,Deviation of Bank Induced Fees Charges Total txns - last 31D,False,FEES_AND_CHARGES,DEVIATION,NONE,BOTH,BEHAVIORAL,False,,SAFE,DEVIATION|FEES_AND_CHARGES|OCCUPATION_SEGMENT|TRANSACTION_COUNT
F3401,D_BI_FEES_CHRGS_TXN_CR_31D_OCC,Deviation of Bank Induced Fees Charges Credit txns - last 31D,False,FEES_AND_CHARGES,DEVIATION,NONE,CREDIT,BEHAVIORAL,False,,SAFE,CREDIT|DEVIATION|FEES_AND_CHARGES|OCCUPATION_SEGMENT|TRANSACTION_COUNT
F3402,D_BI_FEES_CHRGS_TXN_DB_31D_OCC,Deviation of Bank Induced Fees Charges Debit txns - last 31D,False,FEES_AND_CHARGES,DEVIATION,NONE,DEBIT,BEHAVIORAL,False,,SAFE,DEBIT|DEVIATION|FEES_AND_CHARGES|OCCUPATION_SEGMENT|TRANSACTION_COUNT
F3403,D_BI_FEES_CHRGS_AMT_31D_OCC,Deviation of Bank Induced Fees Charges Total Amount - last 31D,False,FEES_AND_CHARGES,DEVIATION,NONE,BOTH,BEHAVIORAL,False,,SAFE,AMOUNT|DEVIATION|FEES_AND_CHARGES|OCCUPATION_SEGMENT
F3404,D_BI_FEES_CHRGS_AMT_CR_31D_OCC,Deviation of Bank Induced Fees Charges Credit Amount - last 31D,False,FEES_AND_CHARGES,DEVIATION,NONE,CREDIT,BEHAVIORAL,False,,SAFE,AMOUNT|CREDIT|DEVIATION|FEES_AND_CHARGES|OCCUPATION_SEGMENT
F3405,D_BI_FEES_CHRGS_AMT_DB_31D_OCC,Deviation of Bank Induced Fees Charges Debit Amount - last 31D,False,FEES_AND_CHARGES,DEVIATION,NONE,DEBIT,BEHAVIORAL,False,,SAFE,AMOUNT|DEBIT|DEVIATION|FEES_AND_CHARGES|OCCUPATION_SEGMENT
F3406,D_CI_FEES_CHRGS_TXN_31D_OCC,Deviation of Customer Induced Fees Charges Total txns - last 31D,False,FEES_AND_CHARGES,DEVIATION,NONE,BOTH,BEHAVIORAL,False,,SAFE,DEVIATION|FEES_AND_CHARGES|OCCUPATION_SEGMENT|TRANSACTION_COUNT
F3407,D_CI_FEES_CHRGS_TXN_CR_31D_OCC,Deviation of Customer Induced Fees Charges Credit txns - last 31D,False,FEES_AND_CHARGES,DEVIATION,NONE,CREDIT,BEHAVIORAL,False,,SAFE,CREDIT|DEVIATION|FEES_AND_CHARGES|OCCUPATION_SEGMENT|TRANSACTION_COUNT
F3408,D_CI_FEES_CHRGS_TXN_DB_31D_OCC,Deviation of Customer Induced Fees Charges Debit txns - last 31D,False,FEES_AND_CHARGES,DEVIATION,NONE,DEBIT,BEHAVIORAL,False,,SAFE,DEBIT|DEVIATION|FEES_AND_CHARGES|OCCUPATION_SEGMENT|TRANSACTION_COUNT
F3409,D_CI_FEES_CHRGS_AMT_31D_OCC,Deviation of Customer Induced Fees Charges Total Amount - last 31D,False,FEES_AND_CHARGES,DEVIATION,NONE,BOTH,BEHAVIORAL,False,,SAFE,AMOUNT|DEVIATION|FEES_AND_CHARGES|OCCUPATION_SEGMENT
F3410,D_CI_FEES_CHRGS_AMT_CR_31D_OCC,Deviation of Customer Induced Fees Charges Credit Amount - last 31D,False,FEES_AND_CHARGES,DEVIATION,NONE,CREDIT,BEHAVIORAL,False,,SAFE,AMOUNT|CREDIT|DEVIATION|FEES_AND_CHARGES|OCCUPATION_SEGMENT
F3411,D_CI_FEES_CHRGS_AMT_DB_31D_OCC,Deviation of Customer Induced Fees Charges Debit Amount - last 31D,False,FEES_AND_CHARGES,DEVIATION,NONE,DEBIT,BEHAVIORAL,False,,SAFE,AMOUNT|DEBIT|DEVIATION|FEES_AND_CHARGES|OCCUPATION_SEGMENT
F3412,D_GST_TXN_31D_OCC,Deviation of GST Total txns - last 31D,False,GST,DEVIATION,NONE,BOTH,BEHAVIORAL,False,,SAFE,DEVIATION|GST|OCCUPATION_SEGMENT|TRANSACTION_COUNT
F3413,D_GST_TXN_CR_31D_OCC,Deviation of GST Credit txns - last 31D,False,GST,DEVIATION,NONE,CREDIT,BEHAVIORAL,False,,SAFE,CREDIT|DEVIATION|GST|OCCUPATION_SEGMENT|TRANSACTION_COUNT
F3414,D_GST_TXN_DB_31D_OCC,Deviation of GST Debit txns - last 31D,False,GST,DEVIATION,NONE,DEBIT,BEHAVIORAL,False,,SAFE,DEBIT|DEVIATION|GST|OCCUPATION_SEGMENT|TRANSACTION_COUNT
F3415,D_GST_AMT_31D_OCC,Deviation of GST Total Amount - last 31D,False,GST,DEVIATION,NONE,BOTH,BEHAVIORAL,False,,SAFE,AMOUNT|DEVIATION|GST|OCCUPATION_SEGMENT
F3416,D_GST_AMT_CR_31D_OCC,Deviation of GST Credit Amount - last 31D,False,GST,DEVIATION,NONE,CREDIT,BEHAVIORAL,False,,SAFE,AMOUNT|CREDIT|DEVIATION|GST|OCCUPATION_SEGMENT
F3417,D_GST_AMT_DB_31D_OCC,Deviation of GST Debit Amount - last 31D,False,GST,DEVIATION,NONE,DEBIT,BEHAVIORAL,False,,SAFE,AMOUNT|DEBIT|DEVIATION|GST|OCCUPATION_SEGMENT
F3418,D_ELEC_XFER_TXN_31D_OCC,Deviation of Online Transfer (IMPS+NEFT+RTGS) Total txns - last 31D,False,ELEC_XFER,DEVIATION,NONE,BOTH,BEHAVIORAL,False,,SAFE,DEVIATION|ELEC_XFER|OCCUPATION_SEGMENT|TRANSACTION_COUNT
F3419,D_ELEC_XFER_TXN_CR_31D_OCC,Deviation of Online Transfer (IMPS+NEFT+RTGS) Credit txns - last 31D,False,ELEC_XFER,DEVIATION,NONE,CREDIT,BEHAVIORAL,False,,SAFE,CREDIT|DEVIATION|ELEC_XFER|OCCUPATION_SEGMENT|TRANSACTION_COUNT
F3420,D_ELEC_XFER_TXN_DB_31D_OCC,Deviation of Online Transfer (IMPS+NEFT+RTGS) Debit txns - last 31D,False,ELEC_XFER,DEVIATION,NONE,DEBIT,BEHAVIORAL,False,,SAFE,DEBIT|DEVIATION|ELEC_XFER|OCCUPATION_SEGMENT|TRANSACTION_COUNT
F3421,D_ELEC_XFER_AMT_31D_OCC,Deviation of Online Transfer (IMPS+NEFT+RTGS) Total Amount - last 31D,False,ELEC_XFER,DEVIATION,NONE,BOTH,BEHAVIORAL,False,,SAFE,AMOUNT|DEVIATION|ELEC_XFER|OCCUPATION_SEGMENT
F3422,D_ELEC_XFER_AMT_CR_31D_OCC,Deviation of Online Transfer (IMPS+NEFT+RTGS) Credit Amount - last 31D,False,ELEC_XFER,DEVIATION,NONE,CREDIT,BEHAVIORAL,False,,SAFE,AMOUNT|CREDIT|DEVIATION|ELEC_XFER|OCCUPATION_SEGMENT
F3423,D_ELEC_XFER_AMT_DB_31D_OCC,Deviation of Online Transfer (IMPS+NEFT+RTGS) Debit Amount - last 31D,False,ELEC_XFER,DEVIATION,NONE,DEBIT,BEHAVIORAL,False,,SAFE,AMOUNT|DEBIT|DEVIATION|ELEC_XFER|OCCUPATION_SEGMENT
F3424,D_UPI_XFER_TXN_31D_OCC,Deviation of UPI Debit txns - last 31D,False,UPI_XFER,DEVIATION,NONE,BOTH,BEHAVIORAL,False,,SAFE,DEVIATION|OCCUPATION_SEGMENT|TRANSACTION_COUNT|UPI_XFER
F3425,D_UPI_TXN_CR_31D_OCC,Deviation of UPI Debit Amount - last 31D,False,UPI,DEVIATION,NONE,CREDIT,BEHAVIORAL,False,,SAFE,AMOUNT|CREDIT|DEVIATION|OCCUPATION_SEGMENT|UPI
F3426,D_UPI_TXN_DB_31D_OCC,Deviation of UPI Total txns - last 31D,False,UPI,DEVIATION,NONE,DEBIT,BEHAVIORAL,False,,SAFE,DEBIT|DEVIATION|OCCUPATION_SEGMENT|TRANSACTION_COUNT|UPI
F3427,D_UPI_XFER_AMT_31D_OCC,Deviation of UPI Credit txns - last 31D,False,UPI_XFER,DEVIATION,NONE,BOTH,BEHAVIORAL,False,,SAFE,AMOUNT|DEVIATION|OCCUPATION_SEGMENT|TRANSACTION_COUNT|UPI_XFER
F3428,D_UPI_AMT_CR_31D_OCC,Deviation of UPI Total Amount - last 31D,False,UPI,DEVIATION,NONE,CREDIT,BEHAVIORAL,False,,SAFE,AMOUNT|CREDIT|DEVIATION|OCCUPATION_SEGMENT|UPI
F3429,D_UPI_AMT_DB_31D_OCC,Deviation of UPI Credit Amount - last 31D,False,UPI,DEVIATION,NONE,DEBIT,BEHAVIORAL,False,,SAFE,AMOUNT|DEBIT|DEVIATION|OCCUPATION_SEGMENT|UPI
F3430,D_NET_BNKING_TXN_31D_OCC,Deviation of Net Banking Total txns - last 31D,False,NET_BANKING,DEVIATION,NONE,BOTH,BEHAVIORAL,False,,SAFE,DEVIATION|NET_BANKING|OCCUPATION_SEGMENT|TRANSACTION_COUNT
F3431,D_NET_BNKING_TXN_CR_31D_OCC,Deviation of Net Banking Credit txns - last 31D,False,NET_BANKING,DEVIATION,NONE,CREDIT,BEHAVIORAL,False,,SAFE,CREDIT|DEVIATION|NET_BANKING|OCCUPATION_SEGMENT|TRANSACTION_COUNT
F3432,D_NET_BNKING_TXN_DB_31D_OCC,Deviation of Net Banking Debit txns - last 31D,False,NET_BANKING,DEVIATION,NONE,DEBIT,BEHAVIORAL,False,,SAFE,DEBIT|DEVIATION|NET_BANKING|OCCUPATION_SEGMENT|TRANSACTION_COUNT
F3433,D_NET_BNKING_AMT_31D_OCC,Deviation of Net Banking Total Amount - last 31D,False,NET_BANKING,DEVIATION,NONE,BOTH,BEHAVIORAL,False,,SAFE,AMOUNT|DEVIATION|NET_BANKING|OCCUPATION_SEGMENT
F3434,D_NET_BNKING_AMT_CR_31D_OCC,Deviation of Net Banking Credit Amount - last 31D,False,NET_BANKING,DEVIATION,NONE,CREDIT,BEHAVIORAL,False,,SAFE,AMOUNT|CREDIT|DEVIATION|NET_BANKING|OCCUPATION_SEGMENT
F3435,D_NET_BNKING_AMT_DB_31D_OCC,Deviation of Net Banking Debit Amount - last 31D,False,NET_BANKING,DEVIATION,NONE,DEBIT,BEHAVIORAL,False,,SAFE,AMOUNT|DEBIT|DEVIATION|NET_BANKING|OCCUPATION_SEGMENT
F3436,D_MOB_BNKING_TXN_31D_OCC,Deviation of Mobile Banking Debit txns - last 31D,False,MOBILE_BANKING,DEVIATION,NONE,BOTH,BEHAVIORAL,False,,SAFE,DEVIATION|MOBILE_BANKING|OCCUPATION_SEGMENT|TRANSACTION_COUNT
F3437,D_MBNKING_TXN_CR_31D_OCC,Deviation of Mobile Banking Debit Amount - last 31D,False,MOBILE_BANKING,DEVIATION,NONE,CREDIT,BEHAVIORAL,False,,SAFE,AMOUNT|CREDIT|DEVIATION|MOBILE_BANKING|OCCUPATION_SEGMENT
F3438,D_MBNKING_TXN_DB_31D_OCC,Deviation of Mobile Banking Total txns - last 31D,False,MOBILE_BANKING,DEVIATION,NONE,DEBIT,BEHAVIORAL,False,,SAFE,DEBIT|DEVIATION|MOBILE_BANKING|OCCUPATION_SEGMENT|TRANSACTION_COUNT
F3439,D_MOB_BNKING_AMT_31D_OCC,Deviation of Mobile Banking Credit txns - last 31D,False,MOBILE_BANKING,DEVIATION,NONE,BOTH,BEHAVIORAL,False,,SAFE,AMOUNT|DEVIATION|MOBILE_BANKING|OCCUPATION_SEGMENT|TRANSACTION_COUNT
F3440,D_MBNKING_AMT_CR_31D_OCC,Deviation of Mobile Banking Total Amount - last 31D,False,MOBILE_BANKING,DEVIATION,NONE,CREDIT,BEHAVIORAL,False,,SAFE,AMOUNT|CREDIT|DEVIATION|MOBILE_BANKING|OCCUPATION_SEGMENT
F3441,D_MBNKING_AMT_DB_31D_OCC,Deviation of Mobile Banking Credit Amount - last 31D,False,MOBILE_BANKING,DEVIATION,NONE,DEBIT,BEHAVIORAL,False,,SAFE,AMOUNT|DEBIT|DEVIATION|MOBILE_BANKING|OCCUPATION_SEGMENT
F3442,D_POS_PYMT_TXN_31D_OCC,Deviation of Merchant Payment Total txns - last 31D,False,POS_MERCHANT,DEVIATION,NONE,BOTH,BEHAVIORAL,False,,SAFE,DEVIATION|OCCUPATION_SEGMENT|POS_MERCHANT|TRANSACTION_COUNT
F3443,D_POS_PYMT_TXN_CR_31D_OCC,Deviation of Merchant Payment Credit txns - last 31D,False,POS_MERCHANT,DEVIATION,NONE,CREDIT,BEHAVIORAL,False,,SAFE,CREDIT|DEVIATION|OCCUPATION_SEGMENT|POS_MERCHANT|TRANSACTION_COUNT
F3444,D_POS_PYMT_TXN_DB_31D_OCC,Deviation of Merchant Payment Debit txns - last 31D,False,POS_MERCHANT,DEVIATION,NONE,DEBIT,BEHAVIORAL,False,,SAFE,DEBIT|DEVIATION|OCCUPATION_SEGMENT|POS_MERCHANT|TRANSACTION_COUNT
F3445,D_POS_PYMT_AMT_31D_OCC,Deviation of Merchant Payment Total Amount - last 31D,False,POS_MERCHANT,DEVIATION,NONE,BOTH,BEHAVIORAL,False,,SAFE,AMOUNT|DEVIATION|OCCUPATION_SEGMENT|POS_MERCHANT
F3446,D_POS_PYMT_AMT_CR_31D_OCC,Deviation of Merchant Payment Credit Amount - last 31D,False,POS_MERCHANT,DEVIATION,NONE,CREDIT,BEHAVIORAL,False,,SAFE,AMOUNT|CREDIT|DEVIATION|OCCUPATION_SEGMENT|POS_MERCHANT
F3447,D_POS_PYMT_AMT_DB_31D_OCC,Deviation of Merchant Payment Debit Amount - last 31D,False,POS_MERCHANT,DEVIATION,NONE,DEBIT,BEHAVIORAL,False,,SAFE,AMOUNT|DEBIT|DEVIATION|OCCUPATION_SEGMENT|POS_MERCHANT
F3448,D_BBPS_TXN_31D_OCC,Deviation of Bharat Bill Payment System Total txns - last 31D,False,BBPS,DEVIATION,NONE,BOTH,BEHAVIORAL,False,,SAFE,BBPS|DEVIATION|OCCUPATION_SEGMENT|TRANSACTION_COUNT
F3449,D_BBPS_TXN_CR_31D_OCC,Deviation of Bharat Bill Payment System Credit txns - last 31D,False,BBPS,DEVIATION,NONE,CREDIT,BEHAVIORAL,False,,SAFE,BBPS|CREDIT|DEVIATION|OCCUPATION_SEGMENT|TRANSACTION_COUNT
F3450,D_BBPS_TXN_DB_31D_OCC,Deviation of Bharat Bill Payment System Debit txns - last 31D,False,BBPS,DEVIATION,NONE,DEBIT,BEHAVIORAL,False,,SAFE,BBPS|DEBIT|DEVIATION|OCCUPATION_SEGMENT|TRANSACTION_COUNT
F3451,D_BBPS_AMT_31D_OCC,Deviation of Bharat Bill Payment System Total Amount - last 31D,False,BBPS,DEVIATION,NONE,BOTH,BEHAVIORAL,False,,SAFE,AMOUNT|BBPS|DEVIATION|OCCUPATION_SEGMENT
F3452,D_BBPS_AMT_CR_31D_OCC,Deviation of Bharat Bill Payment System Credit Amount - last 31D,False,BBPS,DEVIATION,NONE,CREDIT,BEHAVIORAL,False,,SAFE,AMOUNT|BBPS|CREDIT|DEVIATION|OCCUPATION_SEGMENT
F3453,D_BBPS_AMT_DB_31D_OCC,Deviation of Bharat Bill Payment System Debit Amount - last 31D,False,BBPS,DEVIATION,NONE,DEBIT,BEHAVIORAL,False,,SAFE,AMOUNT|BBPS|DEBIT|DEVIATION|OCCUPATION_SEGMENT
F3454,D_APB_TXN_31D_OCC,Deviation of Aadhar Payment Bridge Total txns - last 31D,False,AADHAAR_PAYMENT_BRIDGE,DEVIATION,NONE,BOTH,BEHAVIORAL,False,,SAFE,AADHAAR_PAYMENT_BRIDGE|DEVIATION|OCCUPATION_SEGMENT|TRANSACTION_COUNT
F3455,D_APB_TXN_CR_31D_OCC,Deviation of Aadhar Payment Bridge Credit txns - last 31D,False,AADHAAR_PAYMENT_BRIDGE,DEVIATION,NONE,CREDIT,BEHAVIORAL,False,,SAFE,AADHAAR_PAYMENT_BRIDGE|CREDIT|DEVIATION|OCCUPATION_SEGMENT|TRANSACTION_COUNT
F3456,D_APB_TXN_DB_31D_OCC,Deviation of Aadhar Payment Bridge Debit txns - last 31D,False,AADHAAR_PAYMENT_BRIDGE,DEVIATION,NONE,DEBIT,BEHAVIORAL,False,,SAFE,AADHAAR_PAYMENT_BRIDGE|DEBIT|DEVIATION|OCCUPATION_SEGMENT|TRANSACTION_COUNT
F3457,D_APB_AMT_31D_OCC,Deviation of Aadhar Payment Bridge Total Amount - last 31D,False,AADHAAR_PAYMENT_BRIDGE,DEVIATION,NONE,BOTH,BEHAVIORAL,False,,SAFE,AADHAAR_PAYMENT_BRIDGE|AMOUNT|DEVIATION|OCCUPATION_SEGMENT
F3458,D_APB_AMT_CR_31D_OCC,Deviation of Aadhar Payment Bridge Credit Amount - last 31D,False,AADHAAR_PAYMENT_BRIDGE,DEVIATION,NONE,CREDIT,BEHAVIORAL,False,,SAFE,AADHAAR_PAYMENT_BRIDGE|AMOUNT|CREDIT|DEVIATION|OCCUPATION_SEGMENT
F3459,D_APB_AMT_DB_31D_OCC,Deviation of Aadhar Payment Bridge Debit Amount - last 31D,False,AADHAAR_PAYMENT_BRIDGE,DEVIATION,NONE,DEBIT,BEHAVIORAL,False,,SAFE,AADHAAR_PAYMENT_BRIDGE|AMOUNT|DEBIT|DEVIATION|OCCUPATION_SEGMENT
F3460,D_LOAN_TXN_31D_OCC,Deviation of Loan Total txns - last 31D,False,LOAN,DEVIATION,NONE,BOTH,BEHAVIORAL,False,,SAFE,DEVIATION|LOAN|OCCUPATION_SEGMENT|TRANSACTION_COUNT
F3461,D_LOAN_TXN_CR_31D_OCC,Deviation of Loan Credit txns - last 31D,False,LOAN,DEVIATION,NONE,CREDIT,BEHAVIORAL,False,,SAFE,CREDIT|DEVIATION|LOAN|OCCUPATION_SEGMENT|TRANSACTION_COUNT
F3462,D_LOAN_TXN_DB_31D_OCC,Deviation of Loan Debit txns - last 31D,False,LOAN,DEVIATION,NONE,DEBIT,BEHAVIORAL,False,,SAFE,DEBIT|DEVIATION|LOAN|OCCUPATION_SEGMENT|TRANSACTION_COUNT
F3463,D_LOAN_AMT_31D_OCC,Deviation of Loan Total Amount - last 31D,False,LOAN,DEVIATION,NONE,BOTH,BEHAVIORAL,False,,SAFE,AMOUNT|DEVIATION|LOAN|OCCUPATION_SEGMENT
F3464,D_LOAN_AMT_CR_31D_OCC,Deviation of Loan Credit Amount - last 31D,False,LOAN,DEVIATION,NONE,CREDIT,BEHAVIORAL,False,,SAFE,AMOUNT|CREDIT|DEVIATION|LOAN|OCCUPATION_SEGMENT
F3465,D_LOAN_AMT_DB_31D_OCC,Deviation of Loan Debit Amount - last 31D,False,LOAN,DEVIATION,NONE,DEBIT,BEHAVIORAL,False,,SAFE,AMOUNT|DEBIT|DEVIATION|LOAN|OCCUPATION_SEGMENT
F3466,D_STDNG_INSTR_31D_OCC,Deviation of Standing Instruction Total Amount - last 31D,False,STANDING_INSTRUCTION,DEVIATION,NONE,BOTH,BEHAVIORAL,False,,SAFE,AMOUNT|DEVIATION|OCCUPATION_SEGMENT|STANDING_INSTRUCTION
F3467,D_STDNG_INSTR_CR_TXN_31D_OCC,Deviation of Standing Instruction Credit txns - last 31D,False,STANDING_INSTRUCTION,DEVIATION,NONE,CREDIT,BEHAVIORAL,False,,SAFE,CREDIT|DEVIATION|OCCUPATION_SEGMENT|STANDING_INSTRUCTION|TRANSACTION_COUNT
F3468,D_STDNG_INSTR_DB_TXN_31D_OCC,Deviation of Standing Instruction Debit txns - last 31D,False,STANDING_INSTRUCTION,DEVIATION,NONE,DEBIT,BEHAVIORAL,False,,SAFE,DEBIT|DEVIATION|OCCUPATION_SEGMENT|STANDING_INSTRUCTION|TRANSACTION_COUNT
F3469,D_STDNG_INSTR_AMT_31D_OCC,Deviation of Standing Instruction Credit Amount - last 31D,False,STANDING_INSTRUCTION,DEVIATION,NONE,BOTH,BEHAVIORAL,False,,SAFE,AMOUNT|DEVIATION|OCCUPATION_SEGMENT|STANDING_INSTRUCTION
F3470,D_STDNG_INSTR_AMT_CR_31D_OCC,Deviation of Standing Instruction Debit Amount - last 31D,False,STANDING_INSTRUCTION,DEVIATION,NONE,CREDIT,BEHAVIORAL,False,,SAFE,AMOUNT|CREDIT|DEVIATION|OCCUPATION_SEGMENT|STANDING_INSTRUCTION
F3471,D_STDNG_INSTR_AMT_DB_31D_OCC,Deviation of Standing Instruction Total txns - last 31D,False,STANDING_INSTRUCTION,DEVIATION,NONE,DEBIT,BEHAVIORAL,False,,SAFE,AMOUNT|DEBIT|DEVIATION|OCCUPATION_SEGMENT|STANDING_INSTRUCTION|TRANSACTION_COUNT
F3472,DA_CASH_TXN_7D_OCC,Deviation of avgs: of Cash Total txns - last 7D,False,CASH,DEVIATION_OF_AVERAGE,NONE,BOTH,BEHAVIORAL,False,,SAFE,CASH|DEVIATION_OF_AVERAGE|OCCUPATION_SEGMENT|TRANSACTION_COUNT
F3473,DA_CASH_TXN_CR_7D_OCC,Deviation of avgs: of Cash Credit txns - last 7D,False,CASH,DEVIATION_OF_AVERAGE,NONE,CREDIT,BEHAVIORAL,False,,SAFE,CASH|CREDIT|DEVIATION_OF_AVERAGE|OCCUPATION_SEGMENT|TRANSACTION_COUNT
F3474,DA_CASH_TXN_DB_7D_OCC,Deviation of avgs: of Cash Debit txns - last 7D,False,CASH,DEVIATION_OF_AVERAGE,NONE,DEBIT,BEHAVIORAL,False,,SAFE,CASH|DEBIT|DEVIATION_OF_AVERAGE|OCCUPATION_SEGMENT|TRANSACTION_COUNT
F3475,DA_CASH_AMT_7D_OCC,Deviation of avgs: of Cash Total Amount - last 7D,False,CASH,DEVIATION_OF_AVERAGE,NONE,BOTH,BEHAVIORAL,False,,SAFE,AMOUNT|CASH|DEVIATION_OF_AVERAGE|OCCUPATION_SEGMENT
F3476,DA_CASH_AMT_CR_7D_OCC,Deviation of avgs: of Cash Credit Amount - last 7D,False,CASH,DEVIATION_OF_AVERAGE,NONE,CREDIT,BEHAVIORAL,False,,SAFE,AMOUNT|CASH|CREDIT|DEVIATION_OF_AVERAGE|OCCUPATION_SEGMENT
F3477,DA_CASH_AMT_DB_7D_OCC,Deviation of avgs: of Cash Debit Amount - last 7D,False,CASH,DEVIATION_OF_AVERAGE,NONE,DEBIT,BEHAVIORAL,False,,SAFE,AMOUNT|CASH|DEBIT|DEVIATION_OF_AVERAGE|OCCUPATION_SEGMENT
F3478,DA_CHQ_TXN_7D_OCC,Deviation of avgs: of Cheque Total txns - last 7D,False,CHEQUE,DEVIATION_OF_AVERAGE,NONE,BOTH,BEHAVIORAL,False,,SAFE,CHEQUE|DEVIATION_OF_AVERAGE|OCCUPATION_SEGMENT|TRANSACTION_COUNT
F3479,DA_CHQ_TXN_CR_7D_OCC,Deviation of avgs: of Cheque Credit txns - last 7D,False,CHEQUE,DEVIATION_OF_AVERAGE,NONE,CREDIT,BEHAVIORAL,False,,SAFE,CHEQUE|CREDIT|DEVIATION_OF_AVERAGE|OCCUPATION_SEGMENT|TRANSACTION_COUNT
F3480,DA_CHQ_TXN_DB_7D_OCC,Deviation of avgs: of Cheque Debit txns - last 7D,False,CHEQUE,DEVIATION_OF_AVERAGE,NONE,DEBIT,BEHAVIORAL,False,,SAFE,CHEQUE|DEBIT|DEVIATION_OF_AVERAGE|OCCUPATION_SEGMENT|TRANSACTION_COUNT
F3481,DA_CHQ_AMT_7D_OCC,Deviation of avgs: of Cheque Total Amount - last 7D,False,CHEQUE,DEVIATION_OF_AVERAGE,NONE,BOTH,BEHAVIORAL,False,,SAFE,AMOUNT|CHEQUE|DEVIATION_OF_AVERAGE|OCCUPATION_SEGMENT
F3482,DA_CHQ_AMT_CR_7D_OCC,Deviation of avgs: of Cheque Credit Amount - last 7D,False,CHEQUE,DEVIATION_OF_AVERAGE,NONE,CREDIT,BEHAVIORAL,False,,SAFE,AMOUNT|CHEQUE|CREDIT|DEVIATION_OF_AVERAGE|OCCUPATION_SEGMENT
F3483,DA_CHQ_AMT_DB_7D_OCC,Deviation of avgs: of Cheque Debit Amount - last 7D,False,CHEQUE,DEVIATION_OF_AVERAGE,NONE,DEBIT,BEHAVIORAL,False,,SAFE,AMOUNT|CHEQUE|DEBIT|DEVIATION_OF_AVERAGE|OCCUPATION_SEGMENT
F3484,DA_NON_CASH_CHQ_TXN_7D_OCC,Deviation of avgs: of Non Cash Non Cheque Total txns - last 7D,False,NON_CASH_CHQ,DEVIATION_OF_AVERAGE,NONE,BOTH,BEHAVIORAL,False,,SAFE,DEVIATION_OF_AVERAGE|NON_CASH_CHQ|OCCUPATION_SEGMENT|TRANSACTION_COUNT
F3485,DA_NON_CASH_CHQ_TXN_CR_7D_OCC,Deviation of avgs: of Non Cash Non Cheque Credit txns - last 7D,False,NON_CASH_CHQ,DEVIATION_OF_AVERAGE,NONE,CREDIT,BEHAVIORAL,False,,SAFE,CREDIT|DEVIATION_OF_AVERAGE|NON_CASH_CHQ|OCCUPATION_SEGMENT|TRANSACTION_COUNT
F3486,DA_NON_CASH_CHQ_TXN_DB_7D_OCC,Deviation of avgs: of Non Cash Non Cheque Debit txns - last 7D,False,NON_CASH_CHQ,DEVIATION_OF_AVERAGE,NONE,DEBIT,BEHAVIORAL,False,,SAFE,DEBIT|DEVIATION_OF_AVERAGE|NON_CASH_CHQ|OCCUPATION_SEGMENT|TRANSACTION_COUNT
F3487,DA_NON_CASH_CHQ_AMT_7D_OCC,Deviation of avgs: of Non Cash Non Cheque Total Amount - last 7D,False,NON_CASH_CHQ,DEVIATION_OF_AVERAGE,NONE,BOTH,BEHAVIORAL,False,,SAFE,AMOUNT|DEVIATION_OF_AVERAGE|NON_CASH_CHQ|OCCUPATION_SEGMENT
F3488,DA_NON_CASH_CHQ_AMT_CR_7D_OCC,Deviation of avgs: of Non Cash Non Cheque Credit Amount - last 7D,False,NON_CASH_CHQ,DEVIATION_OF_AVERAGE,NONE,CREDIT,BEHAVIORAL,False,,SAFE,AMOUNT|CREDIT|DEVIATION_OF_AVERAGE|NON_CASH_CHQ|OCCUPATION_SEGMENT
F3489,DA_NON_CASH_CHQ_AMT_DB_7D_OCC,Deviation of avgs: of Non Cash Non Cheque Debit Amount - last 7D,False,NON_CASH_CHQ,DEVIATION_OF_AVERAGE,NONE,DEBIT,BEHAVIORAL,False,,SAFE,AMOUNT|DEBIT|DEVIATION_OF_AVERAGE|NON_CASH_CHQ|OCCUPATION_SEGMENT
F3490,DA_CI_NON_CASH_CHQ_TXN_7D_OCC,Deviation of avgs: of Customer Induced Non Cash Non Cheque Total txns - last 7D,False,NON_CASH_CHQ,DEVIATION_OF_AVERAGE,NONE,BOTH,BEHAVIORAL,False,,SAFE,DEVIATION_OF_AVERAGE|NON_CASH_CHQ|OCCUPATION_SEGMENT|TRANSACTION_COUNT
F3491,DA_CI_NON_CASH_CHQ_TXN_CR_7D_OCC,Deviation of avgs: of Customer Induced Non Cash Non Cheque Credit txns - last 7D,False,NON_CASH_CHQ,DEVIATION_OF_AVERAGE,NONE,CREDIT,BEHAVIORAL,False,,SAFE,CREDIT|DEVIATION_OF_AVERAGE|NON_CASH_CHQ|OCCUPATION_SEGMENT|TRANSACTION_COUNT
F3492,DA_CI_NON_CASH_CHQ_TXN_DB_7D_OCC,Deviation of avgs: of Customer Induced Non Cash Non Cheque Debit txns - last 7D,False,NON_CASH_CHQ,DEVIATION_OF_AVERAGE,NONE,DEBIT,BEHAVIORAL,False,,SAFE,DEBIT|DEVIATION_OF_AVERAGE|NON_CASH_CHQ|OCCUPATION_SEGMENT|TRANSACTION_COUNT
F3493,DA_CI_NON_CASH_CHQ_AMT_7D_OCC,Deviation of avgs: of Customer Induced Non Cash Non Cheque Total Amount - last 7D,False,NON_CASH_CHQ,DEVIATION_OF_AVERAGE,NONE,BOTH,BEHAVIORAL,False,,SAFE,AMOUNT|DEVIATION_OF_AVERAGE|NON_CASH_CHQ|OCCUPATION_SEGMENT
F3494,DA_CI_NON_CASH_CHQ_AMT_CR_7D_OCC,Deviation of avgs: of Customer Induced Non Cash Non Cheque Credit Amount - last 7D,False,NON_CASH_CHQ,DEVIATION_OF_AVERAGE,NONE,CREDIT,BEHAVIORAL,False,,SAFE,AMOUNT|CREDIT|DEVIATION_OF_AVERAGE|NON_CASH_CHQ|OCCUPATION_SEGMENT
F3495,DA_CI_NON_CASH_CHQ_AMT_DB_7D_OCC,Deviation of avgs: of Customer Induced Non Cash Non Cheque Debit Amount - last 7D,False,NON_CASH_CHQ,DEVIATION_OF_AVERAGE,NONE,DEBIT,BEHAVIORAL,False,,SAFE,AMOUNT|DEBIT|DEVIATION_OF_AVERAGE|NON_CASH_CHQ|OCCUPATION_SEGMENT
F3496,DA_CI_TXN_7D_OCC,Deviation of avgs: of Customer Induced Total txns - last 7D,False,CASH_INTENSIVE,DEVIATION_OF_AVERAGE,NONE,BOTH,BEHAVIORAL,False,,SAFE,CASH_INTENSIVE|DEVIATION_OF_AVERAGE|OCCUPATION_SEGMENT|TRANSACTION_COUNT
F3497,DA_CI_TXN_CR_7D_OCC,Deviation of avgs: of Customer Induced Credit txns - last 7D,False,CASH_INTENSIVE,DEVIATION_OF_AVERAGE,NONE,CREDIT,BEHAVIORAL,False,,SAFE,CASH_INTENSIVE|CREDIT|DEVIATION_OF_AVERAGE|OCCUPATION_SEGMENT|TRANSACTION_COUNT
F3498,DA_CI_TXN_DB_7D_OCC,Deviation of avgs: of Customer Induced Debit txns - last 7D,False,CASH_INTENSIVE,DEVIATION_OF_AVERAGE,NONE,DEBIT,BEHAVIORAL,False,,SAFE,CASH_INTENSIVE|DEBIT|DEVIATION_OF_AVERAGE|OCCUPATION_SEGMENT|TRANSACTION_COUNT
F3499,DA_CI_AMT_7D_OCC,Deviation of avgs: of Customer Induced Total Amount - last 7D,False,CASH_INTENSIVE,DEVIATION_OF_AVERAGE,NONE,BOTH,BEHAVIORAL,False,,SAFE,AMOUNT|CASH_INTENSIVE|DEVIATION_OF_AVERAGE|OCCUPATION_SEGMENT
F3500,DA_CI_AMT_CR_7D_OCC,Deviation of avgs: of Customer Induced Credit Amount - last 7D,False,CASH_INTENSIVE,DEVIATION_OF_AVERAGE,NONE,CREDIT,BEHAVIORAL,False,,SAFE,AMOUNT|CASH_INTENSIVE|CREDIT|DEVIATION_OF_AVERAGE|OCCUPATION_SEGMENT
F3501,DA_CI_AMT_DB_7D_OCC,Deviation of avgs: of Customer Induced Debit Amount - last 7D,False,CASH_INTENSIVE,DEVIATION_OF_AVERAGE,NONE,DEBIT,BEHAVIORAL,False,,SAFE,AMOUNT|CASH_INTENSIVE|DEBIT|DEVIATION_OF_AVERAGE|OCCUPATION_SEGMENT
F3502,DA_ATM_TXN_7D_OCC,Deviation of avgs: of ATM Total txns - last 7D,False,ATM,DEVIATION_OF_AVERAGE,NONE,BOTH,BEHAVIORAL,False,,SAFE,ATM|DEVIATION_OF_AVERAGE|OCCUPATION_SEGMENT|TRANSACTION_COUNT
F3503,DA_ATM_TXN_CR_7D_OCC,Deviation of avgs: of ATM Credit txns - last 7D,False,ATM,DEVIATION_OF_AVERAGE,NONE,CREDIT,BEHAVIORAL,False,,SAFE,ATM|CREDIT|DEVIATION_OF_AVERAGE|OCCUPATION_SEGMENT|TRANSACTION_COUNT
F3504,DA_ATM_TXN_DB_7D_OCC,Deviation of avgs: of ATM Debit txns - last 7D,False,ATM,DEVIATION_OF_AVERAGE,NONE,DEBIT,BEHAVIORAL,False,,SAFE,ATM|DEBIT|DEVIATION_OF_AVERAGE|OCCUPATION_SEGMENT|TRANSACTION_COUNT
F3505,DA_ATM_AMT_7D_OCC,Deviation of avgs: of ATM Total Amount - last 7D,False,ATM,DEVIATION_OF_AVERAGE,NONE,BOTH,BEHAVIORAL,False,,SAFE,AMOUNT|ATM|DEVIATION_OF_AVERAGE|OCCUPATION_SEGMENT
F3506,DA_ATM_AMT_CR_7D_OCC,Deviation of avgs: of ATM Credit Amount - last 7D,False,ATM,DEVIATION_OF_AVERAGE,NONE,CREDIT,BEHAVIORAL,False,,SAFE,AMOUNT|ATM|CREDIT|DEVIATION_OF_AVERAGE|OCCUPATION_SEGMENT
F3507,DA_ATM_AMT_DB_7D_OCC,Deviation of avgs: of ATM Debit Amount - last 7D,False,ATM,DEVIATION_OF_AVERAGE,NONE,DEBIT,BEHAVIORAL,False,,SAFE,AMOUNT|ATM|DEBIT|DEVIATION_OF_AVERAGE|OCCUPATION_SEGMENT
F3508,DA_BI_FEES_CHRGS_TXN_7D_OCC,Deviation of avgs: of Bank Induced Fees Charges Total txns - last 7D,False,FEES_AND_CHARGES,DEVIATION_OF_AVERAGE,NONE,BOTH,BEHAVIORAL,False,,SAFE,DEVIATION_OF_AVERAGE|FEES_AND_CHARGES|OCCUPATION_SEGMENT|TRANSACTION_COUNT
F3509,DA_BI_FEES_CHRGS_TXN_CR_7D_OCC,Deviation of avgs: of Bank Induced Fees Charges Credit txns - last 7D,False,FEES_AND_CHARGES,DEVIATION_OF_AVERAGE,NONE,CREDIT,BEHAVIORAL,False,,SAFE,CREDIT|DEVIATION_OF_AVERAGE|FEES_AND_CHARGES|OCCUPATION_SEGMENT|TRANSACTION_COUNT
F3510,DA_BI_FEES_CHRGS_TXN_DB_7D_OCC,Deviation of avgs: of Bank Induced Fees Charges Debit txns - last 7D,False,FEES_AND_CHARGES,DEVIATION_OF_AVERAGE,NONE,DEBIT,BEHAVIORAL,False,,SAFE,DEBIT|DEVIATION_OF_AVERAGE|FEES_AND_CHARGES|OCCUPATION_SEGMENT|TRANSACTION_COUNT
F3511,DA_BI_FEES_CHRGS_AMT_7D_OCC,Deviation of avgs: of Bank Induced Fees Charges Total Amount - last 7D,False,FEES_AND_CHARGES,DEVIATION_OF_AVERAGE,NONE,BOTH,BEHAVIORAL,False,,SAFE,AMOUNT|DEVIATION_OF_AVERAGE|FEES_AND_CHARGES|OCCUPATION_SEGMENT
F3512,DA_BI_FEES_CHRGS_AMT_CR_7D_OCC,Deviation of avgs: of Bank Induced Fees Charges Credit Amount - last 7D,False,FEES_AND_CHARGES,DEVIATION_OF_AVERAGE,NONE,CREDIT,BEHAVIORAL,False,,SAFE,AMOUNT|CREDIT|DEVIATION_OF_AVERAGE|FEES_AND_CHARGES|OCCUPATION_SEGMENT
F3513,DA_BI_FEES_CHRGS_AMT_DB_7D_OCC,Deviation of avgs: of Bank Induced Fees Charges Debit Amount - last 7D,False,FEES_AND_CHARGES,DEVIATION_OF_AVERAGE,NONE,DEBIT,BEHAVIORAL,False,,SAFE,AMOUNT|DEBIT|DEVIATION_OF_AVERAGE|FEES_AND_CHARGES|OCCUPATION_SEGMENT
F3514,DA_CI_FEES_CHRGS_TXN_7D_OCC,Deviation of avgs: of Customer Induced Fees Charges Total txns - last 7D,False,FEES_AND_CHARGES,DEVIATION_OF_AVERAGE,NONE,BOTH,BEHAVIORAL,False,,SAFE,DEVIATION_OF_AVERAGE|FEES_AND_CHARGES|OCCUPATION_SEGMENT|TRANSACTION_COUNT
F3515,DA_CI_FEES_CHRGS_TXN_CR_7D_OCC,Deviation of avgs: of Customer Induced Fees Charges Credit txns - last 7D,False,FEES_AND_CHARGES,DEVIATION_OF_AVERAGE,NONE,CREDIT,BEHAVIORAL,False,,SAFE,CREDIT|DEVIATION_OF_AVERAGE|FEES_AND_CHARGES|OCCUPATION_SEGMENT|TRANSACTION_COUNT
F3516,DA_CI_FEES_CHRGS_TXN_DB_7D_OCC,Deviation of avgs: of Customer Induced Fees Charges Debit txns - last 7D,False,FEES_AND_CHARGES,DEVIATION_OF_AVERAGE,NONE,DEBIT,BEHAVIORAL,False,,SAFE,DEBIT|DEVIATION_OF_AVERAGE|FEES_AND_CHARGES|OCCUPATION_SEGMENT|TRANSACTION_COUNT
F3517,DA_CI_FEES_CHRGS_AMT_7D_OCC,Deviation of avgs: of Customer Induced Fees Charges Total Amount - last 7D,False,FEES_AND_CHARGES,DEVIATION_OF_AVERAGE,NONE,BOTH,BEHAVIORAL,False,,SAFE,AMOUNT|DEVIATION_OF_AVERAGE|FEES_AND_CHARGES|OCCUPATION_SEGMENT
F3518,DA_CI_FEES_CHRGS_AMT_CR_7D_OCC,Deviation of avgs: of Customer Induced Fees Charges Credit Amount - last 7D,False,FEES_AND_CHARGES,DEVIATION_OF_AVERAGE,NONE,CREDIT,BEHAVIORAL,False,,SAFE,AMOUNT|CREDIT|DEVIATION_OF_AVERAGE|FEES_AND_CHARGES|OCCUPATION_SEGMENT
F3519,DA_CI_FEES_CHRGS_AMT_DB_7D_OCC,Deviation of avgs: of Customer Induced Fees Charges Debit Amount - last 7D,False,FEES_AND_CHARGES,DEVIATION_OF_AVERAGE,NONE,DEBIT,BEHAVIORAL,False,,SAFE,AMOUNT|DEBIT|DEVIATION_OF_AVERAGE|FEES_AND_CHARGES|OCCUPATION_SEGMENT
F3520,DA_GST_TXN_7D_OCC,Deviation of avgs: of GST Total txns - last 7D,False,GST,DEVIATION_OF_AVERAGE,NONE,BOTH,BEHAVIORAL,False,,SAFE,DEVIATION_OF_AVERAGE|GST|OCCUPATION_SEGMENT|TRANSACTION_COUNT
F3521,DA_GST_TXN_CR_7D_OCC,Deviation of avgs: of GST Credit txns - last 7D,False,GST,DEVIATION_OF_AVERAGE,NONE,CREDIT,BEHAVIORAL,False,,SAFE,CREDIT|DEVIATION_OF_AVERAGE|GST|OCCUPATION_SEGMENT|TRANSACTION_COUNT
F3522,DA_GST_TXN_DB_7D_OCC,Deviation of avgs: of GST Debit txns - last 7D,False,GST,DEVIATION_OF_AVERAGE,NONE,DEBIT,BEHAVIORAL,False,,SAFE,DEBIT|DEVIATION_OF_AVERAGE|GST|OCCUPATION_SEGMENT|TRANSACTION_COUNT
F3523,DA_GST_AMT_7D_OCC,Deviation of avgs: of GST Total Amount - last 7D,False,GST,DEVIATION_OF_AVERAGE,NONE,BOTH,BEHAVIORAL,False,,SAFE,AMOUNT|DEVIATION_OF_AVERAGE|GST|OCCUPATION_SEGMENT
F3524,DA_GST_AMT_CR_7D_OCC,Deviation of avgs: of GST Credit Amount - last 7D,False,GST,DEVIATION_OF_AVERAGE,NONE,CREDIT,BEHAVIORAL,False,,SAFE,AMOUNT|CREDIT|DEVIATION_OF_AVERAGE|GST|OCCUPATION_SEGMENT
F3525,DA_GST_AMT_DB_7D_OCC,Deviation of avgs: of GST Debit Amount - last 7D,False,GST,DEVIATION_OF_AVERAGE,NONE,DEBIT,BEHAVIORAL,False,,SAFE,AMOUNT|DEBIT|DEVIATION_OF_AVERAGE|GST|OCCUPATION_SEGMENT
F3526,DA_ELEC_XFER_TXN_7D_OCC,Deviation of avgs: of Online Transfer (IMPS+NEFT+RTGS) Total txns - last 7D,False,ELEC_XFER,DEVIATION_OF_AVERAGE,NONE,BOTH,BEHAVIORAL,False,,SAFE,DEVIATION_OF_AVERAGE|ELEC_XFER|OCCUPATION_SEGMENT|TRANSACTION_COUNT
F3527,DA_ELEC_XFER_TXN_CR_7D_OCC,Deviation of avgs: of Online Transfer (IMPS+NEFT+RTGS) Credit txns - last 7D,False,ELEC_XFER,DEVIATION_OF_AVERAGE,NONE,CREDIT,BEHAVIORAL,False,,SAFE,CREDIT|DEVIATION_OF_AVERAGE|ELEC_XFER|OCCUPATION_SEGMENT|TRANSACTION_COUNT
F3528,DA_ELEC_XFER_TXN_DB_7D_OCC,Deviation of avgs: of Online Transfer (IMPS+NEFT+RTGS) Debit txns - last 7D,False,ELEC_XFER,DEVIATION_OF_AVERAGE,NONE,DEBIT,BEHAVIORAL,False,,SAFE,DEBIT|DEVIATION_OF_AVERAGE|ELEC_XFER|OCCUPATION_SEGMENT|TRANSACTION_COUNT
F3529,DA_ELEC_XFER_AMT_7D_OCC,Deviation of avgs: of Online Transfer (IMPS+NEFT+RTGS) Total Amount - last 7D,False,ELEC_XFER,DEVIATION_OF_AVERAGE,NONE,BOTH,BEHAVIORAL,False,,SAFE,AMOUNT|DEVIATION_OF_AVERAGE|ELEC_XFER|OCCUPATION_SEGMENT
F3530,DA_ELEC_XFER_AMT_CR_7D_OCC,Deviation of avgs: of Online Transfer (IMPS+NEFT+RTGS) Credit Amount - last 7D,False,ELEC_XFER,DEVIATION_OF_AVERAGE,NONE,CREDIT,BEHAVIORAL,False,,SAFE,AMOUNT|CREDIT|DEVIATION_OF_AVERAGE|ELEC_XFER|OCCUPATION_SEGMENT
F3531,DA_ELEC_XFER_AMT_DB_7D_OCC,Deviation of avgs: of Online Transfer (IMPS+NEFT+RTGS) Debit Amount - last 7D,False,ELEC_XFER,DEVIATION_OF_AVERAGE,NONE,DEBIT,BEHAVIORAL,False,,SAFE,AMOUNT|DEBIT|DEVIATION_OF_AVERAGE|ELEC_XFER|OCCUPATION_SEGMENT
F3532,DA_UPI_XFER_TXN_7D_OCC,Deviation of avgs: of UPI Debit txns - last 7D,False,UPI_XFER,DEVIATION_OF_AVERAGE,NONE,BOTH,BEHAVIORAL,False,,SAFE,DEVIATION_OF_AVERAGE|OCCUPATION_SEGMENT|TRANSACTION_COUNT|UPI_XFER
F3533,DA_UPI_TXN_CR_7D_OCC,Deviation of avgs: of UPI Debit Amount - last 7D,False,UPI,DEVIATION_OF_AVERAGE,NONE,CREDIT,BEHAVIORAL,False,,SAFE,AMOUNT|CREDIT|DEVIATION_OF_AVERAGE|OCCUPATION_SEGMENT|UPI
F3534,DA_UPI_TXN_DB_7D_OCC,Deviation of avgs: of UPI Total txns - last 7D,False,UPI,DEVIATION_OF_AVERAGE,NONE,DEBIT,BEHAVIORAL,False,,SAFE,DEBIT|DEVIATION_OF_AVERAGE|OCCUPATION_SEGMENT|TRANSACTION_COUNT|UPI
F3535,DA_UPI_XFER_AMT_7D_OCC,Deviation of avgs: of UPI Credit txns - last 7D,False,UPI_XFER,DEVIATION_OF_AVERAGE,NONE,BOTH,BEHAVIORAL,False,,SAFE,AMOUNT|DEVIATION_OF_AVERAGE|OCCUPATION_SEGMENT|TRANSACTION_COUNT|UPI_XFER
F3536,DA_UPI_AMT_CR_7D_OCC,Deviation of avgs: of UPI Total Amount - last 7D,False,UPI,DEVIATION_OF_AVERAGE,NONE,CREDIT,BEHAVIORAL,False,,SAFE,AMOUNT|CREDIT|DEVIATION_OF_AVERAGE|OCCUPATION_SEGMENT|UPI
F3537,DA_UPI_AMT_DB_7D_OCC,Deviation of avgs: of UPI Credit Amount - last 7D,False,UPI,DEVIATION_OF_AVERAGE,NONE,DEBIT,BEHAVIORAL,False,,SAFE,AMOUNT|DEBIT|DEVIATION_OF_AVERAGE|OCCUPATION_SEGMENT|UPI
F3538,DA_NET_BNKING_TXN_7D_OCC,Deviation of avgs: of Net Banking Total txns - last 7D,False,NET_BANKING,DEVIATION_OF_AVERAGE,NONE,BOTH,BEHAVIORAL,False,,SAFE,DEVIATION_OF_AVERAGE|NET_BANKING|OCCUPATION_SEGMENT|TRANSACTION_COUNT
F3539,DA_NET_BNKING_TXN_CR_7D_OCC,Deviation of avgs: of Net Banking Credit txns - last 7D,False,NET_BANKING,DEVIATION_OF_AVERAGE,NONE,CREDIT,BEHAVIORAL,False,,SAFE,CREDIT|DEVIATION_OF_AVERAGE|NET_BANKING|OCCUPATION_SEGMENT|TRANSACTION_COUNT
F3540,DA_NET_BNKING_TXN_DB_7D_OCC,Deviation of avgs: of Net Banking Debit txns - last 7D,False,NET_BANKING,DEVIATION_OF_AVERAGE,NONE,DEBIT,BEHAVIORAL,False,,SAFE,DEBIT|DEVIATION_OF_AVERAGE|NET_BANKING|OCCUPATION_SEGMENT|TRANSACTION_COUNT
F3541,DA_NET_BNKING_AMT_7D_OCC,Deviation of avgs: of Net Banking Total Amount - last 7D,False,NET_BANKING,DEVIATION_OF_AVERAGE,NONE,BOTH,BEHAVIORAL,False,,SAFE,AMOUNT|DEVIATION_OF_AVERAGE|NET_BANKING|OCCUPATION_SEGMENT
F3542,DA_NET_BNKING_AMT_CR_7D_OCC,Deviation of avgs: of Net Banking Credit Amount - last 7D,False,NET_BANKING,DEVIATION_OF_AVERAGE,NONE,CREDIT,BEHAVIORAL,False,,SAFE,AMOUNT|CREDIT|DEVIATION_OF_AVERAGE|NET_BANKING|OCCUPATION_SEGMENT
F3543,DA_NET_BNKING_AMT_DB_7D_OCC,Deviation of avgs: of Net Banking Debit Amount - last 7D,False,NET_BANKING,DEVIATION_OF_AVERAGE,NONE,DEBIT,BEHAVIORAL,False,,SAFE,AMOUNT|DEBIT|DEVIATION_OF_AVERAGE|NET_BANKING|OCCUPATION_SEGMENT
F3544,DA_MOB_BNKING_TXN_7D_OCC,Deviation of avgs: of Mobile Banking Debit txns - last 7D,False,MOBILE_BANKING,DEVIATION_OF_AVERAGE,NONE,BOTH,BEHAVIORAL,False,,SAFE,DEVIATION_OF_AVERAGE|MOBILE_BANKING|OCCUPATION_SEGMENT|TRANSACTION_COUNT
F3545,DA_MBNKING_TXN_CR_7D_OCC,Deviation of avgs: of Mobile Banking Debit Amount - last 7D,False,MOBILE_BANKING,DEVIATION_OF_AVERAGE,NONE,CREDIT,BEHAVIORAL,False,,SAFE,AMOUNT|CREDIT|DEVIATION_OF_AVERAGE|MOBILE_BANKING|OCCUPATION_SEGMENT
F3546,DA_MBNKING_TXN_DB_7D_OCC,Deviation of avgs: of Mobile Banking Total txns - last 7D,False,MOBILE_BANKING,DEVIATION_OF_AVERAGE,NONE,DEBIT,BEHAVIORAL,False,,SAFE,DEBIT|DEVIATION_OF_AVERAGE|MOBILE_BANKING|OCCUPATION_SEGMENT|TRANSACTION_COUNT
F3547,DA_MOB_BNKING_AMT_7D_OCC,Deviation of avgs: of Mobile Banking Credit txns - last 7D,False,MOBILE_BANKING,DEVIATION_OF_AVERAGE,NONE,BOTH,BEHAVIORAL,False,,SAFE,AMOUNT|DEVIATION_OF_AVERAGE|MOBILE_BANKING|OCCUPATION_SEGMENT|TRANSACTION_COUNT
F3548,DA_MBNKING_AMT_CR_7D_OCC,Deviation of avgs: of Mobile Banking Total Amount - last 7D,False,MOBILE_BANKING,DEVIATION_OF_AVERAGE,NONE,CREDIT,BEHAVIORAL,False,,SAFE,AMOUNT|CREDIT|DEVIATION_OF_AVERAGE|MOBILE_BANKING|OCCUPATION_SEGMENT
F3549,DA_MBNKING_AMT_DB_7D_OCC,Deviation of avgs: of Mobile Banking Credit Amount - last 7D,False,MOBILE_BANKING,DEVIATION_OF_AVERAGE,NONE,DEBIT,BEHAVIORAL,False,,SAFE,AMOUNT|DEBIT|DEVIATION_OF_AVERAGE|MOBILE_BANKING|OCCUPATION_SEGMENT
F3550,DA_POS_PYMT_TXN_7D_OCC,Deviation of avgs: of Merchant Payment Total txns - last 7D,False,POS_MERCHANT,DEVIATION_OF_AVERAGE,NONE,BOTH,BEHAVIORAL,False,,SAFE,DEVIATION_OF_AVERAGE|OCCUPATION_SEGMENT|POS_MERCHANT|TRANSACTION_COUNT
F3551,DA_POS_PYMT_TXN_CR_7D_OCC,Deviation of avgs: of Merchant Payment Credit txns - last 7D,False,POS_MERCHANT,DEVIATION_OF_AVERAGE,NONE,CREDIT,BEHAVIORAL,False,,SAFE,CREDIT|DEVIATION_OF_AVERAGE|OCCUPATION_SEGMENT|POS_MERCHANT|TRANSACTION_COUNT
F3552,DA_POS_PYMT_TXN_DB_7D_OCC,Deviation of avgs: of Merchant Payment Debit txns - last 7D,False,POS_MERCHANT,DEVIATION_OF_AVERAGE,NONE,DEBIT,BEHAVIORAL,False,,SAFE,DEBIT|DEVIATION_OF_AVERAGE|OCCUPATION_SEGMENT|POS_MERCHANT|TRANSACTION_COUNT
F3553,DA_POS_PYMT_AMT_7D_OCC,Deviation of avgs: of Merchant Payment Total Amount - last 7D,False,POS_MERCHANT,DEVIATION_OF_AVERAGE,NONE,BOTH,BEHAVIORAL,False,,SAFE,AMOUNT|DEVIATION_OF_AVERAGE|OCCUPATION_SEGMENT|POS_MERCHANT
F3554,DA_POS_PYMT_AMT_CR_7D_OCC,Deviation of avgs: of Merchant Payment Credit Amount - last 7D,False,POS_MERCHANT,DEVIATION_OF_AVERAGE,NONE,CREDIT,BEHAVIORAL,False,,SAFE,AMOUNT|CREDIT|DEVIATION_OF_AVERAGE|OCCUPATION_SEGMENT|POS_MERCHANT
F3555,DA_POS_PYMT_AMT_DB_7D_OCC,Deviation of avgs: of Merchant Payment Debit Amount - last 7D,False,POS_MERCHANT,DEVIATION_OF_AVERAGE,NONE,DEBIT,BEHAVIORAL,False,,SAFE,AMOUNT|DEBIT|DEVIATION_OF_AVERAGE|OCCUPATION_SEGMENT|POS_MERCHANT
F3556,DA_BBPS_TXN_7D_OCC,Deviation of avgs: of Bharat Bill Payment System Total txns - last 7D,False,BBPS,DEVIATION_OF_AVERAGE,NONE,BOTH,BEHAVIORAL,False,,SAFE,BBPS|DEVIATION_OF_AVERAGE|OCCUPATION_SEGMENT|TRANSACTION_COUNT
F3557,DA_BBPS_TXN_CR_7D_OCC,Deviation of avgs: of Bharat Bill Payment System Credit txns - last 7D,False,BBPS,DEVIATION_OF_AVERAGE,NONE,CREDIT,BEHAVIORAL,False,,SAFE,BBPS|CREDIT|DEVIATION_OF_AVERAGE|OCCUPATION_SEGMENT|TRANSACTION_COUNT
F3558,DA_BBPS_TXN_DB_7D_OCC,Deviation of avgs: of Bharat Bill Payment System Debit txns - last 7D,False,BBPS,DEVIATION_OF_AVERAGE,NONE,DEBIT,BEHAVIORAL,False,,SAFE,BBPS|DEBIT|DEVIATION_OF_AVERAGE|OCCUPATION_SEGMENT|TRANSACTION_COUNT
F3559,DA_BBPS_AMT_7D_OCC,Deviation of avgs: of Bharat Bill Payment System Total Amount - last 7D,False,BBPS,DEVIATION_OF_AVERAGE,NONE,BOTH,BEHAVIORAL,False,,SAFE,AMOUNT|BBPS|DEVIATION_OF_AVERAGE|OCCUPATION_SEGMENT
F3560,DA_BBPS_AMT_CR_7D_OCC,Deviation of avgs: of Bharat Bill Payment System Credit Amount - last 7D,False,BBPS,DEVIATION_OF_AVERAGE,NONE,CREDIT,BEHAVIORAL,False,,SAFE,AMOUNT|BBPS|CREDIT|DEVIATION_OF_AVERAGE|OCCUPATION_SEGMENT
F3561,DA_BBPS_AMT_DB_7D_OCC,Deviation of avgs: of Bharat Bill Payment System Debit Amount - last 7D,False,BBPS,DEVIATION_OF_AVERAGE,NONE,DEBIT,BEHAVIORAL,False,,SAFE,AMOUNT|BBPS|DEBIT|DEVIATION_OF_AVERAGE|OCCUPATION_SEGMENT
F3562,DA_APB_TXN_7D_OCC,Deviation of avgs: of Aadhar Payment Bridge Total txns - last 7D,False,AADHAAR_PAYMENT_BRIDGE,DEVIATION_OF_AVERAGE,NONE,BOTH,BEHAVIORAL,False,,SAFE,AADHAAR_PAYMENT_BRIDGE|DEVIATION_OF_AVERAGE|OCCUPATION_SEGMENT|TRANSACTION_COUNT
F3563,DA_APB_TXN_CR_7D_OCC,Deviation of avgs: of Aadhar Payment Bridge Credit txns - last 7D,False,AADHAAR_PAYMENT_BRIDGE,DEVIATION_OF_AVERAGE,NONE,CREDIT,BEHAVIORAL,False,,SAFE,AADHAAR_PAYMENT_BRIDGE|CREDIT|DEVIATION_OF_AVERAGE|OCCUPATION_SEGMENT|TRANSACTION_COUNT
F3564,DA_APB_TXN_DB_7D_OCC,Deviation of avgs: of Aadhar Payment Bridge Debit txns - last 7D,False,AADHAAR_PAYMENT_BRIDGE,DEVIATION_OF_AVERAGE,NONE,DEBIT,BEHAVIORAL,False,,SAFE,AADHAAR_PAYMENT_BRIDGE|DEBIT|DEVIATION_OF_AVERAGE|OCCUPATION_SEGMENT|TRANSACTION_COUNT
F3565,DA_APB_AMT_7D_OCC,Deviation of avgs: of Aadhar Payment Bridge Total Amount - last 7D,False,AADHAAR_PAYMENT_BRIDGE,DEVIATION_OF_AVERAGE,NONE,BOTH,BEHAVIORAL,False,,SAFE,AADHAAR_PAYMENT_BRIDGE|AMOUNT|DEVIATION_OF_AVERAGE|OCCUPATION_SEGMENT
F3566,DA_APB_AMT_CR_7D_OCC,Deviation of avgs: of Aadhar Payment Bridge Credit Amount - last 7D,False,AADHAAR_PAYMENT_BRIDGE,DEVIATION_OF_AVERAGE,NONE,CREDIT,BEHAVIORAL,False,,SAFE,AADHAAR_PAYMENT_BRIDGE|AMOUNT|CREDIT|DEVIATION_OF_AVERAGE|OCCUPATION_SEGMENT
F3567,DA_APB_AMT_DB_7D_OCC,Deviation of avgs: of Aadhar Payment Bridge Debit Amount - last 7D,False,AADHAAR_PAYMENT_BRIDGE,DEVIATION_OF_AVERAGE,NONE,DEBIT,BEHAVIORAL,False,,SAFE,AADHAAR_PAYMENT_BRIDGE|AMOUNT|DEBIT|DEVIATION_OF_AVERAGE|OCCUPATION_SEGMENT
F3568,DA_LOAN_TXN_7D_OCC,Deviation of avgs: of Loan Total txns - last 7D,False,LOAN,DEVIATION_OF_AVERAGE,NONE,BOTH,BEHAVIORAL,False,,SAFE,DEVIATION_OF_AVERAGE|LOAN|OCCUPATION_SEGMENT|TRANSACTION_COUNT
F3569,DA_LOAN_TXN_CR_7D_OCC,Deviation of avgs: of Loan Credit txns - last 7D,False,LOAN,DEVIATION_OF_AVERAGE,NONE,CREDIT,BEHAVIORAL,False,,SAFE,CREDIT|DEVIATION_OF_AVERAGE|LOAN|OCCUPATION_SEGMENT|TRANSACTION_COUNT
F3570,DA_LOAN_TXN_DB_7D_OCC,Deviation of avgs: of Loan Debit txns - last 7D,False,LOAN,DEVIATION_OF_AVERAGE,NONE,DEBIT,BEHAVIORAL,False,,SAFE,DEBIT|DEVIATION_OF_AVERAGE|LOAN|OCCUPATION_SEGMENT|TRANSACTION_COUNT
F3571,DA_LOAN_AMT_7D_OCC,Deviation of avgs: of Loan Total Amount - last 7D,False,LOAN,DEVIATION_OF_AVERAGE,NONE,BOTH,BEHAVIORAL,False,,SAFE,AMOUNT|DEVIATION_OF_AVERAGE|LOAN|OCCUPATION_SEGMENT
F3572,DA_LOAN_AMT_CR_7D_OCC,Deviation of avgs: of Loan Credit Amount - last 7D,False,LOAN,DEVIATION_OF_AVERAGE,NONE,CREDIT,BEHAVIORAL,False,,SAFE,AMOUNT|CREDIT|DEVIATION_OF_AVERAGE|LOAN|OCCUPATION_SEGMENT
F3573,DA_LOAN_AMT_DB_7D_OCC,Deviation of avgs: of Loan Debit Amount - last 7D,False,LOAN,DEVIATION_OF_AVERAGE,NONE,DEBIT,BEHAVIORAL,False,,SAFE,AMOUNT|DEBIT|DEVIATION_OF_AVERAGE|LOAN|OCCUPATION_SEGMENT
F3574,DA_STDNG_INSTR_7D_OCC,Deviation of avgs: of Standing Instruction Total Amount - last 7D,False,STANDING_INSTRUCTION,DEVIATION_OF_AVERAGE,NONE,BOTH,BEHAVIORAL,False,,SAFE,AMOUNT|DEVIATION_OF_AVERAGE|OCCUPATION_SEGMENT|STANDING_INSTRUCTION
F3575,DA_STDNG_INSTR_CR_TXN_7D_OCC,Deviation of avgs: of Standing Instruction Credit txns - last 7D,False,STANDING_INSTRUCTION,DEVIATION_OF_AVERAGE,NONE,CREDIT,BEHAVIORAL,False,,SAFE,CREDIT|DEVIATION_OF_AVERAGE|OCCUPATION_SEGMENT|STANDING_INSTRUCTION|TRANSACTION_COUNT
F3576,DA_STDNG_INSTR_DB_TXN_7D_OCC,Deviation of avgs: of Standing Instruction Debit txns - last 7D,False,STANDING_INSTRUCTION,DEVIATION_OF_AVERAGE,NONE,DEBIT,BEHAVIORAL,False,,SAFE,DEBIT|DEVIATION_OF_AVERAGE|OCCUPATION_SEGMENT|STANDING_INSTRUCTION|TRANSACTION_COUNT
F3577,DA_STDNG_INSTR_AMT_7D_OCC,Deviation of avgs: of Standing Instruction Credit Amount - last 7D,False,STANDING_INSTRUCTION,DEVIATION_OF_AVERAGE,NONE,BOTH,BEHAVIORAL,False,,SAFE,AMOUNT|DEVIATION_OF_AVERAGE|OCCUPATION_SEGMENT|STANDING_INSTRUCTION
F3578,DA_STDNG_INSTR_AMT_CR_7D_OCC,Deviation of avgs: of Standing Instruction Debit Amount - last 7D,False,STANDING_INSTRUCTION,DEVIATION_OF_AVERAGE,NONE,CREDIT,BEHAVIORAL,False,,SAFE,AMOUNT|CREDIT|DEVIATION_OF_AVERAGE|OCCUPATION_SEGMENT|STANDING_INSTRUCTION
F3579,DA_STDNG_INSTR_AMT_DB_7D_OCC,Deviation of avgs: of Standing Instruction Total txns - last 7D,False,STANDING_INSTRUCTION,DEVIATION_OF_AVERAGE,NONE,DEBIT,BEHAVIORAL,False,,SAFE,AMOUNT|DEBIT|DEVIATION_OF_AVERAGE|OCCUPATION_SEGMENT|STANDING_INSTRUCTION|TRANSACTION_COUNT
F3580,DA_CASH_TXN_14D_OC,Deviation of avgs: of Cash Total txns - last 14D,False,CASH,DEVIATION_OF_AVERAGE,NONE,BOTH,BEHAVIORAL,False,,SAFE,CASH|DEVIATION_OF_AVERAGE|TRANSACTION_COUNT
F3581,DA_CASH_TXN_CR_14D_OC,Deviation of avgs: of Cash Credit txns - last 14D,False,CASH,DEVIATION_OF_AVERAGE,NONE,CREDIT,BEHAVIORAL,False,,SAFE,CASH|CREDIT|DEVIATION_OF_AVERAGE|TRANSACTION_COUNT
F3582,DA_CASH_TXN_DB_14D_OC,Deviation of avgs: of Cash Debit txns - last 14D,False,CASH,DEVIATION_OF_AVERAGE,NONE,DEBIT,BEHAVIORAL,False,,SAFE,CASH|DEBIT|DEVIATION_OF_AVERAGE|TRANSACTION_COUNT
F3583,DA_CASH_AMT_14D_OC,Deviation of avgs: of Cash Total Amount - last 14D,False,CASH,DEVIATION_OF_AVERAGE,NONE,BOTH,BEHAVIORAL,False,,SAFE,AMOUNT|CASH|DEVIATION_OF_AVERAGE
F3584,DA_CASH_AMT_CR_14D_OC,Deviation of avgs: of Cash Credit Amount - last 14D,False,CASH,DEVIATION_OF_AVERAGE,NONE,CREDIT,BEHAVIORAL,False,,SAFE,AMOUNT|CASH|CREDIT|DEVIATION_OF_AVERAGE
F3585,DA_CASH_AMT_DB_14D_OC,Deviation of avgs: of Cash Debit Amount - last 14D,False,CASH,DEVIATION_OF_AVERAGE,NONE,DEBIT,BEHAVIORAL,False,,SAFE,AMOUNT|CASH|DEBIT|DEVIATION_OF_AVERAGE
F3586,DA_CHQ_TXN_14D_OC,Deviation of avgs: of Cheque Total txns - last 14D,False,CHEQUE,DEVIATION_OF_AVERAGE,NONE,BOTH,BEHAVIORAL,False,,SAFE,CHEQUE|DEVIATION_OF_AVERAGE|TRANSACTION_COUNT
F3587,DA_CHQ_TXN_CR_14D_OC,Deviation of avgs: of Cheque Credit txns - last 14D,False,CHEQUE,DEVIATION_OF_AVERAGE,NONE,CREDIT,BEHAVIORAL,False,,SAFE,CHEQUE|CREDIT|DEVIATION_OF_AVERAGE|TRANSACTION_COUNT
F3588,DA_CHQ_TXN_DB_14D_OC,Deviation of avgs: of Cheque Debit txns - last 14D,False,CHEQUE,DEVIATION_OF_AVERAGE,NONE,DEBIT,BEHAVIORAL,False,,SAFE,CHEQUE|DEBIT|DEVIATION_OF_AVERAGE|TRANSACTION_COUNT
F3589,DA_CHQ_AMT_14D_OC,Deviation of avgs: of Cheque Total Amount - last 14D,False,CHEQUE,DEVIATION_OF_AVERAGE,NONE,BOTH,BEHAVIORAL,False,,SAFE,AMOUNT|CHEQUE|DEVIATION_OF_AVERAGE
F3590,DA_CHQ_AMT_CR_14D_OC,Deviation of avgs: of Cheque Credit Amount - last 14D,False,CHEQUE,DEVIATION_OF_AVERAGE,NONE,CREDIT,BEHAVIORAL,False,,SAFE,AMOUNT|CHEQUE|CREDIT|DEVIATION_OF_AVERAGE
F3591,DA_CHQ_AMT_DB_14D_OC,Deviation of avgs: of Cheque Debit Amount - last 14D,False,CHEQUE,DEVIATION_OF_AVERAGE,NONE,DEBIT,BEHAVIORAL,False,,SAFE,AMOUNT|CHEQUE|DEBIT|DEVIATION_OF_AVERAGE
F3592,DA_NON_CASH_CHQ_TXN_14D_OC,Deviation of avgs: of Non Cash Non Cheque Total txns - last 14D,False,NON_CASH_CHQ,DEVIATION_OF_AVERAGE,NONE,BOTH,BEHAVIORAL,False,,SAFE,DEVIATION_OF_AVERAGE|NON_CASH_CHQ|TRANSACTION_COUNT
F3593,DA_NON_CASH_CHQ_TXN_CR_14D_OC,Deviation of avgs: of Non Cash Non Cheque Credit txns - last 14D,False,NON_CASH_CHQ,DEVIATION_OF_AVERAGE,NONE,CREDIT,BEHAVIORAL,False,,SAFE,CREDIT|DEVIATION_OF_AVERAGE|NON_CASH_CHQ|TRANSACTION_COUNT
F3594,DA_NON_CASH_CHQ_TXN_DB_14D_OC,Deviation of avgs: of Non Cash Non Cheque Debit txns - last 14D,False,NON_CASH_CHQ,DEVIATION_OF_AVERAGE,NONE,DEBIT,BEHAVIORAL,False,,SAFE,DEBIT|DEVIATION_OF_AVERAGE|NON_CASH_CHQ|TRANSACTION_COUNT
F3595,DA_NON_CASH_CHQ_AMT_14D_OC,Deviation of avgs: of Non Cash Non Cheque Total Amount - last 14D,False,NON_CASH_CHQ,DEVIATION_OF_AVERAGE,NONE,BOTH,BEHAVIORAL,False,,SAFE,AMOUNT|DEVIATION_OF_AVERAGE|NON_CASH_CHQ
F3596,DA_NON_CASH_CHQ_AMT_CR_14D_OC,Deviation of avgs: of Non Cash Non Cheque Credit Amount - last 14D,False,NON_CASH_CHQ,DEVIATION_OF_AVERAGE,NONE,CREDIT,BEHAVIORAL,False,,SAFE,AMOUNT|CREDIT|DEVIATION_OF_AVERAGE|NON_CASH_CHQ
F3597,DA_NON_CASH_CHQ_AMT_DB_14D_OC,Deviation of avgs: of Non Cash Non Cheque Debit Amount - last 14D,False,NON_CASH_CHQ,DEVIATION_OF_AVERAGE,NONE,DEBIT,BEHAVIORAL,False,,SAFE,AMOUNT|DEBIT|DEVIATION_OF_AVERAGE|NON_CASH_CHQ
F3598,DA_CI_NON_CASH_CHQ_TXN_14D_OC,Deviation of avgs: of Customer Induced Non Cash Non Cheque Total txns - last 14D,False,NON_CASH_CHQ,DEVIATION_OF_AVERAGE,NONE,BOTH,BEHAVIORAL,False,,SAFE,DEVIATION_OF_AVERAGE|NON_CASH_CHQ|TRANSACTION_COUNT
F3599,DA_CI_NON_CASH_CHQ_TXN_CR_14D_OC,Deviation of avgs: of Customer Induced Non Cash Non Cheque Credit txns - last 14D,False,NON_CASH_CHQ,DEVIATION_OF_AVERAGE,NONE,CREDIT,BEHAVIORAL,False,,SAFE,CREDIT|DEVIATION_OF_AVERAGE|NON_CASH_CHQ|TRANSACTION_COUNT
F3600,DA_CI_NON_CASH_CHQ_TXN_DB_14D_OC,Deviation of avgs: of Customer Induced Non Cash Non Cheque Debit txns - last 14D,False,NON_CASH_CHQ,DEVIATION_OF_AVERAGE,NONE,DEBIT,BEHAVIORAL,False,,SAFE,DEBIT|DEVIATION_OF_AVERAGE|NON_CASH_CHQ|TRANSACTION_COUNT
F3601,DA_CI_NON_CASH_CHQ_AMT_14D_OC,Deviation of avgs: of Customer Induced Non Cash Non Cheque Total Amount - last 14D,False,NON_CASH_CHQ,DEVIATION_OF_AVERAGE,NONE,BOTH,BEHAVIORAL,False,,SAFE,AMOUNT|DEVIATION_OF_AVERAGE|NON_CASH_CHQ
F3602,DA_CI_NON_CASH_CHQ_AMT_CR_14D_OC,Deviation of avgs: of Customer Induced Non Cash Non Cheque Credit Amount - last 14D,False,NON_CASH_CHQ,DEVIATION_OF_AVERAGE,NONE,CREDIT,BEHAVIORAL,False,,SAFE,AMOUNT|CREDIT|DEVIATION_OF_AVERAGE|NON_CASH_CHQ
F3603,DA_CI_NON_CASH_CHQ_AMT_DB_14D_OC,Deviation of avgs: of Customer Induced Non Cash Non Cheque Debit Amount - last 14D,False,NON_CASH_CHQ,DEVIATION_OF_AVERAGE,NONE,DEBIT,BEHAVIORAL,False,,SAFE,AMOUNT|DEBIT|DEVIATION_OF_AVERAGE|NON_CASH_CHQ
F3604,DA_CI_TXN_14D_OC,Deviation of avgs: of Customer Induced Total txns - last 14D,False,CASH_INTENSIVE,DEVIATION_OF_AVERAGE,NONE,BOTH,BEHAVIORAL,False,,SAFE,CASH_INTENSIVE|DEVIATION_OF_AVERAGE|TRANSACTION_COUNT
F3605,DA_CI_TXN_CR_14D_OC,Deviation of avgs: of Customer Induced Credit txns - last 14D,False,CASH_INTENSIVE,DEVIATION_OF_AVERAGE,NONE,CREDIT,BEHAVIORAL,False,,SAFE,CASH_INTENSIVE|CREDIT|DEVIATION_OF_AVERAGE|TRANSACTION_COUNT
F3606,DA_CI_TXN_DB_14D_OC,Deviation of avgs: of Customer Induced Debit txns - last 14D,False,CASH_INTENSIVE,DEVIATION_OF_AVERAGE,NONE,DEBIT,BEHAVIORAL,False,,SAFE,CASH_INTENSIVE|DEBIT|DEVIATION_OF_AVERAGE|TRANSACTION_COUNT
F3607,DA_CI_AMT_14D_OC,Deviation of avgs: of Customer Induced Total Amount - last 14D,False,CASH_INTENSIVE,DEVIATION_OF_AVERAGE,NONE,BOTH,BEHAVIORAL,False,,SAFE,AMOUNT|CASH_INTENSIVE|DEVIATION_OF_AVERAGE
F3608,DA_CI_AMT_CR_14D_OC,Deviation of avgs: of Customer Induced Credit Amount - last 14D,False,CASH_INTENSIVE,DEVIATION_OF_AVERAGE,NONE,CREDIT,BEHAVIORAL,False,,SAFE,AMOUNT|CASH_INTENSIVE|CREDIT|DEVIATION_OF_AVERAGE
F3609,DA_CI_AMT_DB_14D_OC,Deviation of avgs: of Customer Induced Debit Amount - last 14D,False,CASH_INTENSIVE,DEVIATION_OF_AVERAGE,NONE,DEBIT,BEHAVIORAL,False,,SAFE,AMOUNT|CASH_INTENSIVE|DEBIT|DEVIATION_OF_AVERAGE
F3610,DA_ATM_TXN_14D_OC,Deviation of avgs: of ATM Total txns - last 14D,False,ATM,DEVIATION_OF_AVERAGE,NONE,BOTH,BEHAVIORAL,False,,SAFE,ATM|DEVIATION_OF_AVERAGE|TRANSACTION_COUNT
F3611,DA_ATM_TXN_CR_14D_OC,Deviation of avgs: of ATM Credit txns - last 14D,False,ATM,DEVIATION_OF_AVERAGE,NONE,CREDIT,BEHAVIORAL,False,,SAFE,ATM|CREDIT|DEVIATION_OF_AVERAGE|TRANSACTION_COUNT
F3612,DA_ATM_TXN_DB_14D_OC,Deviation of avgs: of ATM Debit txns - last 14D,False,ATM,DEVIATION_OF_AVERAGE,NONE,DEBIT,BEHAVIORAL,False,,SAFE,ATM|DEBIT|DEVIATION_OF_AVERAGE|TRANSACTION_COUNT
F3613,DA_ATM_AMT_14D_OC,Deviation of avgs: of ATM Total Amount - last 14D,False,ATM,DEVIATION_OF_AVERAGE,NONE,BOTH,BEHAVIORAL,False,,SAFE,AMOUNT|ATM|DEVIATION_OF_AVERAGE
F3614,DA_ATM_AMT_CR_14D_OC,Deviation of avgs: of ATM Credit Amount - last 14D,False,ATM,DEVIATION_OF_AVERAGE,NONE,CREDIT,BEHAVIORAL,False,,SAFE,AMOUNT|ATM|CREDIT|DEVIATION_OF_AVERAGE
F3615,DA_ATM_AMT_DB_14D_OC,Deviation of avgs: of ATM Debit Amount - last 14D,False,ATM,DEVIATION_OF_AVERAGE,NONE,DEBIT,BEHAVIORAL,False,,SAFE,AMOUNT|ATM|DEBIT|DEVIATION_OF_AVERAGE
F3616,DA_BI_FEES_CHRGS_TXN_14D_OC,Deviation of avgs: of Bank Induced Fees Charges Total txns - last 14D,False,FEES_AND_CHARGES,DEVIATION_OF_AVERAGE,NONE,BOTH,BEHAVIORAL,False,,SAFE,DEVIATION_OF_AVERAGE|FEES_AND_CHARGES|TRANSACTION_COUNT
F3617,DA_BI_FEES_CHRGS_TXN_CR_14D_OC,Deviation of avgs: of Bank Induced Fees Charges Credit txns - last 14D,False,FEES_AND_CHARGES,DEVIATION_OF_AVERAGE,NONE,CREDIT,BEHAVIORAL,False,,SAFE,CREDIT|DEVIATION_OF_AVERAGE|FEES_AND_CHARGES|TRANSACTION_COUNT
F3618,DA_BI_FEES_CHRGS_TXN_DB_14D_OC,Deviation of avgs: of Bank Induced Fees Charges Debit txns - last 14D,False,FEES_AND_CHARGES,DEVIATION_OF_AVERAGE,NONE,DEBIT,BEHAVIORAL,False,,SAFE,DEBIT|DEVIATION_OF_AVERAGE|FEES_AND_CHARGES|TRANSACTION_COUNT
F3619,DA_BI_FEES_CHRGS_AMT_14D_OC,Deviation of avgs: of Bank Induced Fees Charges Total Amount - last 14D,False,FEES_AND_CHARGES,DEVIATION_OF_AVERAGE,NONE,BOTH,BEHAVIORAL,False,,SAFE,AMOUNT|DEVIATION_OF_AVERAGE|FEES_AND_CHARGES
F3620,DA_BI_FEES_CHRGS_AMT_CR_14D_OC,Deviation of avgs: of Bank Induced Fees Charges Credit Amount - last 14D,False,FEES_AND_CHARGES,DEVIATION_OF_AVERAGE,NONE,CREDIT,BEHAVIORAL,False,,SAFE,AMOUNT|CREDIT|DEVIATION_OF_AVERAGE|FEES_AND_CHARGES
F3621,DA_BI_FEES_CHRGS_AMT_DB_14D_OC,Deviation of avgs: of Bank Induced Fees Charges Debit Amount - last 14D,False,FEES_AND_CHARGES,DEVIATION_OF_AVERAGE,NONE,DEBIT,BEHAVIORAL,False,,SAFE,AMOUNT|DEBIT|DEVIATION_OF_AVERAGE|FEES_AND_CHARGES
F3622,DA_CI_FEES_CHRGS_TXN_14D_OC,Deviation of avgs: of Customer Induced Fees Charges Total txns - last 14D,False,FEES_AND_CHARGES,DEVIATION_OF_AVERAGE,NONE,BOTH,BEHAVIORAL,False,,SAFE,DEVIATION_OF_AVERAGE|FEES_AND_CHARGES|TRANSACTION_COUNT
F3623,DA_CI_FEES_CHRGS_TXN_CR_14D_OC,Deviation of avgs: of Customer Induced Fees Charges Credit txns - last 14D,False,FEES_AND_CHARGES,DEVIATION_OF_AVERAGE,NONE,CREDIT,BEHAVIORAL,False,,SAFE,CREDIT|DEVIATION_OF_AVERAGE|FEES_AND_CHARGES|TRANSACTION_COUNT
F3624,DA_CI_FEES_CHRGS_TXN_DB_14D_OC,Deviation of avgs: of Customer Induced Fees Charges Debit txns - last 14D,False,FEES_AND_CHARGES,DEVIATION_OF_AVERAGE,NONE,DEBIT,BEHAVIORAL,False,,SAFE,DEBIT|DEVIATION_OF_AVERAGE|FEES_AND_CHARGES|TRANSACTION_COUNT
F3625,DA_CI_FEES_CHRGS_AMT_14D_OC,Deviation of avgs: of Customer Induced Fees Charges Total Amount - last 14D,False,FEES_AND_CHARGES,DEVIATION_OF_AVERAGE,NONE,BOTH,BEHAVIORAL,False,,SAFE,AMOUNT|DEVIATION_OF_AVERAGE|FEES_AND_CHARGES
F3626,DA_CI_FEES_CHRGS_AMT_CR_14D_OC,Deviation of avgs: of Customer Induced Fees Charges Credit Amount - last 14D,False,FEES_AND_CHARGES,DEVIATION_OF_AVERAGE,NONE,CREDIT,BEHAVIORAL,False,,SAFE,AMOUNT|CREDIT|DEVIATION_OF_AVERAGE|FEES_AND_CHARGES
F3627,DA_CI_FEES_CHRGS_AMT_DB_14D_OC,Deviation of avgs: of Customer Induced Fees Charges Debit Amount - last 14D,False,FEES_AND_CHARGES,DEVIATION_OF_AVERAGE,NONE,DEBIT,BEHAVIORAL,False,,SAFE,AMOUNT|DEBIT|DEVIATION_OF_AVERAGE|FEES_AND_CHARGES
F3628,DA_GST_TXN_14D_OC,Deviation of avgs: of GST Total txns - last 14D,False,GST,DEVIATION_OF_AVERAGE,NONE,BOTH,BEHAVIORAL,False,,SAFE,DEVIATION_OF_AVERAGE|GST|TRANSACTION_COUNT
F3629,DA_GST_TXN_CR_14D_OC,Deviation of avgs: of GST Credit txns - last 14D,False,GST,DEVIATION_OF_AVERAGE,NONE,CREDIT,BEHAVIORAL,False,,SAFE,CREDIT|DEVIATION_OF_AVERAGE|GST|TRANSACTION_COUNT
F3630,DA_GST_TXN_DB_14D_OC,Deviation of avgs: of GST Debit txns - last 14D,False,GST,DEVIATION_OF_AVERAGE,NONE,DEBIT,BEHAVIORAL,False,,SAFE,DEBIT|DEVIATION_OF_AVERAGE|GST|TRANSACTION_COUNT
F3631,DA_GST_AMT_14D_OC,Deviation of avgs: of GST Total Amount - last 14D,False,GST,DEVIATION_OF_AVERAGE,NONE,BOTH,BEHAVIORAL,False,,SAFE,AMOUNT|DEVIATION_OF_AVERAGE|GST
F3632,DA_GST_AMT_CR_14D_OC,Deviation of avgs: of GST Credit Amount - last 14D,False,GST,DEVIATION_OF_AVERAGE,NONE,CREDIT,BEHAVIORAL,False,,SAFE,AMOUNT|CREDIT|DEVIATION_OF_AVERAGE|GST
F3633,DA_GST_AMT_DB_14D_OC,Deviation of avgs: of GST Debit Amount - last 14D,False,GST,DEVIATION_OF_AVERAGE,NONE,DEBIT,BEHAVIORAL,False,,SAFE,AMOUNT|DEBIT|DEVIATION_OF_AVERAGE|GST
F3634,DA_ELEC_XFER_TXN_14D_OC,Deviation of avgs: of Online Transfer (IMPS+NEFT+RTGS) Total txns - last 14D,False,ELEC_XFER,DEVIATION_OF_AVERAGE,NONE,BOTH,BEHAVIORAL,False,,SAFE,DEVIATION_OF_AVERAGE|ELEC_XFER|TRANSACTION_COUNT
F3635,DA_ELEC_XFER_TXN_CR_14D_OC,Deviation of avgs: of Online Transfer (IMPS+NEFT+RTGS) Credit txns - last 14D,False,ELEC_XFER,DEVIATION_OF_AVERAGE,NONE,CREDIT,BEHAVIORAL,False,,SAFE,CREDIT|DEVIATION_OF_AVERAGE|ELEC_XFER|TRANSACTION_COUNT
F3636,DA_ELEC_XFER_TXN_DB_14D_OC,Deviation of avgs: of Online Transfer (IMPS+NEFT+RTGS) Debit txns - last 14D,False,ELEC_XFER,DEVIATION_OF_AVERAGE,NONE,DEBIT,BEHAVIORAL,False,,SAFE,DEBIT|DEVIATION_OF_AVERAGE|ELEC_XFER|TRANSACTION_COUNT
F3637,DA_ELEC_XFER_AMT_14D_OC,Deviation of avgs: of Online Transfer (IMPS+NEFT+RTGS) Total Amount - last 14D,False,ELEC_XFER,DEVIATION_OF_AVERAGE,NONE,BOTH,BEHAVIORAL,False,,SAFE,AMOUNT|DEVIATION_OF_AVERAGE|ELEC_XFER
F3638,DA_ELEC_XFER_AMT_CR_14D_OC,Deviation of avgs: of Online Transfer (IMPS+NEFT+RTGS) Credit Amount - last 14D,False,ELEC_XFER,DEVIATION_OF_AVERAGE,NONE,CREDIT,BEHAVIORAL,False,,SAFE,AMOUNT|CREDIT|DEVIATION_OF_AVERAGE|ELEC_XFER
F3639,DA_ELEC_XFER_AMT_DB_14D_OC,Deviation of avgs: of Online Transfer (IMPS+NEFT+RTGS) Debit Amount - last 14D,False,ELEC_XFER,DEVIATION_OF_AVERAGE,NONE,DEBIT,BEHAVIORAL,False,,SAFE,AMOUNT|DEBIT|DEVIATION_OF_AVERAGE|ELEC_XFER
F3640,DA_UPI_XFER_TXN_14D_OC,Deviation of avgs: of UPI Debit txns - last 14D,False,UPI_XFER,DEVIATION_OF_AVERAGE,NONE,BOTH,BEHAVIORAL,False,,SAFE,DEVIATION_OF_AVERAGE|TRANSACTION_COUNT|UPI_XFER
F3641,DA_UPI_TXN_CR_14D_OC,Deviation of avgs: of UPI Debit Amount - last 14D,False,UPI,DEVIATION_OF_AVERAGE,NONE,CREDIT,BEHAVIORAL,False,,SAFE,AMOUNT|CREDIT|DEVIATION_OF_AVERAGE|UPI
F3642,DA_UPI_TXN_DB_14D_OC,Deviation of avgs: of UPI Total txns - last 14D,False,UPI,DEVIATION_OF_AVERAGE,NONE,DEBIT,BEHAVIORAL,False,,SAFE,DEBIT|DEVIATION_OF_AVERAGE|TRANSACTION_COUNT|UPI
F3643,DA_UPI_XFER_AMT_14D_OC,Deviation of avgs: of UPI Credit txns - last 14D,False,UPI_XFER,DEVIATION_OF_AVERAGE,NONE,BOTH,BEHAVIORAL,False,,SAFE,AMOUNT|DEVIATION_OF_AVERAGE|TRANSACTION_COUNT|UPI_XFER
F3644,DA_UPI_AMT_CR_14D_OC,Deviation of avgs: of UPI Total Amount - last 14D,False,UPI,DEVIATION_OF_AVERAGE,NONE,CREDIT,BEHAVIORAL,False,,SAFE,AMOUNT|CREDIT|DEVIATION_OF_AVERAGE|UPI
F3645,DA_UPI_AMT_DB_14D_OC,Deviation of avgs: of UPI Credit Amount - last 14D,False,UPI,DEVIATION_OF_AVERAGE,NONE,DEBIT,BEHAVIORAL,False,,SAFE,AMOUNT|DEBIT|DEVIATION_OF_AVERAGE|UPI
F3646,DA_NET_BNKING_TXN_14D_OC,Deviation of avgs: of Net Banking Total txns - last 14D,False,NET_BANKING,DEVIATION_OF_AVERAGE,NONE,BOTH,BEHAVIORAL,False,,SAFE,DEVIATION_OF_AVERAGE|NET_BANKING|TRANSACTION_COUNT
F3647,DA_NET_BNKING_TXN_CR_14D_OC,Deviation of avgs: of Net Banking Credit txns - last 14D,False,NET_BANKING,DEVIATION_OF_AVERAGE,NONE,CREDIT,BEHAVIORAL,False,,SAFE,CREDIT|DEVIATION_OF_AVERAGE|NET_BANKING|TRANSACTION_COUNT
F3648,DA_NET_BNKING_TXN_DB_14D_OC,Deviation of avgs: of Net Banking Debit txns - last 14D,False,NET_BANKING,DEVIATION_OF_AVERAGE,NONE,DEBIT,BEHAVIORAL,False,,SAFE,DEBIT|DEVIATION_OF_AVERAGE|NET_BANKING|TRANSACTION_COUNT
F3649,DA_NET_BNKING_AMT_14D_OC,Deviation of avgs: of Net Banking Total Amount - last 14D,False,NET_BANKING,DEVIATION_OF_AVERAGE,NONE,BOTH,BEHAVIORAL,False,,SAFE,AMOUNT|DEVIATION_OF_AVERAGE|NET_BANKING
F3650,DA_NET_BNKING_AMT_CR_14D_OC,Deviation of avgs: of Net Banking Credit Amount - last 14D,False,NET_BANKING,DEVIATION_OF_AVERAGE,NONE,CREDIT,BEHAVIORAL,False,,SAFE,AMOUNT|CREDIT|DEVIATION_OF_AVERAGE|NET_BANKING
F3651,DA_NET_BNKING_AMT_DB_14D_OC,Deviation of avgs: of Net Banking Debit Amount - last 14D,False,NET_BANKING,DEVIATION_OF_AVERAGE,NONE,DEBIT,BEHAVIORAL,False,,SAFE,AMOUNT|DEBIT|DEVIATION_OF_AVERAGE|NET_BANKING
F3652,DA_MOB_BNKING_TXN_14D_OC,Deviation of avgs: of Mobile Banking Debit txns - last 14D,False,MOBILE_BANKING,DEVIATION_OF_AVERAGE,NONE,BOTH,BEHAVIORAL,False,,SAFE,DEVIATION_OF_AVERAGE|MOBILE_BANKING|TRANSACTION_COUNT
F3653,DA_MBNKING_TXN_CR_14D_OC,Deviation of avgs: of Mobile Banking Debit Amount - last 14D,False,MOBILE_BANKING,DEVIATION_OF_AVERAGE,NONE,CREDIT,BEHAVIORAL,False,,SAFE,AMOUNT|CREDIT|DEVIATION_OF_AVERAGE|MOBILE_BANKING
F3654,DA_MBNKING_TXN_DB_14D_OC,Deviation of avgs: of Mobile Banking Total txns - last 14D,False,MOBILE_BANKING,DEVIATION_OF_AVERAGE,NONE,DEBIT,BEHAVIORAL,False,,SAFE,DEBIT|DEVIATION_OF_AVERAGE|MOBILE_BANKING|TRANSACTION_COUNT
F3655,DA_MOB_BNKING_AMT_14D_OC,Deviation of avgs: of Mobile Banking Credit txns - last 14D,False,MOBILE_BANKING,DEVIATION_OF_AVERAGE,NONE,BOTH,BEHAVIORAL,False,,SAFE,AMOUNT|DEVIATION_OF_AVERAGE|MOBILE_BANKING|TRANSACTION_COUNT
F3656,DA_MBNKING_AMT_CR_14D_OC,Deviation of avgs: of Mobile Banking Total Amount - last 14D,False,MOBILE_BANKING,DEVIATION_OF_AVERAGE,NONE,CREDIT,BEHAVIORAL,False,,SAFE,AMOUNT|CREDIT|DEVIATION_OF_AVERAGE|MOBILE_BANKING
F3657,DA_MBNKING_AMT_DB_14D_OC,Deviation of avgs: of Mobile Banking Credit Amount - last 14D,False,MOBILE_BANKING,DEVIATION_OF_AVERAGE,NONE,DEBIT,BEHAVIORAL,False,,SAFE,AMOUNT|DEBIT|DEVIATION_OF_AVERAGE|MOBILE_BANKING
F3658,DA_POS_PYMT_TXN_14D_OC,Deviation of avgs: of Merchant Payment Total txns - last 14D,False,POS_MERCHANT,DEVIATION_OF_AVERAGE,NONE,BOTH,BEHAVIORAL,False,,SAFE,DEVIATION_OF_AVERAGE|POS_MERCHANT|TRANSACTION_COUNT
F3659,DA_POS_PYMT_TXN_CR_14D_OC,Deviation of avgs: of Merchant Payment Credit txns - last 14D,False,POS_MERCHANT,DEVIATION_OF_AVERAGE,NONE,CREDIT,BEHAVIORAL,False,,SAFE,CREDIT|DEVIATION_OF_AVERAGE|POS_MERCHANT|TRANSACTION_COUNT
F3660,DA_POS_PYMT_TXN_DB_14D_OC,Deviation of avgs: of Merchant Payment Debit txns - last 14D,False,POS_MERCHANT,DEVIATION_OF_AVERAGE,NONE,DEBIT,BEHAVIORAL,False,,SAFE,DEBIT|DEVIATION_OF_AVERAGE|POS_MERCHANT|TRANSACTION_COUNT
F3661,DA_POS_PYMT_AMT_14D_OC,Deviation of avgs: of Merchant Payment Total Amount - last 14D,False,POS_MERCHANT,DEVIATION_OF_AVERAGE,NONE,BOTH,BEHAVIORAL,False,,SAFE,AMOUNT|DEVIATION_OF_AVERAGE|POS_MERCHANT
F3662,DA_POS_PYMT_AMT_CR_14D_OC,Deviation of avgs: of Merchant Payment Credit Amount - last 14D,False,POS_MERCHANT,DEVIATION_OF_AVERAGE,NONE,CREDIT,BEHAVIORAL,False,,SAFE,AMOUNT|CREDIT|DEVIATION_OF_AVERAGE|POS_MERCHANT
F3663,DA_POS_PYMT_AMT_DB_14D_OC,Deviation of avgs: of Merchant Payment Debit Amount - last 14D,False,POS_MERCHANT,DEVIATION_OF_AVERAGE,NONE,DEBIT,BEHAVIORAL,False,,SAFE,AMOUNT|DEBIT|DEVIATION_OF_AVERAGE|POS_MERCHANT
F3664,DA_BBPS_TXN_14D_OC,Deviation of avgs: of Bharat Bill Payment System Total txns - last 14D,False,BBPS,DEVIATION_OF_AVERAGE,NONE,BOTH,BEHAVIORAL,False,,SAFE,BBPS|DEVIATION_OF_AVERAGE|TRANSACTION_COUNT
F3665,DA_BBPS_TXN_CR_14D_OC,Deviation of avgs: of Bharat Bill Payment System Credit txns - last 14D,False,BBPS,DEVIATION_OF_AVERAGE,NONE,CREDIT,BEHAVIORAL,False,,SAFE,BBPS|CREDIT|DEVIATION_OF_AVERAGE|TRANSACTION_COUNT
F3666,DA_BBPS_TXN_DB_14D_OC,Deviation of avgs: of Bharat Bill Payment System Debit txns - last 14D,False,BBPS,DEVIATION_OF_AVERAGE,NONE,DEBIT,BEHAVIORAL,False,,SAFE,BBPS|DEBIT|DEVIATION_OF_AVERAGE|TRANSACTION_COUNT
F3667,DA_BBPS_AMT_14D_OC,Deviation of avgs: of Bharat Bill Payment System Total Amount - last 14D,False,BBPS,DEVIATION_OF_AVERAGE,NONE,BOTH,BEHAVIORAL,False,,SAFE,AMOUNT|BBPS|DEVIATION_OF_AVERAGE
F3668,DA_BBPS_AMT_CR_14D_OC,Deviation of avgs: of Bharat Bill Payment System Credit Amount - last 14D,False,BBPS,DEVIATION_OF_AVERAGE,NONE,CREDIT,BEHAVIORAL,False,,SAFE,AMOUNT|BBPS|CREDIT|DEVIATION_OF_AVERAGE
F3669,DA_BBPS_AMT_DB_14D_OC,Deviation of avgs: of Bharat Bill Payment System Debit Amount - last 14D,False,BBPS,DEVIATION_OF_AVERAGE,NONE,DEBIT,BEHAVIORAL,False,,SAFE,AMOUNT|BBPS|DEBIT|DEVIATION_OF_AVERAGE
F3670,DA_APB_TXN_14D_OC,Deviation of avgs: of Aadhar Payment Bridge Total txns - last 14D,False,AADHAAR_PAYMENT_BRIDGE,DEVIATION_OF_AVERAGE,NONE,BOTH,BEHAVIORAL,False,,SAFE,AADHAAR_PAYMENT_BRIDGE|DEVIATION_OF_AVERAGE|TRANSACTION_COUNT
F3671,DA_APB_TXN_CR_14D_OC,Deviation of avgs: of Aadhar Payment Bridge Credit txns - last 14D,False,AADHAAR_PAYMENT_BRIDGE,DEVIATION_OF_AVERAGE,NONE,CREDIT,BEHAVIORAL,False,,SAFE,AADHAAR_PAYMENT_BRIDGE|CREDIT|DEVIATION_OF_AVERAGE|TRANSACTION_COUNT
F3672,DA_APB_TXN_DB_14D_OC,Deviation of avgs: of Aadhar Payment Bridge Debit txns - last 14D,False,AADHAAR_PAYMENT_BRIDGE,DEVIATION_OF_AVERAGE,NONE,DEBIT,BEHAVIORAL,False,,SAFE,AADHAAR_PAYMENT_BRIDGE|DEBIT|DEVIATION_OF_AVERAGE|TRANSACTION_COUNT
F3673,DA_APB_AMT_14D_OC,Deviation of avgs: of Aadhar Payment Bridge Total Amount - last 14D,False,AADHAAR_PAYMENT_BRIDGE,DEVIATION_OF_AVERAGE,NONE,BOTH,BEHAVIORAL,False,,SAFE,AADHAAR_PAYMENT_BRIDGE|AMOUNT|DEVIATION_OF_AVERAGE
F3674,DA_APB_AMT_CR_14D_OC,Deviation of avgs: of Aadhar Payment Bridge Credit Amount - last 14D,False,AADHAAR_PAYMENT_BRIDGE,DEVIATION_OF_AVERAGE,NONE,CREDIT,BEHAVIORAL,False,,SAFE,AADHAAR_PAYMENT_BRIDGE|AMOUNT|CREDIT|DEVIATION_OF_AVERAGE
F3675,DA_APB_AMT_DB_14D_OC,Deviation of avgs: of Aadhar Payment Bridge Debit Amount - last 14D,False,AADHAAR_PAYMENT_BRIDGE,DEVIATION_OF_AVERAGE,NONE,DEBIT,BEHAVIORAL,False,,SAFE,AADHAAR_PAYMENT_BRIDGE|AMOUNT|DEBIT|DEVIATION_OF_AVERAGE
F3676,DA_LOAN_TXN_14D_OC,Deviation of avgs: of Loan Total txns - last 14D,False,LOAN,DEVIATION_OF_AVERAGE,NONE,BOTH,BEHAVIORAL,False,,SAFE,DEVIATION_OF_AVERAGE|LOAN|TRANSACTION_COUNT
F3677,DA_LOAN_TXN_CR_14D_OC,Deviation of avgs: of Loan Credit txns - last 14D,False,LOAN,DEVIATION_OF_AVERAGE,NONE,CREDIT,BEHAVIORAL,False,,SAFE,CREDIT|DEVIATION_OF_AVERAGE|LOAN|TRANSACTION_COUNT
F3678,DA_LOAN_TXN_DB_14D_OC,Deviation of avgs: of Loan Debit txns - last 14D,False,LOAN,DEVIATION_OF_AVERAGE,NONE,DEBIT,BEHAVIORAL,False,,SAFE,DEBIT|DEVIATION_OF_AVERAGE|LOAN|TRANSACTION_COUNT
F3679,DA_LOAN_AMT_14D_OC,Deviation of avgs: of Loan Total Amount - last 14D,False,LOAN,DEVIATION_OF_AVERAGE,NONE,BOTH,BEHAVIORAL,False,,SAFE,AMOUNT|DEVIATION_OF_AVERAGE|LOAN
F3680,DA_LOAN_AMT_CR_14D_OC,Deviation of avgs: of Loan Credit Amount - last 14D,False,LOAN,DEVIATION_OF_AVERAGE,NONE,CREDIT,BEHAVIORAL,False,,SAFE,AMOUNT|CREDIT|DEVIATION_OF_AVERAGE|LOAN
F3681,DA_LOAN_AMT_DB_14D_OC,Deviation of avgs: of Loan Debit Amount - last 14D,False,LOAN,DEVIATION_OF_AVERAGE,NONE,DEBIT,BEHAVIORAL,False,,SAFE,AMOUNT|DEBIT|DEVIATION_OF_AVERAGE|LOAN
F3682,DA_STDNG_INSTR_14D_OC,Deviation of avgs: of Standing Instruction Total Amount - last 14D,False,STANDING_INSTRUCTION,DEVIATION_OF_AVERAGE,NONE,BOTH,BEHAVIORAL,False,,SAFE,AMOUNT|DEVIATION_OF_AVERAGE|STANDING_INSTRUCTION
F3683,DA_STDNG_INSTR_CR_TXN_14D_OC,Deviation of avgs: of Standing Instruction Credit txns - last 14D,False,STANDING_INSTRUCTION,DEVIATION_OF_AVERAGE,NONE,CREDIT,BEHAVIORAL,False,,SAFE,CREDIT|DEVIATION_OF_AVERAGE|STANDING_INSTRUCTION|TRANSACTION_COUNT
F3684,DA_STDNG_INSTR_DB_TXN_14D_OC,Deviation of avgs: of Standing Instruction Debit txns - last 14D,False,STANDING_INSTRUCTION,DEVIATION_OF_AVERAGE,NONE,DEBIT,BEHAVIORAL,False,,SAFE,DEBIT|DEVIATION_OF_AVERAGE|STANDING_INSTRUCTION|TRANSACTION_COUNT
F3685,DA_STDNG_INSTR_AMT_14D_OC,Deviation of avgs: of Standing Instruction Credit Amount - last 14D,False,STANDING_INSTRUCTION,DEVIATION_OF_AVERAGE,NONE,BOTH,BEHAVIORAL,False,,SAFE,AMOUNT|DEVIATION_OF_AVERAGE|STANDING_INSTRUCTION
F3686,DA_STDNG_INSTR_AMT_CR_14D_OC,Deviation of avgs: of Standing Instruction Debit Amount - last 14D,False,STANDING_INSTRUCTION,DEVIATION_OF_AVERAGE,NONE,CREDIT,BEHAVIORAL,False,,SAFE,AMOUNT|CREDIT|DEVIATION_OF_AVERAGE|STANDING_INSTRUCTION
F3687,DA_STDNG_INSTR_AMT_DB_14D_OC,Deviation of avgs: of Standing Instruction Total txns - last 14D,False,STANDING_INSTRUCTION,DEVIATION_OF_AVERAGE,NONE,DEBIT,BEHAVIORAL,False,,SAFE,AMOUNT|DEBIT|DEVIATION_OF_AVERAGE|STANDING_INSTRUCTION|TRANSACTION_COUNT
F3688,DA_CASH_TXN_31D_OC,Deviation of avgs: of Cash Total txns - last 31D,False,CASH,DEVIATION_OF_AVERAGE,NONE,BOTH,BEHAVIORAL,False,,SAFE,CASH|DEVIATION_OF_AVERAGE|TRANSACTION_COUNT
F3689,DA_CASH_TXN_CR_31D_OC,Deviation of avgs: of Cash Credit txns - last 31D,False,CASH,DEVIATION_OF_AVERAGE,NONE,CREDIT,BEHAVIORAL,False,,SAFE,CASH|CREDIT|DEVIATION_OF_AVERAGE|TRANSACTION_COUNT
F3690,DA_CASH_TXN_DB_31D_OC,Deviation of avgs: of Cash Debit txns - last 31D,False,CASH,DEVIATION_OF_AVERAGE,NONE,DEBIT,BEHAVIORAL,False,,SAFE,CASH|DEBIT|DEVIATION_OF_AVERAGE|TRANSACTION_COUNT
F3691,DA_CASH_AMT_31D_OC,Deviation of avgs: of Cash Total Amount - last 31D,False,CASH,DEVIATION_OF_AVERAGE,NONE,BOTH,BEHAVIORAL,False,,SAFE,AMOUNT|CASH|DEVIATION_OF_AVERAGE
F3692,DA_CASH_AMT_CR_31D_OC,Deviation of avgs: of Cash Credit Amount - last 31D,False,CASH,DEVIATION_OF_AVERAGE,NONE,CREDIT,BEHAVIORAL,False,,SAFE,AMOUNT|CASH|CREDIT|DEVIATION_OF_AVERAGE
F3693,DA_CASH_AMT_DB_31D_OC,Deviation of avgs: of Cash Debit Amount - last 31D,False,CASH,DEVIATION_OF_AVERAGE,NONE,DEBIT,BEHAVIORAL,False,,SAFE,AMOUNT|CASH|DEBIT|DEVIATION_OF_AVERAGE
F3694,DA_CHQ_TXN_31D_OC,Deviation of avgs: of Cheque Total txns - last 31D,False,CHEQUE,DEVIATION_OF_AVERAGE,NONE,BOTH,BEHAVIORAL,False,,SAFE,CHEQUE|DEVIATION_OF_AVERAGE|TRANSACTION_COUNT
F3695,DA_CHQ_TXN_CR_31D_OC,Deviation of avgs: of Cheque Credit txns - last 31D,False,CHEQUE,DEVIATION_OF_AVERAGE,NONE,CREDIT,BEHAVIORAL,False,,SAFE,CHEQUE|CREDIT|DEVIATION_OF_AVERAGE|TRANSACTION_COUNT
F3696,DA_CHQ_TXN_DB_31D_OC,Deviation of avgs: of Cheque Debit txns - last 31D,False,CHEQUE,DEVIATION_OF_AVERAGE,NONE,DEBIT,BEHAVIORAL,False,,SAFE,CHEQUE|DEBIT|DEVIATION_OF_AVERAGE|TRANSACTION_COUNT
F3697,DA_CHQ_AMT_31D_OC,Deviation of avgs: of Cheque Total Amount - last 31D,False,CHEQUE,DEVIATION_OF_AVERAGE,NONE,BOTH,BEHAVIORAL,False,,SAFE,AMOUNT|CHEQUE|DEVIATION_OF_AVERAGE
F3698,DA_CHQ_AMT_CR_31D_OC,Deviation of avgs: of Cheque Credit Amount - last 31D,False,CHEQUE,DEVIATION_OF_AVERAGE,NONE,CREDIT,BEHAVIORAL,False,,SAFE,AMOUNT|CHEQUE|CREDIT|DEVIATION_OF_AVERAGE
F3699,DA_CHQ_AMT_DB_31D_OC,Deviation of avgs: of Cheque Debit Amount - last 31D,False,CHEQUE,DEVIATION_OF_AVERAGE,NONE,DEBIT,BEHAVIORAL,False,,SAFE,AMOUNT|CHEQUE|DEBIT|DEVIATION_OF_AVERAGE
F3700,DA_NON_CASH_CHQ_TXN_31D_OC,Deviation of avgs: of Non Cash Non Cheque Total txns - last 31D,False,NON_CASH_CHQ,DEVIATION_OF_AVERAGE,NONE,BOTH,BEHAVIORAL,False,,SAFE,DEVIATION_OF_AVERAGE|NON_CASH_CHQ|TRANSACTION_COUNT
F3701,DA_NON_CASH_CHQ_TXN_CR_31D_OC,Deviation of avgs: of Non Cash Non Cheque Credit txns - last 31D,False,NON_CASH_CHQ,DEVIATION_OF_AVERAGE,NONE,CREDIT,BEHAVIORAL,False,,SAFE,CREDIT|DEVIATION_OF_AVERAGE|NON_CASH_CHQ|TRANSACTION_COUNT
F3702,DA_NON_CASH_CHQ_TXN_DB_31D_OC,Deviation of avgs: of Non Cash Non Cheque Debit txns - last 31D,False,NON_CASH_CHQ,DEVIATION_OF_AVERAGE,NONE,DEBIT,BEHAVIORAL,False,,SAFE,DEBIT|DEVIATION_OF_AVERAGE|NON_CASH_CHQ|TRANSACTION_COUNT
F3703,DA_NON_CASH_CHQ_AMT_31D_OC,Deviation of avgs: of Non Cash Non Cheque Total Amount - last 31D,False,NON_CASH_CHQ,DEVIATION_OF_AVERAGE,NONE,BOTH,BEHAVIORAL,False,,SAFE,AMOUNT|DEVIATION_OF_AVERAGE|NON_CASH_CHQ
F3704,DA_NON_CASH_CHQ_AMT_CR_31D_OC,Deviation of avgs: of Non Cash Non Cheque Credit Amount - last 31D,False,NON_CASH_CHQ,DEVIATION_OF_AVERAGE,NONE,CREDIT,BEHAVIORAL,False,,SAFE,AMOUNT|CREDIT|DEVIATION_OF_AVERAGE|NON_CASH_CHQ
F3705,DA_NON_CASH_CHQ_AMT_DB_31D_OC,Deviation of avgs: of Non Cash Non Cheque Debit Amount - last 31D,False,NON_CASH_CHQ,DEVIATION_OF_AVERAGE,NONE,DEBIT,BEHAVIORAL,False,,SAFE,AMOUNT|DEBIT|DEVIATION_OF_AVERAGE|NON_CASH_CHQ
F3706,DA_CI_NON_CASH_CHQ_TXN_31D_OC,Deviation of avgs: of Customer Induced Non Cash Non Cheque Total txns - last 31D,False,NON_CASH_CHQ,DEVIATION_OF_AVERAGE,NONE,BOTH,BEHAVIORAL,False,,SAFE,DEVIATION_OF_AVERAGE|NON_CASH_CHQ|TRANSACTION_COUNT
F3707,DA_CI_NON_CASH_CHQ_TXN_CR_31D_OC,Deviation of avgs: of Customer Induced Non Cash Non Cheque Credit txns - last 31D,False,NON_CASH_CHQ,DEVIATION_OF_AVERAGE,NONE,CREDIT,BEHAVIORAL,False,,SAFE,CREDIT|DEVIATION_OF_AVERAGE|NON_CASH_CHQ|TRANSACTION_COUNT
F3708,DA_CI_NON_CASH_CHQ_TXN_DB_31D_OC,Deviation of avgs: of Customer Induced Non Cash Non Cheque Debit txns - last 31D,False,NON_CASH_CHQ,DEVIATION_OF_AVERAGE,NONE,DEBIT,BEHAVIORAL,False,,SAFE,DEBIT|DEVIATION_OF_AVERAGE|NON_CASH_CHQ|TRANSACTION_COUNT
F3709,DA_CI_NON_CASH_CHQ_AMT_31D_OC,Deviation of avgs: of Customer Induced Non Cash Non Cheque Total Amount - last 31D,False,NON_CASH_CHQ,DEVIATION_OF_AVERAGE,NONE,BOTH,BEHAVIORAL,False,,SAFE,AMOUNT|DEVIATION_OF_AVERAGE|NON_CASH_CHQ
F3710,DA_CI_NON_CASH_CHQ_AMT_CR_31D_OC,Deviation of avgs: of Customer Induced Non Cash Non Cheque Credit Amount - last 31D,False,NON_CASH_CHQ,DEVIATION_OF_AVERAGE,NONE,CREDIT,BEHAVIORAL,False,,SAFE,AMOUNT|CREDIT|DEVIATION_OF_AVERAGE|NON_CASH_CHQ
F3711,DA_CI_NON_CASH_CHQ_AMT_DB_31D_OC,Deviation of avgs: of Customer Induced Non Cash Non Cheque Debit Amount - last 31D,False,NON_CASH_CHQ,DEVIATION_OF_AVERAGE,NONE,DEBIT,BEHAVIORAL,False,,SAFE,AMOUNT|DEBIT|DEVIATION_OF_AVERAGE|NON_CASH_CHQ
F3712,DA_CI_TXN_31D_OC,Deviation of avgs: of Customer Induced Total txns - last 31D,False,CASH_INTENSIVE,DEVIATION_OF_AVERAGE,NONE,BOTH,BEHAVIORAL,False,,SAFE,CASH_INTENSIVE|DEVIATION_OF_AVERAGE|TRANSACTION_COUNT
F3713,DA_CI_TXN_CR_31D_OC,Deviation of avgs: of Customer Induced Credit txns - last 31D,False,CASH_INTENSIVE,DEVIATION_OF_AVERAGE,NONE,CREDIT,BEHAVIORAL,False,,SAFE,CASH_INTENSIVE|CREDIT|DEVIATION_OF_AVERAGE|TRANSACTION_COUNT
F3714,DA_CI_TXN_DB_31D_OC,Deviation of avgs: of Customer Induced Debit txns - last 31D,False,CASH_INTENSIVE,DEVIATION_OF_AVERAGE,NONE,DEBIT,BEHAVIORAL,False,,SAFE,CASH_INTENSIVE|DEBIT|DEVIATION_OF_AVERAGE|TRANSACTION_COUNT
F3715,DA_CI_AMT_31D_OC,Deviation of avgs: of Customer Induced Total Amount - last 31D,False,CASH_INTENSIVE,DEVIATION_OF_AVERAGE,NONE,BOTH,BEHAVIORAL,False,,SAFE,AMOUNT|CASH_INTENSIVE|DEVIATION_OF_AVERAGE
F3716,DA_CI_AMT_CR_31D_OC,Deviation of avgs: of Customer Induced Credit Amount - last 31D,False,CASH_INTENSIVE,DEVIATION_OF_AVERAGE,NONE,CREDIT,BEHAVIORAL,False,,SAFE,AMOUNT|CASH_INTENSIVE|CREDIT|DEVIATION_OF_AVERAGE
F3717,DA_CI_AMT_DB_31D_OC,Deviation of avgs: of Customer Induced Debit Amount - last 31D,False,CASH_INTENSIVE,DEVIATION_OF_AVERAGE,NONE,DEBIT,BEHAVIORAL,False,,SAFE,AMOUNT|CASH_INTENSIVE|DEBIT|DEVIATION_OF_AVERAGE
F3718,DA_ATM_TXN_31D_OC,Deviation of avgs: of ATM Total txns - last 31D,False,ATM,DEVIATION_OF_AVERAGE,NONE,BOTH,BEHAVIORAL,False,,SAFE,ATM|DEVIATION_OF_AVERAGE|TRANSACTION_COUNT
F3719,DA_ATM_TXN_CR_31D_OC,Deviation of avgs: of ATM Credit txns - last 31D,False,ATM,DEVIATION_OF_AVERAGE,NONE,CREDIT,BEHAVIORAL,False,,SAFE,ATM|CREDIT|DEVIATION_OF_AVERAGE|TRANSACTION_COUNT
F3720,DA_ATM_TXN_DB_31D_OC,Deviation of avgs: of ATM Debit txns - last 31D,False,ATM,DEVIATION_OF_AVERAGE,NONE,DEBIT,BEHAVIORAL,False,,SAFE,ATM|DEBIT|DEVIATION_OF_AVERAGE|TRANSACTION_COUNT
F3721,DA_ATM_AMT_31D_OC,Deviation of avgs: of ATM Total Amount - last 31D,False,ATM,DEVIATION_OF_AVERAGE,NONE,BOTH,BEHAVIORAL,False,,SAFE,AMOUNT|ATM|DEVIATION_OF_AVERAGE
F3722,DA_ATM_AMT_CR_31D_OC,Deviation of avgs: of ATM Credit Amount - last 31D,False,ATM,DEVIATION_OF_AVERAGE,NONE,CREDIT,BEHAVIORAL,False,,SAFE,AMOUNT|ATM|CREDIT|DEVIATION_OF_AVERAGE
F3723,DA_ATM_AMT_DB_31D_OC,Deviation of avgs: of ATM Debit Amount - last 31D,False,ATM,DEVIATION_OF_AVERAGE,NONE,DEBIT,BEHAVIORAL,False,,SAFE,AMOUNT|ATM|DEBIT|DEVIATION_OF_AVERAGE
F3724,DA_BI_FEES_CHRGS_TXN_31D_OC,Deviation of avgs: of Bank Induced Fees Charges Total txns - last 31D,False,FEES_AND_CHARGES,DEVIATION_OF_AVERAGE,NONE,BOTH,BEHAVIORAL,False,,SAFE,DEVIATION_OF_AVERAGE|FEES_AND_CHARGES|TRANSACTION_COUNT
F3725,DA_BI_FEES_CHRGS_TXN_CR_31D_OC,Deviation of avgs: of Bank Induced Fees Charges Credit txns - last 31D,False,FEES_AND_CHARGES,DEVIATION_OF_AVERAGE,NONE,CREDIT,BEHAVIORAL,False,,SAFE,CREDIT|DEVIATION_OF_AVERAGE|FEES_AND_CHARGES|TRANSACTION_COUNT
F3726,DA_BI_FEES_CHRGS_TXN_DB_31D_OC,Deviation of avgs: of Bank Induced Fees Charges Debit txns - last 31D,False,FEES_AND_CHARGES,DEVIATION_OF_AVERAGE,NONE,DEBIT,BEHAVIORAL,False,,SAFE,DEBIT|DEVIATION_OF_AVERAGE|FEES_AND_CHARGES|TRANSACTION_COUNT
F3727,DA_BI_FEES_CHRGS_AMT_31D_OC,Deviation of avgs: of Bank Induced Fees Charges Total Amount - last 31D,False,FEES_AND_CHARGES,DEVIATION_OF_AVERAGE,NONE,BOTH,BEHAVIORAL,False,,SAFE,AMOUNT|DEVIATION_OF_AVERAGE|FEES_AND_CHARGES
F3728,DA_BI_FEES_CHRGS_AMT_CR_31D_OC,Deviation of avgs: of Bank Induced Fees Charges Credit Amount - last 31D,False,FEES_AND_CHARGES,DEVIATION_OF_AVERAGE,NONE,CREDIT,BEHAVIORAL,False,,SAFE,AMOUNT|CREDIT|DEVIATION_OF_AVERAGE|FEES_AND_CHARGES
F3729,DA_BI_FEES_CHRGS_AMT_DB_31D_OC,Deviation of avgs: of Bank Induced Fees Charges Debit Amount - last 31D,False,FEES_AND_CHARGES,DEVIATION_OF_AVERAGE,NONE,DEBIT,BEHAVIORAL,False,,SAFE,AMOUNT|DEBIT|DEVIATION_OF_AVERAGE|FEES_AND_CHARGES
F3730,DA_CI_FEES_CHRGS_TXN_31D_OC,Deviation of avgs: of Customer Induced Fees Charges Total txns - last 31D,False,FEES_AND_CHARGES,DEVIATION_OF_AVERAGE,NONE,BOTH,BEHAVIORAL,False,,SAFE,DEVIATION_OF_AVERAGE|FEES_AND_CHARGES|TRANSACTION_COUNT
F3731,DA_CI_FEES_CHRGS_TXN_CR_31D_OC,Deviation of avgs: of Customer Induced Fees Charges Credit txns - last 31D,False,FEES_AND_CHARGES,DEVIATION_OF_AVERAGE,NONE,CREDIT,BEHAVIORAL,False,,SAFE,CREDIT|DEVIATION_OF_AVERAGE|FEES_AND_CHARGES|TRANSACTION_COUNT
F3732,DA_CI_FEES_CHRGS_TXN_DB_31D_OC,Deviation of avgs: of Customer Induced Fees Charges Debit txns - last 31D,False,FEES_AND_CHARGES,DEVIATION_OF_AVERAGE,NONE,DEBIT,BEHAVIORAL,False,,SAFE,DEBIT|DEVIATION_OF_AVERAGE|FEES_AND_CHARGES|TRANSACTION_COUNT
F3733,DA_CI_FEES_CHRGS_AMT_31D_OC,Deviation of avgs: of Customer Induced Fees Charges Total Amount - last 31D,False,FEES_AND_CHARGES,DEVIATION_OF_AVERAGE,NONE,BOTH,BEHAVIORAL,False,,SAFE,AMOUNT|DEVIATION_OF_AVERAGE|FEES_AND_CHARGES
F3734,DA_CI_FEES_CHRGS_AMT_CR_31D_OC,Deviation of avgs: of Customer Induced Fees Charges Credit Amount - last 31D,False,FEES_AND_CHARGES,DEVIATION_OF_AVERAGE,NONE,CREDIT,BEHAVIORAL,False,,SAFE,AMOUNT|CREDIT|DEVIATION_OF_AVERAGE|FEES_AND_CHARGES
F3735,DA_CI_FEES_CHRGS_AMT_DB_31D_OC,Deviation of avgs: of Customer Induced Fees Charges Debit Amount - last 31D,False,FEES_AND_CHARGES,DEVIATION_OF_AVERAGE,NONE,DEBIT,BEHAVIORAL,False,,SAFE,AMOUNT|DEBIT|DEVIATION_OF_AVERAGE|FEES_AND_CHARGES
F3736,DA_GST_TXN_31D_OC,Deviation of avgs: of GST Total txns - last 31D,False,GST,DEVIATION_OF_AVERAGE,NONE,BOTH,BEHAVIORAL,False,,SAFE,DEVIATION_OF_AVERAGE|GST|TRANSACTION_COUNT
F3737,DA_GST_TXN_CR_31D_OC,Deviation of avgs: of GST Credit txns - last 31D,False,GST,DEVIATION_OF_AVERAGE,NONE,CREDIT,BEHAVIORAL,False,,SAFE,CREDIT|DEVIATION_OF_AVERAGE|GST|TRANSACTION_COUNT
F3738,DA_GST_TXN_DB_31D_OC,Deviation of avgs: of GST Debit txns - last 31D,False,GST,DEVIATION_OF_AVERAGE,NONE,DEBIT,BEHAVIORAL,False,,SAFE,DEBIT|DEVIATION_OF_AVERAGE|GST|TRANSACTION_COUNT
F3739,DA_GST_AMT_31D_OC,Deviation of avgs: of GST Total Amount - last 31D,False,GST,DEVIATION_OF_AVERAGE,NONE,BOTH,BEHAVIORAL,False,,SAFE,AMOUNT|DEVIATION_OF_AVERAGE|GST
F3740,DA_GST_AMT_CR_31D_OC,Deviation of avgs: of GST Credit Amount - last 31D,False,GST,DEVIATION_OF_AVERAGE,NONE,CREDIT,BEHAVIORAL,False,,SAFE,AMOUNT|CREDIT|DEVIATION_OF_AVERAGE|GST
F3741,DA_GST_AMT_DB_31D_OC,Deviation of avgs: of GST Debit Amount - last 31D,False,GST,DEVIATION_OF_AVERAGE,NONE,DEBIT,BEHAVIORAL,False,,SAFE,AMOUNT|DEBIT|DEVIATION_OF_AVERAGE|GST
F3742,DA_ELEC_XFER_TXN_31D_OC,Deviation of avgs: of Online Transfer (IMPS+NEFT+RTGS) Total txns - last 31D,False,ELEC_XFER,DEVIATION_OF_AVERAGE,NONE,BOTH,BEHAVIORAL,False,,SAFE,DEVIATION_OF_AVERAGE|ELEC_XFER|TRANSACTION_COUNT
F3743,DA_ELEC_XFER_TXN_CR_31D_OC,Deviation of avgs: of Online Transfer (IMPS+NEFT+RTGS) Credit txns - last 31D,False,ELEC_XFER,DEVIATION_OF_AVERAGE,NONE,CREDIT,BEHAVIORAL,False,,SAFE,CREDIT|DEVIATION_OF_AVERAGE|ELEC_XFER|TRANSACTION_COUNT
F3744,DA_ELEC_XFER_TXN_DB_31D_OC,Deviation of avgs: of Online Transfer (IMPS+NEFT+RTGS) Debit txns - last 31D,False,ELEC_XFER,DEVIATION_OF_AVERAGE,NONE,DEBIT,BEHAVIORAL,False,,SAFE,DEBIT|DEVIATION_OF_AVERAGE|ELEC_XFER|TRANSACTION_COUNT
F3745,DA_ELEC_XFER_AMT_31D_OC,Deviation of avgs: of Online Transfer (IMPS+NEFT+RTGS) Total Amount - last 31D,False,ELEC_XFER,DEVIATION_OF_AVERAGE,NONE,BOTH,BEHAVIORAL,False,,SAFE,AMOUNT|DEVIATION_OF_AVERAGE|ELEC_XFER
F3746,DA_ELEC_XFER_AMT_CR_31D_OC,Deviation of avgs: of Online Transfer (IMPS+NEFT+RTGS) Credit Amount - last 31D,False,ELEC_XFER,DEVIATION_OF_AVERAGE,NONE,CREDIT,BEHAVIORAL,False,,SAFE,AMOUNT|CREDIT|DEVIATION_OF_AVERAGE|ELEC_XFER
F3747,DA_ELEC_XFER_AMT_DB_31D_OC,Deviation of avgs: of Online Transfer (IMPS+NEFT+RTGS) Debit Amount - last 31D,False,ELEC_XFER,DEVIATION_OF_AVERAGE,NONE,DEBIT,BEHAVIORAL,False,,SAFE,AMOUNT|DEBIT|DEVIATION_OF_AVERAGE|ELEC_XFER
F3748,DA_UPI_XFER_TXN_31D_OC,Deviation of avgs: of UPI Debit txns - last 31D,False,UPI_XFER,DEVIATION_OF_AVERAGE,NONE,BOTH,BEHAVIORAL,False,,SAFE,DEVIATION_OF_AVERAGE|TRANSACTION_COUNT|UPI_XFER
F3749,DA_UPI_TXN_CR_31D_OC,Deviation of avgs: of UPI Debit Amount - last 31D,False,UPI,DEVIATION_OF_AVERAGE,NONE,CREDIT,BEHAVIORAL,False,,SAFE,AMOUNT|CREDIT|DEVIATION_OF_AVERAGE|UPI
F3750,DA_UPI_TXN_DB_31D_OC,Deviation of avgs: of UPI Total txns - last 31D,False,UPI,DEVIATION_OF_AVERAGE,NONE,DEBIT,BEHAVIORAL,False,,SAFE,DEBIT|DEVIATION_OF_AVERAGE|TRANSACTION_COUNT|UPI
F3751,DA_UPI_XFER_AMT_31D_OC,Deviation of avgs: of UPI Credit txns - last 31D,False,UPI_XFER,DEVIATION_OF_AVERAGE,NONE,BOTH,BEHAVIORAL,False,,SAFE,AMOUNT|DEVIATION_OF_AVERAGE|TRANSACTION_COUNT|UPI_XFER
F3752,DA_UPI_AMT_CR_31D_OC,Deviation of avgs: of UPI Total Amount - last 31D,False,UPI,DEVIATION_OF_AVERAGE,NONE,CREDIT,BEHAVIORAL,False,,SAFE,AMOUNT|CREDIT|DEVIATION_OF_AVERAGE|UPI
F3753,DA_UPI_AMT_DB_31D_OC,Deviation of avgs: of UPI Credit Amount - last 31D,False,UPI,DEVIATION_OF_AVERAGE,NONE,DEBIT,BEHAVIORAL,False,,SAFE,AMOUNT|DEBIT|DEVIATION_OF_AVERAGE|UPI
F3754,DA_NET_BNKING_TXN_31D_OC,Deviation of avgs: of Net Banking Total txns - last 31D,False,NET_BANKING,DEVIATION_OF_AVERAGE,NONE,BOTH,BEHAVIORAL,False,,SAFE,DEVIATION_OF_AVERAGE|NET_BANKING|TRANSACTION_COUNT
F3755,DA_NET_BNKING_TXN_CR_31D_OC,Deviation of avgs: of Net Banking Credit txns - last 31D,False,NET_BANKING,DEVIATION_OF_AVERAGE,NONE,CREDIT,BEHAVIORAL,False,,SAFE,CREDIT|DEVIATION_OF_AVERAGE|NET_BANKING|TRANSACTION_COUNT
F3756,DA_NET_BNKING_TXN_DB_31D_OC,Deviation of avgs: of Net Banking Debit txns - last 31D,False,NET_BANKING,DEVIATION_OF_AVERAGE,NONE,DEBIT,BEHAVIORAL,False,,SAFE,DEBIT|DEVIATION_OF_AVERAGE|NET_BANKING|TRANSACTION_COUNT
F3757,DA_NET_BNKING_AMT_31D_OC,Deviation of avgs: of Net Banking Total Amount - last 31D,False,NET_BANKING,DEVIATION_OF_AVERAGE,NONE,BOTH,BEHAVIORAL,False,,SAFE,AMOUNT|DEVIATION_OF_AVERAGE|NET_BANKING
F3758,DA_NET_BNKING_AMT_CR_31D_OC,Deviation of avgs: of Net Banking Credit Amount - last 31D,False,NET_BANKING,DEVIATION_OF_AVERAGE,NONE,CREDIT,BEHAVIORAL,False,,SAFE,AMOUNT|CREDIT|DEVIATION_OF_AVERAGE|NET_BANKING
F3759,DA_NET_BNKING_AMT_DB_31D_OC,Deviation of avgs: of Net Banking Debit Amount - last 31D,False,NET_BANKING,DEVIATION_OF_AVERAGE,NONE,DEBIT,BEHAVIORAL,False,,SAFE,AMOUNT|DEBIT|DEVIATION_OF_AVERAGE|NET_BANKING
F3760,DA_MOB_BNKING_TXN_31D_OC,Deviation of avgs: of Mobile Banking Debit txns - last 31D,False,MOBILE_BANKING,DEVIATION_OF_AVERAGE,NONE,BOTH,BEHAVIORAL,False,,SAFE,DEVIATION_OF_AVERAGE|MOBILE_BANKING|TRANSACTION_COUNT
F3761,DA_MBNKING_TXN_CR_31D_OC,Deviation of avgs: of Mobile Banking Debit Amount - last 31D,False,MOBILE_BANKING,DEVIATION_OF_AVERAGE,NONE,CREDIT,BEHAVIORAL,False,,SAFE,AMOUNT|CREDIT|DEVIATION_OF_AVERAGE|MOBILE_BANKING
F3762,DA_MBNKING_TXN_DB_31D_OC,Deviation of avgs: of Mobile Banking Total txns - last 31D,False,MOBILE_BANKING,DEVIATION_OF_AVERAGE,NONE,DEBIT,BEHAVIORAL,False,,SAFE,DEBIT|DEVIATION_OF_AVERAGE|MOBILE_BANKING|TRANSACTION_COUNT
F3763,DA_MOB_BNKING_AMT_31D_OC,Deviation of avgs: of Mobile Banking Credit txns - last 31D,False,MOBILE_BANKING,DEVIATION_OF_AVERAGE,NONE,BOTH,BEHAVIORAL,False,,SAFE,AMOUNT|DEVIATION_OF_AVERAGE|MOBILE_BANKING|TRANSACTION_COUNT
F3764,DA_MBNKING_AMT_CR_31D_OC,Deviation of avgs: of Mobile Banking Total Amount - last 31D,False,MOBILE_BANKING,DEVIATION_OF_AVERAGE,NONE,CREDIT,BEHAVIORAL,False,,SAFE,AMOUNT|CREDIT|DEVIATION_OF_AVERAGE|MOBILE_BANKING
F3765,DA_MBNKING_AMT_DB_31D_OC,Deviation of avgs: of Mobile Banking Credit Amount - last 31D,False,MOBILE_BANKING,DEVIATION_OF_AVERAGE,NONE,DEBIT,BEHAVIORAL,False,,SAFE,AMOUNT|DEBIT|DEVIATION_OF_AVERAGE|MOBILE_BANKING
F3766,DA_POS_PYMT_TXN_31D_OC,Deviation of avgs: of Merchant Payment Total txns - last 31D,False,POS_MERCHANT,DEVIATION_OF_AVERAGE,NONE,BOTH,BEHAVIORAL,False,,SAFE,DEVIATION_OF_AVERAGE|POS_MERCHANT|TRANSACTION_COUNT
F3767,DA_POS_PYMT_TXN_CR_31D_OC,Deviation of avgs: of Merchant Payment Credit txns - last 31D,False,POS_MERCHANT,DEVIATION_OF_AVERAGE,NONE,CREDIT,BEHAVIORAL,False,,SAFE,CREDIT|DEVIATION_OF_AVERAGE|POS_MERCHANT|TRANSACTION_COUNT
F3768,DA_POS_PYMT_TXN_DB_31D_OC,Deviation of avgs: of Merchant Payment Debit txns - last 31D,False,POS_MERCHANT,DEVIATION_OF_AVERAGE,NONE,DEBIT,BEHAVIORAL,False,,SAFE,DEBIT|DEVIATION_OF_AVERAGE|POS_MERCHANT|TRANSACTION_COUNT
F3769,DA_POS_PYMT_AMT_31D_OC,Deviation of avgs: of Merchant Payment Total Amount - last 31D,False,POS_MERCHANT,DEVIATION_OF_AVERAGE,NONE,BOTH,BEHAVIORAL,False,,SAFE,AMOUNT|DEVIATION_OF_AVERAGE|POS_MERCHANT
F3770,DA_POS_PYMT_AMT_CR_31D_OC,Deviation of avgs: of Merchant Payment Credit Amount - last 31D,False,POS_MERCHANT,DEVIATION_OF_AVERAGE,NONE,CREDIT,BEHAVIORAL,False,,SAFE,AMOUNT|CREDIT|DEVIATION_OF_AVERAGE|POS_MERCHANT
F3771,DA_POS_PYMT_AMT_DB_31D_OC,Deviation of avgs: of Merchant Payment Debit Amount - last 31D,False,POS_MERCHANT,DEVIATION_OF_AVERAGE,NONE,DEBIT,BEHAVIORAL,False,,SAFE,AMOUNT|DEBIT|DEVIATION_OF_AVERAGE|POS_MERCHANT
F3772,DA_BBPS_TXN_31D_OC,Deviation of avgs: of Bharat Bill Payment System Total txns - last 31D,False,BBPS,DEVIATION_OF_AVERAGE,NONE,BOTH,BEHAVIORAL,False,,SAFE,BBPS|DEVIATION_OF_AVERAGE|TRANSACTION_COUNT
F3773,DA_BBPS_TXN_CR_31D_OC,Deviation of avgs: of Bharat Bill Payment System Credit txns - last 31D,False,BBPS,DEVIATION_OF_AVERAGE,NONE,CREDIT,BEHAVIORAL,False,,SAFE,BBPS|CREDIT|DEVIATION_OF_AVERAGE|TRANSACTION_COUNT
F3774,DA_BBPS_TXN_DB_31D_OC,Deviation of avgs: of Bharat Bill Payment System Debit txns - last 31D,False,BBPS,DEVIATION_OF_AVERAGE,NONE,DEBIT,BEHAVIORAL,False,,SAFE,BBPS|DEBIT|DEVIATION_OF_AVERAGE|TRANSACTION_COUNT
F3775,DA_BBPS_AMT_31D_OC,Deviation of avgs: of Bharat Bill Payment System Total Amount - last 31D,False,BBPS,DEVIATION_OF_AVERAGE,NONE,BOTH,BEHAVIORAL,False,,SAFE,AMOUNT|BBPS|DEVIATION_OF_AVERAGE
F3776,DA_BBPS_AMT_CR_31D_OC,Deviation of avgs: of Bharat Bill Payment System Credit Amount - last 31D,False,BBPS,DEVIATION_OF_AVERAGE,NONE,CREDIT,BEHAVIORAL,False,,SAFE,AMOUNT|BBPS|CREDIT|DEVIATION_OF_AVERAGE
F3777,DA_BBPS_AMT_DB_31D_OC,Deviation of avgs: of Bharat Bill Payment System Debit Amount - last 31D,False,BBPS,DEVIATION_OF_AVERAGE,NONE,DEBIT,BEHAVIORAL,False,,SAFE,AMOUNT|BBPS|DEBIT|DEVIATION_OF_AVERAGE
F3778,DA_APB_TXN_31D_OC,Deviation of avgs: of Aadhar Payment Bridge Total txns - last 31D,False,AADHAAR_PAYMENT_BRIDGE,DEVIATION_OF_AVERAGE,NONE,BOTH,BEHAVIORAL,False,,SAFE,AADHAAR_PAYMENT_BRIDGE|DEVIATION_OF_AVERAGE|TRANSACTION_COUNT
F3779,DA_APB_TXN_CR_31D_OC,Deviation of avgs: of Aadhar Payment Bridge Credit txns - last 31D,False,AADHAAR_PAYMENT_BRIDGE,DEVIATION_OF_AVERAGE,NONE,CREDIT,BEHAVIORAL,False,,SAFE,AADHAAR_PAYMENT_BRIDGE|CREDIT|DEVIATION_OF_AVERAGE|TRANSACTION_COUNT
F3780,DA_APB_TXN_DB_31D_OC,Deviation of avgs: of Aadhar Payment Bridge Debit txns - last 31D,False,AADHAAR_PAYMENT_BRIDGE,DEVIATION_OF_AVERAGE,NONE,DEBIT,BEHAVIORAL,False,,SAFE,AADHAAR_PAYMENT_BRIDGE|DEBIT|DEVIATION_OF_AVERAGE|TRANSACTION_COUNT
F3781,DA_APB_AMT_31D_OC,Deviation of avgs: of Aadhar Payment Bridge Total Amount - last 31D,False,AADHAAR_PAYMENT_BRIDGE,DEVIATION_OF_AVERAGE,NONE,BOTH,BEHAVIORAL,False,,SAFE,AADHAAR_PAYMENT_BRIDGE|AMOUNT|DEVIATION_OF_AVERAGE
F3782,DA_APB_AMT_CR_31D_OC,Deviation of avgs: of Aadhar Payment Bridge Credit Amount - last 31D,False,AADHAAR_PAYMENT_BRIDGE,DEVIATION_OF_AVERAGE,NONE,CREDIT,BEHAVIORAL,False,,SAFE,AADHAAR_PAYMENT_BRIDGE|AMOUNT|CREDIT|DEVIATION_OF_AVERAGE
F3783,DA_APB_AMT_DB_31D_OC,Deviation of avgs: of Aadhar Payment Bridge Debit Amount - last 31D,False,AADHAAR_PAYMENT_BRIDGE,DEVIATION_OF_AVERAGE,NONE,DEBIT,BEHAVIORAL,False,,SAFE,AADHAAR_PAYMENT_BRIDGE|AMOUNT|DEBIT|DEVIATION_OF_AVERAGE
F3784,DA_LOAN_TXN_31D_OC,Deviation of avgs: of Loan Total txns - last 31D,False,LOAN,DEVIATION_OF_AVERAGE,NONE,BOTH,BEHAVIORAL,False,,SAFE,DEVIATION_OF_AVERAGE|LOAN|TRANSACTION_COUNT
F3785,DA_LOAN_TXN_CR_31D_OC,Deviation of avgs: of Loan Credit txns - last 31D,False,LOAN,DEVIATION_OF_AVERAGE,NONE,CREDIT,BEHAVIORAL,False,,SAFE,CREDIT|DEVIATION_OF_AVERAGE|LOAN|TRANSACTION_COUNT
F3786,DA_LOAN_TXN_DB_31D_OC,Deviation of avgs: of Loan Debit txns - last 31D,False,LOAN,DEVIATION_OF_AVERAGE,NONE,DEBIT,BEHAVIORAL,False,,SAFE,DEBIT|DEVIATION_OF_AVERAGE|LOAN|TRANSACTION_COUNT
F3787,DA_LOAN_AMT_31D_OC,Deviation of avgs: of Loan Total Amount - last 31D,False,LOAN,DEVIATION_OF_AVERAGE,NONE,BOTH,BEHAVIORAL,False,,SAFE,AMOUNT|DEVIATION_OF_AVERAGE|LOAN
F3788,DA_LOAN_AMT_CR_31D_OC,Deviation of avgs: of Loan Credit Amount - last 31D,False,LOAN,DEVIATION_OF_AVERAGE,NONE,CREDIT,BEHAVIORAL,False,,SAFE,AMOUNT|CREDIT|DEVIATION_OF_AVERAGE|LOAN
F3789,DA_LOAN_AMT_DB_31D_OC,Deviation of avgs: of Loan Debit Amount - last 31D,False,LOAN,DEVIATION_OF_AVERAGE,NONE,DEBIT,BEHAVIORAL,False,,SAFE,AMOUNT|DEBIT|DEVIATION_OF_AVERAGE|LOAN
F3790,DA_STDNG_INSTR_31D_OC,Deviation of avgs: of Standing Instruction Total Amount - last 31D,False,STANDING_INSTRUCTION,DEVIATION_OF_AVERAGE,NONE,BOTH,BEHAVIORAL,False,,SAFE,AMOUNT|DEVIATION_OF_AVERAGE|STANDING_INSTRUCTION
F3791,DA_STDNG_INSTR_CR_TXN_31D_OC,Deviation of avgs: of Standing Instruction Credit txns - last 31D,False,STANDING_INSTRUCTION,DEVIATION_OF_AVERAGE,NONE,CREDIT,BEHAVIORAL,False,,SAFE,CREDIT|DEVIATION_OF_AVERAGE|STANDING_INSTRUCTION|TRANSACTION_COUNT
F3792,DA_STDNG_INSTR_DB_TXN_31D_OC,Deviation of avgs: of Standing Instruction Debit txns - last 31D,False,STANDING_INSTRUCTION,DEVIATION_OF_AVERAGE,NONE,DEBIT,BEHAVIORAL,False,,SAFE,DEBIT|DEVIATION_OF_AVERAGE|STANDING_INSTRUCTION|TRANSACTION_COUNT
F3793,DA_STDNG_INSTR_AMT_31D_OC,Deviation of avgs: of Standing Instruction Credit Amount - last 31D,False,STANDING_INSTRUCTION,DEVIATION_OF_AVERAGE,NONE,BOTH,BEHAVIORAL,False,,SAFE,AMOUNT|DEVIATION_OF_AVERAGE|STANDING_INSTRUCTION
F3794,DA_STDNG_INSTR_AMT_CR_31D_OC,Deviation of avgs: of Standing Instruction Debit Amount - last 31D,False,STANDING_INSTRUCTION,DEVIATION_OF_AVERAGE,NONE,CREDIT,BEHAVIORAL,False,,SAFE,AMOUNT|CREDIT|DEVIATION_OF_AVERAGE|STANDING_INSTRUCTION
F3795,DA_STDNG_INSTR_AMT_DB_31D_OC,Deviation of avgs: of Standing Instruction Total txns - last 31D,False,STANDING_INSTRUCTION,DEVIATION_OF_AVERAGE,NONE,DEBIT,BEHAVIORAL,False,,SAFE,AMOUNT|DEBIT|DEVIATION_OF_AVERAGE|STANDING_INSTRUCTION|TRANSACTION_COUNT
F3796,TOT_TXNS_L31D,Total Transaction Count - last 31D,False,TOTAL_ALL_RAILS,COUNT,L31D,BOTH,BEHAVIORAL,False,,SAFE,COUNT|LONG_WINDOW|TOTAL_ALL_RAILS|TRANSACTION_COUNT|WINDOW_L31D
F3797,TOT_TXNS_CR_L31D,Total Credit Transaction Count - last 31D,False,TOTAL_ALL_RAILS,COUNT,L31D,CREDIT,BEHAVIORAL,False,,SAFE,COUNT|CREDIT|LONG_WINDOW|TOTAL_ALL_RAILS|TRANSACTION_COUNT|WINDOW_L31D
F3798,TOT_TXNS_DB_L31D,Total Debit Transaction Count - last 31D,False,TOTAL_ALL_RAILS,COUNT,L31D,DEBIT,BEHAVIORAL,False,,SAFE,COUNT|DEBIT|LONG_WINDOW|TOTAL_ALL_RAILS|TRANSACTION_COUNT|WINDOW_L31D
F3799,TOT_TXNAMT_L31D,Total Transaction Amount - last 31D,False,TOTAL_ALL_RAILS,RAW_OR_META,L31D,BOTH,BEHAVIORAL,False,,SAFE,AMOUNT|LONG_WINDOW|RAW_OR_META|TOTAL_ALL_RAILS|TRANSACTION_COUNT|WINDOW_L31D
F3800,TOT_TXNAMT_CR_L31D,Total Credit Transaction Amount - last 31D,False,TOTAL_ALL_RAILS,RAW_OR_META,L31D,CREDIT,BEHAVIORAL,False,,SAFE,AMOUNT|CREDIT|LONG_WINDOW|RAW_OR_META|TOTAL_ALL_RAILS|TRANSACTION_COUNT|WINDOW_L31D
F3801,TOT_TXNAMT_DB_L31D,Total Debit Transaction Amount - last 31D,False,TOTAL_ALL_RAILS,RAW_OR_META,L31D,DEBIT,BEHAVIORAL,False,,SAFE,AMOUNT|DEBIT|LONG_WINDOW|RAW_OR_META|TOTAL_ALL_RAILS|TRANSACTION_COUNT|WINDOW_L31D
F3802,TOT_TXNS_L14D,Total Transaction Count - last 14D,False,TOTAL_ALL_RAILS,COUNT,L14D,BOTH,BEHAVIORAL,False,,SAFE,COUNT|TOTAL_ALL_RAILS|TRANSACTION_COUNT|WINDOW_L14D
F3803,TOT_TXNS_CR_L14D,Total Credit Transaction Count - last 14D,False,TOTAL_ALL_RAILS,COUNT,L14D,CREDIT,BEHAVIORAL,False,,SAFE,COUNT|CREDIT|TOTAL_ALL_RAILS|TRANSACTION_COUNT|WINDOW_L14D
F3804,TOT_TXNS_DB_L14D,Total Debit Transaction Count - last 14D,False,TOTAL_ALL_RAILS,COUNT,L14D,DEBIT,BEHAVIORAL,False,,SAFE,COUNT|DEBIT|TOTAL_ALL_RAILS|TRANSACTION_COUNT|WINDOW_L14D
F3805,TOT_TXNAMT_L14D,Total Transaction Amount - last 14D,False,TOTAL_ALL_RAILS,RAW_OR_META,L14D,BOTH,BEHAVIORAL,False,,SAFE,AMOUNT|RAW_OR_META|TOTAL_ALL_RAILS|TRANSACTION_COUNT|WINDOW_L14D
F3806,TOT_TXNAMT_CR_L14D,Total Credit Transaction Amount - last 14D,False,TOTAL_ALL_RAILS,RAW_OR_META,L14D,CREDIT,BEHAVIORAL,False,,SAFE,AMOUNT|CREDIT|RAW_OR_META|TOTAL_ALL_RAILS|TRANSACTION_COUNT|WINDOW_L14D
F3807,TOT_TXNAMT_DB_L14D,Total Debit Transaction Amount - last 14D,False,TOTAL_ALL_RAILS,RAW_OR_META,L14D,DEBIT,BEHAVIORAL,False,,SAFE,AMOUNT|DEBIT|RAW_OR_META|TOTAL_ALL_RAILS|TRANSACTION_COUNT|WINDOW_L14D
F3808,TOT_TXNS_L7D,Total Transaction Count - last 7D,False,TOTAL_ALL_RAILS,COUNT,L7D,BOTH,BEHAVIORAL,False,,SAFE,COUNT|SHORT_WINDOW|TOTAL_ALL_RAILS|TRANSACTION_COUNT|WINDOW_L7D
F3809,TOT_TXNS_CR_L7D,Total Credit Transaction Count - last 7D,False,TOTAL_ALL_RAILS,COUNT,L7D,CREDIT,BEHAVIORAL,False,,SAFE,COUNT|CREDIT|SHORT_WINDOW|TOTAL_ALL_RAILS|TRANSACTION_COUNT|WINDOW_L7D
F3810,TOT_TXNS_DB_L7D,Total Debit Transaction Count - last 7D,False,TOTAL_ALL_RAILS,COUNT,L7D,DEBIT,BEHAVIORAL,False,,SAFE,COUNT|DEBIT|SHORT_WINDOW|TOTAL_ALL_RAILS|TRANSACTION_COUNT|WINDOW_L7D
F3811,TOT_TXNAMT_L7D,Total Transaction Amount - last 7D,False,TOTAL_ALL_RAILS,RAW_OR_META,L7D,BOTH,BEHAVIORAL,False,,SAFE,AMOUNT|RAW_OR_META|SHORT_WINDOW|TOTAL_ALL_RAILS|TRANSACTION_COUNT|WINDOW_L7D
F3812,TOT_TXNAMT_CR_L7D,Total Credit Transaction Amount - last 7D,False,TOTAL_ALL_RAILS,RAW_OR_META,L7D,CREDIT,BEHAVIORAL,False,,SAFE,AMOUNT|CREDIT|RAW_OR_META|SHORT_WINDOW|TOTAL_ALL_RAILS|TRANSACTION_COUNT|WINDOW_L7D
F3813,TOT_TXNAMT_DB_L7D,Total Debit Transaction Amount - last 7D,False,TOTAL_ALL_RAILS,RAW_OR_META,L7D,DEBIT,BEHAVIORAL,False,,SAFE,AMOUNT|DEBIT|RAW_OR_META|SHORT_WINDOW|TOTAL_ALL_RAILS|TRANSACTION_COUNT|WINDOW_L7D
F3814,TOT_TXNS_L7_14D,Total Transaction Count - last 7 to 14D,False,TOTAL_ALL_RAILS,COUNT,L7_14D,BOTH,BEHAVIORAL,False,,SAFE,COUNT|SHORT_WINDOW|TOTAL_ALL_RAILS|TRANSACTION_COUNT|WINDOW_L7_14D
F3815,TOT_TXNS_CR_L7_14D,Total Credit Transaction Count - last 7 to 14D,False,TOTAL_ALL_RAILS,COUNT,L7_14D,CREDIT,BEHAVIORAL,False,,SAFE,COUNT|CREDIT|SHORT_WINDOW|TOTAL_ALL_RAILS|TRANSACTION_COUNT|WINDOW_L7_14D
F3816,TOT_TXNS_DB_L7_14D,Total Debit Transaction Count - last 7 to 14D,False,TOTAL_ALL_RAILS,COUNT,L7_14D,DEBIT,BEHAVIORAL,False,,SAFE,COUNT|DEBIT|SHORT_WINDOW|TOTAL_ALL_RAILS|TRANSACTION_COUNT|WINDOW_L7_14D
F3817,TOT_TXNAMT_L7_14D,Total Transaction Amount - last 7 to 14D,False,TOTAL_ALL_RAILS,RAW_OR_META,L7_14D,BOTH,BEHAVIORAL,False,,SAFE,AMOUNT|RAW_OR_META|SHORT_WINDOW|TOTAL_ALL_RAILS|TRANSACTION_COUNT|WINDOW_L7_14D
F3818,TOT_TXNAMT_CR_L7_14D,Total Credit Transaction Amount - last 7 to 14D,False,TOTAL_ALL_RAILS,RAW_OR_META,L7_14D,CREDIT,BEHAVIORAL,False,,SAFE,AMOUNT|CREDIT|RAW_OR_META|SHORT_WINDOW|TOTAL_ALL_RAILS|TRANSACTION_COUNT|WINDOW_L7_14D
F3819,TOT_TXNAMT_DB_L7_14D,Total Debit Transaction Amount - last 7 to 14D,False,TOTAL_ALL_RAILS,RAW_OR_META,L7_14D,DEBIT,BEHAVIORAL,False,,SAFE,AMOUNT|DEBIT|RAW_OR_META|SHORT_WINDOW|TOTAL_ALL_RAILS|TRANSACTION_COUNT|WINDOW_L7_14D
F3820,TOT_TXNS_L7_31D,Total Transaction Count - last 7 to 31D,False,TOTAL_ALL_RAILS,COUNT,L7_31D,BOTH,BEHAVIORAL,False,,SAFE,COUNT|LONG_WINDOW|TOTAL_ALL_RAILS|TRANSACTION_COUNT|WINDOW_L7_31D
F3821,TOT_TXNS_CR_L7_31D,Total Credit Transaction Count - last 7 to 31D,False,TOTAL_ALL_RAILS,COUNT,L7_31D,CREDIT,BEHAVIORAL,False,,SAFE,COUNT|CREDIT|LONG_WINDOW|TOTAL_ALL_RAILS|TRANSACTION_COUNT|WINDOW_L7_31D
F3822,TOT_TXNS_DB_L7_31D,Total Debit Transaction Count - last 7 to 31D,False,TOTAL_ALL_RAILS,COUNT,L7_31D,DEBIT,BEHAVIORAL,False,,SAFE,COUNT|DEBIT|LONG_WINDOW|TOTAL_ALL_RAILS|TRANSACTION_COUNT|WINDOW_L7_31D
F3823,TOT_TXNAMT_L7_31D,Total Transaction Amount - last 7 to 31D,False,TOTAL_ALL_RAILS,RAW_OR_META,L7_31D,BOTH,BEHAVIORAL,False,,SAFE,AMOUNT|LONG_WINDOW|RAW_OR_META|TOTAL_ALL_RAILS|TRANSACTION_COUNT|WINDOW_L7_31D
F3824,TOT_TXNAMT_CR_L7_31D,Total Credit Transaction Amount - last 7 to 31D,False,TOTAL_ALL_RAILS,RAW_OR_META,L7_31D,CREDIT,BEHAVIORAL,False,,SAFE,AMOUNT|CREDIT|LONG_WINDOW|RAW_OR_META|TOTAL_ALL_RAILS|TRANSACTION_COUNT|WINDOW_L7_31D
F3825,TOT_TXNAMT_DB_L7_31D,Total Debit Transaction Amount - last 7 to 31D,False,TOTAL_ALL_RAILS,RAW_OR_META,L7_31D,DEBIT,BEHAVIORAL,False,,SAFE,AMOUNT|DEBIT|LONG_WINDOW|RAW_OR_META|TOTAL_ALL_RAILS|TRANSACTION_COUNT|WINDOW_L7_31D
F3826,TOT_TXNS_L14_31D,Total Transaction Count - last 14 to 31D,False,TOTAL_ALL_RAILS,COUNT,L14_31D,BOTH,BEHAVIORAL,False,,SAFE,COUNT|LONG_WINDOW|TOTAL_ALL_RAILS|TRANSACTION_COUNT|WINDOW_L14_31D
F3827,TOT_TXNS_CR_L14_31D,Total Credit Transaction Count - last 14 to 31D,False,TOTAL_ALL_RAILS,COUNT,L14_31D,CREDIT,BEHAVIORAL,False,,SAFE,COUNT|CREDIT|LONG_WINDOW|TOTAL_ALL_RAILS|TRANSACTION_COUNT|WINDOW_L14_31D
F3828,TOT_TXNS_DB_L14_31D,Total Debit Transaction Count - last 14 to 31D,False,TOTAL_ALL_RAILS,COUNT,L14_31D,DEBIT,BEHAVIORAL,False,,SAFE,COUNT|DEBIT|LONG_WINDOW|TOTAL_ALL_RAILS|TRANSACTION_COUNT|WINDOW_L14_31D
F3829,TOT_TXNAMT_L14_31D,Total Transaction Amount - last 14 to 31D,False,TOTAL_ALL_RAILS,RAW_OR_META,L14_31D,BOTH,BEHAVIORAL,False,,SAFE,AMOUNT|LONG_WINDOW|RAW_OR_META|TOTAL_ALL_RAILS|TRANSACTION_COUNT|WINDOW_L14_31D
F3830,TOT_TXNAMT_CR_L14_31D,Total Credit Transaction Amount - last 14 to 31D,False,TOTAL_ALL_RAILS,RAW_OR_META,L14_31D,CREDIT,BEHAVIORAL,False,,SAFE,AMOUNT|CREDIT|LONG_WINDOW|RAW_OR_META|TOTAL_ALL_RAILS|TRANSACTION_COUNT|WINDOW_L14_31D
F3831,TOT_TXNAMT_DB_L14_31D,Total Debit Transaction Amount - last 14 to 31D,False,TOTAL_ALL_RAILS,RAW_OR_META,L14_31D,DEBIT,BEHAVIORAL,False,,SAFE,AMOUNT|DEBIT|LONG_WINDOW|RAW_OR_META|TOTAL_ALL_RAILS|TRANSACTION_COUNT|WINDOW_L14_31D
F3832,TOT_BAL_7DAYS,Total  account balance in last 7 days,False,BALANCE,RAW_OR_META,NONE,BOTH,BEHAVIORAL,False,,SAFE,BALANCE|RAW_OR_META
F3833,TOT_BAL_14DAYS,Total  account balance in last 14 days,False,BALANCE,RAW_OR_META,NONE,BOTH,BEHAVIORAL,False,,SAFE,BALANCE|RAW_OR_META
F3834,TOT_BAL_31DAYS,Total  account balance in last 31 days,False,BALANCE,RAW_OR_META,NONE,BOTH,BEHAVIORAL,False,,SAFE,BALANCE|RAW_OR_META
F3835,AVG_BAL_7DAYS,Average  account balance in last 7 days,False,BALANCE,AVERAGE,NONE,BOTH,BEHAVIORAL,False,,SAFE,AVERAGE|BALANCE
F3836,AVG_BAL_14DAYS,Average  account balance in last 14 days,True,BALANCE,AVERAGE,NONE,BOTH,BEHAVIORAL,False,,SAFE,AVERAGE|BALANCE
F3837,AVG_BAL_31DAYS,Average  account balance in last 31 days,False,BALANCE,AVERAGE,NONE,BOTH,BEHAVIORAL,False,,SAFE,AVERAGE|BALANCE
F3838,MAX_BAL_7DAYS,Max account balance in last 7 days,False,BALANCE,MAXIMUM,NONE,BOTH,BEHAVIORAL,False,,SAFE,BALANCE|MAXIMUM
F3839,MAX_BAL_14DAYS,Max account balance in last 14 days,False,BALANCE,MAXIMUM,NONE,BOTH,BEHAVIORAL,False,,SAFE,BALANCE|MAXIMUM
F3840,MAX_BAL_31DAYS,Max account balance in last 31 days,False,BALANCE,MAXIMUM,NONE,BOTH,BEHAVIORAL,False,,SAFE,BALANCE|MAXIMUM
F3841,MIN_BAL_7DAYS,Min account balance in last 7 days,False,BALANCE,MINIMUM,NONE,BOTH,BEHAVIORAL,False,,SAFE,BALANCE|MINIMUM
F3842,MIN_BAL_14DAYS,Min account balance in last 14 days,False,BALANCE,MINIMUM,NONE,BOTH,BEHAVIORAL,False,,SAFE,BALANCE|MINIMUM
F3843,MIN_BAL_31DAYS,Min account balance in last 31 days,False,BALANCE,MINIMUM,NONE,BOTH,BEHAVIORAL,False,,SAFE,BALANCE|MINIMUM
F3844,TOT_BAL_7TO14DAYS,Total  account balance in last 7 to 14 days,False,BALANCE,RAW_OR_META,L7_14D,BOTH,BEHAVIORAL,False,,SAFE,BALANCE|RAW_OR_META|SHORT_WINDOW|WINDOW_L7_14D
F3845,TOT_BAL_14TO31DAYS,Total  account balance in last 14 to 31 days,False,BALANCE,RAW_OR_META,L14_31D,BOTH,BEHAVIORAL,False,,SAFE,BALANCE|LONG_WINDOW|RAW_OR_META|WINDOW_L14_31D
F3846,TOT_BAL_7TO31DAYS,Total  account balance in last 7 to 31 days,False,BALANCE,RAW_OR_META,L7_31D,BOTH,BEHAVIORAL,False,,SAFE,BALANCE|LONG_WINDOW|RAW_OR_META|WINDOW_L7_31D
F3847,AVG_BAL_7TO14DAYS,Average  account balance in last 7 to 14 days,False,BALANCE,AVERAGE,L7_14D,BOTH,BEHAVIORAL,False,,SAFE,AVERAGE|BALANCE|SHORT_WINDOW|WINDOW_L7_14D
F3848,AVG_BAL_14TO31DAYS,Average  account balance in last 14 to 31 days,False,BALANCE,AVERAGE,L14_31D,BOTH,BEHAVIORAL,False,,SAFE,AVERAGE|BALANCE|LONG_WINDOW|WINDOW_L14_31D
F3849,AVG_BAL_7TO31DAYS,Average  account balance in last 7 to 31 days,False,BALANCE,AVERAGE,L7_31D,BOTH,BEHAVIORAL,False,,SAFE,AVERAGE|BALANCE|LONG_WINDOW|WINDOW_L7_31D
F3850,MAX_BAL_7TO14DAYS,Max account balance in last 7 to 14 days,False,BALANCE,MAXIMUM,L7_14D,BOTH,BEHAVIORAL,False,,SAFE,BALANCE|MAXIMUM|SHORT_WINDOW|WINDOW_L7_14D
F3851,MAX_BAL_14TO31DAYS,Max account balance in last 14 to 31 days,False,BALANCE,MAXIMUM,L14_31D,BOTH,BEHAVIORAL,False,,SAFE,BALANCE|LONG_WINDOW|MAXIMUM|WINDOW_L14_31D
F3852,MAX_BAL_7TO31DAYS,Max account balance in last 7 to 31 days,False,BALANCE,MAXIMUM,L7_31D,BOTH,BEHAVIORAL,False,,SAFE,BALANCE|LONG_WINDOW|MAXIMUM|WINDOW_L7_31D
F3853,MIN_BAL_7TO14DAYS,Min account balance in last 7 to 14 days,False,BALANCE,MINIMUM,L7_14D,BOTH,BEHAVIORAL,False,,SAFE,BALANCE|MINIMUM|SHORT_WINDOW|WINDOW_L7_14D
F3854,MIN_BAL_14TO31DAYS,Min account balance in last 14 to 31 days,False,BALANCE,MINIMUM,L14_31D,BOTH,BEHAVIORAL,False,,SAFE,BALANCE|LONG_WINDOW|MINIMUM|WINDOW_L14_31D
F3855,MIN_BAL_7TO31DAYS,Min account balance in last 7 to 31 days,False,BALANCE,MINIMUM,L7_31D,BOTH,BEHAVIORAL,False,,SAFE,BALANCE|LONG_WINDOW|MINIMUM|WINDOW_L7_31D
F3856,RT_TOT_7TO14DAYS,Ratio of total balances from last 7 to 14 days,False,TOTAL_ALL_RAILS,RAW_OR_META,L7_14D,BOTH,BEHAVIORAL,False,,SAFE,RAW_OR_META|SHORT_WINDOW|TOTAL_ALL_RAILS|WINDOW_L7_14D
F3857,RT_TOT_14TO31DAYS,Ratio of total balances from last 14 to 31 days,False,TOTAL_ALL_RAILS,RAW_OR_META,L14_31D,BOTH,BEHAVIORAL,False,,SAFE,LONG_WINDOW|RAW_OR_META|TOTAL_ALL_RAILS|WINDOW_L14_31D
F3858,RT_TOT_7TO31DAYS,Ratio of total balances from last 7 to 31 days,False,TOTAL_ALL_RAILS,RAW_OR_META,L7_31D,BOTH,BEHAVIORAL,False,,SAFE,LONG_WINDOW|RAW_OR_META|TOTAL_ALL_RAILS|WINDOW_L7_31D
F3859,RT_AVG_7TO14DAYS,Ratio of average balances from last 7 to 14 days,False,BALANCE,RAW_OR_META,L7_14D,BOTH,BEHAVIORAL,False,,SAFE,BALANCE|RAW_OR_META|SHORT_WINDOW|WINDOW_L7_14D
F3860,RT_AVG_14TO31DAYS,Ratio of average balances from last 14 to 31 days,False,BALANCE,RAW_OR_META,L14_31D,BOTH,BEHAVIORAL,False,,SAFE,BALANCE|LONG_WINDOW|RAW_OR_META|WINDOW_L14_31D
F3861,RT_AVG_7TO31DAYS,Ratio of average balances from last 7 to 31 days,False,BALANCE,RAW_OR_META,L7_31D,BOTH,BEHAVIORAL,False,,SAFE,BALANCE|LONG_WINDOW|RAW_OR_META|WINDOW_L7_31D
F3862,DEV_TOT_7TO14DAYS,Deviation of total account balance from last 7 to 14 days,False,TOTAL_ALL_RAILS,RAW_OR_META,L7_14D,BOTH,BEHAVIORAL,False,,SAFE,RAW_OR_META|SHORT_WINDOW|TOTAL_ALL_RAILS|WINDOW_L7_14D
F3863,DEV_TOT_14TO31DAYS,Deviation of total account balance from last 14 to 31 days,False,TOTAL_ALL_RAILS,RAW_OR_META,L14_31D,BOTH,BEHAVIORAL,False,,SAFE,LONG_WINDOW|RAW_OR_META|TOTAL_ALL_RAILS|WINDOW_L14_31D
F3864,DEV_TOT_7TO31DAYS,Deviation of total account balance from last 7 to 31 days,False,TOTAL_ALL_RAILS,RAW_OR_META,L7_31D,BOTH,BEHAVIORAL,False,,SAFE,LONG_WINDOW|RAW_OR_META|TOTAL_ALL_RAILS|WINDOW_L7_31D
F3865,DEV_AVG_7TO14DAYS,Deviation of average account balance from last 7 to 14 days,False,BALANCE,RAW_OR_META,L7_14D,BOTH,BEHAVIORAL,False,,SAFE,BALANCE|RAW_OR_META|SHORT_WINDOW|WINDOW_L7_14D
F3866,DEV_AVG_14TO31DAYS,Deviation of average account balance from last 14 to 31 days,False,BALANCE,RAW_OR_META,L14_31D,BOTH,BEHAVIORAL,False,,SAFE,BALANCE|LONG_WINDOW|RAW_OR_META|WINDOW_L14_31D
F3867,DEV_AVG_7TO31DAYS,Deviation of average account balance from last 7 to 31 days,False,BALANCE,RAW_OR_META,L7_31D,BOTH,BEHAVIORAL,False,,SAFE,BALANCE|LONG_WINDOW|RAW_OR_META|WINDOW_L7_31D
F3868,DEV_TOT_AVG_7DAYS,Deviation of total account balance from average account balance for last 7 days,False,TOTAL_ALL_RAILS,RAW_OR_META,NONE,BOTH,BEHAVIORAL,False,,SAFE,RAW_OR_META|TOTAL_ALL_RAILS
F3869,DEV_TOT_AVG_14DAYS,Deviation of total account balance from average account balance for last 14 days,False,TOTAL_ALL_RAILS,RAW_OR_META,NONE,BOTH,BEHAVIORAL,False,,SAFE,RAW_OR_META|TOTAL_ALL_RAILS
F3870,DEV_TOT_AVG_31DAYS,Deviation of total account balance from average account balance for last 31 days,False,TOTAL_ALL_RAILS,RAW_OR_META,NONE,BOTH,BEHAVIORAL,False,,SAFE,RAW_OR_META|TOTAL_ALL_RAILS
F3871,MAX_MIN_7DAYS,Max account minances in last 7 days,False,BALANCE,MAXIMUM,NONE,BOTH,BEHAVIORAL,False,,SAFE,BALANCE|MAXIMUM
F3872,MAX_MIN_14DAYS,Max account minances in last 14 days,False,BALANCE,MAXIMUM,NONE,BOTH,BEHAVIORAL,False,,SAFE,BALANCE|MAXIMUM
F3873,MAX_MIN_31DAYS,Max account minances in last 31 days,False,BALANCE,MAXIMUM,NONE,BOTH,BEHAVIORAL,False,,SAFE,BALANCE|MAXIMUM
F3874,D_TOT_BAL_7DAYS_OCC,Deviation of total balance of the customer from the occupation segment in last 7 days,False,BALANCE,DEVIATION,NONE,BOTH,BEHAVIORAL,False,,SAFE,BALANCE|DEVIATION|OCCUPATION_SEGMENT|SEGMENT
F3875,D_TOT_BAL_14DAYS_OCC,Deviation of total balance of the customer from the occupation segment in last 14 days,False,BALANCE,DEVIATION,NONE,BOTH,BEHAVIORAL,False,,SAFE,BALANCE|DEVIATION|OCCUPATION_SEGMENT|SEGMENT
F3876,D_TOT_BAL_31DAYS_OCC,Deviation of total balance of the customer from the occupation segment in last 31 days,False,BALANCE,DEVIATION,NONE,BOTH,BEHAVIORAL,False,,SAFE,BALANCE|DEVIATION|OCCUPATION_SEGMENT|SEGMENT
F3877,D_TOT_BAL_7TO14DAYS_OCC,Deviation of total balance of the customer from the occupation segment in last 7 to 14 days,False,BALANCE,DEVIATION,L7_14D,BOTH,BEHAVIORAL,False,,SAFE,BALANCE|DEVIATION|OCCUPATION_SEGMENT|SEGMENT|SHORT_WINDOW|WINDOW_L7_14D
F3878,D_TOT_BAL_14TO31DAYS_OCC,Deviation of total balance of the customer from the occupation segment in last 14 to 31 days,False,BALANCE,DEVIATION,L14_31D,BOTH,BEHAVIORAL,False,,SAFE,BALANCE|DEVIATION|LONG_WINDOW|OCCUPATION_SEGMENT|SEGMENT|WINDOW_L14_31D
F3879,D_TOT_BAL_7TO31DAYS_OCC,Deviation of total balance of the customer from the occupation segment in last 7 to 31 days,False,BALANCE,DEVIATION,L7_31D,BOTH,BEHAVIORAL,False,,SAFE,BALANCE|DEVIATION|LONG_WINDOW|OCCUPATION_SEGMENT|SEGMENT|WINDOW_L7_31D
F3880,D_AVG_BAL_7DAYS_OCC,Deviation of average balance of the customer from the occupation segment in last 7 days,False,BALANCE,DEVIATION,NONE,BOTH,BEHAVIORAL,False,,SAFE,BALANCE|DEVIATION|OCCUPATION_SEGMENT|SEGMENT
F3881,D_AVG_BAL_14DAYS_OCC,Deviation of average balance of the customer from the occupation segment in last 14 days,False,BALANCE,DEVIATION,NONE,BOTH,BEHAVIORAL,False,,SAFE,BALANCE|DEVIATION|OCCUPATION_SEGMENT|SEGMENT
F3882,D_AVG_BAL_31DAYS_OCC,Deviation of average balance of the customer from the occupation segment in last 31 days,False,BALANCE,DEVIATION,NONE,BOTH,BEHAVIORAL,False,,SAFE,BALANCE|DEVIATION|OCCUPATION_SEGMENT|SEGMENT
F3883,D_AVG_BAL_7TO14DAYS_OCC,Deviation of average balance of the customer from the occupation segment in last 7 to 14 days,False,BALANCE,DEVIATION,L7_14D,BOTH,BEHAVIORAL,False,,SAFE,BALANCE|DEVIATION|OCCUPATION_SEGMENT|SEGMENT|SHORT_WINDOW|WINDOW_L7_14D
F3884,D_AVG_BAL_14TO31DAYS_OCC,Deviation of average balance of the customer from the occupation segment in last 14 to 31 days,False,BALANCE,DEVIATION,L14_31D,BOTH,BEHAVIORAL,False,,SAFE,BALANCE|DEVIATION|LONG_WINDOW|OCCUPATION_SEGMENT|SEGMENT|WINDOW_L14_31D
F3885,D_AVG_BAL_7TO31DAYS_OCC,Deviation of average balance of the customer from the occupation segment in last 7 to 31 days,False,BALANCE,DEVIATION,L7_31D,BOTH,BEHAVIORAL,False,,SAFE,BALANCE|DEVIATION|LONG_WINDOW|OCCUPATION_SEGMENT|SEGMENT|WINDOW_L7_31D
F3886,PRODUCT_NAME,Product name of the corresponding account,False,PROFILE,RAW_OR_META,NONE,BOTH,PROFILE,False,,SAFE,PROFILE|RAW_OR_META
F3887,TENURE_AS_OF_ALERT,Customer tenure with the bank as of the alert date,True,PROFILE,RAW_OR_META,NONE,BOTH,PROFILE,False,,SAFE,ALERT|PROFILE|RAW_OR_META
F3888,ACCT_OPN_DATE,Date of the account opened,False,PROFILE,RAW_OR_META,NONE,BOTH,PROFILE,False,,SAFE,PROFILE|RAW_OR_META
F3889,ACCT_OPN_DAYS,Number of days since account opened (buckets),True,PROFILE,RAW_OR_META,NONE,BOTH,PROFILE,False,,SAFE,PROFILE|RAW_OR_META
F3890,AREA_CATEGORY,Area category of the customer,False,PROFILE,RAW_OR_META,NONE,BOTH,PROFILE,True,geography,SAFE,PROFILE|RAW_OR_META
F3891,CUST_OCCP,Occupation code of customer,True,PROFILE,RAW_OR_META,NONE,BOTH,PROFILE,True,occupation,SAFE,OCCUPATION_SEGMENT|PROFILE|RAW_OR_META
F3892,GENDER,Customer gender,False,PROFILE,RAW_OR_META,NONE,BOTH,PROFILE,True,gender,SAFE,PROFILE|RAW_OR_META
F3893,SEGMENTATION_CLASS,Segmentation class of the customer,False,PROFILE,RAW_OR_META,NONE,BOTH,PROFILE,False,,SAFE,PROFILE|RAW_OR_META|SEGMENT
F3894,AGE_IN_YRS,Customer age as of alert date,True,PROFILE,RAW_OR_META,NONE,BOTH,PROFILE,True,age,SAFE,ALERT|PROFILE|RAW_OR_META
F3895,MIN_INC_SCORE,Min incident score of the account,False,ALERT_CONTEXT,MINIMUM,NONE,BOTH,ALERT_CONTEXT,False,,SAFE,ALERT_CONTEXT|MINIMUM
F3896,MAX_INC_SCORE,Max incident score of the account,False,ALERT_CONTEXT,MAXIMUM,NONE,BOTH,ALERT_CONTEXT,False,,SAFE,ALERT_CONTEXT|MAXIMUM
F3897,CNT_INC_SCR_GT650,Number of times incident score was greater than 650,False,ALERT_CONTEXT,COUNT,NONE,BOTH,ALERT_CONTEXT,False,,SAFE,ALERT_CONTEXT|COUNT
F3898,MIN_RESOLVE_DAYS,Min alert resolution days,False,POST_RESOLUTION_LEAKAGE,MINIMUM,NONE,BOTH,POST_RESOLUTION_LEAKAGE,False,,QUARANTINED,ALERT|MINIMUM|POST_RESOLUTION_LEAKAGE
F3899,MAX_RESOLVE_DAYS,Max alert resolution days,False,POST_RESOLUTION_LEAKAGE,MAXIMUM,NONE,BOTH,POST_RESOLUTION_LEAKAGE,False,,QUARANTINED,ALERT|MAXIMUM|POST_RESOLUTION_LEAKAGE
F3900,HIGH_VALUE_UPI_DB_TXNS,Alert description flag,False,UPI,COUNT,NONE,DEBIT,ALERT_CONTEXT,False,,SAFE,ALERT|COUNT|DEBIT|UPI
F3901,MULTI_DBS_FROM_ACCOUNT,Alert description flag,False,ALERT_CONTEXT,RAW_OR_META,NONE,BOTH,ALERT_CONTEXT,False,,SAFE,ALERT|ALERT_CONTEXT|RAW_OR_META
F3902,MULTI_PG_TXNS,Alert description flag,False,ALERT_CONTEXT,COUNT,NONE,BOTH,ALERT_CONTEXT,False,,SAFE,ALERT|ALERT_CONTEXT|COUNT
F3903,PWD_CHANGED_LARGE_FUND_XFERS,Alert description flag,False,ALERT_CONTEXT,RAW_OR_META,NONE,BOTH,ALERT_CONTEXT,False,,SAFE,ALERT|ALERT_CONTEXT|RAW_OR_META
F3904,RCVING_FUNDS_FROM_MULITPLE_USERS,Alert description flag,False,ALERT_CONTEXT,RAW_OR_META,NONE,BOTH,ALERT_CONTEXT,False,,SAFE,ALERT|ALERT_CONTEXT|RAW_OR_META
F3905,RISKY_COUNTRY_TXNS,Alert description flag,False,ALERT_CONTEXT,COUNT,NONE,BOTH,ALERT_CONTEXT,False,,SAFE,ALERT|ALERT_CONTEXT|COUNT
F3906,STATUS_CHANGE_AFTER_WD,Alert description flag,False,ALERT_CONTEXT,RAW_OR_META,NONE,BOTH,ALERT_CONTEXT,False,,SAFE,ALERT|ALERT_CONTEXT|RAW_OR_META
F3907,TXN_AT_UNUSUAL_TIME,Alert description flag,False,ALERT_CONTEXT,RAW_OR_META,NONE,BOTH,ALERT_CONTEXT,False,,SAFE,ALERT|ALERT_CONTEXT|RAW_OR_META|TRANSACTION_COUNT
F3908,MULTI_UPI_DB_TXNS,Alert description flag,False,UPI,COUNT,NONE,DEBIT,ALERT_CONTEXT,False,,SAFE,ALERT|COUNT|DEBIT|UPI
F3909,FAILED_UPI_TXNS,Alert description flag,False,UPI,COUNT,NONE,BOTH,ALERT_CONTEXT,False,,SAFE,ALERT|COUNT|UPI
F3910,ONE_TO_MANY_UPI_PAYMENTS,Alert description flag,False,UPI,RAW_OR_META,NONE,BOTH,ALERT_CONTEXT,False,,SAFE,ALERT|RAW_OR_META|UPI
F3911,OTHER_ALERT_TYPES,Alert description flag,False,ALERT_CONTEXT,RAW_OR_META,NONE,BOTH,ALERT_CONTEXT,False,,SAFE,ALERT|ALERT_CONTEXT|RAW_OR_META
F3912,FRAUD_SUSPECTED,Resolution status flag,False,POST_RESOLUTION_LEAKAGE,RAW_OR_META,NONE,BOTH,POST_RESOLUTION_LEAKAGE,False,,QUARANTINED,POST_RESOLUTION_LEAKAGE|RAW_OR_META
F3913,OTHER_RESOLUTION,Resolution status flag,False,POST_RESOLUTION_LEAKAGE,RAW_OR_META,NONE,BOTH,POST_RESOLUTION_LEAKAGE,False,,QUARANTINED,POST_RESOLUTION_LEAKAGE|RAW_OR_META
F3914,FALSE_POSITIVE,Resolution status flag,False,POST_RESOLUTION_LEAKAGE,RAW_OR_META,NONE,BOTH,POST_RESOLUTION_LEAKAGE,False,,QUARANTINED,POST_RESOLUTION_LEAKAGE|RAW_OR_META
F3915,UNATTENDED,Resolution status flag,False,POST_RESOLUTION_LEAKAGE,RAW_OR_META,NONE,BOTH,POST_RESOLUTION_LEAKAGE,False,,QUARANTINED,POST_RESOLUTION_LEAKAGE|RAW_OR_META
F3916,L3_FLG,Customer risk level flag,False,PRE_EXISTING_RISK_CONTEXT,RAW_OR_META,NONE,BOTH,PRE_EXISTING_RISK_CONTEXT,False,,REVIEW,PRE_EXISTING_RISK_CONTEXT|RAW_OR_META
F3917,L2_FLG,Customer risk level flag,False,PRE_EXISTING_RISK_CONTEXT,RAW_OR_META,NONE,BOTH,PRE_EXISTING_RISK_CONTEXT,False,,REVIEW,PRE_EXISTING_RISK_CONTEXT|RAW_OR_META
F3918,L1_FLG,Customer risk level flag,False,PRE_EXISTING_RISK_CONTEXT,RAW_OR_META,NONE,BOTH,PRE_EXISTING_RISK_CONTEXT,False,,REVIEW,PRE_EXISTING_RISK_CONTEXT|RAW_OR_META
F3919,COUNT_ALERTS,Count of alerts,False,ALERT_CONTEXT,COUNT,NONE,BOTH,ALERT_CONTEXT,False,,SAFE,ALERT|ALERT_CONTEXT|COUNT
F3920,MORNING_ALERTS,Number of alerts that are generated in the morning,False,ALERT_CONTEXT,RAW_OR_META,NONE,BOTH,ALERT_CONTEXT,False,,SAFE,ALERT|ALERT_CONTEXT|RAW_OR_META
F3921,AFTERNOON_ALERTS,Number of alerts that are generated in afternoon,False,ALERT_CONTEXT,RAW_OR_META,NONE,BOTH,ALERT_CONTEXT,False,,SAFE,ALERT|ALERT_CONTEXT|RAW_OR_META
F3922,EVENING_ALERTS,Number of alerts that are generated in evening,False,ALERT_CONTEXT,RAW_OR_META,NONE,BOTH,ALERT_CONTEXT,False,,SAFE,ALERT|ALERT_CONTEXT|RAW_OR_META
F3923,NIGHT_ALERTS,Number of alerts that are generated in the night,False,ALERT_CONTEXT,RAW_OR_META,NONE,BOTH,ALERT_CONTEXT,False,,SAFE,ALERT|ALERT_CONTEXT|RAW_OR_META
F3924,FRAUD_TGT,Target variable,False,TARGET,RAW_OR_META,NONE,BOTH,TARGET,False,,QUARANTINED,RAW_OR_META|TARGET
